700 0 1 0           
30 Autodesk Translation Framework 21 ASM 232.4.0.65535 OSX 24 Fri Sep 18 19:26:50 2026 
1 9.999999999999999547e-07 1.000000000000000036e-10 
body $1 -1 $-1 $2 $-1 $-1 #
rgb_color-st-attrib $-1 -1 $3 $-1 $0 0.627450980392156854 0.627450980392156854 0.627450980392156854 #
lump $-1 -1 $-1 $-1 $4 $0 #
ATTRIB_CUSTOM-attrib $-1 -1 $-1 $1 $0 @20 Timestamp_attrib_def 1 1789756010148280 #
shell $-1 -1 $-1 $-1 $-1 $5 $-1 $2 #
face $6 -1 $-1 $7 $8 $4 $-1 $9 reversed single #
DXID-attrib $-1 -1 $-1 $-1 $5 @10 ASM ENTITY @1 0 #
face $10 -1 $-1 $11 $12 $4 $-1 $13 reversed single #
loop $-1 -1 $-1 $-1 $14 $5 #
plane-surface $-1 -1 $-1 1836.5 34.5 0.4500000000000000666 0 0 1 1 0 0 forward_v I I I I #
DXID-attrib $-1 -1 $-1 $-1 $7 @10 ASM ENTITY @1 1 #
face $15 -1 $-1 $16 $17 $4 $-1 $18 forward single #
loop $-1 -1 $-1 $-1 $19 $7 #
plane-surface $-1 -1 $-1 1850 34.5 1.851571792652999981 -0 -1 -0 0 0 -1 forward_v I I I I #
coedge $-1 -1 $-1 $20 $21 $22 $23 forward $8 $-1 #
DXID-attrib $-1 -1 $-1 $-1 $11 @10 ASM ENTITY @1 2 #
face $24 -1 $-1 $25 $26 $4 $-1 $27 forward single #
loop $-1 -1 $-1 $-1 $28 $11 #
plane-surface $-1 -1 $-1 1847.000000000000227 26.50000000000000355 -15 1 0 0 0 0 1 forward_v I I I I #
coedge $-1 -1 $-1 $29 $22 $30 $31 reversed $12 $-1 #
coedge $-1 -1 $-1 $32 $14 $33 $34 reversed $8 $-1 #
coedge $-1 -1 $-1 $14 $35 $36 $37 reversed $8 $-1 #
coedge $-1 -1 $-1 $19 $38 $14 $23 reversed $12 $-1 #
edge $-1 -1 $-1 $39 0 $40 10.50000000000011369 $14 $41 forward @7 unknown #
DXID-attrib $-1 -1 $-1 $-1 $16 @10 ASM ENTITY @1 3 #
face $42 -1 $-1 $43 $44 $4 $-1 $45 reversed single #
loop $-1 -1 $-1 $46 $47 $16 #
plane-surface $-1 -1 $-1 1837.000000000000227 34 -30.01000000000000512 0 1 0 0 0 1 forward_v I I I I #
coedge $-1 -1 $-1 $48 $33 $38 $49 reversed $17 $-1 #
coedge $-1 -1 $-1 $38 $19 $50 $51 reversed $12 $-1 #
coedge $-1 -1 $-1 $36 $52 $19 $31 forward $53 $-1 #
edge $-1 -1 $-1 $54 0 $39 3.676955262167628913 $19 $55 forward @7 unknown #
coedge $-1 -1 $-1 $56 $20 $57 $58 forward $8 $-1 #
coedge $-1 -1 $-1 $28 $59 $20 $34 forward $17 $-1 #
edge $-1 -1 $-1 $60 3.500000000000000888 $40 3.999999999999999112 $20 $61 forward @7 unknown #
coedge $-1 -1 $-1 $21 $62 $63 $64 reversed $8 $-1 #
coedge $-1 -1 $-1 $65 $30 $21 $37 forward $53 $-1 #
edge $-1 -1 $-1 $39 0 $66 27.89999999999999858 $21 $67 forward @7 unknown #
coedge $-1 -1 $-1 $22 $29 $28 $49 forward $12 $-1 #
vertex $-1 -1 $-1 $23 $68 #
vertex $-1 -1 $-1 $23 $69 #
straight-curve $-1 -1 $-1 1836.5 34.5 0.4500000000000000666 1 0 0 F 0 F 10.50000000000011369 #
DXID-attrib $-1 -1 $-1 $-1 $25 @10 ASM ENTITY @1 4 #
face $70 -1 $-1 $71 $72 $4 $-1 $73 reversed single #
loop $-1 -1 $-1 $-1 $74 $25 #
plane-surface $-1 -1 $-1 1837.000000000000227 24.00000000000000355 -30.01000000000000512 1 0 0 0 0 1 forward_v I I I I #
loop $-1 -1 $-1 $-1 $75 $16 #
coedge $-1 -1 $-1 $76 $77 $78 $79 reversed $26 $-1 #
coedge $-1 -1 $-1 $80 $28 $81 $82 forward $17 $-1 #
edge $-1 -1 $-1 $83 0 $40 2.600000000000000089 $38 $84 forward @7 unknown #
coedge $-1 -1 $-1 $85 $81 $29 $51 forward $86 $-1 #
edge $-1 -1 $-1 $83 19.09999999999996589 $54 32.19999999999998863 $29 $87 forward @7 unknown #
coedge $-1 -1 $-1 $30 $65 $85 $88 reversed $53 $-1 #
loop $-1 -1 $-1 $-1 $52 $89 #
vertex $-1 -1 $-1 $31 $90 #
straight-curve $-1 -1 $-1 1833.900000000000091 34.5 3.049999999999999822 0.7071067811870000996 0 -0.7071067811870000996 F 0 F 3.676955262167628913 #
coedge $-1 -1 $-1 $91 $32 $92 $93 reversed $8 $-1 #
coedge $-1 -1 $-1 $94 $95 $32 $58 reversed $26 $-1 #
edge $-1 -1 $-1 $60 -10.25000000000005684 $96 -0.2500000000000568434 $32 $97 forward @7 unknown #
coedge $-1 -1 $-1 $33 $98 $94 $99 reversed $17 $-1 #
vertex $-1 -1 $-1 $34 $100 #
straight-curve $-1 -1 $-1 1847.000000000000227 30.50000000000000355 0.4500000000000000666 0 1 0 F 3.500000000000000888 F 3.999999999999999112 #
coedge $-1 -1 $-1 $35 $101 $102 $103 forward $8 $-1 #
coedge $-1 -1 $-1 $104 $105 $35 $64 forward $106 $-1 #
edge $-1 -1 $-1 $66 0 $107 27.00000000000017053 $35 $108 forward @7 unknown #
coedge $-1 -1 $-1 $52 $36 $105 $109 reversed $53 $-1 #
vertex $-1 -1 $-1 $64 $110 #
straight-curve $-1 -1 $-1 1836.5 34.5 0.4500000000000000666 0 -1 0 F 0 F 27.89999999999999858 #
point $-1 -1 $-1 1836.5 34.5 0.4500000000000000666 #
point $-1 -1 $-1 1847.000000000000227 34.5 0.4500000000000000666 #
DXID-attrib $-1 -1 $-1 $-1 $43 @10 ASM ENTITY @1 5 #
face $111 -1 $-1 $112 $113 $4 $-1 $114 forward single #
loop $-1 -1 $-1 $-1 $115 $43 #
plane-surface $-1 -1 $-1 1837.000000000000227 24.00000000000000355 -30.01000000000000512 0 1 0 0 0 1 forward_v I I I I #
coedge $-1 -1 $-1 $92 $116 $117 $118 forward $44 $-1 #
coedge $-1 -1 $-1 $119 $120 $121 $122 reversed $46 $-1 #
coedge $-1 -1 $-1 $123 $47 $124 $125 reversed $26 $-1 #
coedge $-1 -1 $-1 $47 $126 $127 $128 reversed $26 $-1 #
coedge $-1 -1 $-1 $129 $130 $47 $79 forward $113 $-1 #
edge $-1 -1 $-1 $131 18 $132 30.46000000000000085 $47 $133 forward @7 unknown #
coedge $-1 -1 $-1 $134 $48 $135 $136 reversed $17 $-1 #
coedge $-1 -1 $-1 $50 $137 $48 $82 reversed $86 $-1 #
edge $-1 -1 $-1 $83 0 $138 27.5 $48 $139 forward @7 unknown #
vertex $-1 -1 $-1 $51 $140 #
straight-curve $-1 -1 $-1 1847.000000000000227 34.5 3.049999999999999822 0 0 -1 F 0 F 2.600000000000000089 #
coedge $-1 -1 $-1 $141 $50 $52 $88 forward $86 $-1 #
loop $-1 -1 $-1 $-1 $142 $143 #
straight-curve $-1 -1 $-1 1866.100000000000136 34.5 3.049999999999999822 -1 0 0 F 19.09999999999996589 F 32.19999999999998863 #
edge $-1 -1 $-1 $54 0 $144 27.89999999999999858 $52 $145 forward @7 unknown #
face $146 -1 $-1 $143 $53 $4 $-1 $147 reversed single #
point $-1 -1 $-1 1833.900000000000091 34.5 3.049999999999999822 #
coedge $-1 -1 $-1 $148 $56 $149 $150 reversed $8 $-1 #
coedge $-1 -1 $-1 $151 $74 $56 $93 forward $44 $-1 #
edge $-1 -1 $-1 $152 -5.249999999999999112 $96 4.750000000000000888 $56 $153 forward @7 unknown #
coedge $-1 -1 $-1 $154 $57 $59 $99 forward $26 $-1 #
coedge $-1 -1 $-1 $57 $155 $151 $156 forward $26 $-1 #
vertex $-1 -1 $-1 $58 $157 #
straight-curve $-1 -1 $-1 1836.75 34 0.4500000000000000666 -1 0 0 F -10.25000000000005684 F -0.2500000000000568434 #
coedge $-1 -1 $-1 $59 $158 $159 $160 forward $17 $-1 #
edge $-1 -1 $-1 $60 -22.95499999999999829 $161 -7.50500000000000167 $59 $162 forward @7 unknown #
point $-1 -1 $-1 1847.000000000000227 34 0.4500000000000000666 #
coedge $-1 -1 $-1 $62 $163 $164 $165 forward $8 $-1 #
coedge $-1 -1 $-1 $166 $167 $62 $103 reversed $168 $-1 #
edge $-1 -1 $-1 $169 0 $107 27.89999999999999858 $62 $170 forward @7 unknown #
coedge $-1 -1 $-1 $171 $63 $167 $172 forward $106 $-1 #
coedge $-1 -1 $-1 $63 $171 $65 $109 forward $106 $-1 #
loop $-1 -1 $-1 $-1 $63 $173 #
vertex $-1 -1 $-1 $103 $174 #
straight-curve $-1 -1 $-1 1836.5 6.600000000000000533 0.4500000000000000666 1 0 0 F 0 F 27.00000000000017053 #
edge $-1 -1 $-1 $144 0 $66 3.676955262167628913 $105 $175 forward @7 unknown #
point $-1 -1 $-1 1836.5 6.600000000000000533 0.4500000000000000666 #
DXID-attrib $-1 -1 $-1 $-1 $71 @10 ASM ENTITY @1 6 #
face $176 -1 $-1 $177 $178 $4 $-1 $179 reversed single #
loop $-1 -1 $-1 $-1 $180 $71 #
plane-surface $-1 -1 $-1 1863 24.00000000000000355 -30.01000000000000512 1 0 0 0 0 1 forward_v I I I I #
coedge $-1 -1 $-1 $149 $181 $180 $182 forward $72 $-1 #
coedge $-1 -1 $-1 $74 $151 $183 $184 forward $44 $-1 #
coedge $-1 -1 $-1 $185 $149 $74 $118 reversed $72 $-1 #
edge $-1 -1 $-1 $186 18 $152 30.46000000000000085 $74 $187 forward @7 unknown #
coedge $-1 -1 $-1 $188 $75 $189 $190 forward $46 $-1 #
coedge $-1 -1 $-1 $75 $191 $192 $193 forward $46 $-1 #
coedge $-1 -1 $-1 $194 $195 $75 $122 forward $196 $-1 #
edge $-1 -1 $-1 $197 0.244999999999997442 $198 3.245000000000000107 $75 $199 forward @7 unknown #
coedge $-1 -1 $-1 $200 $76 $201 $202 forward $26 $-1 #
coedge $-1 -1 $-1 $203 $204 $76 $125 forward $205 $-1 #
edge $-1 -1 $-1 $206 0.01414213562375802105 $131 25.45584412269949937 $76 $207 forward @7 unknown #
coedge $-1 -1 $-1 $77 $154 $208 $209 reversed $26 $-1 #
coedge $-1 -1 $-1 $163 $148 $77 $128 forward $8 $-1 #
edge $-1 -1 $-1 $132 -26.25 $210 -16.25 $127 $211 forward @7 unknown #
coedge $-1 -1 $-1 $180 $78 $148 $212 reversed $113 $-1 #
coedge $-1 -1 $-1 $78 $180 $203 $213 forward $113 $-1 #
vertex $-1 -1 $-1 $79 $214 #
vertex $-1 -1 $-1 $212 $215 #
straight-curve $-1 -1 $-1 1863 34 -30.01000000000000512 0 0 1 F 18 F 30.46000000000000085 #
coedge $-1 -1 $-1 $216 $80 $217 $218 forward $17 $-1 #
coedge $-1 -1 $-1 $219 $220 $80 $136 forward $221 $-1 #
edge $-1 -1 $-1 $222 0 $138 1.499999999999999556 $80 $223 forward @7 unknown #
coedge $-1 -1 $-1 $81 $224 $219 $225 reversed $86 $-1 #
vertex $-1 -1 $-1 $82 $226 #
straight-curve $-1 -1 $-1 1847.000000000000227 34.5 3.049999999999999822 0 -1 0 F 0 F 27.5 #
point $-1 -1 $-1 1847.000000000000227 34.5 3.049999999999999822 #
coedge $-1 -1 $-1 $227 $85 $171 $228 reversed $86 $-1 #
coedge $-1 -1 $-1 $224 $227 $229 $230 forward $86 $-1 #
face $231 -1 $-1 $232 $86 $4 $-1 $233 reversed single #
vertex $-1 -1 $-1 $228 $234 #
straight-curve $-1 -1 $-1 1833.900000000000091 34.5 3.049999999999999822 0 -1 0 F 0 F 27.89999999999999858 #
DXID-attrib $-1 -1 $-1 $-1 $89 @10 ASM ENTITY @2 11 #
plane-surface $-1 -1 $-1 1833.900000000000091 34.5 3.049999999999999822 0.7071067811865475727 0 0.7071067811865475727 0.7071067811865476838 0 -0.7071067811865476838 forward_v I I I I #
coedge $-1 -1 $-1 $127 $91 $129 $212 forward $8 $-1 #
coedge $-1 -1 $-1 $117 $115 $91 $150 forward $72 $-1 #
edge $-1 -1 $-1 $235 -26.25 $152 -0.2500000000000568434 $91 $236 forward @7 unknown #
coedge $-1 -1 $-1 $116 $92 $95 $156 reversed $44 $-1 #
vertex $-1 -1 $-1 $93 $237 #
straight-curve $-1 -1 $-1 1837.000000000000227 29.25000000000000355 0.4500000000000000666 0 1 0 F -5.249999999999999112 F 4.750000000000000888 #
coedge $-1 -1 $-1 $126 $94 $238 $239 forward $26 $-1 #
coedge $-1 -1 $-1 $95 $240 $241 $242 forward $26 $-1 #
edge $-1 -1 $-1 $243 18 $96 30.46000000000000085 $95 $244 forward @7 unknown #
point $-1 -1 $-1 1837.000000000000227 34 0.4500000000000000666 #
coedge $-1 -1 $-1 $98 $245 $246 $247 forward $17 $-1 #
coedge $-1 -1 $-1 $248 $238 $98 $160 reversed $249 $-1 #
edge $-1 -1 $-1 $250 5 $161 7.5 $98 $251 forward @7 unknown #
vertex $-1 -1 $-1 $160 $252 #
straight-curve $-1 -1 $-1 1847.000000000000227 34 -22.50500000000000256 0 0 -1 F -22.95499999999999829 F -7.50500000000000167 #
coedge $-1 -1 $-1 $101 $127 $253 $254 forward $8 $-1 #
coedge $-1 -1 $-1 $255 $256 $101 $165 reversed $257 $-1 #
edge $-1 -1 $-1 $258 16.50000000000005684 $169 27.00000000000017053 $101 $259 forward @7 unknown #
coedge $-1 -1 $-1 $260 $102 $256 $261 forward $168 $-1 #
coedge $-1 -1 $-1 $102 $260 $104 $172 reversed $168 $-1 #
loop $-1 -1 $-1 $-1 $102 $262 #
vertex $-1 -1 $-1 $165 $263 #
straight-curve $-1 -1 $-1 1863.500000000000227 34.5 0.4500000000000000666 0 -1 0 F 0 F 27.89999999999999858 #
coedge $-1 -1 $-1 $105 $104 $141 $228 forward $106 $-1 #
edge $-1 -1 $-1 $107 0 $264 3.676955262167628913 $167 $265 forward @7 unknown #
face $266 -1 $-1 $89 $106 $4 $-1 $267 forward single #
point $-1 -1 $-1 1863.500000000000227 6.600000000000000533 0.4500000000000000666 #
straight-curve $-1 -1 $-1 1833.900000000000091 6.600000000000000533 3.049999999999999822 0.7071067811870000996 0 -0.7071067811870000996 F 0 F 3.676955262167628913 #
DXID-attrib $-1 -1 $-1 $-1 $112 @10 ASM ENTITY @1 7 #
face $268 -1 $-1 $262 $257 $4 $-1 $269 reversed single #
loop $-1 -1 $-1 $-1 $270 $112 #
plane-surface $-1 -1 $-1 1853 26.50000000000000355 -15 1 0 0 0 0 1 forward_v I I I I #
coedge $-1 -1 $-1 $130 $129 $115 $182 reversed $113 $-1 #
coedge $-1 -1 $-1 $115 $271 $272 $273 forward $72 $-1 #
edge $-1 -1 $-1 $274 18 $235 30.46000000000000085 $115 $275 forward @7 unknown #
coedge $-1 -1 $-1 $241 $276 $116 $184 reversed $277 $-1 #
edge $-1 -1 $-1 $243 -5 $186 5 $116 $278 forward @7 unknown #
coedge $-1 -1 $-1 $279 $117 $276 $280 reversed $72 $-1 #
vertex $-1 -1 $-1 $118 $281 #
straight-curve $-1 -1 $-1 1837.000000000000227 24.00000000000000355 -30.01000000000000512 0 0 1 F 18 F 30.46000000000000085 #
coedge $-1 -1 $-1 $282 $119 $283 $284 reversed $46 $-1 #
coedge $-1 -1 $-1 $285 $286 $119 $190 reversed $287 $-1 #
edge $-1 -1 $-1 $197 0 $288 1.299999999999954525 $119 $289 forward @7 unknown #
coedge $-1 -1 $-1 $120 $290 $291 $292 reversed $46 $-1 #
coedge $-1 -1 $-1 $293 $294 $120 $193 reversed $295 $-1 #
edge $-1 -1 $-1 $296 11.65000000000020464 $198 12.95000000000015916 $120 $297 forward @7 unknown #
coedge $-1 -1 $-1 $298 $121 $294 $299 forward $196 $-1 #
coedge $-1 -1 $-1 $121 $298 $285 $300 reversed $196 $-1 #
loop $-1 -1 $-1 $-1 $121 $301 #
vertex $-1 -1 $-1 $122 $302 #
vertex $-1 -1 $-1 $122 $303 #
straight-curve $-1 -1 $-1 1854.300000000000182 34 -33.25500000000000256 0 0 -1 F 0.244999999999997442 F 3.245000000000000107 #
coedge $-1 -1 $-1 $304 $123 $305 $306 reversed $26 $-1 #
coedge $-1 -1 $-1 $307 $308 $123 $202 reversed $309 $-1 #
edge $-1 -1 $-1 $206 78.49000000000017963 $310 95 $123 $311 forward @7 unknown #
coedge $-1 -1 $-1 $272 $124 $130 $213 reversed $205 $-1 #
coedge $-1 -1 $-1 $124 $272 $307 $312 reversed $205 $-1 #
loop $-1 -1 $-1 $-1 $124 $313 #
vertex $-1 -1 $-1 $125 $314 #
straight-curve $-1 -1 $-1 1881.000000000000227 34 -30.01000000000000512 -0.7071067811870000996 0 0.7071067811870000996 F 0.01414213562375802105 F 25.45584412269949937 #
coedge $-1 -1 $-1 $315 $253 $126 $209 forward $178 $-1 #
edge $-1 -1 $-1 $210 -22.95499999999999829 $316 -7.50500000000000167 $126 $317 forward @7 unknown #
vertex $-1 -1 $-1 $128 $318 #
straight-curve $-1 -1 $-1 1836.75 34 0.4500000000000000666 -1 0 0 F -26.25 F -16.25 #
edge $-1 -1 $-1 $235 -5.249999999999999112 $132 4.750000000000000888 $148 $319 forward @7 unknown #
edge $-1 -1 $-1 $274 -5 $131 5 $130 $320 forward @7 unknown #
point $-1 -1 $-1 1863 34 -12.01000000000000156 #
point $-1 -1 $-1 1863 34 0.4500000000000000666 #
coedge $-1 -1 $-1 $321 $134 $322 $323 forward $17 $-1 #
coedge $-1 -1 $-1 $324 $325 $134 $218 reversed $326 $-1 #
edge $-1 -1 $-1 $222 0 $327 19.5 $134 $328 forward @7 unknown #
coedge $-1 -1 $-1 $329 $135 $137 $225 forward $221 $-1 #
coedge $-1 -1 $-1 $135 $329 $324 $330 reversed $221 $-1 #
loop $-1 -1 $-1 $-1 $329 $232 #
vertex $-1 -1 $-1 $136 $331 #
straight-curve $-1 -1 $-1 1847.000000000000227 7.000000000000000888 1.550000000000000266 0 0 1 F 0 F 1.499999999999999556 #
coedge $-1 -1 $-1 $137 $142 $332 $333 reversed $86 $-1 #
edge $-1 -1 $-1 $138 -9.549999999999840838 $334 -3.549999999999897682 $137 $335 forward @7 unknown #
point $-1 -1 $-1 1847.000000000000227 7.000000000000000888 3.049999999999999822 #
coedge $-1 -1 $-1 $142 $141 $260 $336 reversed $86 $-1 #
edge $-1 -1 $-1 $264 0 $144 32.19999999999998863 $171 $337 forward @7 unknown #
coedge $-1 -1 $-1 $256 $255 $142 $230 reversed $257 $-1 #
edge $-1 -1 $-1 $338 0 $339 13.10000000000002274 $229 $340 forward @7 unknown #
DXID-attrib $-1 -1 $-1 $-1 $143 @10 ASM ENTITY @2 12 #
face $341 -1 $-1 $342 $221 $4 $-1 $343 forward single #
plane-surface $-1 -1 $-1 1866.100000000000136 34.5 3.049999999999999822 -0 -0 -1 -1 0 0 forward_v I I I I #
point $-1 -1 $-1 1833.900000000000091 6.600000000000000533 3.049999999999999822 #
vertex $-1 -1 $-1 $150 $344 #
straight-curve $-1 -1 $-1 1836.75 24.00000000000000355 0.4500000000000000666 -1 0 0 F -26.25 F -0.2500000000000568434 #
point $-1 -1 $-1 1837.000000000000227 24.00000000000000355 0.4500000000000000666 #
coedge $-1 -1 $-1 $159 $345 $154 $239 reversed $249 $-1 #
edge $-1 -1 $-1 $161 5 $316 10.99999999999994316 $154 $346 forward @7 unknown #
coedge $-1 -1 $-1 $155 $347 $348 $349 forward $26 $-1 #
coedge $-1 -1 $-1 $350 $183 $155 $242 reversed $277 $-1 #
edge $-1 -1 $-1 $351 0.01414213562375802105 $243 25.45584412269949937 $155 $352 forward @7 unknown #
vertex $-1 -1 $-1 $242 $353 #
straight-curve $-1 -1 $-1 1837.000000000000227 34 -30.01000000000000512 0 0 1 F 18 F 30.46000000000000085 #
coedge $-1 -1 $-1 $158 $354 $355 $356 reversed $17 $-1 #
coedge $-1 -1 $-1 $357 $358 $158 $247 reversed $359 $-1 #
edge $-1 -1 $-1 $360 0.0100000000000011191 $250 4.010000000000002451 $158 $361 forward @7 unknown #
coedge $-1 -1 $-1 $345 $159 $358 $362 reversed $249 $-1 #
loop $-1 -1 $-1 $-1 $159 $363 #
vertex $-1 -1 $-1 $247 $364 #
straight-curve $-1 -1 $-1 1847.000000000000227 26.50000000000000355 -15 0 1 0 F 5 F 7.5 #
point $-1 -1 $-1 1847.000000000000227 34 -15 #
coedge $-1 -1 $-1 $208 $365 $163 $254 reversed $178 $-1 #
edge $-1 -1 $-1 $210 3.500000000000000888 $258 3.999999999999999112 $163 $366 forward @7 unknown #
coedge $-1 -1 $-1 $229 $164 $365 $367 reversed $257 $-1 #
coedge $-1 -1 $-1 $164 $229 $166 $261 reversed $257 $-1 #
loop $-1 -1 $-1 $-1 $255 $177 #
vertex $-1 -1 $-1 $254 $368 #
straight-curve $-1 -1 $-1 1836.5 34.5 0.4500000000000000666 1 0 0 F 16.50000000000005684 F 27.00000000000017053 #
coedge $-1 -1 $-1 $167 $166 $227 $336 forward $168 $-1 #
edge $-1 -1 $-1 $169 0 $338 3.676955262167628913 $256 $369 forward @7 unknown #
face $370 -1 $-1 $173 $168 $4 $-1 $371 reversed single #
point $-1 -1 $-1 1863.500000000000227 34.5 0.4500000000000000666 #
vertex $-1 -1 $-1 $336 $372 #
straight-curve $-1 -1 $-1 1863.500000000000227 6.600000000000000533 0.4500000000000000666 0.7071067811870000996 0 0.7071067811870000996 F 0 F 3.676955262167628913 #
DXID-attrib $-1 -1 $-1 $-1 $173 @10 ASM ENTITY @2 10 #
plane-surface $-1 -1 $-1 1850 6.600000000000000533 1.851571792652999981 -0 -1 -0 0 0 -1 forward_v I I I I #
DXID-attrib $-1 -1 $-1 $-1 $177 @10 ASM ENTITY @1 8 #
plane-surface $-1 -1 $-1 1850 34.5 1.851571792652999981 -0 -1 -0 0 0 -1 forward_v I I I I #
coedge $-1 -1 $-1 $373 $374 $375 $376 forward $178 $-1 #
coedge $-1 -1 $-1 $181 $377 $378 $379 forward $72 $-1 #
coedge $-1 -1 $-1 $204 $203 $181 $273 reversed $205 $-1 #
edge $-1 -1 $-1 $380 0.01414213562375802105 $274 25.45584412269949937 $181 $381 forward @7 unknown #
vertex $-1 -1 $-1 $182 $382 #
straight-curve $-1 -1 $-1 1863 24.00000000000000355 -30.01000000000000512 0 0 1 F 18 F 30.46000000000000085 #
coedge $-1 -1 $-1 $183 $350 $185 $280 forward $277 $-1 #
loop $-1 -1 $-1 $-1 $241 $383 #
straight-curve $-1 -1 $-1 1837.000000000000227 29.00000000000000355 -12.01000000000000156 0 -1 0 F -5 F 5 #
coedge $-1 -1 $-1 $384 $185 $385 $386 forward $72 $-1 #
edge $-1 -1 $-1 $387 0.01414213562375802105 $186 25.45584412269949937 $185 $388 forward @7 unknown #
point $-1 -1 $-1 1837.000000000000227 24.00000000000000355 -12.01000000000000156 #
coedge $-1 -1 $-1 $389 $188 $390 $391 reversed $46 $-1 #
coedge $-1 -1 $-1 $374 $392 $188 $284 forward $178 $-1 #
edge $-1 -1 $-1 $393 -15.00500000000000256 $288 -0.5050000000000043343 $188 $394 forward @7 unknown #
coedge $-1 -1 $-1 $395 $189 $195 $300 forward $287 $-1 #
coedge $-1 -1 $-1 $189 $396 $374 $397 forward $287 $-1 #
loop $-1 -1 $-1 $-1 $398 $399 #
vertex $-1 -1 $-1 $190 $400 #
straight-curve $-1 -1 $-1 1854.300000000000182 34 -33.5 -1 0 0 F 0 F 1.299999999999954525 #
coedge $-1 -1 $-1 $191 $401 $402 $403 forward $46 $-1 #
coedge $-1 -1 $-1 $404 $405 $191 $292 forward $406 $-1 #
edge $-1 -1 $-1 $296 2.49499999999999833 $407 3.994999999999997442 $191 $408 forward @7 unknown #
coedge $-1 -1 $-1 $409 $192 $405 $410 forward $295 $-1 #
coedge $-1 -1 $-1 $192 $411 $194 $299 reversed $295 $-1 #
loop $-1 -1 $-1 $-1 $412 $413 #
vertex $-1 -1 $-1 $292 $414 #
straight-curve $-1 -1 $-1 1841.349999999999909 34 -36.5 1 0 0 F 11.65000000000020464 F 12.95000000000015916 #
coedge $-1 -1 $-1 $195 $194 $415 $416 forward $196 $-1 #
edge $-1 -1 $-1 $198 0 $417 32.31712808306900087 $194 $418 forward @7 unknown #
edge $-1 -1 $-1 $197 0 $419 32.31712808306900087 $285 $420 forward @7 unknown #
face $421 -1 $-1 $413 $196 $4 $-1 $422 reversed single #
point $-1 -1 $-1 1854.300000000000182 34 -33.5 #
point $-1 -1 $-1 1854.300000000000182 34 -36.5 #
coedge $-1 -1 $-1 $347 $200 $423 $424 reversed $26 $-1 #
coedge $-1 -1 $-1 $425 $426 $200 $306 forward $427 $-1 #
edge $-1 -1 $-1 $428 0 $310 10 $200 $429 forward @7 unknown #
coedge $-1 -1 $-1 $378 $201 $204 $312 forward $309 $-1 #
coedge $-1 -1 $-1 $201 $430 $425 $431 forward $309 $-1 #
loop $-1 -1 $-1 $-1 $348 $432 #
vertex $-1 -1 $-1 $202 $433 #
straight-curve $-1 -1 $-1 1802.5 34 -30 1 0 0 F 78.49000000000017963 F 95 #
edge $-1 -1 $-1 $206 -29.5 $380 -19.50000000000000355 $307 $434 forward @7 unknown #
face $435 -1 $-1 $301 $205 $4 $-1 $436 reversed single #
point $-1 -1 $-1 1880.990000000000236 34 -30 #
coedge $-1 -1 $-1 $437 $208 $345 $438 reversed $178 $-1 #
vertex $-1 -1 $-1 $239 $439 #
straight-curve $-1 -1 $-1 1853 34 -22.50500000000000256 0 0 -1 F -22.95499999999999829 F -7.50500000000000167 #
point $-1 -1 $-1 1853 34 0.4500000000000000666 #
straight-curve $-1 -1 $-1 1863 29.25000000000000355 0.4500000000000000666 0 1 0 F -5.249999999999999112 F 4.750000000000000888 #
straight-curve $-1 -1 $-1 1863 29.00000000000000355 -12.01000000000000156 0 1 0 F -5 F 5 #
coedge $-1 -1 $-1 $354 $216 $440 $441 forward $17 $-1 #
coedge $-1 -1 $-1 $442 $443 $216 $323 reversed $444 $-1 #
edge $-1 -1 $-1 $327 1.499999999999999556 $445 36.54999999999999716 $216 $446 forward @7 unknown #
coedge $-1 -1 $-1 $447 $217 $220 $330 forward $326 $-1 #
coedge $-1 -1 $-1 $217 $447 $442 $448 reversed $326 $-1 #
loop $-1 -1 $-1 $-1 $217 $342 #
vertex $-1 -1 $-1 $218 $449 #
straight-curve $-1 -1 $-1 1847.000000000000227 7.000000000000000888 1.550000000000000266 0 1 0 F 0 F 19.5 #
coedge $-1 -1 $-1 $220 $219 $450 $451 reversed $221 $-1 #
edge $-1 -1 $-1 $222 0 $452 5.999999999999943157 $220 $453 forward @7 unknown #
point $-1 -1 $-1 1847.000000000000227 7.000000000000000888 1.550000000000000266 #
coedge $-1 -1 $-1 $365 $450 $224 $333 forward $178 $-1 #
edge $-1 -1 $-1 $334 0 $339 27.5 $332 $454 forward @7 unknown #
vertex $-1 -1 $-1 $451 $455 #
straight-curve $-1 -1 $-1 1856.549999999999955 7.000000000000000888 3.049999999999999822 1 0 0 F -9.549999999999840838 F -3.549999999999897682 #
edge $-1 -1 $-1 $338 0 $264 27.89999999999999858 $260 $456 forward @7 unknown #
straight-curve $-1 -1 $-1 1866.100000000000136 6.600000000000000533 3.049999999999999822 -1 0 0 F 0 F 32.19999999999998863 #
vertex $-1 -1 $-1 $230 $457 #
vertex $-1 -1 $-1 $333 $458 #
straight-curve $-1 -1 $-1 1866.100000000000136 34.5 3.049999999999999822 -1 0 0 F 0 F 13.10000000000002274 #
DXID-attrib $-1 -1 $-1 $-1 $232 @10 ASM ENTITY @2 13 #
face $459 -1 $-1 $460 $326 $4 $-1 $461 forward single #
plane-surface $-1 -1 $-1 1847.000000000000227 7.000000000000000888 1.550000000000000266 0 1 0 0 0 1 forward_v I I I I #
point $-1 -1 $-1 1863 24.00000000000000355 0.4500000000000000666 #
coedge $-1 -1 $-1 $238 $248 $315 $438 forward $249 $-1 #
straight-curve $-1 -1 $-1 1842.000000000000227 34 -15 1 0 0 F 5 F 10.99999999999994316 #
coedge $-1 -1 $-1 $240 $304 $462 $463 forward $26 $-1 #
coedge $-1 -1 $-1 $464 $465 $240 $349 reversed $309 $-1 #
edge $-1 -1 $-1 $466 0 $351 16.51000000000010459 $240 $467 forward @7 unknown #
coedge $-1 -1 $-1 $276 $241 $465 $468 forward $277 $-1 #
vertex $-1 -1 $-1 $349 $469 #
straight-curve $-1 -1 $-1 1819 34 -30.01000000000000512 0.7071067811870000996 0 0.7071067811870000996 F 0.01414213562375802105 F 25.45584412269949937 #
point $-1 -1 $-1 1837.000000000000227 34 -12.01000000000000156 #
coedge $-1 -1 $-1 $245 $321 $389 $470 reversed $17 $-1 #
coedge $-1 -1 $-1 $390 $471 $245 $356 forward $472 $-1 #
edge $-1 -1 $-1 $360 5 $473 7.5 $245 $474 forward @7 unknown #
coedge $-1 -1 $-1 $475 $246 $471 $476 reversed $359 $-1 #
coedge $-1 -1 $-1 $246 $475 $248 $362 forward $359 $-1 #
loop $-1 -1 $-1 $-1 $475 $477 #
vertex $-1 -1 $-1 $356 $478 #
straight-curve $-1 -1 $-1 1847.000000000000227 31.50000000000000355 -19.01000000000000156 0 0 1 F 0.0100000000000011191 F 4.010000000000002451 #
edge $-1 -1 $-1 $479 -5.999999999999943157 $250 0 $358 $480 forward @7 unknown #
face $481 -1 $-1 $383 $249 $4 $-1 $482 forward single #
point $-1 -1 $-1 1847.000000000000227 31.50000000000000355 -15 #
coedge $-1 -1 $-1 $253 $332 $255 $367 forward $178 $-1 #
straight-curve $-1 -1 $-1 1853 30.50000000000000355 0.4500000000000000666 0 1 0 F 3.500000000000000888 F 3.999999999999999112 #
edge $-1 -1 $-1 $339 0 $258 2.600000000000000089 $365 $483 forward @7 unknown #
point $-1 -1 $-1 1853 34.5 0.4500000000000000666 #
straight-curve $-1 -1 $-1 1863.500000000000227 34.5 0.4500000000000000666 0.7071067811870000996 0 0.7071067811870000996 F 0 F 3.676955262167628913 #
DXID-attrib $-1 -1 $-1 $-1 $262 @10 ASM ENTITY @1 9 #
plane-surface $-1 -1 $-1 1863.500000000000227 34.5 0.4500000000000000666 -0.7071067811865475727 0 0.7071067811865475727 0.7071067811865476838 0 0.7071067811865476838 forward_v I I I I #
point $-1 -1 $-1 1866.100000000000136 6.600000000000000533 3.049999999999999822 #
coedge $-1 -1 $-1 $450 $270 $447 $484 reversed $178 $-1 #
coedge $-1 -1 $-1 $270 $283 $286 $397 reversed $178 $-1 #
coedge $-1 -1 $-1 $443 $442 $270 $376 reversed $444 $-1 #
edge $-1 -1 $-1 $485 0 $486 35.04999999999999716 $270 $487 forward @7 unknown #
coedge $-1 -1 $-1 $271 $488 $489 $490 reversed $72 $-1 #
coedge $-1 -1 $-1 $491 $307 $271 $379 reversed $309 $-1 #
edge $-1 -1 $-1 $492 43.99000000000000909 $380 61.98000000000007503 $271 $493 forward @7 unknown #
vertex $-1 -1 $-1 $379 $494 #
straight-curve $-1 -1 $-1 1881.000000000000227 24.00000000000000355 -30.01000000000000512 -0.7071067811870000996 0 0.7071067811870000996 F 0.01414213562375802105 F 25.45584412269949937 #
point $-1 -1 $-1 1863 24.00000000000000355 -12.01000000000000156 #
face $495 -1 $-1 $432 $277 $4 $-1 $496 forward single #
coedge $-1 -1 $-1 $497 $279 $498 $499 forward $72 $-1 #
coedge $-1 -1 $-1 $465 $500 $279 $386 reversed $309 $-1 #
edge $-1 -1 $-1 $387 0 $501 17.99000000000006594 $279 $502 forward @7 unknown #
vertex $-1 -1 $-1 $280 $503 #
straight-curve $-1 -1 $-1 1819 24.00000000000000355 -30.01000000000000512 0.7071067811870000996 0 0.7071067811870000996 F 0.01414213562375802105 F 25.45584412269949937 #
coedge $-1 -1 $-1 $504 $282 $354 $470 forward $46 $-1 #
coedge $-1 -1 $-1 $505 $355 $282 $391 forward $472 $-1 #
edge $-1 -1 $-1 $473 5 $393 10.99999999999994316 $282 $506 forward @7 unknown #
coedge $-1 -1 $-1 $283 $437 $505 $507 forward $178 $-1 #
vertex $-1 -1 $-1 $284 $508 #
straight-curve $-1 -1 $-1 1853 34 -34.00500000000000256 0 0 -1 F -15.00500000000000256 F -0.5050000000000043343 #
coedge $-1 -1 $-1 $509 $285 $510 $511 forward $287 $-1 #
coedge $-1 -1 $-1 $286 $440 $443 $512 reversed $287 $-1 #
edge $-1 -1 $-1 $485 12.95000000000000107 $288 20.44999999999999929 $374 $513 forward @7 unknown #
coedge $-1 -1 $-1 $514 $515 $516 $517 forward $287 $-1 #
face $518 -1 $-1 $519 $287 $4 $-1 $520 reversed single #
point $-1 -1 $-1 1853 34 -33.5 #
coedge $-1 -1 $-1 $290 $521 $522 $523 forward $46 $-1 #
coedge $-1 -1 $-1 $524 $525 $290 $403 reversed $526 $-1 #
edge $-1 -1 $-1 $527 5 $407 10.99999999999994316 $290 $528 forward @7 unknown #
coedge $-1 -1 $-1 $529 $291 $525 $530 forward $406 $-1 #
coedge $-1 -1 $-1 $291 $529 $293 $410 reversed $406 $-1 #
loop $-1 -1 $-1 $-1 $405 $531 #
vertex $-1 -1 $-1 $403 $532 #
straight-curve $-1 -1 $-1 1853 34 -34.00500000000000256 0 0 -1 F 2.49499999999999833 F 3.994999999999997442 #
coedge $-1 -1 $-1 $533 $293 $534 $535 forward $295 $-1 #
edge $-1 -1 $-1 $296 0 $536 28.50000000000000355 $293 $537 forward @7 unknown #
coedge $-1 -1 $-1 $294 $538 $539 $540 reversed $295 $-1 #
coedge $-1 -1 $-1 $541 $533 $521 $542 reversed $295 $-1 #
face $543 -1 $-1 $531 $295 $4 $-1 $544 forward single #
point $-1 -1 $-1 1853 34 -36.5 #
coedge $-1 -1 $-1 $539 $510 $298 $416 reversed $545 $-1 #
edge $-1 -1 $-1 $417 1.999999999999997335 $419 5 $298 $546 forward @7 unknown #
vertex $-1 -1 $-1 $299 $547 #
straight-curve $-1 -1 $-1 1854.300000000000182 34 -36.5 0 -1 0 F 0 F 32.31712808306900087 #
vertex $-1 -1 $-1 $300 $548 #
straight-curve $-1 -1 $-1 1854.300000000000182 34 -33.5 0 -1 0 F 0 F 32.31712808306900087 #
DXID-attrib $-1 -1 $-1 $-1 $301 @10 ASM ENTITY @2 26 #
plane-surface $-1 -1 $-1 1854.300000000000182 0.5999999999999999778 -36.5 1 0 0 0 0 1 forward_v I I I I #
coedge $-1 -1 $-1 $549 $550 $304 $424 forward $551 $-1 #
edge $-1 -1 $-1 $552 0 $428 95 $304 $553 forward @7 unknown #
coedge $-1 -1 $-1 $554 $305 $308 $431 reversed $427 $-1 #
coedge $-1 -1 $-1 $305 $555 $549 $556 forward $427 $-1 #
loop $-1 -1 $-1 $-1 $425 $557 #
vertex $-1 -1 $-1 $306 $558 #
straight-curve $-1 -1 $-1 1897.5 34 -40 0 0 1 F 0 F 10 #
coedge $-1 -1 $-1 $308 $464 $559 $560 reversed $309 $-1 #
edge $-1 -1 $-1 $561 30.49999999999999645 $310 59 $308 $562 forward @7 unknown #
face $563 -1 $-1 $564 $309 $4 $-1 $565 forward single #
point $-1 -1 $-1 1897.5 34 -30 #
straight-curve $-1 -1 $-1 1880.990000000000236 4.5 -30 0 -1 0 F -29.5 F -19.50000000000000355 #
DXID-attrib $-1 -1 $-1 $-1 $313 @10 ASM ENTITY @2 25 #
plane-surface $-1 -1 $-1 1881.000000000000227 34 -30.01000000000000512 -0.7071067811865475727 -0 -0.7071067811865475727 -0.7071067811865476838 0 0.7071067811865476838 forward_v I I I I #
coedge $-1 -1 $-1 $392 $315 $475 $566 reversed $178 $-1 #
edge $-1 -1 $-1 $479 5 $316 7.5 $315 $567 forward @7 unknown #
point $-1 -1 $-1 1853 34 -15 #
coedge $-1 -1 $-1 $396 $514 $321 $441 reversed $287 $-1 #
edge $-1 -1 $-1 $445 12.95000000000000107 $568 20.44999999999999929 $321 $569 forward @7 unknown #
coedge $-1 -1 $-1 $375 $322 $325 $448 forward $444 $-1 #
coedge $-1 -1 $-1 $322 $375 $396 $512 forward $444 $-1 #
loop $-1 -1 $-1 $-1 $375 $460 #
vertex $-1 -1 $-1 $323 $570 #
straight-curve $-1 -1 $-1 1847.000000000000227 26.50000000000000355 3.049999999999999822 0 0 -1 F 1.499999999999999556 F 36.54999999999999716 #
coedge $-1 -1 $-1 $325 $324 $373 $484 forward $326 $-1 #
edge $-1 -1 $-1 $327 0 $486 5.999999999999943157 $325 $571 forward @7 unknown #
point $-1 -1 $-1 1847.000000000000227 26.50000000000000355 1.550000000000000266 #
coedge $-1 -1 $-1 $332 $373 $329 $451 forward $178 $-1 #
edge $-1 -1 $-1 $452 0 $334 1.499999999999999556 $450 $572 forward @7 unknown #
vertex $-1 -1 $-1 $484 $573 #
straight-curve $-1 -1 $-1 1847.000000000000227 7.000000000000000888 1.550000000000000266 1 0 0 F 0 F 5.999999999999943157 #
straight-curve $-1 -1 $-1 1853 7.000000000000000888 3.049999999999999822 0 1 0 F 0 F 27.5 #
point $-1 -1 $-1 1853 7.000000000000000888 3.049999999999999822 #
straight-curve $-1 -1 $-1 1866.100000000000136 34.5 3.049999999999999822 0 -1 0 F 0 F 27.89999999999999858 #
point $-1 -1 $-1 1866.100000000000136 34.5 3.049999999999999822 #
point $-1 -1 $-1 1853 34.5 3.049999999999999822 #
DXID-attrib $-1 -1 $-1 $-1 $342 @10 ASM ENTITY @2 14 #
face $574 -1 $-1 $399 $444 $4 $-1 $575 forward single #
plane-surface $-1 -1 $-1 1847.000000000000227 7.000000000000000888 1.550000000000000266 0 0 1 1 0 0 forward_v I I I I #
coedge $-1 -1 $-1 $576 $577 $347 $463 reversed $578 $-1 #
edge $-1 -1 $-1 $552 0 $466 10 $347 $579 forward @7 unknown #
coedge $-1 -1 $-1 $430 $348 $577 $580 reversed $309 $-1 #
coedge $-1 -1 $-1 $348 $385 $350 $468 reversed $309 $-1 #
vertex $-1 -1 $-1 $463 $581 #
straight-curve $-1 -1 $-1 1802.5 34 -30 1 0 0 F 0 F 16.51000000000010459 #
edge $-1 -1 $-1 $351 -29.5 $387 -19.50000000000000355 $350 $582 forward @7 unknown #
point $-1 -1 $-1 1819.010000000000218 34 -30 #
edge $-1 -1 $-1 $473 -15.00500000000000256 $568 -0.5050000000000043343 $354 $583 forward @7 unknown #
coedge $-1 -1 $-1 $355 $505 $357 $476 forward $472 $-1 #
loop $-1 -1 $-1 $-1 $355 $519 #
vertex $-1 -1 $-1 $470 $584 #
straight-curve $-1 -1 $-1 1847.000000000000227 26.50000000000000355 -19 0 1 0 F 5 F 7.5 #
coedge $-1 -1 $-1 $358 $357 $437 $566 forward $359 $-1 #
edge $-1 -1 $-1 $585 -5.999999999999943157 $360 0 $471 $586 forward @7 unknown #
face $587 -1 $-1 $363 $359 $4 $-1 $588 reversed single #
point $-1 -1 $-1 1847.000000000000227 31.50000000000000355 -19 #
vertex $-1 -1 $-1 $438 $589 #
straight-curve $-1 -1 $-1 1847.000000000000227 31.50000000000000355 -15 -1 0 0 F -5.999999999999943157 F 0 #
DXID-attrib $-1 -1 $-1 $-1 $363 @10 ASM ENTITY @2 19 #
plane-surface $-1 -1 $-1 1847.000000000000227 26.50000000000000355 -15 0 0 1 1 0 0 forward_v I I I I #
straight-curve $-1 -1 $-1 1853 34.5 3.049999999999999822 0 0 -1 F 0 F 2.600000000000000089 #
edge $-1 -1 $-1 $452 0 $486 19.5 $373 $590 forward @7 unknown #
vertex $-1 -1 $-1 $376 $591 #
vertex $-1 -1 $-1 $376 $592 #
straight-curve $-1 -1 $-1 1853 26.50000000000000355 -33.5 0 0 1 F 0 F 35.04999999999999716 #
coedge $-1 -1 $-1 $377 $593 $594 $595 forward $72 $-1 #
coedge $-1 -1 $-1 $596 $597 $377 $490 forward $598 $-1 #
edge $-1 -1 $-1 $492 -1.405981329329999419 $599 6.584018670669999906 $377 $600 forward @7 unknown #
coedge $-1 -1 $-1 $601 $378 $597 $602 forward $309 $-1 #
vertex $-1 -1 $-1 $490 $603 #
straight-curve $-1 -1 $-1 1819.010000000000218 24.00000000000000355 -30 1 0 0 F 43.99000000000000909 F 61.98000000000007503 #
point $-1 -1 $-1 1880.990000000000236 24.00000000000000355 -30 #
DXID-attrib $-1 -1 $-1 $-1 $383 @10 ASM ENTITY @2 20 #
plane-surface $-1 -1 $-1 1819 34 -30.01000000000000512 -0.7071067811865475727 0 0.7071067811865475727 0.7071067811865476838 0 0.7071067811865476838 forward_v I I I I #
coedge $-1 -1 $-1 $604 $384 $605 $606 forward $72 $-1 #
coedge $-1 -1 $-1 $607 $608 $384 $499 reversed $609 $-1 #
edge $-1 -1 $-1 $501 -1.405981329329999419 $610 6.584018670669999906 $384 $611 forward @7 unknown #
coedge $-1 -1 $-1 $385 $612 $607 $613 reversed $309 $-1 #
vertex $-1 -1 $-1 $386 $614 #
straight-curve $-1 -1 $-1 1819.010000000000218 24.00000000000000355 -30 1 0 0 F 0 F 17.99000000000006594 #
point $-1 -1 $-1 1819.010000000000218 24.00000000000000355 -30 #
coedge $-1 -1 $-1 $615 $389 $514 $616 forward $46 $-1 #
coedge $-1 -1 $-1 $471 $390 $392 $507 reversed $472 $-1 #
straight-curve $-1 -1 $-1 1842.000000000000227 34 -19 1 0 0 F 5 F 10.99999999999994316 #
edge $-1 -1 $-1 $585 5 $393 7.5 $392 $617 forward @7 unknown #
point $-1 -1 $-1 1853 34 -19 #
coedge $-1 -1 $-1 $618 $395 $619 $620 reversed $287 $-1 #
coedge $-1 -1 $-1 $415 $621 $395 $511 reversed $545 $-1 #
edge $-1 -1 $-1 $419 0.74758434966884868 $622 4.068887871591380545 $395 $623 forward @7 unknown #
edge $-1 -1 $-1 $485 -6.650000000000204636 $445 -0.6500000000002614797 $443 $624 forward @7 unknown #
straight-curve $-1 -1 $-1 1853 13.55000000000000249 -33.5 0 1 0 F 12.95000000000000107 F 20.44999999999999929 #
coedge $-1 -1 $-1 $440 $398 $504 $616 reversed $287 $-1 #
coedge $-1 -1 $-1 $398 $625 $626 $627 forward $287 $-1 #
coedge $-1 -1 $-1 $628 $629 $398 $517 reversed $630 $-1 #
edge $-1 -1 $-1 $631 2.192871916930999809 $632 34.51000000000000512 $398 $633 forward @7 unknown #
DXID-attrib $-1 -1 $-1 $-1 $399 @10 ASM ENTITY @2 16 #
face $634 -1 $-1 $477 $472 $4 $-1 $635 reversed single #
plane-surface $-1 -1 $-1 1845.700000000000273 0.5999999999999999778 -33.5 0 0 1 1 0 0 forward_v I I I I #
coedge $-1 -1 $-1 $401 $615 $412 $542 forward $46 $-1 #
coedge $-1 -1 $-1 $636 $637 $401 $523 reversed $638 $-1 #
edge $-1 -1 $-1 $639 2.49499999999999833 $527 3.994999999999997442 $401 $640 forward @7 unknown #
coedge $-1 -1 $-1 $641 $402 $637 $642 forward $526 $-1 #
coedge $-1 -1 $-1 $402 $641 $404 $530 reversed $526 $-1 #
loop $-1 -1 $-1 $-1 $524 $643 #
vertex $-1 -1 $-1 $523 $644 #
straight-curve $-1 -1 $-1 1842.000000000000227 34 -38 1 0 0 F 5 F 10.99999999999994316 #
coedge $-1 -1 $-1 $405 $404 $645 $646 forward $406 $-1 #
edge $-1 -1 $-1 $407 0 $647 28.50000000000000355 $404 $648 forward @7 unknown #
face $649 -1 $-1 $643 $406 $4 $-1 $650 reversed single #
point $-1 -1 $-1 1853 34 -38 #
coedge $-1 -1 $-1 $412 $409 $636 $651 forward $295 $-1 #
coedge $-1 -1 $-1 $645 $652 $409 $535 reversed $653 $-1 #
edge $-1 -1 $-1 $536 -6.650000000000204636 $654 -0.6500000000002614797 $409 $655 forward @7 unknown #
vertex $-1 -1 $-1 $410 $656 #
straight-curve $-1 -1 $-1 1853 34 -36.5 0 -1 0 F 0 F 28.50000000000000355 #
coedge $-1 -1 $-1 $411 $657 $658 $659 forward $295 $-1 #
coedge $-1 -1 $-1 $660 $415 $411 $540 forward $545 $-1 #
edge $-1 -1 $-1 $417 0.74758434966884868 $661 3.183650394309787135 $411 $662 forward @7 unknown #
coedge $-1 -1 $-1 $657 $412 $663 $664 forward $295 $-1 #
edge $-1 -1 $-1 $665 4.350000000000306954 $639 5.65000000000026148 $521 $666 forward @7 unknown #
DXID-attrib $-1 -1 $-1 $-1 $413 @10 ASM ENTITY @2 27 #
plane-surface $-1 -1 $-1 1845.700000000000273 0.5999999999999999778 -36.5 0 0 1 1 0 0 forward_v I I I I #
loop $-1 -1 $-1 $667 $415 $668 #
straight-curve $-1 -1 $-1 1854.300000000000182 1.682871916931000245 -38.5 0 0 1 F 1.999999999999997335 F 5 #
point $-1 -1 $-1 1854.300000000000182 1.682871916931000245 -36.5 #
point $-1 -1 $-1 1854.300000000000182 1.682871916931000245 -33.5 #
coedge $-1 -1 $-1 $669 $423 $426 $556 reversed $551 $-1 #
coedge $-1 -1 $-1 $423 $669 $576 $670 forward $551 $-1 #
loop $-1 -1 $-1 $-1 $550 $671 #
vertex $-1 -1 $-1 $424 $672 #
straight-curve $-1 -1 $-1 1802.5 34 -40 1 0 0 F 0 F 95 #
coedge $-1 -1 $-1 $673 $425 $674 $675 reversed $427 $-1 #
coedge $-1 -1 $-1 $426 $676 $677 $678 forward $427 $-1 #
edge $-1 -1 $-1 $679 0 $428 59 $549 $680 forward @7 unknown #
face $681 -1 $-1 $313 $427 $4 $-1 $682 forward single #
point $-1 -1 $-1 1897.5 34 -40 #
coedge $-1 -1 $-1 $683 $674 $430 $560 forward $684 $-1 #
edge $-1 -1 $-1 $561 -95.49999999999982947 $685 -0.4999999999998294697 $430 $686 forward @7 unknown #
vertex $-1 -1 $-1 $560 $687 #
straight-curve $-1 -1 $-1 1897.5 -25 -30 0 1 0 F 30.49999999999999645 F 59 #
DXID-attrib $-1 -1 $-1 $-1 $432 @10 ASM ENTITY @2 21 #
face $688 -1 $-1 $671 $578 $4 $-1 $689 reversed single #
plane-surface $-1 -1 $-1 1802.5 -25 -30 0 0 1 1 0 0 forward_v I I I I #
edge $-1 -1 $-1 $585 0.0100000000000011191 $479 4.010000000000002451 $437 $690 forward @7 unknown #
straight-curve $-1 -1 $-1 1853 26.50000000000000355 -15 0 1 0 F 5 F 7.5 #
vertex $-1 -1 $-1 $441 $691 #
straight-curve $-1 -1 $-1 1847.000000000000227 13.55000000000000249 -33.5 0 1 0 F 12.95000000000000107 F 20.44999999999999929 #
point $-1 -1 $-1 1847.000000000000227 26.50000000000000355 -33.5 #
straight-curve $-1 -1 $-1 1847.000000000000227 26.50000000000000355 1.550000000000000266 1 0 0 F 0 F 5.999999999999943157 #
straight-curve $-1 -1 $-1 1853 7.000000000000000888 1.550000000000000266 0 0 1 F 0 F 1.499999999999999556 #
point $-1 -1 $-1 1853 7.000000000000000888 1.550000000000000266 #
DXID-attrib $-1 -1 $-1 $-1 $460 @10 ASM ENTITY @2 15 #
plane-surface $-1 -1 $-1 1847.000000000000227 26.50000000000000355 -15 0 1 0 0 0 1 forward_v I I I I #
coedge $-1 -1 $-1 $692 $462 $550 $670 reversed $578 $-1 #
coedge $-1 -1 $-1 $462 $693 $464 $580 forward $578 $-1 #
loop $-1 -1 $-1 $-1 $577 $564 #
straight-curve $-1 -1 $-1 1802.5 34 -40 0 0 1 F 0 F 10 #
edge $-1 -1 $-1 $685 30.49999999999999645 $466 59 $464 $694 forward @7 unknown #
point $-1 -1 $-1 1802.5 34 -30 #
straight-curve $-1 -1 $-1 1819.010000000000218 4.5 -30 0 -1 0 F -29.5 F -19.50000000000000355 #
straight-curve $-1 -1 $-1 1847.000000000000227 34 -34.00500000000000256 0 0 -1 F -15.00500000000000256 F -0.5050000000000043343 #
point $-1 -1 $-1 1847.000000000000227 34 -19 #
vertex $-1 -1 $-1 $566 $695 #
straight-curve $-1 -1 $-1 1847.000000000000227 31.50000000000000355 -19 -1 0 0 F -5.999999999999943157 F 0 #
DXID-attrib $-1 -1 $-1 $-1 $477 @10 ASM ENTITY @2 18 #
plane-surface $-1 -1 $-1 1847.000000000000227 31.50000000000000355 -19.01000000000000156 0 1 0 0 0 1 forward_v I I I I #
point $-1 -1 $-1 1853 31.50000000000000355 -15 #
straight-curve $-1 -1 $-1 1853 7.000000000000000888 1.550000000000000266 0 1 0 F 0 F 19.5 #
point $-1 -1 $-1 1853 26.50000000000000355 -33.5 #
point $-1 -1 $-1 1853 26.50000000000000355 1.550000000000000266 #
coedge $-1 -1 $-1 $488 $696 $697 $698 forward $72 $-1 #
coedge $-1 -1 $-1 $699 $700 $488 $595 reversed $701 $-1 #
edge $-1 -1 $-1 $702 12.00000000000017053 $599 14.00000000000005684 $488 $703 forward @7 unknown #
coedge $-1 -1 $-1 $597 $489 $700 $704 reversed $598 $-1 #
coedge $-1 -1 $-1 $489 $596 $491 $602 reversed $598 $-1 #
loop $-1 -1 $-1 $-1 $597 $705 #
vertex $-1 -1 $-1 $595 $706 #
straight-curve $-1 -1 $-1 1863 24.00000000000000355 -28.59401867066999969 0 0 1 F -1.405981329329999419 F 6.584018670669999906 #
coedge $-1 -1 $-1 $707 $491 $708 $709 reversed $309 $-1 #
edge $-1 -1 $-1 $492 -25.91098132932600606 $710 -17.92098132932600052 $491 $711 forward @7 unknown #
point $-1 -1 $-1 1863 24.00000000000000355 -30 #
coedge $-1 -1 $-1 $696 $497 $712 $713 reversed $72 $-1 #
coedge $-1 -1 $-1 $714 $715 $497 $606 reversed $716 $-1 #
edge $-1 -1 $-1 $610 0 $717 1.999999999999886313 $497 $718 forward @7 unknown #
coedge $-1 -1 $-1 $608 $498 $500 $613 forward $609 $-1 #
coedge $-1 -1 $-1 $498 $607 $714 $719 forward $609 $-1 #
loop $-1 -1 $-1 $-1 $607 $720 #
vertex $-1 -1 $-1 $499 $721 #
straight-curve $-1 -1 $-1 1837.000000000000227 24.00000000000000355 -28.59401867066999969 0 0 1 F -1.405981329329999419 F 6.584018670669999906 #
coedge $-1 -1 $-1 $500 $722 $723 $724 reversed $309 $-1 #
edge $-1 -1 $-1 $501 -25.91098132932600606 $725 -17.92098132932600052 $500 $726 forward @7 unknown #
point $-1 -1 $-1 1837.000000000000227 24.00000000000000355 -30 #
coedge $-1 -1 $-1 $521 $504 $629 $727 forward $46 $-1 #
edge $-1 -1 $-1 $568 7.299999999999897682 $632 8.599999999999852207 $504 $728 forward @7 unknown #
straight-curve $-1 -1 $-1 1853 26.50000000000000355 -19 0 1 0 F 5 F 7.5 #
coedge $-1 -1 $-1 $625 $509 $729 $730 reversed $287 $-1 #
coedge $-1 -1 $-1 $731 $732 $509 $620 forward $733 $-1 #
edge $-1 -1 $-1 $734 0 $622 3.263068014212999746 $509 $735 forward @7 unknown #
coedge $-1 -1 $-1 $510 $736 $731 $737 forward $545 $-1 #
vertex $-1 -1 $-1 $511 $738 #
ellipse-curve $-1 -1 $-1 1853.200000000000273 0.6630680142130001009 -33.5 0 0 1 1.500000000000000222 0 0 1 F 0.74758434966884868 F 4.068887871591380545 #
straight-curve $-1 -1 $-1 1846.349999999999909 26.50000000000000355 -33.5 -1 0 0 F -6.650000000000204636 F -0.6500000000002614797 #
coedge $-1 -1 $-1 $515 $618 $739 $740 forward $287 $-1 #
coedge $-1 -1 $-1 $741 $742 $515 $627 reversed $743 $-1 #
edge $-1 -1 $-1 $744 -0.9272952180015875401 $631 2.394008303920944325 $515 $745 forward @7 unknown #
coedge $-1 -1 $-1 $663 $516 $742 $746 reversed $630 $-1 #
coedge $-1 -1 $-1 $516 $663 $615 $727 reversed $630 $-1 #
loop $-1 -1 $-1 $-1 $516 $747 #
vertex $-1 -1 $-1 $517 $748 #
vertex $-1 -1 $-1 $616 $749 #
straight-curve $-1 -1 $-1 1845.700000000000273 -0.5100000000000000089 -33.5 0 1 0 F 2.192871916930999809 F 34.51000000000000512 #
DXID-attrib $-1 -1 $-1 $-1 $519 @10 ASM ENTITY @2 17 #
plane-surface $-1 -1 $-1 1847.000000000000227 26.50000000000000355 -19 0 0 1 1 0 0 forward_v I I I I #
coedge $-1 -1 $-1 $750 $522 $533 $651 reversed $638 $-1 #
coedge $-1 -1 $-1 $522 $750 $524 $642 reversed $638 $-1 #
loop $-1 -1 $-1 $-1 $636 $751 #
vertex $-1 -1 $-1 $542 $752 #
straight-curve $-1 -1 $-1 1847.000000000000227 34 -34.00500000000000256 0 0 -1 F 2.49499999999999833 F 3.994999999999997442 #
coedge $-1 -1 $-1 $525 $524 $753 $754 forward $526 $-1 #
edge $-1 -1 $-1 $527 0 $755 28.50000000000000355 $524 $756 forward @7 unknown #
face $757 -1 $-1 $751 $526 $4 $-1 $758 forward single #
point $-1 -1 $-1 1847.000000000000227 34 -38 #
coedge $-1 -1 $-1 $753 $534 $529 $646 reversed $653 $-1 #
edge $-1 -1 $-1 $647 0 $536 1.499999999999999112 $529 $759 forward @7 unknown #
vertex $-1 -1 $-1 $530 $760 #
straight-curve $-1 -1 $-1 1853 34 -38 0 -1 0 F 0 F 28.50000000000000355 #
DXID-attrib $-1 -1 $-1 $-1 $531 @10 ASM ENTITY @2 28 #
plane-surface $-1 -1 $-1 1853 5.5 -38 1 0 0 0 0 1 forward_v I I I I #
edge $-1 -1 $-1 $654 0 $639 28.50000000000000355 $533 $761 forward @7 unknown #
coedge $-1 -1 $-1 $534 $753 $750 $762 forward $653 $-1 #
loop $-1 -1 $-1 $-1 $645 $763 #
vertex $-1 -1 $-1 $535 $764 #
straight-curve $-1 -1 $-1 1846.349999999999909 5.5 -36.5 -1 0 0 F -6.650000000000204636 F -0.6500000000002614797 #
point $-1 -1 $-1 1853 5.5 -36.5 #
coedge $-1 -1 $-1 $538 $541 $765 $766 reversed $295 $-1 #
coedge $-1 -1 $-1 $767 $768 $538 $659 reversed $769 $-1 #
edge $-1 -1 $-1 $770 2.598673555000061697 $661 6.00132644499979051 $538 $771 forward @7 unknown #
coedge $-1 -1 $-1 $772 $539 $768 $773 forward $545 $-1 #
vertex $-1 -1 $-1 $659 $774 #
ellipse-curve $-1 -1 $-1 1853.200000000000273 0.6630680142130001009 -36.5 0 0 1 1.500000000000000222 0 0 1 F 0.74758434966884868 F 3.183650394309787135 #
coedge $-1 -1 $-1 $629 $628 $541 $664 reversed $630 $-1 #
edge $-1 -1 $-1 $665 0 $775 32.31712808306900087 $541 $776 forward @7 unknown #
vertex $-1 -1 $-1 $727 $777 #
straight-curve $-1 -1 $-1 1841.349999999999909 34 -36.5 1 0 0 F 4.350000000000306954 F 5.65000000000026148 #
loop $-1 -1 $-1 $-1 $778 $668 #
face $779 -1 $-1 $780 $781 $4 $-1 $782 reversed single #
coedge $-1 -1 $-1 $550 $549 $783 $784 reversed $551 $-1 #
edge $-1 -1 $-1 $785 0 $552 59 $576 $786 forward @7 unknown #
face $787 -1 $-1 $557 $551 $4 $-1 $788 reversed single #
point $-1 -1 $-1 1802.5 34 -40 #
coedge $-1 -1 $-1 $789 $554 $790 $791 forward $427 $-1 #
coedge $-1 -1 $-1 $559 $792 $554 $675 forward $684 $-1 #
edge $-1 -1 $-1 $793 3.999999999999999112 $561 6.000000000000000888 $554 $794 forward @7 unknown #
coedge $-1 -1 $-1 $555 $795 $796 $797 reversed $427 $-1 #
coedge $-1 -1 $-1 $798 $783 $555 $678 reversed $799 $-1 #
edge $-1 -1 $-1 $800 0 $679 30 $555 $801 forward @7 unknown #
vertex $-1 -1 $-1 $556 $802 #
straight-curve $-1 -1 $-1 1897.5 -25 -40 0 1 0 F 0 F 59 #
DXID-attrib $-1 -1 $-1 $-1 $557 @10 ASM ENTITY @2 24 #
plane-surface $-1 -1 $-1 1897.5 -25 -40 1 0 0 0 0 1 forward_v I I I I #
coedge $-1 -1 $-1 $792 $559 $693 $803 reversed $684 $-1 #
loop $-1 -1 $-1 $-1 $792 $804 #
vertex $-1 -1 $-1 $580 $805 #
straight-curve $-1 -1 $-1 1802.000000000000227 5.5 -30 -1 0 0 F -95.49999999999982947 F -0.4999999999998294697 #
point $-1 -1 $-1 1897.5 5.5 -30 #
DXID-attrib $-1 -1 $-1 $-1 $564 @10 ASM ENTITY @2 22 #
plane-surface $-1 -1 $-1 1802.5 -25 -40 1 0 0 0 0 1 forward_v I I I I #
straight-curve $-1 -1 $-1 1853 31.50000000000000355 -19.01000000000000156 0 0 1 F 0.0100000000000011191 F 4.010000000000002451 #
point $-1 -1 $-1 1847.000000000000227 34 -33.5 #
coedge $-1 -1 $-1 $806 $576 $807 $808 forward $578 $-1 #
coedge $-1 -1 $-1 $577 $809 $683 $803 forward $578 $-1 #
straight-curve $-1 -1 $-1 1802.5 -25 -30 0 1 0 F 30.49999999999999645 F 59 #
point $-1 -1 $-1 1853 31.50000000000000355 -19 #
coedge $-1 -1 $-1 $593 $604 $810 $811 forward $72 $-1 #
coedge $-1 -1 $-1 $812 $813 $593 $698 reversed $814 $-1 #
edge $-1 -1 $-1 $815 -1.405981329329999419 $702 6.584018670669999906 $593 $816 forward @7 unknown #
coedge $-1 -1 $-1 $708 $594 $813 $817 reversed $701 $-1 #
coedge $-1 -1 $-1 $594 $708 $596 $704 forward $701 $-1 #
loop $-1 -1 $-1 $-1 $699 $818 #
vertex $-1 -1 $-1 $698 $819 #
straight-curve $-1 -1 $-1 1849 24.00000000000000355 -22.01000000000000156 1 0 0 F 12.00000000000017053 F 14.00000000000005684 #
edge $-1 -1 $-1 $710 0.01414213562372504916 $599 11.31370849897752073 $700 $820 forward @7 unknown #
face $821 -1 $-1 $668 $598 $4 $-1 $822 reversed single #
point $-1 -1 $-1 1863 24.00000000000000355 -22.01000000000000156 #
coedge $-1 -1 $-1 $810 $601 $812 $823 reversed $309 $-1 #
coedge $-1 -1 $-1 $700 $699 $601 $709 forward $701 $-1 #
edge $-1 -1 $-1 $824 29.25000000000011369 $710 31.25 $601 $825 forward @7 unknown #
vertex $-1 -1 $-1 $602 $826 #
straight-curve $-1 -1 $-1 1863 -1.910981329326000289 -30 0 -1 0 F -25.91098132932600606 F -17.92098132932600052 #
coedge $-1 -1 $-1 $827 $828 $604 $713 forward $829 $-1 #
edge $-1 -1 $-1 $830 -1.405981329329999419 $717 6.584018670669999906 $604 $831 forward @7 unknown #
coedge $-1 -1 $-1 $723 $605 $608 $719 reversed $716 $-1 #
coedge $-1 -1 $-1 $605 $723 $827 $832 forward $716 $-1 #
loop $-1 -1 $-1 $-1 $714 $833 #
vertex $-1 -1 $-1 $606 $834 #
straight-curve $-1 -1 $-1 1837.000000000000227 24.00000000000000355 -22.01000000000000156 1 0 0 F 0 F 1.999999999999886313 #
edge $-1 -1 $-1 $725 0.01414213562372504916 $610 11.31370849897752073 $608 $835 forward @7 unknown #
face $836 -1 $-1 $833 $609 $4 $-1 $837 forward single #
point $-1 -1 $-1 1837.000000000000227 24.00000000000000355 -22.01000000000000156 #
coedge $-1 -1 $-1 $612 $810 $828 $838 forward $309 $-1 #
coedge $-1 -1 $-1 $715 $714 $612 $724 forward $716 $-1 #
edge $-1 -1 $-1 $725 17.24999999999994316 $839 19.24999999999982947 $612 $840 forward @7 unknown #
vertex $-1 -1 $-1 $724 $841 #
straight-curve $-1 -1 $-1 1837.000000000000227 -1.910981329326000289 -30 0 -1 0 F -25.91098132932600606 F -17.92098132932600052 #
edge $-1 -1 $-1 $632 0.244999999999997442 $665 3.245000000000000107 $615 $842 forward @7 unknown #
straight-curve $-1 -1 $-1 1854.300000000000182 34 -33.5 -1 0 0 F 7.299999999999897682 F 8.599999999999852207 #
coedge $-1 -1 $-1 $843 $844 $618 $730 forward $845 $-1 #
edge $-1 -1 $-1 $846 0 $734 4.600000000000079581 $618 $847 forward @7 unknown #
coedge $-1 -1 $-1 $848 $619 $621 $737 reversed $733 $-1 #
coedge $-1 -1 $-1 $619 $848 $843 $849 forward $733 $-1 #
loop $-1 -1 $-1 $-1 $619 $780 #
vertex $-1 -1 $-1 $620 $850 #
straight-curve $-1 -1 $-1 1852.300000000000182 -3.799999999999999822 -33.5 0 1 0 F 0 F 3.263068014212999746 #
coedge $-1 -1 $-1 $621 $772 $851 $852 forward $545 $-1 #
edge $-1 -1 $-1 $853 3.100000000000000533 $622 5 $621 $854 forward @7 unknown #
point $-1 -1 $-1 1852.300000000000182 -0.5369319857870000767 -33.5 #
coedge $-1 -1 $-1 $855 $856 $625 $740 reversed $857 $-1 #
edge $-1 -1 $-1 $846 0 $744 3.263068014212999746 $625 $858 forward @7 unknown #
coedge $-1 -1 $-1 $859 $626 $856 $860 reversed $743 $-1 #
coedge $-1 -1 $-1 $626 $765 $628 $746 forward $743 $-1 #
loop $-1 -1 $-1 $861 $765 $862 #
vertex $-1 -1 $-1 $740 $863 #
ellipse-curve $-1 -1 $-1 1846.800000000000182 0.6630680142130001009 -33.5 0 0 1 1.500000000000000222 0 0 1 F -0.9272952180015875401 F 2.394008303920944325 #
edge $-1 -1 $-1 $775 1.999999999999997335 $631 5 $628 $864 forward @7 unknown #
face $865 -1 $-1 $720 $630 $4 $-1 $866 forward single #
point $-1 -1 $-1 1845.700000000000273 1.682871916931000245 -33.5 #
point $-1 -1 $-1 1845.700000000000273 34 -33.5 #
coedge $-1 -1 $-1 $637 $636 $652 $762 reversed $638 $-1 #
face $867 -1 $-1 $747 $638 $4 $-1 $868 forward single #
point $-1 -1 $-1 1847.000000000000227 34 -36.5 #
coedge $-1 -1 $-1 $652 $645 $641 $754 reversed $653 $-1 #
edge $-1 -1 $-1 $755 0 $647 5.999999999999943157 $641 $869 forward @7 unknown #
vertex $-1 -1 $-1 $642 $870 #
straight-curve $-1 -1 $-1 1847.000000000000227 34 -38 0 -1 0 F 0 F 28.50000000000000355 #
DXID-attrib $-1 -1 $-1 $-1 $643 @10 ASM ENTITY @2 29 #
plane-surface $-1 -1 $-1 1847.000000000000227 5.5 -38 0 0 1 1 0 0 forward_v I I I I #
straight-curve $-1 -1 $-1 1853 5.5 -38 0 0 1 F 0 F 1.499999999999999112 #
point $-1 -1 $-1 1853 5.5 -38 #
straight-curve $-1 -1 $-1 1847.000000000000227 5.5 -36.5 0 1 0 F 0 F 28.50000000000000355 #
edge $-1 -1 $-1 $755 0 $654 1.499999999999999112 $750 $871 forward @7 unknown #
face $872 -1 $-1 $873 $653 $4 $-1 $874 forward single #
point $-1 -1 $-1 1847.000000000000227 5.5 -36.5 #
coedge $-1 -1 $-1 $742 $875 $657 $766 forward $743 $-1 #
edge $-1 -1 $-1 $770 -0.04205774071999428959 $775 2.394008303920944325 $657 $876 forward @7 unknown #
coedge $-1 -1 $-1 $877 $658 $875 $878 forward $769 $-1 #
coedge $-1 -1 $-1 $658 $877 $660 $773 reversed $769 $-1 #
loop $-1 -1 $-1 $-1 $768 $873 #
vertex $-1 -1 $-1 $766 $879 #
straight-curve $-1 -1 $-1 1845.700000000000273 0.5999999999999999778 -36.5 1 0 0 F 2.598673555000061697 F 6.00132644499979051 #
coedge $-1 -1 $-1 $736 $660 $880 $881 forward $545 $-1 #
edge $-1 -1 $-1 $661 1.999999999999997335 $882 2.00982142857999424 $660 $883 forward @7 unknown #
point $-1 -1 $-1 1851.70132644499995 0.5999999999999999778 -36.5 #
vertex $-1 -1 $-1 $664 $884 #
straight-curve $-1 -1 $-1 1845.700000000000273 34 -36.5 0 -1 0 F 0 F 32.31712808306900087 #
point $-1 -1 $-1 1845.700000000000273 34 -36.5 #
coedge $-1 -1 $-1 $885 $886 $887 $888 reversed $667 $-1 #
DXID-attrib $-1 -1 $-1 $-1 $668 @10 ASM ENTITY @2 38 #
face $889 -1 $-1 $890 $733 $4 $-1 $891 reversed single #
loop $-1 -1 $-1 $892 $893 $668 #
cone-surface $-1 -1 $-1 1853.200000000000273 0.6630680142130001009 -38.5 0 0 1 1.500000000000000222 0 0 1 I I 0 1 1.500000000000000222 forward I I I I #
coedge $-1 -1 $-1 $677 $807 $669 $784 forward $799 $-1 #
edge $-1 -1 $-1 $785 0 $679 95 $669 $894 forward @7 unknown #
vertex $-1 -1 $-1 $670 $895 #
straight-curve $-1 -1 $-1 1802.5 -25 -40 0 1 0 F 0 F 59 #
DXID-attrib $-1 -1 $-1 $-1 $671 @10 ASM ENTITY @2 23 #
plane-surface $-1 -1 $-1 1802.5 -25 -40 0 0 1 1 0 0 forward_v I I I I #
coedge $-1 -1 $-1 $896 $673 $897 $898 forward $427 $-1 #
coedge $-1 -1 $-1 $899 $900 $673 $791 reversed $901 $-1 #
edge $-1 -1 $-1 $793 -22.75000000000000355 $902 -7.75 $673 $903 forward @7 unknown #
coedge $-1 -1 $-1 $674 $683 $899 $904 forward $684 $-1 #
vertex $-1 -1 $-1 $675 $905 #
straight-curve $-1 -1 $-1 1897.5 5.5 -36 0 0 1 F 3.999999999999999112 F 6.000000000000000888 #
coedge $-1 -1 $-1 $676 $906 $907 $908 forward $427 $-1 #
coedge $-1 -1 $-1 $909 $910 $676 $797 forward $911 $-1 #
edge $-1 -1 $-1 $800 0 $912 8.999999999999998224 $676 $913 forward @7 unknown #
coedge $-1 -1 $-1 $807 $677 $910 $914 reversed $799 $-1 #
loop $-1 -1 $-1 $-1 $783 $915 #
vertex $-1 -1 $-1 $797 $916 #
straight-curve $-1 -1 $-1 1897.5 -25 -10 0 0 -1 F 0 F 30 #
point $-1 -1 $-1 1897.5 -25 -40 #
edge $-1 -1 $-1 $917 3.999999999999999112 $685 6.000000000000000888 $693 $918 forward @7 unknown #
face $919 -1 $-1 $915 $684 $4 $-1 $920 reversed single #
point $-1 -1 $-1 1802.5 5.5 -30 #
coedge $-1 -1 $-1 $921 $692 $922 $923 forward $578 $-1 #
coedge $-1 -1 $-1 $783 $798 $692 $808 reversed $799 $-1 #
edge $-1 -1 $-1 $785 0 $924 30 $692 $925 forward @7 unknown #
coedge $-1 -1 $-1 $693 $926 $927 $928 reversed $578 $-1 #
coedge $-1 -1 $-1 $722 $707 $696 $811 reversed $309 $-1 #
edge $-1 -1 $-1 $830 19.98999999999995225 $815 41.99000000000012278 $696 $929 forward @7 unknown #
coedge $-1 -1 $-1 $813 $697 $707 $823 forward $814 $-1 #
coedge $-1 -1 $-1 $697 $812 $699 $817 forward $814 $-1 #
loop $-1 -1 $-1 $-1 $812 $930 #
vertex $-1 -1 $-1 $811 $931 #
straight-curve $-1 -1 $-1 1861.000000000000227 24.00000000000000355 -28.59401867066999969 0 0 1 F -1.405981329329999419 F 6.584018670669999906 #
edge $-1 -1 $-1 $824 0.01414213562372504916 $702 11.31370849897752073 $813 $932 forward @7 unknown #
face $933 -1 $-1 $705 $701 $4 $-1 $934 forward single #
point $-1 -1 $-1 1861.000000000000227 24.00000000000000355 -22.01000000000000156 #
straight-curve $-1 -1 $-1 1863 16 -30.01000000000000512 0 0.7071067811870000996 0.7071067811870000996 F 0.01414213562372504916 F 11.31370849897752073 #
DXID-attrib $-1 -1 $-1 $-1 $705 @10 ASM ENTITY @2 37 #
plane-surface $-1 -1 $-1 1863 21.17803734134799853 -27.17803734134000138 -1 -0 -0 0 0 -1 forward_v I I I I #
edge $-1 -1 $-1 $815 -25.91098132932600606 $824 -17.92098132932600052 $707 $935 forward @7 unknown #
vertex $-1 -1 $-1 $709 $936 #
straight-curve $-1 -1 $-1 1831.75 16.01000000000000156 -30 1 0 0 F 29.25000000000011369 F 31.25 #
point $-1 -1 $-1 1863 16.01000000000000156 -30 #
coedge $-1 -1 $-1 $828 $712 $715 $832 reversed $829 $-1 #
coedge $-1 -1 $-1 $712 $827 $722 $838 reversed $829 $-1 #
loop $-1 -1 $-1 $-1 $828 $937 #
vertex $-1 -1 $-1 $713 $938 #
straight-curve $-1 -1 $-1 1839 24.00000000000000355 -28.59401867066999969 0 0 1 F -1.405981329329999419 F 6.584018670669999906 #
edge $-1 -1 $-1 $839 0.01414213562372504916 $717 11.31370849897752073 $715 $939 forward @7 unknown #
face $940 -1 $-1 $937 $716 $4 $-1 $941 forward single #
point $-1 -1 $-1 1839 24.00000000000000355 -22.01000000000000156 #
straight-curve $-1 -1 $-1 1837.000000000000227 16 -30.01000000000000512 0 0.7071067811870000996 0.7071067811870000996 F 0.01414213562372504916 F 11.31370849897752073 #
DXID-attrib $-1 -1 $-1 $-1 $720 @10 ASM ENTITY @2 32 #
plane-surface $-1 -1 $-1 1837.000000000000227 21.17803734134799853 -27.17803734134000138 -1 -0 -0 0 0 -1 forward_v I I I I #
edge $-1 -1 $-1 $830 -25.91098132932600606 $839 -17.92098132932600052 $722 $942 forward @7 unknown #
vertex $-1 -1 $-1 $838 $943 #
straight-curve $-1 -1 $-1 1819.750000000000227 16.01000000000000156 -30 1 0 0 F 17.24999999999994316 F 19.24999999999982947 #
point $-1 -1 $-1 1837.000000000000227 16.01000000000000156 -30 #
straight-curve $-1 -1 $-1 1845.700000000000273 34 -33.25500000000000256 0 0 -1 F 0.244999999999997442 F 3.245000000000000107 #
coedge $-1 -1 $-1 $944 $729 $732 $849 reversed $845 $-1 #
coedge $-1 -1 $-1 $729 $944 $855 $945 forward $845 $-1 #
loop $-1 -1 $-1 $-1 $944 $890 #
vertex $-1 -1 $-1 $730 $946 #
straight-curve $-1 -1 $-1 1847.700000000000045 -3.799999999999999822 -33.5 1 0 0 F 0 F 4.600000000000079581 #
coedge $-1 -1 $-1 $732 $731 $947 $948 reversed $733 $-1 #
edge $-1 -1 $-1 $949 0 $734 1.899999999999999467 $732 $950 forward @7 unknown #
point $-1 -1 $-1 1852.300000000000182 -3.799999999999999822 -33.5 #
coedge $-1 -1 $-1 $951 $947 $736 $852 reversed $952 $-1 #
edge $-1 -1 $-1 $953 -2.243651673600978391 $853 -2.214297435588205687 $736 $954 forward @7 unknown #
vertex $-1 -1 $-1 $852 $955 #
straight-curve $-1 -1 $-1 1852.300000000000182 -0.5369319857870000767 -38.5 0 0 1 F 3.100000000000000533 F 5 #
coedge $-1 -1 $-1 $956 $739 $844 $945 reversed $857 $-1 #
coedge $-1 -1 $-1 $739 $956 $741 $860 forward $857 $-1 #
loop $-1 -1 $-1 $-1 $739 $957 #
straight-curve $-1 -1 $-1 1847.700000000000045 -3.799999999999999822 -33.5 0 1 0 F 0 F 3.263068014212999746 #
coedge $-1 -1 $-1 $958 $741 $959 $960 forward $743 $-1 #
edge $-1 -1 $-1 $961 3.100000000000000533 $744 5 $856 $962 forward @7 unknown #
loop $-1 -1 $-1 $963 $964 $862 #
face $965 -1 $-1 $804 $966 $4 $-1 $967 reversed single #
point $-1 -1 $-1 1847.700000000000045 -0.5369319857870000767 -33.5 #
straight-curve $-1 -1 $-1 1845.700000000000273 1.682871916931000245 -38.5 0 0 1 F 1.999999999999997335 F 5 #
DXID-attrib $-1 -1 $-1 $-1 $747 @10 ASM ENTITY @2 31 #
plane-surface $-1 -1 $-1 1845.700000000000273 0.5999999999999999778 -36.5 1 0 0 0 0 1 forward_v I I I I #
DXID-attrib $-1 -1 $-1 $-1 $751 @10 ASM ENTITY @2 30 #
plane-surface $-1 -1 $-1 1847.000000000000227 5.5 -38 1 0 0 0 0 1 forward_v I I I I #
straight-curve $-1 -1 $-1 1847.000000000000227 5.5 -38 1 0 0 F 0 F 5.999999999999943157 #
point $-1 -1 $-1 1847.000000000000227 5.5 -38 #
straight-curve $-1 -1 $-1 1847.000000000000227 5.5 -38 0 0 1 F 0 F 1.499999999999999112 #
DXID-attrib $-1 -1 $-1 $-1 $763 @10 ASM ENTITY @2 53 #
face $968 -1 $-1 $969 $769 $4 $-1 $970 forward single #
plane-surface $-1 -1 $-1 1847.000000000000227 5.5 -38 0 1 0 0 0 1 forward_v I I I I #
coedge $-1 -1 $-1 $765 $958 $767 $878 reversed $743 $-1 #
ellipse-curve $-1 -1 $-1 1846.800000000000182 0.6630680142130001009 -36.5 0 0 1 1.500000000000000222 0 0 1 F -0.04205774071999428959 F 2.394008303920944325 #
coedge $-1 -1 $-1 $768 $767 $971 $972 forward $769 $-1 #
edge $-1 -1 $-1 $770 1.999999999999997335 $973 2.00982142857999424 $875 $974 forward @7 unknown #
point $-1 -1 $-1 1848.298673555000278 0.5999999999999999778 -36.5 #
coedge $-1 -1 $-1 $971 $975 $772 $881 reversed $976 $-1 #
edge $-1 -1 $-1 $882 -1.528738586077894368 $953 -0.6728553468063848131 $772 $977 forward @7 unknown #
vertex $-1 -1 $-1 $773 $978 #
straight-curve $-1 -1 $-1 1851.70132644499995 0.5999999999999999778 -38.5 0 0 1 F 1.999999999999997335 F 2.00982142857999424 #
point $-1 -1 $-1 1845.700000000000273 1.682871916931000245 -36.5 #
coedge $-1 -1 $-1 $979 $778 $980 $981 forward $667 $-1 #
coedge $-1 -1 $-1 $778 $979 $982 $983 reversed $667 $-1 #
coedge $-1 -1 $-1 $984 $985 $778 $888 forward $986 $-1 #
edge $-1 -1 $-1 $987 3.100000000000000533 $988 5 $778 $989 forward @7 unknown #
DXID-attrib $-1 -1 $-1 $-1 $780 @10 ASM ENTITY @2 39 #
face $990 -1 $-1 $957 $845 $4 $-1 $991 forward single #
plane-surface $-1 -1 $-1 1852.300000000000182 -3.799999999999999822 -35.39999999999999858 1 0 0 0 0 1 forward_v I I I I #
loop $-1 -1 $-1 $545 $992 $668 #
coedge $-1 -1 $-1 $893 $893 $993 $994 reversed $781 $-1 #
straight-curve $-1 -1 $-1 1802.5 -25 -40 1 0 0 F 0 F 95 #
point $-1 -1 $-1 1802.5 -25 -40 #
coedge $-1 -1 $-1 $906 $789 $995 $996 reversed $427 $-1 #
coedge $-1 -1 $-1 $997 $998 $789 $898 reversed $999 $-1 #
edge $-1 -1 $-1 $902 3.999999999999999112 $1000 6.999999999999997335 $789 $1001 forward @7 unknown #
coedge $-1 -1 $-1 $927 $790 $792 $904 reversed $901 $-1 #
coedge $-1 -1 $-1 $790 $927 $997 $1002 forward $901 $-1 #
loop $-1 -1 $-1 $1003 $899 $1004 #
vertex $-1 -1 $-1 $791 $1005 #
straight-curve $-1 -1 $-1 1897.5 -17.25 -32 0 -1 0 F -22.75000000000000355 F -7.75 #
edge $-1 -1 $-1 $917 0.9999999999999431566 $793 95.99999999999994316 $792 $1006 forward @7 unknown #
point $-1 -1 $-1 1897.5 5.5 -32 #
coedge $-1 -1 $-1 $795 $896 $1007 $1008 forward $427 $-1 #
coedge $-1 -1 $-1 $1009 $1010 $795 $908 reversed $1011 $-1 #
edge $-1 -1 $-1 $1012 17.98999999999999844 $912 30 $795 $1013 forward @7 unknown #
coedge $-1 -1 $-1 $922 $796 $1010 $1014 reversed $911 $-1 #
coedge $-1 -1 $-1 $796 $922 $798 $914 forward $911 $-1 #
loop $-1 -1 $-1 $-1 $922 $1015 #
vertex $-1 -1 $-1 $908 $1016 #
straight-curve $-1 -1 $-1 1897.5 -25 -10 0 1 0 F 0 F 8.999999999999998224 #
edge $-1 -1 $-1 $924 0 $800 95 $798 $1017 forward @7 unknown #
face $1018 -1 $-1 $1015 $799 $4 $-1 $1019 reversed single #
point $-1 -1 $-1 1897.5 -25 -10 #
vertex $-1 -1 $-1 $928 $1020 #
straight-curve $-1 -1 $-1 1802.5 5.5 -36 0 0 1 F 3.999999999999999112 F 6.000000000000000888 #
DXID-attrib $-1 -1 $-1 $-1 $804 @10 ASM ENTITY @2 43 #
plane-surface $-1 -1 $-1 1801.5 5.5 -32 0 1 0 0 0 1 forward_v I I I I #
coedge $-1 -1 $-1 $1021 $806 $1022 $1023 reversed $578 $-1 #
coedge $-1 -1 $-1 $910 $909 $806 $923 reversed $911 $-1 #
edge $-1 -1 $-1 $924 0 $1024 8.999999999999998224 $806 $1025 forward @7 unknown #
vertex $-1 -1 $-1 $808 $1026 #
straight-curve $-1 -1 $-1 1802.5 -25 -40 0 0 1 F 0 F 30 #
coedge $-1 -1 $-1 $809 $1027 $1028 $1029 reversed $578 $-1 #
coedge $-1 -1 $-1 $900 $899 $809 $928 forward $901 $-1 #
edge $-1 -1 $-1 $917 -22.75000000000000355 $1030 -7.75 $809 $1031 forward @7 unknown #
straight-curve $-1 -1 $-1 1819.010000000000218 24.00000000000000355 -30 1 0 0 F 19.98999999999995225 F 41.99000000000012278 #
face $1032 -1 $-1 $818 $814 $4 $-1 $1033 forward single #
point $-1 -1 $-1 1861.000000000000227 24.00000000000000355 -30 #
straight-curve $-1 -1 $-1 1861.000000000000227 16 -30.01000000000000512 0 0.7071067811870000996 0.7071067811870000996 F 0.01414213562372504916 F 11.31370849897752073 #
DXID-attrib $-1 -1 $-1 $-1 $818 @10 ASM ENTITY @2 36 #
plane-surface $-1 -1 $-1 1861.000000000000227 16 -30.01000000000000512 0 -0.7071067811865475727 0.7071067811865475727 0 0.7071067811865476838 0.7071067811865476838 forward_v I I I I #
straight-curve $-1 -1 $-1 1861.000000000000227 -1.910981329326000289 -30 0 -1 0 F -25.91098132932600606 F -17.92098132932600052 #
point $-1 -1 $-1 1861.000000000000227 16.01000000000000156 -30 #
face $1034 -1 $-1 $930 $829 $4 $-1 $1035 reversed single #
point $-1 -1 $-1 1839 24.00000000000000355 -30 #
straight-curve $-1 -1 $-1 1839 16 -30.01000000000000512 0 0.7071067811870000996 0.7071067811870000996 F 0.01414213562372504916 F 11.31370849897752073 #
DXID-attrib $-1 -1 $-1 $-1 $833 @10 ASM ENTITY @2 33 #
plane-surface $-1 -1 $-1 1837.000000000000227 16 -30.01000000000000512 0 -0.7071067811865475727 0.7071067811865475727 0 0.7071067811865476838 0.7071067811865476838 forward_v I I I I #
straight-curve $-1 -1 $-1 1839 -1.910981329326000289 -30 0 -1 0 F -25.91098132932600606 F -17.92098132932600052 #
point $-1 -1 $-1 1839 16.01000000000000156 -30 #
coedge $-1 -1 $-1 $844 $843 $1036 $1037 reversed $845 $-1 #
edge $-1 -1 $-1 $1038 0 $846 1.899999999999999467 $844 $1039 forward @7 unknown #
point $-1 -1 $-1 1847.700000000000045 -3.799999999999999822 -33.5 #
coedge $-1 -1 $-1 $851 $1036 $848 $948 forward $952 $-1 #
edge $-1 -1 $-1 $949 0 $853 3.263068014212999746 $848 $1040 forward @7 unknown #
vertex $-1 -1 $-1 $948 $1041 #
straight-curve $-1 -1 $-1 1852.300000000000182 -3.799999999999999822 -35.39999999999999858 0 0 1 F 0 F 1.899999999999999467 #
coedge $-1 -1 $-1 $959 $851 $975 $1042 reversed $952 $-1 #
loop $-1 -1 $-1 $-1 $1043 $1044 #
vertex $-1 -1 $-1 $881 $1045 #
ellipse-curve $-1 -1 $-1 1853.200000000000273 0.6630680142130001009 -35.39999999999999858 0 0 1 1.500000000000000222 0 0 1 F -2.243651673600978391 F -2.214297435588205687 #
point $-1 -1 $-1 1852.300000000000182 -0.5369319857870000767 -35.39999999999999858 #
coedge $-1 -1 $-1 $856 $855 $1043 $1046 forward $857 $-1 #
face $1047 -1 $-1 $862 $857 $4 $-1 $1048 forward single #
coedge $-1 -1 $-1 $875 $859 $1049 $1050 forward $743 $-1 #
coedge $-1 -1 $-1 $1043 $951 $859 $960 reversed $952 $-1 #
edge $-1 -1 $-1 $961 -0.9272952180015875401 $1051 -0.8979409799888146138 $859 $1052 forward @7 unknown #
vertex $-1 -1 $-1 $1046 $1053 #
straight-curve $-1 -1 $-1 1847.700000000000045 -0.5369319857870000767 -38.5 0 0 1 F 3.100000000000000533 F 5 #
loop $-1 -1 $-1 $-1 $1054 $862 #
coedge $-1 -1 $-1 $964 $964 $1055 $1056 forward $861 $-1 #
DXID-attrib $-1 -1 $-1 $-1 $862 @10 ASM ENTITY @2 42 #
loop $-1 -1 $-1 $743 $1057 $862 #
cone-surface $-1 -1 $-1 1846.800000000000182 0.6630680142130001009 -38.5 0 0 1 1.500000000000000222 0 0 1 I I 0 1 1.500000000000000222 forward I I I I #
DXID-attrib $-1 -1 $-1 $-1 $873 @10 ASM ENTITY @2 54 #
face $1058 -1 $-1 $1059 $1060 $4 $-1 $1061 forward single #
plane-surface $-1 -1 $-1 1845.700000000000273 0.5999999999999999778 -36.5 0 1 0 0 0 1 forward_v I I I I #
coedge $-1 -1 $-1 $1049 $880 $877 $972 reversed $976 $-1 #
edge $-1 -1 $-1 $973 2.598673555000061697 $882 6.00132644499979051 $877 $1062 forward @7 unknown #
vertex $-1 -1 $-1 $1050 $1063 #
straight-curve $-1 -1 $-1 1848.298673555000278 0.5999999999999999778 -38.5 0 0 1 F 1.999999999999997335 F 2.00982142857999424 #
coedge $-1 -1 $-1 $880 $1049 $951 $1042 forward $976 $-1 #
loop $-1 -1 $-1 $-1 $971 $1059 #
ellipse-curve $-1 -1 $-1 1853.200000000000273 0.6630680142130001009 -36.55212037110000267 0 0.7007080148843358725 0.7134481606093419082 0 -1.49999999999974909 1.473214285714377292 0.7134481606094612571 F -1.528738586077894368 F -0.6728553468063848131 #
point $-1 -1 $-1 1851.70132644499995 0.5999999999999999778 -36.4901785714200031 #
coedge $-1 -1 $-1 $886 $885 $1064 $1065 forward $667 $-1 #
coedge $-1 -1 $-1 $1066 $1067 $885 $981 reversed $1068 $-1 #
edge $-1 -1 $-1 $987 0.6728553468063279697 $1069 0.8232119771262790264 $885 $1070 forward @7 unknown #
coedge $-1 -1 $-1 $1071 $1072 $886 $983 forward $1073 $-1 #
edge $-1 -1 $-1 $988 -0.8979409799890204491 $1074 -0.74758434966884868 $886 $1075 forward @7 unknown #
coedge $-1 -1 $-1 $1076 $887 $1072 $1077 forward $986 $-1 #
coedge $-1 -1 $-1 $887 $1076 $1066 $1078 reversed $986 $-1 #
loop $-1 -1 $-1 $-1 $887 $1079 #
vertex $-1 -1 $-1 $888 $1080 #
vertex $-1 -1 $-1 $888 $1081 #
straight-curve $-1 -1 $-1 1854.134832303000167 -0.5100000000000000089 -38.5 0 0 1 F 3.100000000000000533 F 5 #
DXID-attrib $-1 -1 $-1 $-1 $890 @10 ASM ENTITY @2 40 #
plane-surface $-1 -1 $-1 1847.700000000000045 -3.799999999999999822 -35.39999999999999858 0 1 0 0 0 1 forward_v I I I I #
coedge $-1 -1 $-1 $992 $992 $1082 $1083 forward $892 $-1 #
coedge $-1 -1 $-1 $993 $993 $893 $994 forward $1060 $-1 #
edge $-1 -1 $-1 $1084 0 $1084 6.283185307179586232 $893 $1085 forward @7 unknown #
coedge $-1 -1 $-1 $1086 $1087 $896 $996 forward $1088 $-1 #
edge $-1 -1 $-1 $1089 -8.240000000000000213 $1000 -7.75 $896 $1090 forward @7 unknown #
coedge $-1 -1 $-1 $1028 $897 $900 $1002 reversed $999 $-1 #
coedge $-1 -1 $-1 $897 $1091 $1086 $1092 forward $999 $-1 #
loop $-1 -1 $-1 $-1 $997 $1093 #
vertex $-1 -1 $-1 $898 $1094 #
straight-curve $-1 -1 $-1 1897.5 -9.5 -36 0 0 1 F 3.999999999999999112 F 6.999999999999997335 #
edge $-1 -1 $-1 $1030 0.9999999999999431566 $902 95.99999999999994316 $997 $1095 forward @7 unknown #
loop $-1 -1 $-1 $1096 $1055 $1004 #
face $1097 -1 $-1 $1098 $901 $4 $-1 $1099 forward single #
point $-1 -1 $-1 1897.5 -9.5 -32 #
straight-curve $-1 -1 $-1 1801.5 5.5 -32 1 0 0 F 0.9999999999999431566 F 95.99999999999994316 #
coedge $-1 -1 $-1 $1100 $1101 $906 $1008 reversed $1102 $-1 #
edge $-1 -1 $-1 $1089 1.428355697995911333 $1012 11.31370849897751896 $906 $1103 forward @7 unknown #
coedge $-1 -1 $-1 $1104 $907 $1101 $1105 forward $1011 $-1 #
coedge $-1 -1 $-1 $907 $1022 $909 $1014 forward $1011 $-1 #
loop $-1 -1 $-1 $-1 $907 $1106 #
vertex $-1 -1 $-1 $1008 $1107 #
straight-curve $-1 -1 $-1 1897.5 -16 -40 0 0 1 F 17.98999999999999844 F 30 #
edge $-1 -1 $-1 $1024 0 $912 95 $909 $1108 forward @7 unknown #
face $1109 -1 $-1 $1106 $911 $4 $-1 $1110 forward single #
point $-1 -1 $-1 1897.5 -16 -10 #
straight-curve $-1 -1 $-1 1802.5 -25 -10 1 0 0 F 0 F 95 #
DXID-attrib $-1 -1 $-1 $-1 $915 @10 ASM ENTITY @2 44 #
plane-surface $-1 -1 $-1 1802.5 -25 -40 0 1 0 0 0 1 forward_v I I I I #
point $-1 -1 $-1 1802.5 5.5 -32 #
coedge $-1 -1 $-1 $1027 $921 $1111 $1112 reversed $578 $-1 #
coedge $-1 -1 $-1 $1010 $1113 $921 $1023 forward $1011 $-1 #
edge $-1 -1 $-1 $1114 17.98999999999999844 $1024 30 $921 $1115 forward @7 unknown #
vertex $-1 -1 $-1 $923 $1116 #
straight-curve $-1 -1 $-1 1802.5 -25 -10 0 1 0 F 0 F 8.999999999999998224 #
point $-1 -1 $-1 1802.5 -25 -10 #
coedge $-1 -1 $-1 $926 $1021 $1117 $1118 forward $578 $-1 #
coedge $-1 -1 $-1 $1119 $997 $926 $1029 forward $999 $-1 #
edge $-1 -1 $-1 $1030 3.999999999999999112 $1120 6.999999999999997335 $926 $1121 forward @7 unknown #
vertex $-1 -1 $-1 $1029 $1122 #
straight-curve $-1 -1 $-1 1802.5 -17.25 -32 0 -1 0 F -22.75000000000000355 F -7.75 #
DXID-attrib $-1 -1 $-1 $-1 $930 @10 ASM ENTITY @2 35 #
plane-surface $-1 -1 $-1 1861.000000000000227 21.17803734134799853 -27.17803734134000138 -1 -0 -0 0 0 -1 forward_v I I I I #
DXID-attrib $-1 -1 $-1 $-1 $937 @10 ASM ENTITY @2 34 #
plane-surface $-1 -1 $-1 1839 21.17803734134799853 -27.17803734134000138 -1 -0 -0 0 0 -1 forward_v I I I I #
coedge $-1 -1 $-1 $947 $1043 $944 $1037 forward $952 $-1 #
edge $-1 -1 $-1 $1038 0 $949 4.600000000000079581 $944 $1123 forward @7 unknown #
vertex $-1 -1 $-1 $1037 $1124 #
straight-curve $-1 -1 $-1 1847.700000000000045 -3.799999999999999822 -35.39999999999999858 0 0 1 F 0 F 1.899999999999999467 #
straight-curve $-1 -1 $-1 1852.300000000000182 -3.799999999999999822 -35.39999999999999858 0 1 0 F 0 F 3.263068014212999746 #
point $-1 -1 $-1 1852.300000000000182 -3.799999999999999822 -35.39999999999999858 #
edge $-1 -1 $-1 $1051 2.034832303000086995 $953 6.565167696999765212 $975 $1125 forward @7 unknown #
coedge $-1 -1 $-1 $1036 $959 $956 $1046 reversed $952 $-1 #
face $1126 -1 $-1 $1079 $952 $4 $-1 $1127 forward single #
point $-1 -1 $-1 1852.265167696999924 -0.5100000000000000089 -35.39999999999999858 #
edge $-1 -1 $-1 $1038 0 $961 3.263068014212999746 $956 $1128 forward @7 unknown #
DXID-attrib $-1 -1 $-1 $-1 $957 @10 ASM ENTITY @2 41 #
plane-surface $-1 -1 $-1 1847.700000000000045 -3.799999999999999822 -35.39999999999999858 1 0 0 0 0 1 forward_v I I I I #
coedge $-1 -1 $-1 $975 $971 $958 $1050 reversed $976 $-1 #
edge $-1 -1 $-1 $1051 0.6728553468063848131 $973 1.528738586077894368 $958 $1129 forward @7 unknown #
vertex $-1 -1 $-1 $960 $1130 #
ellipse-curve $-1 -1 $-1 1846.800000000000182 0.6630680142130001009 -35.39999999999999858 0 0 1 1.500000000000000222 0 0 1 F -0.9272952180015875401 F -0.8979409799888146138 #
point $-1 -1 $-1 1847.700000000000045 -0.5369319857870000767 -35.39999999999999858 #
coedge $-1 -1 $-1 $1131 $1132 $1133 $1134 reversed $963 $-1 #
coedge $-1 -1 $-1 $1055 $1055 $964 $1056 reversed $1003 $-1 #
edge $-1 -1 $-1 $1135 0 $1135 6.283185307179586232 $964 $1136 forward @7 unknown #
coedge $-1 -1 $-1 $1057 $1057 $1137 $1138 reversed $966 $-1 #
DXID-attrib $-1 -1 $-1 $-1 $969 @10 ASM ENTITY @2 55 #
face $1139 -1 $-1 $1044 $976 $4 $-1 $1140 forward single #
loop $-1 -1 $-1 $-1 $993 $969 #
plane-surface $-1 -1 $-1 1853.200000000000273 0.6630680142130001009 -38.5 0 0 1 1 0 0 forward_v I I I I #
straight-curve $-1 -1 $-1 1845.700000000000273 0.5999999999999999778 -36.4901785714200031 1 0 0 F 2.598673555000061697 F 6.00132644499979051 #
point $-1 -1 $-1 1848.298673555000278 0.5999999999999999778 -36.4901785714200031 #
coedge $-1 -1 $-1 $1141 $1142 $979 $1065 reversed $1143 $-1 #
edge $-1 -1 $-1 $1069 2.949472747640000669 $1074 5 $979 $1144 forward @7 unknown #
coedge $-1 -1 $-1 $1067 $980 $985 $1078 forward $1068 $-1 #
coedge $-1 -1 $-1 $980 $1066 $1141 $1145 forward $1068 $-1 #
loop $-1 -1 $-1 $-1 $1067 $1146 #
vertex $-1 -1 $-1 $981 $1147 #
ellipse-curve $-1 -1 $-1 1853.200000000000273 0.6630680142130001009 -36.55212037110000267 0 0.7007080148843358725 0.7134481606093419082 0 -1.49999999999974909 1.473214285714377292 0.7134481606094612571 F 0.6728553468063279697 F 0.8232119771262790264 #
coedge $-1 -1 $-1 $1072 $982 $1142 $1148 forward $1073 $-1 #
coedge $-1 -1 $-1 $982 $1071 $984 $1077 reversed $1073 $-1 #
loop $-1 -1 $-1 $-1 $982 $1149 #
vertex $-1 -1 $-1 $1065 $1150 #
ellipse-curve $-1 -1 $-1 1853.200000000000273 0.6630680142130001009 -33.5 0 0 1 1.500000000000000222 0 0 1 F -0.8979409799890204491 F -0.74758434966884868 #
coedge $-1 -1 $-1 $985 $984 $1151 $1152 forward $986 $-1 #
edge $-1 -1 $-1 $988 8.434832302999950571 $1153 8.599999999999852207 $984 $1154 forward @7 unknown #
edge $-1 -1 $-1 $987 8.434832302999950571 $1155 8.599999999999852207 $985 $1156 forward @7 unknown #
face $1157 -1 $-1 $1146 $986 $4 $-1 $1158 forward single #
point $-1 -1 $-1 1854.134832303000167 -0.5100000000000000089 -35.39999999999999858 #
point $-1 -1 $-1 1854.134832303000167 -0.5100000000000000089 -33.5 #
coedge $-1 -1 $-1 $1082 $1082 $992 $1083 reversed $1096 $-1 #
edge $-1 -1 $-1 $1159 0 $1159 6.283185307179586232 $992 $1160 forward @7 unknown #
vertex $-1 -1 $-1 $994 $1161 #
ellipse-curve $-1 -1 $-1 1853.200000000000273 0.6630680142130001009 -38.5 0 0 1 1.500000000000000222 0 0 1 I I #
coedge $-1 -1 $-1 $1162 $995 $998 $1092 reversed $1088 $-1 #
coedge $-1 -1 $-1 $995 $1162 $1100 $1163 reversed $1088 $-1 #
loop $-1 -1 $-1 $-1 $1086 $1164 #
vertex $-1 -1 $-1 $996 $1165 #
straight-curve $-1 -1 $-1 1897.5 -17.25 -29.00000000000000355 0 -1 0 F -8.240000000000000213 F -7.75 #
coedge $-1 -1 $-1 $998 $1166 $1167 $1168 forward $999 $-1 #
edge $-1 -1 $-1 $1169 94.00000000000005684 $1000 95.99999999999994316 $998 $1170 forward @7 unknown #
face $1171 -1 $-1 $1004 $999 $4 $-1 $1172 forward single #
point $-1 -1 $-1 1897.5 -9.5 -29.00000000000000355 #
straight-curve $-1 -1 $-1 1801.5 -9.5 -32 1 0 0 F 0.9999999999999431566 F 95.99999999999994316 #
loop $-1 -1 $-1 $-1 $1082 $1004 #
DXID-attrib $-1 -1 $-1 $-1 $1004 @10 ASM ENTITY @2 50 #
face $1173 -1 $-1 $1164 $1102 $4 $-1 $1174 reversed single #
plane-surface $-1 -1 $-1 1801.5 -9.5 -32 0 0 1 1 0 0 forward_v I I I I #
coedge $-1 -1 $-1 $1175 $1007 $1087 $1163 forward $1102 $-1 #
coedge $-1 -1 $-1 $1007 $1175 $1009 $1105 reversed $1102 $-1 #
loop $-1 -1 $-1 $-1 $1175 $1098 #
straight-curve $-1 -1 $-1 1897.5 -8 -30.01000000000000512 0 -0.7071067811870000996 0.7071067811870000996 F 1.428355697995911333 F 11.31370849897751896 #
coedge $-1 -1 $-1 $1176 $1009 $1177 $1178 forward $1011 $-1 #
edge $-1 -1 $-1 $1012 -48.49999999999994316 $1179 -46.50000000000005684 $1009 $1180 forward @7 unknown #
face $1181 -1 $-1 $1182 $1011 $4 $-1 $1183 forward single #
point $-1 -1 $-1 1897.5 -16 -22.01000000000000156 #
straight-curve $-1 -1 $-1 1802.5 -16 -10 1 0 0 F 0 F 95 #
DXID-attrib $-1 -1 $-1 $-1 $1015 @10 ASM ENTITY @2 45 #
plane-surface $-1 -1 $-1 1802.5 -25 -10 0 0 1 1 0 0 forward_v I I I I #
coedge $-1 -1 $-1 $1184 $1185 $1021 $1112 forward $1186 $-1 #
edge $-1 -1 $-1 $1187 1.428355697995911333 $1114 11.31370849897751896 $1021 $1188 forward @7 unknown #
coedge $-1 -1 $-1 $1022 $1189 $1184 $1190 forward $1011 $-1 #
vertex $-1 -1 $-1 $1023 $1191 #
straight-curve $-1 -1 $-1 1802.5 -16 -40 0 0 1 F 17.98999999999999844 F 30 #
point $-1 -1 $-1 1802.5 -16 -10 #
coedge $-1 -1 $-1 $1192 $1193 $1027 $1118 reversed $1194 $-1 #
edge $-1 -1 $-1 $1187 -8.240000000000000213 $1120 -7.75 $1027 $1195 forward @7 unknown #
coedge $-1 -1 $-1 $1196 $1028 $1193 $1197 forward $999 $-1 #
vertex $-1 -1 $-1 $1118 $1198 #
straight-curve $-1 -1 $-1 1802.5 -9.5 -36 0 0 1 F 3.999999999999999112 F 6.999999999999997335 #
point $-1 -1 $-1 1802.5 -9.5 -32 #
straight-curve $-1 -1 $-1 1847.700000000000045 -3.799999999999999822 -35.39999999999999858 1 0 0 F 0 F 4.600000000000079581 #
point $-1 -1 $-1 1847.700000000000045 -3.799999999999999822 -35.39999999999999858 #
straight-curve $-1 -1 $-1 1845.700000000000273 -0.5100000000000000089 -35.39999999999999858 1 0 0 F 2.034832303000086995 F 6.565167696999765212 #
DXID-attrib $-1 -1 $-1 $-1 $1044 @10 ASM ENTITY @2 57 #
plane-surface $-1 -1 $-1 1847.700000000000045 -3.799999999999999822 -35.39999999999999858 0 0 1 1 0 0 forward_v I I I I #
straight-curve $-1 -1 $-1 1847.700000000000045 -3.799999999999999822 -35.39999999999999858 0 1 0 F 0 F 3.263068014212999746 #
ellipse-curve $-1 -1 $-1 1846.800000000000182 0.6630680142130001009 -36.55212037110000267 0 0.7007080148843358725 0.7134481606093419082 0 -1.49999999999974909 1.473214285714377292 0.7134481606094612571 F 0.6728553468063848131 F 1.528738586077894368 #
point $-1 -1 $-1 1847.734832303000303 -0.5100000000000000089 -35.39999999999999858 #
coedge $-1 -1 $-1 $1199 $1054 $1200 $1201 forward $963 $-1 #
coedge $-1 -1 $-1 $1054 $1199 $1202 $1203 reversed $963 $-1 #
coedge $-1 -1 $-1 $1204 $1205 $1054 $1134 forward $1206 $-1 #
edge $-1 -1 $-1 $1207 2.949472747640000669 $1208 5 $1054 $1209 forward @7 unknown #
vertex $-1 -1 $-1 $1056 $1210 #
ellipse-curve $-1 -1 $-1 1846.800000000000182 0.6630680142130001009 -32 0 0 1 1.500000000000000222 0 0 1 I I #
coedge $-1 -1 $-1 $1137 $1137 $1057 $1138 forward $1211 $-1 #
edge $-1 -1 $-1 $1212 0 $1212 6.283185307179586232 $1057 $1213 forward @7 unknown #
DXID-attrib $-1 -1 $-1 $-1 $1059 @10 ASM ENTITY @2 56 #
plane-surface $-1 -1 $-1 1845.700000000000273 -0.5100000000000000089 -35.39999999999999858 0 0.7007080148843358725 0.7134481606093419082 0 0.7134481606093419082 -0.7007080148843358725 forward_v I I I I #
coedge $-1 -1 $-1 $1151 $1064 $1067 $1145 reversed $1143 $-1 #
coedge $-1 -1 $-1 $1064 $1151 $1071 $1148 reversed $1143 $-1 #
loop $-1 -1 $-1 $-1 $1064 $1214 #
straight-curve $-1 -1 $-1 1854.300000000000182 -0.3567358885060000762 -38.5 0 0 1 F 2.949472747640000669 F 5 #
edge $-1 -1 $-1 $1155 0 $1069 0.2148216506208047716 $1067 $1215 forward @7 unknown #
face $1216 -1 $-1 $1214 $1068 $4 $-1 $1217 forward single #
point $-1 -1 $-1 1854.300000000000182 -0.3567358885050000428 -35.55052725235999844 #
edge $-1 -1 $-1 $1074 34.35673588850499982 $1153 34.51000000000000512 $1142 $1218 forward @7 unknown #
face $1219 -1 $-1 $1220 $1073 $4 $-1 $1221 reversed single #
point $-1 -1 $-1 1854.300000000000182 -0.3567358885050000428 -33.5 #
coedge $-1 -1 $-1 $1142 $1141 $1076 $1152 reversed $1143 $-1 #
edge $-1 -1 $-1 $1153 0 $1155 1.899999999999999467 $1076 $1222 forward @7 unknown #
vertex $-1 -1 $-1 $1077 $1223 #
straight-curve $-1 -1 $-1 1845.700000000000273 -0.5100000000000000089 -33.5 1 0 0 F 8.434832302999950571 F 8.599999999999852207 #
vertex $-1 -1 $-1 $1152 $1224 #
straight-curve $-1 -1 $-1 1845.700000000000273 -0.5100000000000000089 -35.39999999999999858 1 0 0 F 8.434832302999950571 F 8.599999999999852207 #
DXID-attrib $-1 -1 $-1 $-1 $1079 @10 ASM ENTITY @2 58 #
plane-surface $-1 -1 $-1 1845.700000000000273 -0.5100000000000000089 -33.5 0 1 0 0 0 -1 forward_v I I I I #
vertex $-1 -1 $-1 $1083 $1225 #
ellipse-curve $-1 -1 $-1 1853.200000000000273 0.6630680142130001009 -32 0 0 1 1.500000000000000222 0 0 1 I I #
point $-1 -1 $-1 1854.700000000000273 0.6630680142130001009 -38.5 #
coedge $-1 -1 $-1 $1087 $1086 $1226 $1227 reversed $1088 $-1 #
edge $-1 -1 $-1 $1089 -48.99999999999977263 $1228 -46.99999999999988631 $1100 $1229 forward @7 unknown #
face $1230 -1 $-1 $763 $1088 $4 $-1 $1231 reversed single #
point $-1 -1 $-1 1897.5 -9.009999999999999787 -29.00000000000000355 #
coedge $-1 -1 $-1 $1091 $1232 $1233 $1234 reversed $999 $-1 #
coedge $-1 -1 $-1 $1235 $1226 $1091 $1168 reversed $1236 $-1 #
edge $-1 -1 $-1 $1237 -0.4109813293299957593 $1169 0.589018670670000688 $1091 $1238 forward @7 unknown #
vertex $-1 -1 $-1 $1168 $1239 #
straight-curve $-1 -1 $-1 1801.5 -9.5 -29.00000000000000355 1 0 0 F 94.00000000000005684 F 95.99999999999994316 #
DXID-attrib $-1 -1 $-1 $-1 $1093 @10 ASM ENTITY @2 49 #
plane-surface $-1 -1 $-1 1801.5 -9.5 -32 0 1 0 0 0 1 forward_v I I I I #
DXID-attrib $-1 -1 $-1 $-1 $1098 @10 ASM ENTITY @2 51 #
plane-surface $-1 -1 $-1 1895.5 -8 -30.01000000000000512 0 -0.7071067811865475727 -0.7071067811865475727 0 -0.7071067811865476838 0.7071067811865476838 forward_v I I I I #
coedge $-1 -1 $-1 $1101 $1100 $1240 $1241 forward $1102 $-1 #
coedge $-1 -1 $-1 $1242 $1104 $1243 $1244 forward $1011 $-1 #
coedge $-1 -1 $-1 $1240 $1235 $1104 $1178 reversed $1236 $-1 #
edge $-1 -1 $-1 $1179 -11.57901867067000268 $1245 -3.589018670670003353 $1104 $1246 forward @7 unknown #
vertex $-1 -1 $-1 $1105 $1247 #
straight-curve $-1 -1 $-1 1849 -16 -22.01000000000000156 -1 0 0 F -48.49999999999994316 F -46.50000000000005684 #
DXID-attrib $-1 -1 $-1 $-1 $1106 @10 ASM ENTITY @2 46 #
face $1248 -1 $-1 $1249 $1186 $4 $-1 $1250 reversed single #
plane-surface $-1 -1 $-1 1802.5 -16 -40 0 1 0 0 0 1 forward_v I I I I #
coedge $-1 -1 $-1 $1251 $1111 $1113 $1190 reversed $1186 $-1 #
coedge $-1 -1 $-1 $1111 $1251 $1192 $1252 forward $1186 $-1 #
loop $-1 -1 $-1 $-1 $1111 $1182 #
vertex $-1 -1 $-1 $1112 $1253 #
straight-curve $-1 -1 $-1 1802.5 -8 -30.01000000000000512 0 -0.7071067811870000996 0.7071067811870000996 F 1.428355697995911333 F 11.31370849897751896 #
coedge $-1 -1 $-1 $1113 $1254 $1255 $1256 reversed $1011 $-1 #
edge $-1 -1 $-1 $1257 -2.00000000000017053 $1114 0 $1113 $1258 forward @7 unknown #
point $-1 -1 $-1 1802.5 -16 -22.01000000000000156 #
coedge $-1 -1 $-1 $1259 $1117 $1185 $1252 reversed $1194 $-1 #
coedge $-1 -1 $-1 $1117 $1259 $1119 $1197 reversed $1194 $-1 #
loop $-1 -1 $-1 $-1 $1117 $1249 #
straight-curve $-1 -1 $-1 1802.5 -17.25 -29.00000000000000355 0 -1 0 F -8.240000000000000213 F -7.75 #
coedge $-1 -1 $-1 $1260 $1119 $1261 $1262 reversed $999 $-1 #
edge $-1 -1 $-1 $1120 0.9999999999999431566 $1263 3.000000000000113687 $1193 $1264 forward @7 unknown #
point $-1 -1 $-1 1802.5 -9.5 -29.00000000000000355 #
coedge $-1 -1 $-1 $1132 $1131 $1265 $1266 forward $963 $-1 #
coedge $-1 -1 $-1 $1267 $1268 $1131 $1201 reversed $1269 $-1 #
edge $-1 -1 $-1 $1207 -0.8232119771262790264 $1270 -0.6728553468063279697 $1131 $1271 forward @7 unknown #
coedge $-1 -1 $-1 $1272 $1273 $1132 $1203 forward $1274 $-1 #
edge $-1 -1 $-1 $1208 -2.394008303920944325 $1275 -2.243651673600772778 $1132 $1276 forward @7 unknown #
coedge $-1 -1 $-1 $1277 $1133 $1273 $1278 reversed $1206 $-1 #
coedge $-1 -1 $-1 $1133 $1277 $1267 $1279 forward $1206 $-1 #
loop $-1 -1 $-1 $-1 $1204 $1280 #
vertex $-1 -1 $-1 $1134 $1281 #
vertex $-1 -1 $-1 $1134 $1282 #
straight-curve $-1 -1 $-1 1845.700000000000273 -0.3567358885060000762 -38.5 0 0 1 F 2.949472747640000669 F 5 #
point $-1 -1 $-1 1848.300000000000182 0.6630680142130001009 -32 #
loop $-1 -1 $-1 $-1 $1137 $1220 #
vertex $-1 -1 $-1 $1138 $1283 #
ellipse-curve $-1 -1 $-1 1846.800000000000182 0.6630680142130001009 -38.5 0 0 1 1.500000000000000222 0 0 1 I I #
face $1284 -1 $-1 $1149 $1143 $4 $-1 $1285 reversed single #
straight-curve $-1 -1 $-1 1854.300000000000182 -0.5100000000000000089 -35.39999999999999858 0 0.7134481606089999595 -0.70070801488400003 F 0 F 0.2148216506208047716 #
DXID-attrib $-1 -1 $-1 $-1 $1146 @10 ASM ENTITY @2 59 #
plane-surface $-1 -1 $-1 1845.700000000000273 -0.5100000000000000089 -35.39999999999999858 0 0.7007080148843358725 0.7134481606093419082 0 0.7134481606093419082 -0.7007080148843358725 forward_v I I I I #
straight-curve $-1 -1 $-1 1854.300000000000182 34 -33.5 0 -1 0 F 34.35673588850499982 F 34.51000000000000512 #
DXID-attrib $-1 -1 $-1 $-1 $1149 @10 ASM ENTITY @2 61 #
face $1286 -1 $-1 $1280 $1211 $4 $-1 $1287 forward single #
plane-surface $-1 -1 $-1 1845.700000000000273 0.5999999999999999778 -33.5 0 0 1 1 0 0 forward_v I I I I #
straight-curve $-1 -1 $-1 1854.300000000000182 -0.5100000000000000089 -33.5 0 0 -1 F 0 F 1.899999999999999467 #
point $-1 -1 $-1 1854.300000000000182 -0.5100000000000000089 -33.5 #
point $-1 -1 $-1 1854.300000000000182 -0.5100000000000000089 -35.39999999999999858 #
point $-1 -1 $-1 1854.700000000000273 0.6630680142130001009 -32 #
coedge $-1 -1 $-1 $1167 $1240 $1162 $1227 forward $1236 $-1 #
edge $-1 -1 $-1 $1228 -2.329018670670000013 $1169 -1.839018670669999578 $1162 $1288 forward @7 unknown #
vertex $-1 -1 $-1 $1241 $1289 #
straight-curve $-1 -1 $-1 1848.500000000000227 -9.009999999999999787 -29.00000000000000355 -1 0 0 F -48.99999999999977263 F -46.99999999999988631 #
DXID-attrib $-1 -1 $-1 $-1 $1164 @10 ASM ENTITY @2 52 #
plane-surface $-1 -1 $-1 1801.5 -9.5 -29.00000000000000355 0 0 1 1 0 0 forward_v I I I I #
coedge $-1 -1 $-1 $1166 $1290 $1291 $1292 reversed $999 $-1 #
coedge $-1 -1 $-1 $1293 $1294 $1166 $1234 forward $1295 $-1 #
edge $-1 -1 $-1 $1237 -93.49999999999994316 $1296 -62.99999999999982947 $1166 $1297 forward @7 unknown #
coedge $-1 -1 $-1 $1177 $1167 $1294 $1298 reversed $1236 $-1 #
loop $-1 -1 $-1 $-1 $1177 $1299 #
vertex $-1 -1 $-1 $1234 $1300 #
straight-curve $-1 -1 $-1 1895.5 -9.5 -29.58901867067000424 0 0 1 F -0.4109813293299957593 F 0.589018670670000688 #
point $-1 -1 $-1 1895.5 -9.5 -29.00000000000000355 #
coedge $-1 -1 $-1 $1226 $1177 $1175 $1241 reversed $1236 $-1 #
edge $-1 -1 $-1 $1228 1.428355697995911333 $1179 11.31370849897751896 $1175 $1301 forward @7 unknown #
coedge $-1 -1 $-1 $1302 $1176 $1303 $1304 reversed $1011 $-1 #
coedge $-1 -1 $-1 $1294 $1293 $1176 $1244 reversed $1295 $-1 #
edge $-1 -1 $-1 $1245 -93.00000000000011369 $1305 -62.5 $1176 $1306 forward @7 unknown #
vertex $-1 -1 $-1 $1178 $1307 #
straight-curve $-1 -1 $-1 1895.5 -16 -33.58901867067000069 0 0 -1 F -11.57901867067000268 F -3.589018670670003353 #
point $-1 -1 $-1 1895.5 -16 -22.01000000000000156 #
DXID-attrib $-1 -1 $-1 $-1 $1182 @10 ASM ENTITY @2 47 #
face $1308 -1 $-1 $1093 $1194 $4 $-1 $1309 reversed single #
plane-surface $-1 -1 $-1 1802.5 -8 -30.01000000000000512 0 -0.7071067811865475727 -0.7071067811865475727 0 -0.7071067811865476838 0.7071067811865476838 forward_v I I I I #
coedge $-1 -1 $-1 $1185 $1184 $1310 $1311 reversed $1186 $-1 #
edge $-1 -1 $-1 $1312 -2.5 $1187 -0.4999999999998294697 $1185 $1313 forward @7 unknown #
point $-1 -1 $-1 1802.5 -9.009999999999999787 -29.00000000000000355 #
coedge $-1 -1 $-1 $1189 $1314 $1315 $1316 forward $1011 $-1 #
coedge $-1 -1 $-1 $1317 $1310 $1189 $1256 forward $1318 $-1 #
edge $-1 -1 $-1 $1257 -11.57901867067000268 $1319 -3.589018670670003353 $1189 $1320 forward @7 unknown #
vertex $-1 -1 $-1 $1256 $1321 #
straight-curve $-1 -1 $-1 1802.5 -16 -22.01000000000000156 -1 0 0 F -2.00000000000017053 F 0 #
coedge $-1 -1 $-1 $1193 $1192 $1322 $1323 forward $1194 $-1 #
coedge $-1 -1 $-1 $1324 $1196 $1325 $1326 reversed $999 $-1 #
coedge $-1 -1 $-1 $1322 $1317 $1196 $1262 forward $1318 $-1 #
edge $-1 -1 $-1 $1327 -0.4109813293299957593 $1263 0.589018670670000688 $1196 $1328 forward @7 unknown #
vertex $-1 -1 $-1 $1323 $1329 #
straight-curve $-1 -1 $-1 1801.5 -9.5 -29.00000000000000355 1 0 0 F 0.9999999999999431566 F 3.000000000000113687 #
coedge $-1 -1 $-1 $1330 $1331 $1199 $1266 reversed $1332 $-1 #
edge $-1 -1 $-1 $1270 3.100000000000000533 $1275 5 $1199 $1333 forward @7 unknown #
coedge $-1 -1 $-1 $1268 $1200 $1205 $1279 reversed $1269 $-1 #
coedge $-1 -1 $-1 $1200 $1267 $1330 $1334 forward $1269 $-1 #
loop $-1 -1 $-1 $-1 $1267 $1335 #
vertex $-1 -1 $-1 $1201 $1336 #
ellipse-curve $-1 -1 $-1 1846.800000000000182 0.6630680142130001009 -36.55212037110000267 0 0.7007080148843358725 0.7134481606093419082 0 -1.49999999999974909 1.473214285714377292 0.7134481606094612571 F -0.8232119771262790264 F -0.6728553468063279697 #
coedge $-1 -1 $-1 $1273 $1202 $1331 $1337 reversed $1274 $-1 #
coedge $-1 -1 $-1 $1202 $1272 $1204 $1278 forward $1274 $-1 #
loop $-1 -1 $-1 $-1 $1273 $1338 #
vertex $-1 -1 $-1 $1266 $1339 #
ellipse-curve $-1 -1 $-1 1846.800000000000182 0.6630680142130001009 -33.5 0 0 1 1.500000000000000222 0 0 1 F -2.394008303920944325 F -2.243651673600772778 #
coedge $-1 -1 $-1 $1205 $1204 $1340 $1341 forward $1206 $-1 #
edge $-1 -1 $-1 $1342 0 $1208 0.1532641114949999939 $1204 $1343 forward @7 unknown #
edge $-1 -1 $-1 $1344 0 $1207 0.2148216506208047716 $1205 $1345 forward @7 unknown #
face $1346 -1 $-1 $1335 $1206 $4 $-1 $1347 forward single #
point $-1 -1 $-1 1845.700000000000273 -0.3567358885050000428 -35.55052725235999844 #
point $-1 -1 $-1 1845.700000000000273 -0.3567358885050000428 -33.5 #
point $-1 -1 $-1 1848.300000000000182 0.6630680142130001009 -38.5 #
DXID-attrib $-1 -1 $-1 $-1 $1214 @10 ASM ENTITY @2 60 #
plane-surface $-1 -1 $-1 1854.300000000000182 0.5999999999999999778 -36.5 1 0 0 0 0 1 forward_v I I I I #
DXID-attrib $-1 -1 $-1 $-1 $1220 @10 ASM ENTITY @2 62 #
plane-surface $-1 -1 $-1 1846.800000000000182 0.6630680142130001009 -38.5 0 0 1 1 0 0 forward_v I I I I #
straight-curve $-1 -1 $-1 1895.5 -11.33901867067000069 -29.00000000000000355 0 -1 0 F -2.329018670670000013 F -1.839018670669999578 #
point $-1 -1 $-1 1895.5 -9.009999999999999787 -29.00000000000000355 #
coedge $-1 -1 $-1 $1232 $1348 $1349 $1350 forward $999 $-1 #
coedge $-1 -1 $-1 $1351 $1352 $1232 $1292 forward $1353 $-1 #
edge $-1 -1 $-1 $1296 -0.4109813293299957593 $1354 0.589018670670000688 $1232 $1355 forward @7 unknown #
coedge $-1 -1 $-1 $1243 $1233 $1352 $1356 reversed $1295 $-1 #
coedge $-1 -1 $-1 $1233 $1243 $1235 $1298 forward $1295 $-1 #
loop $-1 -1 $-1 $-1 $1294 $1357 #
vertex $-1 -1 $-1 $1292 $1358 #
straight-curve $-1 -1 $-1 1802.000000000000227 -9.5 -30 -1 0 0 F -93.49999999999994316 F -62.99999999999982947 #
edge $-1 -1 $-1 $1245 3.089018670670000688 $1237 9.589018670670000688 $1294 $1359 forward @7 unknown #
face $1360 -1 $-1 $1361 $1236 $4 $-1 $1362 reversed single #
point $-1 -1 $-1 1895.5 -9.5 -30 #
straight-curve $-1 -1 $-1 1895.5 -8 -30.01000000000000512 0 -0.7071067811870000996 0.7071067811870000996 F 1.428355697995911333 F 11.31370849897751896 #
coedge $-1 -1 $-1 $1363 $1242 $1364 $1365 forward $1011 $-1 #
coedge $-1 -1 $-1 $1352 $1366 $1242 $1304 forward $1353 $-1 #
edge $-1 -1 $-1 $1367 -11.57901867067000268 $1305 -3.589018670670003353 $1242 $1368 forward @7 unknown #
vertex $-1 -1 $-1 $1244 $1369 #
straight-curve $-1 -1 $-1 1802.5 -16 -30 -1 0 0 F -93.00000000000011369 F -62.5 #
point $-1 -1 $-1 1895.5 -16 -30 #
DXID-attrib $-1 -1 $-1 $-1 $1249 @10 ASM ENTITY @2 48 #
plane-surface $-1 -1 $-1 1801.5 -9.5 -29.00000000000000355 0 0 1 1 0 0 forward_v I I I I #
coedge $-1 -1 $-1 $1255 $1322 $1251 $1311 forward $1318 $-1 #
edge $-1 -1 $-1 $1312 1.428355697995911333 $1257 11.31370849897751896 $1251 $1370 forward @7 unknown #
vertex $-1 -1 $-1 $1311 $1371 #
straight-curve $-1 -1 $-1 1802.000000000000227 -9.009999999999999787 -29.00000000000000355 -1 0 0 F -2.5 F -0.4999999999998294697 #
coedge $-1 -1 $-1 $1254 $1372 $1373 $1374 forward $1011 $-1 #
coedge $-1 -1 $-1 $1375 $1376 $1254 $1316 reversed $1377 $-1 #
edge $-1 -1 $-1 $1378 -32.5 $1319 -2.00000000000017053 $1254 $1379 forward @7 unknown #
coedge $-1 -1 $-1 $1261 $1255 $1376 $1380 forward $1318 $-1 #
loop $-1 -1 $-1 $-1 $1255 $1381 #
vertex $-1 -1 $-1 $1316 $1382 #
straight-curve $-1 -1 $-1 1804.500000000000227 -16 -33.58901867067000069 0 0 -1 F -11.57901867067000268 F -3.589018670670003353 #
point $-1 -1 $-1 1804.500000000000227 -16 -22.01000000000000156 #
coedge $-1 -1 $-1 $1310 $1261 $1259 $1323 reversed $1318 $-1 #
edge $-1 -1 $-1 $1312 -2.329018670670000013 $1263 -1.839018670669999578 $1259 $1383 forward @7 unknown #
coedge $-1 -1 $-1 $1384 $1260 $1385 $1386 forward $999 $-1 #
coedge $-1 -1 $-1 $1376 $1375 $1260 $1326 forward $1377 $-1 #
edge $-1 -1 $-1 $1387 -32.99999999999982947 $1327 -2.5 $1260 $1388 forward @7 unknown #
vertex $-1 -1 $-1 $1262 $1389 #
straight-curve $-1 -1 $-1 1804.500000000000227 -9.5 -29.58901867067000424 0 0 1 F -0.4109813293299957593 F 0.589018670670000688 #
point $-1 -1 $-1 1804.500000000000227 -9.5 -29.00000000000000355 #
coedge $-1 -1 $-1 $1340 $1265 $1268 $1334 reversed $1332 $-1 #
coedge $-1 -1 $-1 $1265 $1340 $1272 $1337 forward $1332 $-1 #
loop $-1 -1 $-1 $-1 $1340 $1390 #
straight-curve $-1 -1 $-1 1845.865167697000061 -0.5100000000000000089 -38.5 0 0 1 F 3.100000000000000533 F 5 #
edge $-1 -1 $-1 $1344 0 $1270 0.1651676969999016364 $1268 $1391 forward @7 unknown #
face $1392 -1 $-1 $1390 $1269 $4 $-1 $1393 forward single #
point $-1 -1 $-1 1845.865167697000061 -0.5100000000000000089 -35.39999999999999858 #
edge $-1 -1 $-1 $1342 0 $1275 0.1651676969999016364 $1331 $1394 forward @7 unknown #
face $1395 -1 $-1 $1381 $1274 $4 $-1 $1396 reversed single #
point $-1 -1 $-1 1845.865167697000061 -0.5100000000000000089 -33.5 #
coedge $-1 -1 $-1 $1331 $1330 $1277 $1341 reversed $1332 $-1 #
edge $-1 -1 $-1 $1342 0 $1344 1.899999999999999467 $1277 $1397 forward @7 unknown #
vertex $-1 -1 $-1 $1278 $1398 #
straight-curve $-1 -1 $-1 1845.700000000000273 -0.5100000000000000089 -33.5 0 1 0 F 0 F 0.1532641114949999939 #
vertex $-1 -1 $-1 $1341 $1399 #
straight-curve $-1 -1 $-1 1845.700000000000273 -0.5100000000000000089 -35.39999999999999858 0 0.7134481606089999595 -0.70070801488400003 F 0 F 0.2148216506208047716 #
DXID-attrib $-1 -1 $-1 $-1 $1280 @10 ASM ENTITY @2 63 #
plane-surface $-1 -1 $-1 1845.700000000000273 0.5999999999999999778 -36.5 1 0 0 0 0 1 forward_v I I I I #
coedge $-1 -1 $-1 $1290 $1400 $1401 $1402 forward $999 $-1 #
coedge $-1 -1 $-1 $1403 $1404 $1290 $1350 reversed $1405 $-1 #
edge $-1 -1 $-1 $1406 61.50000000000005684 $1354 63.49999999999994316 $1290 $1407 forward @7 unknown #
coedge $-1 -1 $-1 $1366 $1291 $1404 $1408 reversed $1353 $-1 #
coedge $-1 -1 $-1 $1291 $1303 $1293 $1356 forward $1353 $-1 #
loop $-1 -1 $-1 $-1 $1303 $1409 #
vertex $-1 -1 $-1 $1350 $1410 #
straight-curve $-1 -1 $-1 1865 -9.5 -29.58901867067000424 0 0 1 F -0.4109813293299957593 F 0.589018670670000688 #
edge $-1 -1 $-1 $1305 3.089018670670000688 $1296 9.589018670670000688 $1352 $1411 forward @7 unknown #
face $1412 -1 $-1 $1299 $1295 $4 $-1 $1413 forward single #
point $-1 -1 $-1 1865 -9.5 -30 #
straight-curve $-1 -1 $-1 1895.5 -19.08901867067000069 -30 0 1 0 F 3.089018670670000688 F 9.589018670670000688 #
DXID-attrib $-1 -1 $-1 $-1 $1299 @10 ASM ENTITY @2 77 #
face $1414 -1 $-1 $1415 $1405 $4 $-1 $1416 reversed single #
plane-surface $-1 -1 $-1 1895.5 -13.17803734134000138 -27.17803734134000138 1 0 0 0 0 1 forward_v I I I I #
coedge $-1 -1 $-1 $1417 $1302 $1418 $1419 forward $1011 $-1 #
coedge $-1 -1 $-1 $1420 $1421 $1302 $1365 reversed $1422 $-1 #
edge $-1 -1 $-1 $1367 -32.24999999999994316 $1423 -30.25000000000005684 $1302 $1424 forward @7 unknown #
coedge $-1 -1 $-1 $1303 $1351 $1420 $1425 forward $1353 $-1 #
vertex $-1 -1 $-1 $1304 $1426 #
straight-curve $-1 -1 $-1 1865 -16 -33.58901867067000069 0 0 -1 F -11.57901867067000268 F -3.589018670670003353 #
point $-1 -1 $-1 1865 -16 -30 #
straight-curve $-1 -1 $-1 1804.500000000000227 -8 -30.01000000000000512 0 -0.7071067811870000996 0.7071067811870000996 F 1.428355697995911333 F 11.31370849897751896 #
point $-1 -1 $-1 1804.500000000000227 -9.009999999999999787 -29.00000000000000355 #
coedge $-1 -1 $-1 $1314 $1427 $1428 $1429 forward $1011 $-1 #
coedge $-1 -1 $-1 $1430 $1431 $1314 $1374 reversed $1432 $-1 #
edge $-1 -1 $-1 $1433 -11.57901867067000268 $1378 -3.589018670670003353 $1314 $1434 forward @7 unknown #
coedge $-1 -1 $-1 $1325 $1315 $1431 $1435 forward $1377 $-1 #
coedge $-1 -1 $-1 $1315 $1325 $1317 $1380 reversed $1377 $-1 #
loop $-1 -1 $-1 $-1 $1325 $1436 #
vertex $-1 -1 $-1 $1374 $1437 #
straight-curve $-1 -1 $-1 1802.5 -16 -30 -1 0 0 F -32.5 F -2.00000000000017053 #
edge $-1 -1 $-1 $1319 3.089018670670000688 $1327 9.589018670670000688 $1317 $1438 forward @7 unknown #
face $1439 -1 $-1 $1436 $1318 $4 $-1 $1440 forward single #
point $-1 -1 $-1 1804.500000000000227 -16 -30 #
straight-curve $-1 -1 $-1 1804.500000000000227 -11.33901867067000069 -29.00000000000000355 0 -1 0 F -2.329018670670000013 F -1.839018670669999578 #
coedge $-1 -1 $-1 $1441 $1324 $1442 $1443 forward $999 $-1 #
coedge $-1 -1 $-1 $1431 $1444 $1324 $1386 reversed $1432 $-1 #
edge $-1 -1 $-1 $1387 -0.4109813293299957593 $1445 0.589018670670000688 $1324 $1446 forward @7 unknown #
vertex $-1 -1 $-1 $1326 $1447 #
straight-curve $-1 -1 $-1 1802.000000000000227 -9.5 -30 -1 0 0 F -32.99999999999982947 F -2.5 #
point $-1 -1 $-1 1804.500000000000227 -9.5 -30 #
face $1448 -1 $-1 $1338 $1332 $4 $-1 $1449 forward single #
straight-curve $-1 -1 $-1 1845.700000000000273 -0.5100000000000000089 -35.39999999999999858 1 0 0 F 0 F 0.1651676969999016364 #
DXID-attrib $-1 -1 $-1 $-1 $1335 @10 ASM ENTITY @2 64 #
plane-surface $-1 -1 $-1 1845.700000000000273 -0.5100000000000000089 -35.39999999999999858 0 0.7007080148843358725 0.7134481606093419082 0 0.7134481606093419082 -0.7007080148843358725 forward_v I I I I #
straight-curve $-1 -1 $-1 1845.700000000000273 -0.5100000000000000089 -33.5 1 0 0 F 0 F 0.1651676969999016364 #
DXID-attrib $-1 -1 $-1 $-1 $1338 @10 ASM ENTITY @2 66 #
plane-surface $-1 -1 $-1 1845.700000000000273 0.5999999999999999778 -33.5 0 0 1 1 0 0 forward_v I I I I #
straight-curve $-1 -1 $-1 1845.700000000000273 -0.5100000000000000089 -33.5 0 0 -1 F 0 F 1.899999999999999467 #
point $-1 -1 $-1 1845.700000000000273 -0.5100000000000000089 -33.5 #
point $-1 -1 $-1 1845.700000000000273 -0.5100000000000000089 -35.39999999999999858 #
coedge $-1 -1 $-1 $1348 $1441 $1450 $1451 reversed $999 $-1 #
coedge $-1 -1 $-1 $1452 $1453 $1348 $1402 reversed $1454 $-1 #
edge $-1 -1 $-1 $1455 -0.4109813293299957593 $1406 0.589018670670000688 $1348 $1456 forward @7 unknown #
coedge $-1 -1 $-1 $1457 $1349 $1453 $1458 reversed $1405 $-1 #
coedge $-1 -1 $-1 $1349 $1457 $1351 $1408 forward $1405 $-1 #
loop $-1 -1 $-1 $-1 $1349 $1361 #
vertex $-1 -1 $-1 $1402 $1459 #
straight-curve $-1 -1 $-1 1801.5 -9.5 -29.00000000000000355 1 0 0 F 61.50000000000005684 F 63.49999999999994316 #
edge $-1 -1 $-1 $1460 -2.329018670670000013 $1354 -1.839018670669999578 $1351 $1461 forward @7 unknown #
face $1462 -1 $-1 $1357 $1353 $4 $-1 $1463 forward single #
point $-1 -1 $-1 1865 -9.5 -29.00000000000000355 #
straight-curve $-1 -1 $-1 1865 -19.08901867067000069 -30 0 1 0 F 3.089018670670000688 F 9.589018670670000688 #
DXID-attrib $-1 -1 $-1 $-1 $1357 @10 ASM ENTITY @2 76 #
plane-surface $-1 -1 $-1 1802.5 -25 -30 0 0 1 1 0 0 forward_v I I I I #
DXID-attrib $-1 -1 $-1 $-1 $1361 @10 ASM ENTITY @2 78 #
face $1464 -1 $-1 $-1 $1465 $4 $-1 $1466 reversed single #
plane-surface $-1 -1 $-1 1801.5 -9.5 -29.00000000000000355 0 0 1 1 0 0 forward_v I I I I #
coedge $-1 -1 $-1 $1427 $1363 $1467 $1468 forward $1011 $-1 #
coedge $-1 -1 $-1 $1469 $1452 $1363 $1419 reversed $1454 $-1 #
edge $-1 -1 $-1 $1423 -11.57901867067000268 $1470 -3.589018670670003353 $1363 $1471 forward @7 unknown #
coedge $-1 -1 $-1 $1472 $1364 $1366 $1425 reversed $1422 $-1 #
coedge $-1 -1 $-1 $1364 $1472 $1469 $1473 forward $1422 $-1 #
loop $-1 -1 $-1 $-1 $1421 $1474 #
vertex $-1 -1 $-1 $1365 $1475 #
straight-curve $-1 -1 $-1 1832.75 -16 -22.01000000000000156 -1 0 0 F -32.24999999999994316 F -30.25000000000005684 #
edge $-1 -1 $-1 $1460 1.428355697995911333 $1367 11.31370849897751896 $1420 $1476 forward @7 unknown #
point $-1 -1 $-1 1865 -16 -22.01000000000000156 #
coedge $-1 -1 $-1 $1372 $1417 $1477 $1478 reversed $1011 $-1 #
coedge $-1 -1 $-1 $1479 $1480 $1372 $1429 reversed $1481 $-1 #
edge $-1 -1 $-1 $1482 -18.25000000000017053 $1433 -16.25 $1372 $1483 forward @7 unknown #
coedge $-1 -1 $-1 $1444 $1373 $1480 $1484 reversed $1432 $-1 #
coedge $-1 -1 $-1 $1373 $1385 $1375 $1435 reversed $1432 $-1 #
loop $-1 -1 $-1 $-1 $1373 $1485 #
vertex $-1 -1 $-1 $1429 $1486 #
straight-curve $-1 -1 $-1 1835 -16 -33.58901867067000069 0 0 -1 F -11.57901867067000268 F -3.589018670670003353 #
edge $-1 -1 $-1 $1378 3.089018670670000688 $1387 9.589018670670000688 $1375 $1487 forward @7 unknown #
face $1488 -1 $-1 $1485 $1377 $4 $-1 $1489 forward single #
point $-1 -1 $-1 1835 -16 -30 #
straight-curve $-1 -1 $-1 1804.500000000000227 -19.08901867067000069 -30 0 1 0 F 3.089018670670000688 F 9.589018670670000688 #
DXID-attrib $-1 -1 $-1 $-1 $1381 @10 ASM ENTITY @2 67 #
plane-surface $-1 -1 $-1 1804.500000000000227 -13.17803734134000138 -27.17803734134000138 1 0 0 0 0 1 forward_v I I I I #
coedge $-1 -1 $-1 $1400 $1384 $1490 $1491 reversed $999 $-1 #
coedge $-1 -1 $-1 $1492 $1493 $1384 $1443 reversed $1465 $-1 #
edge $-1 -1 $-1 $1445 33.49999999999994316 $1494 35.50000000000011369 $1384 $1495 forward @7 unknown #
coedge $-1 -1 $-1 $1385 $1430 $1492 $1496 forward $1432 $-1 #
vertex $-1 -1 $-1 $1386 $1497 #
straight-curve $-1 -1 $-1 1835 -9.5 -29.58901867067000424 0 0 1 F -0.4109813293299957593 F 0.589018670670000688 #
point $-1 -1 $-1 1835 -9.5 -30 #
DXID-attrib $-1 -1 $-1 $-1 $1390 @10 ASM ENTITY @2 65 #
plane-surface $-1 -1 $-1 1845.700000000000273 -0.5100000000000000089 -33.5 0 1 0 0 0 -1 forward_v I I I I #
coedge $-1 -1 $-1 $1498 $1499 $1400 $1451 forward $1500 $-1 #
edge $-1 -1 $-1 $1455 -60.99999999999994316 $1501 -35 $1400 $1502 forward @7 unknown #
coedge $-1 -1 $-1 $1418 $1401 $1499 $1503 reversed $1454 $-1 #
coedge $-1 -1 $-1 $1401 $1469 $1403 $1458 forward $1454 $-1 #
loop $-1 -1 $-1 $-1 $1418 $1504 #
vertex $-1 -1 $-1 $1451 $1505 #
straight-curve $-1 -1 $-1 1863 -9.5 -29.58901867067000424 0 0 1 F -0.4109813293299957593 F 0.589018670670000688 #
coedge $-1 -1 $-1 $1404 $1403 $1472 $1506 reversed $1405 $-1 #
edge $-1 -1 $-1 $1507 -2.329018670670000013 $1406 -1.839018670669999578 $1453 $1508 forward @7 unknown #
point $-1 -1 $-1 1863 -9.5 -29.00000000000000355 #
vertex $-1 -1 $-1 $1425 $1509 #
straight-curve $-1 -1 $-1 1865 -11.33901867067000069 -29.00000000000000355 0 -1 0 F -2.329018670670000013 F -1.839018670669999578 #
DXID-attrib $-1 -1 $-1 $-1 $1409 @10 ASM ENTITY @2 75 #
plane-surface $-1 -1 $-1 1865 -13.17803734134000138 -27.17803734134000138 1 0 0 0 0 1 forward_v I I I I #
DXID-attrib $-1 -1 $-1 $-1 $1415 @10 ASM ENTITY @2 79 #
loop $-1 -1 $-1 $-1 $1492 $1415 #
plane-surface $-1 -1 $-1 1801.5 -9.5 -29.00000000000000355 0 0 1 1 0 0 forward_v I I I I #
coedge $-1 -1 $-1 $1499 $1498 $1417 $1468 reversed $1500 $-1 #
edge $-1 -1 $-1 $1470 -60.50000000000011369 $1510 -34.50000000000017053 $1417 $1511 forward @7 unknown #
coedge $-1 -1 $-1 $1453 $1418 $1421 $1473 reversed $1454 $-1 #
vertex $-1 -1 $-1 $1419 $1512 #
straight-curve $-1 -1 $-1 1863 -16 -33.58901867067000069 0 0 -1 F -11.57901867067000268 F -3.589018670670003353 #
coedge $-1 -1 $-1 $1421 $1420 $1457 $1506 forward $1422 $-1 #
edge $-1 -1 $-1 $1507 1.428355697995911333 $1423 11.31370849897751896 $1469 $1513 forward @7 unknown #
face $1514 -1 $-1 $1409 $1422 $4 $-1 $1515 reversed single #
point $-1 -1 $-1 1863 -16 -22.01000000000000156 #
straight-curve $-1 -1 $-1 1865 -8 -30.01000000000000512 0 -0.7071067811870000996 0.7071067811870000996 F 1.428355697995911333 F 11.31370849897751896 #
coedge $-1 -1 $-1 $1516 $1517 $1427 $1478 forward $1518 $-1 #
edge $-1 -1 $-1 $1482 -11.57901867067000268 $1510 -3.589018670670003353 $1427 $1519 forward @7 unknown #
coedge $-1 -1 $-1 $1520 $1428 $1517 $1521 reversed $1481 $-1 #
coedge $-1 -1 $-1 $1428 $1520 $1430 $1484 forward $1481 $-1 #
loop $-1 -1 $-1 $-1 $1480 $1522 #
vertex $-1 -1 $-1 $1478 $1523 #
straight-curve $-1 -1 $-1 1818.75 -16 -22.01000000000000156 -1 0 0 F -18.25000000000017053 F -16.25 #
edge $-1 -1 $-1 $1524 1.428355697995911333 $1433 11.31370849897751896 $1430 $1525 forward @7 unknown #
face $1526 -1 $-1 $1522 $1432 $4 $-1 $1527 reversed single #
point $-1 -1 $-1 1835 -16 -22.01000000000000156 #
straight-curve $-1 -1 $-1 1835 -19.08901867067000069 -30 0 1 0 F 3.089018670670000688 F 9.589018670670000688 #
DXID-attrib $-1 -1 $-1 $-1 $1436 @10 ASM ENTITY @2 68 #
plane-surface $-1 -1 $-1 1802.5 -25 -30 0 0 1 1 0 0 forward_v I I I I #
coedge $-1 -1 $-1 $1528 $1516 $1441 $1491 forward $1518 $-1 #
edge $-1 -1 $-1 $1501 -0.4109813293299957593 $1494 0.589018670670000688 $1441 $1529 forward @7 unknown #
coedge $-1 -1 $-1 $1530 $1442 $1444 $1496 reversed $1465 $-1 #
coedge $-1 -1 $-1 $1442 $1530 $1528 $1531 forward $1465 $-1 #
vertex $-1 -1 $-1 $1443 $1532 #
straight-curve $-1 -1 $-1 1801.5 -9.5 -29.00000000000000355 1 0 0 F 33.49999999999994316 F 35.50000000000011369 #
edge $-1 -1 $-1 $1524 -2.329018670670000013 $1445 -1.839018670669999578 $1444 $1533 forward @7 unknown #
point $-1 -1 $-1 1835 -9.5 -29.00000000000000355 #
coedge $-1 -1 $-1 $1467 $1450 $1516 $1534 reversed $1500 $-1 #
coedge $-1 -1 $-1 $1450 $1467 $1452 $1503 forward $1500 $-1 #
loop $-1 -1 $-1 $-1 $1450 $1535 #
vertex $-1 -1 $-1 $1491 $1536 #
straight-curve $-1 -1 $-1 1802.000000000000227 -9.5 -30 -1 0 0 F -60.99999999999994316 F -35 #
edge $-1 -1 $-1 $1470 3.089018670670000688 $1455 9.589018670670000688 $1499 $1537 forward @7 unknown #
face $1538 -1 $-1 $1474 $1454 $4 $-1 $1539 reversed single #
point $-1 -1 $-1 1863 -9.5 -30 #
edge $-1 -1 $-1 $1460 -32.74999999999977263 $1507 -30.74999999999988631 $1472 $1540 forward @7 unknown #
vertex $-1 -1 $-1 $1473 $1541 #
straight-curve $-1 -1 $-1 1863 -11.33901867067000069 -29.00000000000000355 0 -1 0 F -2.329018670670000013 F -1.839018670669999578 #
point $-1 -1 $-1 1865 -9.009999999999999787 -29.00000000000000355 #
vertex $-1 -1 $-1 $1468 $1542 #
straight-curve $-1 -1 $-1 1802.5 -16 -30 -1 0 0 F -60.50000000000011369 F -34.50000000000017053 #
point $-1 -1 $-1 1863 -16 -30 #
straight-curve $-1 -1 $-1 1863 -8 -30.01000000000000512 0 -0.7071067811870000996 0.7071067811870000996 F 1.428355697995911333 F 11.31370849897751896 #
DXID-attrib $-1 -1 $-1 $-1 $1474 @10 ASM ENTITY @2 74 #
plane-surface $-1 -1 $-1 1863 -8 -30.01000000000000512 0 -0.7071067811865475727 -0.7071067811865475727 0 -0.7071067811865476838 0.7071067811865476838 forward_v I I I I #
coedge $-1 -1 $-1 $1490 $1477 $1498 $1534 forward $1518 $-1 #
coedge $-1 -1 $-1 $1477 $1528 $1479 $1521 forward $1518 $-1 #
loop $-1 -1 $-1 $-1 $1477 $1543 #
straight-curve $-1 -1 $-1 1837.000000000000227 -16 -33.58901867067000069 0 0 -1 F -11.57901867067000268 F -3.589018670670003353 #
coedge $-1 -1 $-1 $1480 $1479 $1530 $1544 forward $1481 $-1 #
edge $-1 -1 $-1 $1545 1.428355697995911333 $1482 11.31370849897751896 $1479 $1546 forward @7 unknown #
face $1547 -1 $-1 $1543 $1481 $4 $-1 $1548 reversed single #
point $-1 -1 $-1 1837.000000000000227 -16 -22.01000000000000156 #
vertex $-1 -1 $-1 $1484 $1549 #
straight-curve $-1 -1 $-1 1835 -8 -30.01000000000000512 0 -0.7071067811870000996 0.7071067811870000996 F 1.428355697995911333 F 11.31370849897751896 #
DXID-attrib $-1 -1 $-1 $-1 $1485 @10 ASM ENTITY @2 69 #
plane-surface $-1 -1 $-1 1835 -13.17803734134000138 -27.17803734134000138 1 0 0 0 0 1 forward_v I I I I #
coedge $-1 -1 $-1 $1517 $1490 $1493 $1531 reversed $1518 $-1 #
straight-curve $-1 -1 $-1 1837.000000000000227 -9.5 -29.58901867067000424 0 0 1 F -0.4109813293299957593 F 0.589018670670000688 #
coedge $-1 -1 $-1 $1493 $1492 $1520 $1544 reversed $1465 $-1 #
edge $-1 -1 $-1 $1545 -2.329018670670000013 $1494 -1.839018670669999578 $1528 $1550 forward @7 unknown #
point $-1 -1 $-1 1837.000000000000227 -9.5 -29.00000000000000355 #
straight-curve $-1 -1 $-1 1835 -11.33901867067000069 -29.00000000000000355 0 -1 0 F -2.329018670670000013 F -1.839018670669999578 #
edge $-1 -1 $-1 $1510 3.089018670670000688 $1501 9.589018670670000688 $1516 $1551 forward @7 unknown #
face $1552 -1 $-1 $1504 $1500 $4 $-1 $1553 forward single #
point $-1 -1 $-1 1837.000000000000227 -9.5 -30 #
straight-curve $-1 -1 $-1 1863 -19.08901867067000069 -30 0 1 0 F 3.089018670670000688 F 9.589018670670000688 #
DXID-attrib $-1 -1 $-1 $-1 $1504 @10 ASM ENTITY @2 73 #
plane-surface $-1 -1 $-1 1863 -13.17803734134000138 -27.17803734134000138 1 0 0 0 0 1 forward_v I I I I #
straight-curve $-1 -1 $-1 1832.250000000000227 -9.009999999999999787 -29.00000000000000355 -1 0 0 F -32.74999999999977263 F -30.74999999999988631 #
point $-1 -1 $-1 1863 -9.009999999999999787 -29.00000000000000355 #
point $-1 -1 $-1 1837.000000000000227 -16 -30 #
face $1554 -1 $-1 $1535 $1518 $4 $-1 $1555 forward single #
edge $-1 -1 $-1 $1545 -18.75 $1524 -16.74999999999982947 $1520 $1556 forward @7 unknown #
vertex $-1 -1 $-1 $1521 $1557 #
straight-curve $-1 -1 $-1 1837.000000000000227 -8 -30.01000000000000512 0 -0.7071067811870000996 0.7071067811870000996 F 1.428355697995911333 F 11.31370849897751896 #
DXID-attrib $-1 -1 $-1 $-1 $1522 @10 ASM ENTITY @2 70 #
plane-surface $-1 -1 $-1 1835 -8 -30.01000000000000512 0 -0.7071067811865475727 -0.7071067811865475727 0 -0.7071067811865476838 0.7071067811865476838 forward_v I I I I #
point $-1 -1 $-1 1835 -9.009999999999999787 -29.00000000000000355 #
straight-curve $-1 -1 $-1 1837.000000000000227 -11.33901867067000069 -29.00000000000000355 0 -1 0 F -2.329018670670000013 F -1.839018670669999578 #
straight-curve $-1 -1 $-1 1837.000000000000227 -19.08901867067000069 -30 0 1 0 F 3.089018670670000688 F 9.589018670670000688 #
DXID-attrib $-1 -1 $-1 $-1 $1535 @10 ASM ENTITY @2 72 #
plane-surface $-1 -1 $-1 1802.5 -25 -30 0 0 1 1 0 0 forward_v I I I I #
DXID-attrib $-1 -1 $-1 $-1 $1543 @10 ASM ENTITY @2 71 #
plane-surface $-1 -1 $-1 1837.000000000000227 -13.17803734134000138 -27.17803734134000138 1 0 0 0 0 1 forward_v I I I I #
straight-curve $-1 -1 $-1 1818.250000000000227 -9.009999999999999787 -29.00000000000000355 -1 0 0 F -18.75 F -16.74999999999982947 #
point $-1 -1 $-1 1837.000000000000227 -9.009999999999999787 -29.00000000000000355 #
End-of-ACIS-data 