700 0 8 0           
30 Autodesk Translation Framework 21 ASM 232.4.0.65535 OSX 24 Fri Sep  4 00:38:59 2026 
1 9.999999999999999547e-07 1.000000000000000036e-10 
body $8 -1 $-1 $9 $-1 $-1 #
body $10 -1 $-1 $11 $-1 $-1 #
body $12 -1 $-1 $13 $-1 $-1 #
body $14 -1 $-1 $15 $-1 $-1 #
body $16 -1 $-1 $17 $-1 $-1 #
body $18 -1 $-1 $19 $-1 $-1 #
body $20 -1 $-1 $21 $-1 $-1 #
body $22 -1 $-1 $23 $-1 $-1 #
rgb_color-st-attrib $-1 -1 $24 $-1 $0 0.8509803921568627194 0.8509803921568627194 0.8509803921568627194 #
lump $-1 -1 $-1 $-1 $25 $0 #
rgb_color-st-attrib $-1 -1 $26 $-1 $1 0.7490196078431372584 0.7803921568627451011 0.8196078431372548767 #
lump $-1 -1 $-1 $-1 $27 $1 #
rgb_color-st-attrib $-1 -1 $28 $-1 $2 0.09803921568627450844 0.4509803921568627527 0.2000000000000000111 #
lump $-1 -1 $-1 $-1 $29 $2 #
rgb_color-st-attrib $-1 -1 $30 $-1 $3 0.5019607843137254832 0.5019607843137254832 0.5019607843137254832 #
lump $-1 -1 $-1 $-1 $31 $3 #
rgb_color-st-attrib $-1 -1 $32 $-1 $4 0.2980392156862745057 0.2980392156862745057 0.2980392156862745057 #
lump $-1 -1 $-1 $-1 $33 $4 #
rgb_color-st-attrib $-1 -1 $34 $-1 $5 0.8000000000000000444 0.7019607843137254388 0.2980392156862745057 #
lump $-1 -1 $-1 $-1 $35 $5 #
rgb_color-st-attrib $-1 -1 $36 $-1 $6 0.1490196078431372528 0.1490196078431372528 0.1490196078431372528 #
lump $-1 -1 $-1 $-1 $37 $6 #
rgb_color-st-attrib $-1 -1 $38 $-1 $7 0.7019607843137254388 0.898039215686274539 1 #
lump $-1 -1 $-1 $-1 $39 $7 #
ATTRIB_CUSTOM-attrib $-1 -1 $-1 $8 $0 @20 Timestamp_attrib_def 1 1788478738888583 #
shell $-1 -1 $-1 $-1 $-1 $40 $-1 $9 #
ATTRIB_CUSTOM-attrib $-1 -1 $-1 $10 $1 @20 Timestamp_attrib_def 1 1788478738890737 #
shell $-1 -1 $-1 $-1 $-1 $41 $-1 $11 #
ATTRIB_CUSTOM-attrib $-1 -1 $-1 $12 $2 @20 Timestamp_attrib_def 1 1788478738891664 #
shell $-1 -1 $-1 $-1 $-1 $42 $-1 $13 #
ATTRIB_CUSTOM-attrib $-1 -1 $-1 $14 $3 @20 Timestamp_attrib_def 1 1788478738892038 #
shell $-1 -1 $-1 $-1 $-1 $43 $-1 $15 #
ATTRIB_CUSTOM-attrib $-1 -1 $-1 $16 $4 @20 Timestamp_attrib_def 1 1788478738892274 #
shell $-1 -1 $-1 $-1 $-1 $44 $-1 $17 #
ATTRIB_CUSTOM-attrib $-1 -1 $-1 $18 $5 @20 Timestamp_attrib_def 1 1788478738892516 #
shell $-1 -1 $-1 $-1 $-1 $45 $-1 $19 #
ATTRIB_CUSTOM-attrib $-1 -1 $-1 $20 $6 @20 Timestamp_attrib_def 1 1788478738892728 #
shell $-1 -1 $-1 $-1 $-1 $46 $-1 $21 #
ATTRIB_CUSTOM-attrib $-1 -1 $-1 $22 $7 @20 Timestamp_attrib_def 1 1788478738892964 #
shell $-1 -1 $-1 $-1 $-1 $47 $-1 $23 #
face $48 -1 $-1 $49 $50 $25 $-1 $51 reversed single #
face $52 -1 $-1 $53 $54 $27 $-1 $55 reversed single #
face $56 -1 $-1 $57 $58 $29 $-1 $59 forward single #
face $60 -1 $-1 $61 $62 $31 $-1 $63 reversed single #
face $64 -1 $-1 $65 $66 $33 $-1 $67 forward single #
face $68 -1 $-1 $69 $70 $35 $-1 $71 forward single #
face $72 -1 $-1 $73 $74 $37 $-1 $75 forward single #
face $76 -1 $-1 $77 $78 $39 $-1 $79 reversed single #
DXID-attrib $-1 -1 $-1 $-1 $40 @10 ASM ENTITY @1 0 #
face $80 -1 $-1 $81 $82 $25 $-1 $83 reversed single #
loop $-1 -1 $-1 $-1 $84 $40 #
plane-surface $-1 -1 $-1 0 0 0 1 0 0 0 0 1 forward_v I I I I #
DXID-attrib $-1 -1 $-1 $-1 $41 @10 ASM ENTITY @1 0 #
face $85 -1 $-1 $86 $87 $27 $-1 $88 reversed single #
loop $-1 -1 $-1 $-1 $89 $41 #
plane-surface $-1 -1 $-1 0 -3.000000000000000444 0 1 0 0 0 0 1 forward_v I I I I #
DXID-attrib $-1 -1 $-1 $-1 $42 @10 ASM ENTITY @1 0 #
face $90 -1 $-1 $91 $92 $29 $-1 $93 forward single #
loop $-1 -1 $-1 $-1 $94 $42 #
plane-surface $-1 -1 $-1 46.00000000000000711 7.5 47.27000000000000313 -0.7071067811865475727 -7.8504622934139775e-17 -0.7071067811865475727 0.7071067811865476838 -7.8504622934139775e-17 -0.7071067811865476838 forward_v I I I I #
DXID-attrib $-1 -1 $-1 $-1 $43 @10 ASM ENTITY @1 0 #
face $95 -1 $-1 $96 $97 $31 $-1 $98 reversed single #
loop $-1 -1 $-1 $-1 $99 $43 #
plane-surface $-1 -1 $-1 14.85000000000000142 2.549999999999999822 35.79999999999999716 1 0 0 0 0 1 forward_v I I I I #
DXID-attrib $-1 -1 $-1 $-1 $44 @10 ASM ENTITY @1 0 #
face $100 -1 $-1 $101 $102 $33 $-1 $103 forward single #
loop $-1 -1 $-1 $104 $105 $44 #
cone-surface $-1 -1 $-1 -40 5.799999999999999822 42 1 0 0 0 0 2.25 1 I I 0 1 2.25 forward I I I I #
DXID-attrib $-1 -1 $-1 $-1 $45 @10 ASM ENTITY @1 0 #
face $106 -1 $-1 $107 $108 $35 $-1 $109 forward single #
loop $-1 -1 $-1 $110 $111 $45 #
cone-surface $-1 -1 $-1 104 15 68 0 0 1 3.149999999999999911 0 0 1 I I 0 1 3.149999999999999911 forward I I I I #
DXID-attrib $-1 -1 $-1 $-1 $46 @10 ASM ENTITY @1 0 #
face $112 -1 $-1 $113 $114 $37 $-1 $115 forward single #
loop $-1 -1 $-1 $116 $117 $46 #
cone-surface $-1 -1 $-1 104 15 88 0 0 1 6.5 0 0 1 I I 0 1 6.5 forward I I I I #
DXID-attrib $-1 -1 $-1 $-1 $47 @10 ASM ENTITY @1 0 #
face $118 -1 $-1 $119 $120 $39 $-1 $121 forward single #
loop $-1 -1 $-1 $-1 $122 $47 #
plane-surface $-1 -1 $-1 59.40000000000000568 -1.300000000000000044 32.85000000000000142 1 0 0 0 0 1 forward_v I I I I #
DXID-attrib $-1 -1 $-1 $-1 $49 @10 ASM ENTITY @1 1 #
face $123 -1 $-1 $124 $125 $25 $-1 $126 forward single #
loop $-1 -1 $-1 $127 $128 $49 #
plane-surface $-1 -1 $-1 0 0 0 0 1 0 0 0 1 forward_v I I I I #
coedge $-1 -1 $-1 $129 $130 $131 $132 forward $50 $-1 #
DXID-attrib $-1 -1 $-1 $-1 $53 @10 ASM ENTITY @1 1 #
face $133 -1 $-1 $134 $135 $27 $-1 $136 forward single #
loop $-1 -1 $-1 $137 $138 $53 #
plane-surface $-1 -1 $-1 0 -3.000000000000000444 0 0 1 0 0 0 1 forward_v I I I I #
coedge $-1 -1 $-1 $139 $140 $141 $142 forward $54 $-1 #
DXID-attrib $-1 -1 $-1 $-1 $57 @10 ASM ENTITY @1 1 #
face $143 -1 $-1 $144 $145 $29 $-1 $146 forward single #
loop $-1 -1 $-1 $147 $148 $57 #
plane-surface $-1 -1 $-1 71.38093716137200317 7.5 42 0 -1 1.110223024625000001e-16 1 0 0 forward_v I I I I #
coedge $-1 -1 $-1 $149 $150 $151 $152 reversed $58 $-1 #
DXID-attrib $-1 -1 $-1 $-1 $61 @10 ASM ENTITY @1 1 #
face $153 -1 $-1 $154 $155 $31 $-1 $156 forward single #
loop $-1 -1 $-1 $-1 $157 $61 #
plane-surface $-1 -1 $-1 14.85000000000000142 2.549999999999999822 35.79999999999999716 0 1 0 0 0 1 forward_v I I I I #
coedge $-1 -1 $-1 $158 $159 $160 $161 forward $62 $-1 #
DXID-attrib $-1 -1 $-1 $-1 $65 @10 ASM ENTITY @1 1 #
face $162 -1 $-1 $-1 $163 $33 $-1 $164 reversed single #
loop $-1 -1 $-1 $-1 $165 $65 #
plane-surface $-1 -1 $-1 15.84999999999999964 5.799999999999999822 42 1 0 0 0 0 1 forward_v I I I I #
loop $-1 -1 $-1 $-1 $166 $44 #
coedge $-1 -1 $-1 $105 $105 $167 $168 forward $66 $-1 #
DXID-attrib $-1 -1 $-1 $-1 $69 @10 ASM ENTITY @1 1 #
face $169 -1 $-1 $170 $171 $35 $-1 $172 forward single #
loop $-1 -1 $-1 $173 $174 $69 #
plane-surface $-1 -1 $-1 104 15 83 0 0 1 1 0 0 forward_v I I I I #
loop $-1 -1 $-1 $-1 $175 $45 #
coedge $-1 -1 $-1 $111 $111 $176 $177 reversed $70 $-1 #
DXID-attrib $-1 -1 $-1 $-1 $73 @10 ASM ENTITY @1 1 #
face $178 -1 $-1 $-1 $179 $37 $-1 $180 reversed single #
loop $-1 -1 $-1 $-1 $181 $73 #
plane-surface $-1 -1 $-1 104 15 283 0 0 1 1 0 0 forward_v I I I I #
loop $-1 -1 $-1 $-1 $182 $46 #
coedge $-1 -1 $-1 $117 $117 $183 $184 forward $74 $-1 #
DXID-attrib $-1 -1 $-1 $-1 $77 @10 ASM ENTITY @1 1 #
face $185 -1 $-1 $186 $187 $39 $-1 $188 reversed single #
loop $-1 -1 $-1 $-1 $189 $77 #
plane-surface $-1 -1 $-1 95.20000000000001705 -1.300000000000000044 32.85000000000000142 1 0 0 0 0 1 forward_v I I I I #
coedge $-1 -1 $-1 $190 $191 $192 $193 forward $78 $-1 #
DXID-attrib $-1 -1 $-1 $-1 $81 @10 ASM ENTITY @1 2 #
face $194 -1 $-1 $195 $196 $25 $-1 $197 reversed single #
loop $-1 -1 $-1 $-1 $198 $81 #
plane-surface $-1 -1 $-1 -1 -1 38.5 0 0 1 1 0 0 forward_v I I I I #
loop $-1 -1 $-1 $199 $200 $49 #
coedge $-1 -1 $-1 $201 $202 $203 $204 forward $82 $-1 #
coedge $-1 -1 $-1 $205 $84 $206 $207 reversed $50 $-1 #
coedge $-1 -1 $-1 $84 $208 $209 $210 reversed $50 $-1 #
coedge $-1 -1 $-1 $202 $211 $84 $132 reversed $82 $-1 #
edge $-1 -1 $-1 $212 5 $213 38.5 $84 $214 forward @7 unknown #
DXID-attrib $-1 -1 $-1 $-1 $86 @10 ASM ENTITY @1 2 #
face $215 -1 $-1 $216 $217 $27 $-1 $218 forward single #
loop $-1 -1 $-1 $-1 $219 $86 #
cone-surface $-1 -1 $-1 5 -3.000000000000000444 5 0 1 0 -5 0 0 1 I I 0 1 5 forward I I I I #
loop $-1 -1 $-1 $220 $221 $53 #
coedge $-1 -1 $-1 $222 $223 $224 $225 forward $87 $-1 #
coedge $-1 -1 $-1 $226 $89 $227 $228 forward $54 $-1 #
coedge $-1 -1 $-1 $89 $226 $229 $230 reversed $54 $-1 #
coedge $-1 -1 $-1 $223 $231 $89 $142 reversed $87 $-1 #
edge $-1 -1 $-1 $232 5 $233 75 $89 $234 forward @7 unknown #
DXID-attrib $-1 -1 $-1 $-1 $91 @10 ASM ENTITY @1 2 #
face $235 -1 $-1 $236 $237 $29 $-1 $238 reversed single #
loop $-1 -1 $-1 $-1 $239 $91 #
plane-surface $-1 -1 $-1 45.35000000000000142 8.580000000000001847 46.46999999999999886 0 1.110223024625000001e-16 1 0 -1 1.110223024625000001e-16 forward_v I I I I #
loop $-1 -1 $-1 $240 $241 $57 #
coedge $-1 -1 $-1 $242 $243 $244 $245 forward $92 $-1 #
coedge $-1 -1 $-1 $246 $94 $247 $248 forward $58 $-1 #
coedge $-1 -1 $-1 $94 $249 $250 $251 reversed $58 $-1 #
coedge $-1 -1 $-1 $252 $253 $94 $152 forward $92 $-1 #
edge $-1 -1 $-1 $254 0 $255 1.131370849897746389 $94 $256 forward @7 unknown #
DXID-attrib $-1 -1 $-1 $-1 $96 @10 ASM ENTITY @1 2 #
face $257 -1 $-1 $258 $259 $31 $-1 $260 forward single #
loop $-1 -1 $-1 $-1 $261 $96 #
plane-surface $-1 -1 $-1 14.85000000000000142 2.549999999999999822 48.20000000000000284 0 0 1 1 0 0 forward_v I I I I #
coedge $-1 -1 $-1 $262 $160 $263 $264 forward $97 $-1 #
coedge $-1 -1 $-1 $265 $99 $261 $266 forward $62 $-1 #
coedge $-1 -1 $-1 $99 $265 $267 $268 reversed $62 $-1 #
coedge $-1 -1 $-1 $157 $269 $99 $161 reversed $97 $-1 #
edge $-1 -1 $-1 $270 0 $271 12.40000000000000213 $99 $272 forward @7 unknown #
DXID-attrib $-1 -1 $-1 $-1 $101 @10 ASM ENTITY @1 2 #
loop $-1 -1 $-1 $-1 $167 $101 #
plane-surface $-1 -1 $-1 -40 5.799999999999999822 42 1 0 0 0 0 1 forward_v I I I I #
coedge $-1 -1 $-1 $165 $165 $166 $273 forward $102 $-1 #
coedge $-1 -1 $-1 $166 $166 $165 $273 reversed $104 $-1 #
coedge $-1 -1 $-1 $167 $167 $105 $168 reversed $163 $-1 #
edge $-1 -1 $-1 $274 0 $274 6.283185307179586232 $105 $275 forward @7 unknown #
DXID-attrib $-1 -1 $-1 $-1 $107 @10 ASM ENTITY @1 2 #
face $276 -1 $-1 $277 $278 $35 $-1 $279 forward single #
loop $-1 -1 $-1 $-1 $176 $107 #
plane-surface $-1 -1 $-1 104 15 88 0 0 1 1 0 0 forward_v I I I I #
loop $-1 -1 $-1 $-1 $280 $69 #
coedge $-1 -1 $-1 $174 $174 $281 $282 forward $108 $-1 #
coedge $-1 -1 $-1 $175 $175 $280 $283 forward $110 $-1 #
coedge $-1 -1 $-1 $176 $176 $111 $177 forward $171 $-1 #
edge $-1 -1 $-1 $284 0 $284 6.283185307179586232 $111 $285 forward @7 unknown #
DXID-attrib $-1 -1 $-1 $-1 $113 @10 ASM ENTITY @1 2 #
loop $-1 -1 $-1 $-1 $183 $113 #
plane-surface $-1 -1 $-1 104 15 88 0 0 1 1 0 0 forward_v I I I I #
coedge $-1 -1 $-1 $181 $181 $182 $286 forward $114 $-1 #
coedge $-1 -1 $-1 $182 $182 $181 $286 reversed $116 $-1 #
coedge $-1 -1 $-1 $183 $183 $117 $184 reversed $179 $-1 #
edge $-1 -1 $-1 $287 0 $287 6.283185307179586232 $117 $288 forward @7 unknown #
DXID-attrib $-1 -1 $-1 $-1 $119 @10 ASM ENTITY @1 2 #
face $289 -1 $-1 $290 $291 $39 $-1 $292 forward single #
loop $-1 -1 $-1 $-1 $293 $119 #
plane-surface $-1 -1 $-1 59.40000000000000568 -1.300000000000000044 32.85000000000000142 0 1 0 0 0 1 forward_v I I I I #
coedge $-1 -1 $-1 $294 $295 $296 $297 reversed $120 $-1 #
coedge $-1 -1 $-1 $298 $122 $299 $300 forward $78 $-1 #
coedge $-1 -1 $-1 $122 $298 $301 $302 reversed $78 $-1 #
coedge $-1 -1 $-1 $293 $303 $122 $193 reversed $187 $-1 #
edge $-1 -1 $-1 $304 0 $305 19.29999999999999716 $122 $306 forward @7 unknown #
DXID-attrib $-1 -1 $-1 $-1 $124 @10 ASM ENTITY @1 3 #
face $307 -1 $-1 $308 $309 $25 $-1 $310 reversed single #
loop $-1 -1 $-1 $-1 $311 $124 #
plane-surface $-1 -1 $-1 -1 10.30000000000000071 38.5 0 1 0 0 0 1 forward_v I I I I #
coedge $-1 -1 $-1 $206 $312 $311 $313 reversed $125 $-1 #
loop $-1 -1 $-1 $314 $315 $49 #
coedge $-1 -1 $-1 $200 $200 $316 $317 forward $127 $-1 #
coedge $-1 -1 $-1 $318 $128 $319 $320 reversed $82 $-1 #
coedge $-1 -1 $-1 $128 $131 $321 $322 forward $82 $-1 #
coedge $-1 -1 $-1 $323 $324 $128 $204 reversed $325 $-1 #
edge $-1 -1 $-1 $326 5 $327 115 $128 $328 forward @7 unknown #
coedge $-1 -1 $-1 $329 $129 $330 $331 forward $50 $-1 #
coedge $-1 -1 $-1 $332 $198 $129 $207 forward $125 $-1 #
edge $-1 -1 $-1 $333 -10.80000000000000071 $213 -0.5 $129 $334 forward @7 unknown #
coedge $-1 -1 $-1 $130 $335 $336 $337 reversed $50 $-1 #
coedge $-1 -1 $-1 $338 $321 $130 $210 forward $339 $-1 #
edge $-1 -1 $-1 $212 0 $340 30 $130 $341 forward @14 tangent_not_g2 #
coedge $-1 -1 $-1 $131 $342 $332 $343 reversed $82 $-1 #
vertex $-1 -1 $-1 $132 $344 #
vertex $-1 -1 $-1 $132 $345 #
straight-curve $-1 -1 $-1 0 0 0 0 0 1 F 5 F 38.5 #
DXID-attrib $-1 -1 $-1 $-1 $134 @10 ASM ENTITY @1 3 #
face $346 -1 $-1 $347 $348 $27 $-1 $349 forward single #
loop $-1 -1 $-1 $-1 $350 $134 #
cone-surface $-1 -1 $-1 5 -3.000000000000000444 75 0 1 0 -5 0 0 1 I I 0 1 5 forward I I I I #
coedge $-1 -1 $-1 $229 $351 $223 $352 reversed $135 $-1 #
loop $-1 -1 $-1 $353 $354 $53 #
coedge $-1 -1 $-1 $221 $221 $355 $356 forward $137 $-1 #
coedge $-1 -1 $-1 $357 $138 $358 $359 reversed $87 $-1 #
coedge $-1 -1 $-1 $138 $141 $219 $352 forward $87 $-1 #
coedge $-1 -1 $-1 $360 $361 $138 $225 reversed $362 $-1 #
edge $-1 -1 $-1 $363 5 $364 115 $138 $365 forward @7 unknown #
coedge $-1 -1 $-1 $140 $139 $366 $367 reversed $54 $-1 #
coedge $-1 -1 $-1 $350 $368 $139 $228 reversed $217 $-1 #
edge $-1 -1 $-1 $233 0 $369 3.000000000000000444 $139 $370 forward @14 tangent_not_g2 #
coedge $-1 -1 $-1 $371 $219 $140 $230 forward $135 $-1 #
edge $-1 -1 $-1 $232 0 $372 3.000000000000000444 $140 $373 forward @14 tangent_not_g2 #
coedge $-1 -1 $-1 $141 $374 $350 $375 reversed $87 $-1 #
vertex $-1 -1 $-1 $142 $376 #
vertex $-1 -1 $-1 $142 $377 #
straight-curve $-1 -1 $-1 0 -3.000000000000000444 0 0 0 1 F 5 F 75 #
DXID-attrib $-1 -1 $-1 $-1 $144 @10 ASM ENTITY @1 3 #
face $378 -1 $-1 $379 $380 $29 $-1 $381 forward single #
loop $-1 -1 $-1 $-1 $382 $144 #
plane-surface $-1 -1 $-1 45.35000000000000142 8.580000000000001847 37.53000000000000114 0 -1 1.110223024625000001e-16 1 0 0 forward_v I I I I #
coedge $-1 -1 $-1 $383 $250 $382 $384 reversed $145 $-1 #
loop $-1 -1 $-1 $-1 $385 $57 #
coedge $-1 -1 $-1 $386 $387 $388 $389 forward $147 $-1 #
coedge $-1 -1 $-1 $253 $148 $390 $391 forward $92 $-1 #
coedge $-1 -1 $-1 $148 $392 $393 $394 forward $92 $-1 #
coedge $-1 -1 $-1 $395 $396 $148 $245 reversed $397 $-1 #
edge $-1 -1 $-1 $398 2.880000000000002558 $399 45.71999999999999886 $148 $400 forward @7 unknown #
coedge $-1 -1 $-1 $401 $149 $402 $403 forward $58 $-1 #
coedge $-1 -1 $-1 $404 $405 $149 $248 reversed $406 $-1 #
edge $-1 -1 $-1 $254 0 $407 1.800000000000001599 $149 $408 forward @7 unknown #
coedge $-1 -1 $-1 $150 $401 $409 $410 forward $58 $-1 #
coedge $-1 -1 $-1 $239 $411 $150 $251 forward $145 $-1 #
edge $-1 -1 $-1 $255 -0.5399999999999993694 $412 0.5400000000000015898 $150 $413 forward @7 unknown #
coedge $-1 -1 $-1 $414 $151 $411 $415 reversed $92 $-1 #
coedge $-1 -1 $-1 $151 $242 $404 $416 forward $92 $-1 #
vertex $-1 -1 $-1 $152 $417 #
vertex $-1 -1 $-1 $152 $418 #
straight-curve $-1 -1 $-1 46.00000000000000711 7.5 47.27000000000000313 0.7071067811870000996 -7.850462293419000326e-17 -0.7071067811870000996 F 0 F 1.131370849897746389 #
DXID-attrib $-1 -1 $-1 $-1 $154 @10 ASM ENTITY @1 3 #
face $419 -1 $-1 $420 $421 $31 $-1 $422 reversed single #
loop $-1 -1 $-1 $-1 $423 $154 #
plane-surface $-1 -1 $-1 14.85000000000000142 9.050000000000000711 35.79999999999999716 0 1 0 0 0 1 forward_v I I I I #
coedge $-1 -1 $-1 $424 $425 $158 $266 reversed $155 $-1 #
coedge $-1 -1 $-1 $269 $157 $426 $427 forward $97 $-1 #
coedge $-1 -1 $-1 $267 $428 $157 $264 reversed $421 $-1 #
edge $-1 -1 $-1 $270 0 $429 24.00000000000000355 $157 $430 forward @7 unknown #
coedge $-1 -1 $-1 $159 $158 $431 $432 reversed $62 $-1 #
edge $-1 -1 $-1 $271 0 $433 6.500000000000000888 $158 $434 forward @7 unknown #
coedge $-1 -1 $-1 $435 $263 $159 $268 forward $421 $-1 #
edge $-1 -1 $-1 $270 0 $436 6.500000000000000888 $159 $437 forward @7 unknown #
coedge $-1 -1 $-1 $160 $262 $424 $438 reversed $97 $-1 #
vertex $-1 -1 $-1 $161 $439 #
vertex $-1 -1 $-1 $161 $440 #
straight-curve $-1 -1 $-1 14.85000000000000142 2.549999999999999822 35.79999999999999716 0 0 1 F 0 F 12.40000000000000213 #
edge $-1 -1 $-1 $441 0 $441 6.283185307179586232 $166 $442 forward @7 unknown #
vertex $-1 -1 $-1 $168 $443 #
ellipse-curve $-1 -1 $-1 -40 5.799999999999999822 42 1 0 0 0 0 2.25 1 I I #
DXID-attrib $-1 -1 $-1 $-1 $170 @10 ASM ENTITY @1 3 #
face $444 -1 $-1 $445 $446 $35 $-1 $447 reversed single #
loop $-1 -1 $-1 $448 $449 $170 #
cone-surface $-1 -1 $-1 104 15 80 0 0 1 4.599999999999999645 0 0 1 I I 0 1 4.599999999999999645 forward I I I I #
coedge $-1 -1 $-1 $280 $280 $175 $283 reversed $173 $-1 #
coedge $-1 -1 $-1 $281 $281 $174 $282 reversed $448 $-1 #
edge $-1 -1 $-1 $450 0 $450 6.283185307179586232 $174 $451 forward @7 unknown #
edge $-1 -1 $-1 $452 0 $452 6.283185307179586232 $175 $453 forward @7 unknown #
vertex $-1 -1 $-1 $177 $454 #
ellipse-curve $-1 -1 $-1 104 15 88 0 0 1 3.149999999999999911 0 0 1 I I #
edge $-1 -1 $-1 $455 0 $455 6.283185307179586232 $182 $456 forward @7 unknown #
vertex $-1 -1 $-1 $184 $457 #
ellipse-curve $-1 -1 $-1 104 15 88 0 0 1 6.5 0 0 1 I I #
DXID-attrib $-1 -1 $-1 $-1 $186 @10 ASM ENTITY @1 3 #
face $458 -1 $-1 $459 $460 $39 $-1 $461 reversed single #
loop $-1 -1 $-1 $-1 $462 $186 #
plane-surface $-1 -1 $-1 59.40000000000000568 -0.2999999999999999889 32.85000000000000142 0 1 0 0 0 1 forward_v I I I I #
coedge $-1 -1 $-1 $296 $192 $463 $464 forward $187 $-1 #
coedge $-1 -1 $-1 $465 $189 $466 $467 forward $120 $-1 #
coedge $-1 -1 $-1 $189 $465 $468 $469 reversed $120 $-1 #
coedge $-1 -1 $-1 $303 $293 $189 $297 forward $187 $-1 #
edge $-1 -1 $-1 $470 0 $471 19.29999999999999716 $189 $472 forward @7 unknown #
coedge $-1 -1 $-1 $191 $190 $473 $474 reversed $78 $-1 #
coedge $-1 -1 $-1 $475 $476 $190 $300 reversed $477 $-1 #
edge $-1 -1 $-1 $305 0 $478 1 $190 $479 forward @7 unknown #
coedge $-1 -1 $-1 $480 $463 $191 $302 forward $460 $-1 #
edge $-1 -1 $-1 $304 0 $481 1 $191 $482 forward @7 unknown #
coedge $-1 -1 $-1 $192 $296 $475 $483 reversed $187 $-1 #
vertex $-1 -1 $-1 $193 $484 #
vertex $-1 -1 $-1 $193 $485 #
straight-curve $-1 -1 $-1 59.40000000000000568 -1.300000000000000044 32.85000000000000142 0 0 1 F 0 F 19.29999999999999716 #
DXID-attrib $-1 -1 $-1 $-1 $195 @10 ASM ENTITY @1 4 #
face $486 -1 $-1 $487 $488 $25 $-1 $489 forward single #
loop $-1 -1 $-1 $-1 $490 $195 #
plane-surface $-1 -1 $-1 -1 -1 45.5 0 0 1 1 0 0 forward_v I I I I #
coedge $-1 -1 $-1 $491 $330 $198 $313 forward $196 $-1 #
coedge $-1 -1 $-1 $198 $332 $492 $493 reversed $125 $-1 #
edge $-1 -1 $-1 $333 1 $494 3.499999999999999556 $198 $495 forward @7 unknown #
loop $-1 -1 $-1 $496 $497 $49 #
coedge $-1 -1 $-1 $315 $315 $498 $499 forward $199 $-1 #
coedge $-1 -1 $-1 $316 $316 $200 $317 reversed $500 $-1 #
edge $-1 -1 $-1 $501 0 $501 6.283185307179586232 $200 $502 forward @7 unknown #
coedge $-1 -1 $-1 $503 $201 $504 $505 forward $82 $-1 #
coedge $-1 -1 $-1 $506 $507 $201 $320 forward $508 $-1 #
edge $-1 -1 $-1 $509 1.570796326794896558 $327 3.141592653589793116 $201 $510 forward @7 unknown #
coedge $-1 -1 $-1 $209 $511 $202 $322 reversed $339 $-1 #
edge $-1 -1 $-1 $212 1.570796326794896558 $326 3.141592653589793116 $202 $512 forward @7 unknown #
coedge $-1 -1 $-1 $513 $203 $511 $514 forward $325 $-1 #
coedge $-1 -1 $-1 $203 $513 $506 $515 reversed $325 $-1 #
loop $-1 -1 $-1 $516 $513 $517 #
vertex $-1 -1 $-1 $204 $518 #
vertex $-1 -1 $-1 $204 $519 #
straight-curve $-1 -1 $-1 0 0 0 1 0 0 F 5 F 115 #
coedge $-1 -1 $-1 $520 $205 $521 $522 forward $50 $-1 #
coedge $-1 -1 $-1 $311 $523 $205 $331 reversed $196 $-1 #
edge $-1 -1 $-1 $333 19.25 $524 26.25 $205 $525 forward @7 unknown #
coedge $-1 -1 $-1 $312 $206 $211 $343 forward $125 $-1 #
vertex $-1 -1 $-1 $207 $526 #
straight-curve $-1 -1 $-1 0 -0.5 38.5 0 -1 0 F -10.80000000000000071 F -0.5 #
coedge $-1 -1 $-1 $208 $520 $527 $528 forward $50 $-1 #
coedge $-1 -1 $-1 $529 $530 $208 $337 forward $531 $-1 #
edge $-1 -1 $-1 $340 5 $532 75 $208 $533 forward @7 unknown #
coedge $-1 -1 $-1 $511 $209 $530 $534 forward $339 $-1 #
loop $-1 -1 $-1 $-1 $321 $535 #
vertex $-1 -1 $-1 $337 $536 #
straight-curve $-1 -1 $-1 -8.881784197000999888e-16 0 5 0 1 0 F 0 F 30 #
coedge $-1 -1 $-1 $211 $537 $538 $539 reversed $82 $-1 #
edge $-1 -1 $-1 $213 0.5 $540 2.999999999999999556 $211 $541 forward @7 unknown #
point $-1 -1 $-1 -8.881784197000999888e-16 0 5 #
point $-1 -1 $-1 0 0 38.5 #
DXID-attrib $-1 -1 $-1 $-1 $216 @10 ASM ENTITY @1 4 #
face $542 -1 $-1 $543 $362 $27 $-1 $544 reversed single #
loop $-1 -1 $-1 $545 $546 $216 #
plane-surface $-1 -1 $-1 0 0 0 0 1 0 0 0 1 forward_v I I I I #
coedge $-1 -1 $-1 $547 $227 $231 $375 forward $217 $-1 #
coedge $-1 -1 $-1 $219 $371 $360 $548 reversed $135 $-1 #
edge $-1 -1 $-1 $232 1.570796326794896558 $363 3.141592653589793116 $223 $549 forward @7 unknown #
loop $-1 -1 $-1 $550 $551 $53 #
coedge $-1 -1 $-1 $354 $354 $552 $553 forward $220 $-1 #
coedge $-1 -1 $-1 $355 $355 $221 $356 reversed $554 $-1 #
edge $-1 -1 $-1 $555 0 $555 6.283185307179586232 $221 $556 forward @7 unknown #
coedge $-1 -1 $-1 $557 $222 $558 $559 forward $87 $-1 #
coedge $-1 -1 $-1 $560 $561 $222 $359 forward $562 $-1 #
edge $-1 -1 $-1 $563 1.570796326794896558 $364 3.141592653589793116 $222 $564 forward @7 unknown #
coedge $-1 -1 $-1 $565 $224 $351 $548 forward $362 $-1 #
coedge $-1 -1 $-1 $224 $565 $560 $566 reversed $362 $-1 #
loop $-1 -1 $-1 $-1 $565 $347 #
vertex $-1 -1 $-1 $225 $567 #
vertex $-1 -1 $-1 $225 $568 #
straight-curve $-1 -1 $-1 0 -3.000000000000000444 0 1 0 0 F 5 F 115 #
coedge $-1 -1 $-1 $569 $570 $226 $367 forward $348 $-1 #
edge $-1 -1 $-1 $372 5 $369 75 $226 $571 forward @7 unknown #
coedge $-1 -1 $-1 $227 $547 $569 $572 reversed $217 $-1 #
vertex $-1 -1 $-1 $228 $573 #
straight-curve $-1 -1 $-1 -8.881784197000999888e-16 -3.000000000000000444 75 0 1 0 F 0 F 3.000000000000000444 #
coedge $-1 -1 $-1 $351 $229 $570 $574 forward $135 $-1 #
vertex $-1 -1 $-1 $367 $575 #
straight-curve $-1 -1 $-1 -8.881784197000999888e-16 -3.000000000000000444 5 0 1 0 F 0 F 3.000000000000000444 #
coedge $-1 -1 $-1 $231 $557 $576 $577 reversed $87 $-1 #
edge $-1 -1 $-1 $233 -1.570796326794896558 $578 0 $231 $579 forward @7 unknown #
point $-1 -1 $-1 -8.881784197000999888e-16 -3.000000000000000444 5 #
point $-1 -1 $-1 -8.881784197000999888e-16 -3.000000000000000444 75 #
DXID-attrib $-1 -1 $-1 $-1 $236 @10 ASM ENTITY @1 4 #
face $580 -1 $-1 $581 $582 $29 $-1 $583 reversed single #
loop $-1 -1 $-1 $-1 $584 $236 #
plane-surface $-1 -1 $-1 47.27000000000000313 7.5 46.00000000000000711 -1 0 0 -0 -1.110223024625000001e-16 -1 forward_v I I I I #
coedge $-1 -1 $-1 $409 $585 $239 $384 forward $237 $-1 #
coedge $-1 -1 $-1 $586 $239 $587 $588 forward $145 $-1 #
edge $-1 -1 $-1 $589 0 $412 1.449999999999995737 $239 $590 forward @7 unknown #
coedge $-1 -1 $-1 $591 $592 $593 $594 forward $240 $-1 #
coedge $-1 -1 $-1 $595 $241 $596 $597 forward $147 $-1 #
coedge $-1 -1 $-1 $241 $595 $598 $599 reversed $147 $-1 #
coedge $-1 -1 $-1 $600 $601 $241 $389 reversed $602 $-1 #
edge $-1 -1 $-1 $603 0 $604 3.000000000000002665 $241 $605 forward @7 unknown #
coedge $-1 -1 $-1 $606 $607 $242 $391 reversed $608 $-1 #
edge $-1 -1 $-1 $399 -0 $609 3.05470129472392582 $242 $610 forward @7 unknown #
coedge $-1 -1 $-1 $243 $611 $612 $613 forward $92 $-1 #
coedge $-1 -1 $-1 $614 $615 $243 $394 reversed $616 $-1 #
edge $-1 -1 $-1 $617 1.280000000000001137 $398 4.700000000000006395 $243 $618 forward @7 unknown #
coedge $-1 -1 $-1 $619 $244 $615 $620 forward $397 $-1 #
coedge $-1 -1 $-1 $244 $621 $606 $622 reversed $397 $-1 #
loop $-1 -1 $-1 $-1 $623 $624 #
vertex $-1 -1 $-1 $245 $625 #
vertex $-1 -1 $-1 $245 $626 #
straight-curve $-1 -1 $-1 93.87999999999999545 7.5 54.70000000000000284 -1 0 0 F 2.880000000000002558 F 45.71999999999999886 #
coedge $-1 -1 $-1 $249 $246 $627 $628 reversed $58 $-1 #
coedge $-1 -1 $-1 $629 $630 $246 $403 reversed $582 $-1 #
edge $-1 -1 $-1 $407 0 $631 1.796051224212677822 $246 $632 forward @7 unknown #
coedge $-1 -1 $-1 $633 $247 $253 $416 reversed $406 $-1 #
coedge $-1 -1 $-1 $247 $633 $629 $634 forward $406 $-1 #
loop $-1 -1 $-1 $-1 $633 $581 #
vertex $-1 -1 $-1 $248 $635 #
straight-curve $-1 -1 $-1 46.00000000000000711 7.5 47.27000000000000313 0 1 -1.110223024625000001e-16 F 0 F 1.800000000000001599 #
coedge $-1 -1 $-1 $636 $382 $249 $410 reversed $237 $-1 #
edge $-1 -1 $-1 $637 1.417749096278119625 $412 2.082429470593050613 $249 $638 forward @7 unknown #
coedge $-1 -1 $-1 $250 $639 $252 $415 forward $145 $-1 #
vertex $-1 -1 $-1 $410 $640 #
straight-curve $-1 -1 $-1 46.79999999999999716 8.039999999999999147 46.46999999999999886 0 1 -1.110223024625000001e-16 F -0.5399999999999993694 F 0.5400000000000015898 #
coedge $-1 -1 $-1 $641 $252 $642 $643 reversed $92 $-1 #
edge $-1 -1 $-1 $644 4.665468580685994127 $255 11.56546858068600692 $252 $645 forward @7 unknown #
edge $-1 -1 $-1 $609 0 $254 5.27000000000000135 $253 $646 forward @7 unknown #
point $-1 -1 $-1 46.00000000000000711 7.5 47.27000000000000313 #
point $-1 -1 $-1 46.79999999999999716 7.5 46.46999999999999886 #
DXID-attrib $-1 -1 $-1 $-1 $258 @10 ASM ENTITY @1 4 #
face $647 -1 $-1 $648 $649 $31 $-1 $650 forward single #
loop $-1 -1 $-1 $-1 $267 $258 #
plane-surface $-1 -1 $-1 14.85000000000000142 2.549999999999999822 35.79999999999999716 0 0 1 1 0 0 forward_v I I I I #
coedge $-1 -1 $-1 $431 $651 $435 $652 reversed $259 $-1 #
coedge $-1 -1 $-1 $653 $261 $269 $438 forward $155 $-1 #
coedge $-1 -1 $-1 $261 $653 $654 $655 reversed $155 $-1 #
coedge $-1 -1 $-1 $656 $657 $262 $427 reversed $649 $-1 #
edge $-1 -1 $-1 $429 0 $658 12.40000000000000213 $262 $659 forward @7 unknown #
coedge $-1 -1 $-1 $263 $435 $656 $660 reversed $421 $-1 #
vertex $-1 -1 $-1 $264 $661 #
straight-curve $-1 -1 $-1 14.85000000000000142 2.549999999999999822 35.79999999999999716 1 0 0 F 0 F 24.00000000000000355 #
coedge $-1 -1 $-1 $654 $423 $265 $432 forward $259 $-1 #
edge $-1 -1 $-1 $436 0 $433 12.40000000000000213 $265 $662 forward @7 unknown #
vertex $-1 -1 $-1 $266 $663 #
straight-curve $-1 -1 $-1 14.85000000000000142 2.549999999999999822 48.20000000000000284 0 1 0 F 0 F 6.500000000000000888 #
coedge $-1 -1 $-1 $428 $267 $423 $652 forward $421 $-1 #
vertex $-1 -1 $-1 $432 $664 #
straight-curve $-1 -1 $-1 14.85000000000000142 2.549999999999999822 35.79999999999999716 0 1 0 F 0 F 6.500000000000000888 #
edge $-1 -1 $-1 $271 0 $658 24.00000000000000355 $269 $665 forward @7 unknown #
point $-1 -1 $-1 14.85000000000000142 2.549999999999999822 35.79999999999999716 #
point $-1 -1 $-1 14.85000000000000142 2.549999999999999822 48.20000000000000284 #
vertex $-1 -1 $-1 $273 $666 #
ellipse-curve $-1 -1 $-1 15.84999999999999964 5.799999999999999822 42 1 0 0 0 0 2.25 1 I I #
point $-1 -1 $-1 -40 5.799999999999999822 44.25 #
DXID-attrib $-1 -1 $-1 $-1 $277 @10 ASM ENTITY @1 4 #
face $667 -1 $-1 $668 $669 $35 $-1 $670 forward single #
loop $-1 -1 $-1 $671 $672 $277 #
plane-surface $-1 -1 $-1 104 15 80 0 0 1 1 0 0 forward_v I I I I #
loop $-1 -1 $-1 $-1 $281 $170 #
coedge $-1 -1 $-1 $449 $449 $672 $673 forward $278 $-1 #
vertex $-1 -1 $-1 $282 $674 #
ellipse-curve $-1 -1 $-1 104 15 83 0 0 1 4.599999999999999645 0 0 1 I I #
vertex $-1 -1 $-1 $283 $675 #
ellipse-curve $-1 -1 $-1 104 15 83 0 0 1 3.149999999999999911 0 0 1 I I #
point $-1 -1 $-1 107.1500000000000199 15 88 #
vertex $-1 -1 $-1 $286 $676 #
ellipse-curve $-1 -1 $-1 104 15 283 0 0 1 6.5 0 0 1 I I #
point $-1 -1 $-1 110.5 15 88 #
DXID-attrib $-1 -1 $-1 $-1 $290 @10 ASM ENTITY @1 4 #
face $677 -1 $-1 $-1 $477 $39 $-1 $678 forward single #
loop $-1 -1 $-1 $-1 $301 $290 #
plane-surface $-1 -1 $-1 59.40000000000000568 -1.300000000000000044 32.85000000000000142 0 0 1 1 0 0 forward_v I I I I #
coedge $-1 -1 $-1 $473 $679 $480 $680 reversed $291 $-1 #
coedge $-1 -1 $-1 $301 $466 $293 $464 reversed $460 $-1 #
edge $-1 -1 $-1 $304 0 $470 35.80000000000000426 $293 $681 forward @7 unknown #
coedge $-1 -1 $-1 $295 $294 $679 $682 forward $120 $-1 #
coedge $-1 -1 $-1 $463 $480 $294 $467 reversed $460 $-1 #
edge $-1 -1 $-1 $470 0 $683 1 $294 $684 forward @7 unknown #
coedge $-1 -1 $-1 $476 $475 $295 $469 forward $477 $-1 #
edge $-1 -1 $-1 $471 0 $685 1 $295 $686 forward @7 unknown #
vertex $-1 -1 $-1 $297 $687 #
vertex $-1 -1 $-1 $297 $688 #
straight-curve $-1 -1 $-1 95.20000000000001705 -1.300000000000000044 32.85000000000000142 0 0 1 F 0 F 19.29999999999999716 #
coedge $-1 -1 $-1 $689 $462 $298 $474 forward $291 $-1 #
edge $-1 -1 $-1 $481 0 $478 19.29999999999999716 $298 $690 forward @7 unknown #
coedge $-1 -1 $-1 $468 $299 $303 $483 forward $477 $-1 #
coedge $-1 -1 $-1 $299 $468 $689 $691 reversed $477 $-1 #
loop $-1 -1 $-1 $-1 $299 $459 #
vertex $-1 -1 $-1 $300 $692 #
straight-curve $-1 -1 $-1 59.40000000000000568 -1.300000000000000044 52.14999999999999858 0 1 0 F 0 F 1 #
coedge $-1 -1 $-1 $466 $301 $462 $680 forward $460 $-1 #
vertex $-1 -1 $-1 $474 $693 #
straight-curve $-1 -1 $-1 59.40000000000000568 -1.300000000000000044 32.85000000000000142 0 1 0 F 0 F 1 #
edge $-1 -1 $-1 $305 0 $471 35.80000000000000426 $303 $694 forward @7 unknown #
point $-1 -1 $-1 59.40000000000000568 -1.300000000000000044 32.85000000000000142 #
point $-1 -1 $-1 59.40000000000000568 -1.300000000000000044 52.14999999999999858 #
DXID-attrib $-1 -1 $-1 $-1 $308 @10 ASM ENTITY @1 5 #
face $695 -1 $-1 $535 $531 $25 $-1 $696 forward single #
loop $-1 -1 $-1 $-1 $697 $308 #
cone-surface $-1 -1 $-1 5 0 75 0 1 0 -5 0 0 1 I I 0 1 5 forward I I I I #
coedge $-1 -1 $-1 $698 $521 $523 $699 forward $309 $-1 #
coedge $-1 -1 $-1 $523 $311 $700 $701 forward $196 $-1 #
coedge $-1 -1 $-1 $538 $700 $312 $493 forward $702 $-1 #
edge $-1 -1 $-1 $494 -11.30000000000000071 $540 -1 $312 $703 forward @7 unknown #
vertex $-1 -1 $-1 $313 $704 #
straight-curve $-1 -1 $-1 -1 10.30000000000000071 38.5 1 0 0 F 1 F 3.499999999999999556 #
loop $-1 -1 $-1 $705 $706 $49 #
coedge $-1 -1 $-1 $497 $497 $707 $708 forward $314 $-1 #
coedge $-1 -1 $-1 $498 $498 $315 $499 reversed $709 $-1 #
edge $-1 -1 $-1 $710 0 $710 6.283185307179586232 $315 $711 forward @7 unknown #
loop $-1 -1 $-1 $712 $316 $713 #
vertex $-1 -1 $-1 $317 $714 #
ellipse-curve $-1 -1 $-1 5.5 0 5.5 0 1 0 0 0 2 1 I I #
coedge $-1 -1 $-1 $715 $318 $716 $717 forward $82 $-1 #
coedge $-1 -1 $-1 $718 $719 $318 $505 reversed $720 $-1 #
edge $-1 -1 $-1 $509 5 $721 75 $318 $722 forward @7 unknown #
coedge $-1 -1 $-1 $723 $319 $324 $515 forward $508 $-1 #
coedge $-1 -1 $-1 $319 $723 $718 $724 reversed $508 $-1 #
loop $-1 -1 $-1 $-1 $319 $725 #
vertex $-1 -1 $-1 $320 $726 #
ellipse-curve $-1 -1 $-1 115 0 5 0 1 0 0 0 5 1 F 1.570796326794896558 F 3.141592653589793116 #
coedge $-1 -1 $-1 $321 $338 $323 $514 reversed $339 $-1 #
ellipse-curve $-1 -1 $-1 5 0 5 0 -1 0 0 0 5 1 F 1.570796326794896558 F 3.141592653589793116 #
coedge $-1 -1 $-1 $324 $323 $727 $728 forward $325 $-1 #
edge $-1 -1 $-1 $326 0 $729 30 $511 $730 forward @14 tangent_not_g2 #
edge $-1 -1 $-1 $327 0 $731 30 $324 $732 forward @14 tangent_not_g2 #
loop $-1 -1 $-1 $733 $734 $517 #
face $735 -1 $-1 $725 $325 $25 $-1 $736 reversed single #
point $-1 -1 $-1 5 0 -8.881784197000999888e-16 #
point $-1 -1 $-1 115 0 -8.881784197000999888e-16 #
coedge $-1 -1 $-1 $335 $329 $737 $738 forward $50 $-1 #
coedge $-1 -1 $-1 $490 $739 $329 $522 reversed $309 $-1 #
edge $-1 -1 $-1 $524 -10.80000000000000071 $740 -0.5 $329 $741 forward @7 unknown #
coedge $-1 -1 $-1 $330 $491 $490 $699 reversed $196 $-1 #
vertex $-1 -1 $-1 $331 $742 #
straight-curve $-1 -1 $-1 0 10.30000000000000071 19.25 0 0 1 F 19.25 F 26.25 #
point $-1 -1 $-1 0 10.30000000000000071 38.5 #
coedge $-1 -1 $-1 $697 $743 $335 $528 reversed $488 $-1 #
edge $-1 -1 $-1 $744 0 $532 30 $335 $745 forward @14 tangent_not_g2 #
coedge $-1 -1 $-1 $746 $336 $743 $747 forward $531 $-1 #
coedge $-1 -1 $-1 $336 $727 $338 $534 reversed $531 $-1 #
loop $-1 -1 $-1 $748 $727 $487 #
vertex $-1 -1 $-1 $528 $749 #
straight-curve $-1 -1 $-1 0 30 0 0 0 1 F 5 F 75 #
edge $-1 -1 $-1 $340 1.570796326794896558 $729 3.141592653589793116 $530 $750 forward @7 unknown #
face $751 -1 $-1 $517 $339 $25 $-1 $752 forward single #
point $-1 -1 $-1 -8.881784197000999888e-16 30 5 #
coedge $-1 -1 $-1 $342 $753 $754 $755 forward $82 $-1 #
coedge $-1 -1 $-1 $756 $492 $342 $539 forward $702 $-1 #
edge $-1 -1 $-1 $540 -37.25 $757 -6.895751311064000078 $342 $758 forward @7 unknown #
vertex $-1 -1 $-1 $539 $759 #
straight-curve $-1 -1 $-1 -0.5 0 38.5 1 0 0 F 0.5 F 2.999999999999999556 #
DXID-attrib $-1 -1 $-1 $-1 $347 @10 ASM ENTITY @1 5 #
face $760 -1 $-1 $761 $562 $27 $-1 $762 forward single #
plane-surface $-1 -1 $-1 0 -3.000000000000000444 0 0 0 1 1 0 0 forward_v I I I I #
loop $-1 -1 $-1 $763 $764 $216 #
coedge $-1 -1 $-1 $570 $765 $565 $766 reversed $348 $-1 #
coedge $-1 -1 $-1 $368 $350 $767 $768 forward $217 $-1 #
edge $-1 -1 $-1 $363 0 $769 3.000000000000000444 $351 $770 forward @14 tangent_not_g2 #
ellipse-curve $-1 -1 $-1 5 -3.000000000000000444 5 0 -1 0 0 0 5 1 F 1.570796326794896558 F 3.141592653589793116 #
loop $-1 -1 $-1 $771 $772 $53 #
coedge $-1 -1 $-1 $551 $551 $773 $774 forward $353 $-1 #
coedge $-1 -1 $-1 $552 $552 $354 $553 reversed $775 $-1 #
edge $-1 -1 $-1 $776 0 $776 6.283185307179586232 $354 $777 forward @7 unknown #
loop $-1 -1 $-1 $778 $355 $779 #
vertex $-1 -1 $-1 $356 $780 #
ellipse-curve $-1 -1 $-1 5.5 -3.000000000000000444 5.5 0 1 0 0 0 3.200000000000000622 1 I I #
coedge $-1 -1 $-1 $374 $357 $781 $782 forward $87 $-1 #
coedge $-1 -1 $-1 $783 $784 $357 $559 reversed $785 $-1 #
edge $-1 -1 $-1 $563 5 $786 75 $357 $787 forward @7 unknown #
coedge $-1 -1 $-1 $788 $358 $361 $566 forward $562 $-1 #
coedge $-1 -1 $-1 $358 $788 $783 $789 reversed $562 $-1 #
loop $-1 -1 $-1 $-1 $358 $543 #
vertex $-1 -1 $-1 $359 $790 #
ellipse-curve $-1 -1 $-1 115 -3.000000000000000444 5 0 1 0 0 0 5 1 F 1.570796326794896558 F 3.141592653589793116 #
coedge $-1 -1 $-1 $361 $360 $546 $766 forward $362 $-1 #
edge $-1 -1 $-1 $364 0 $791 3.000000000000000444 $361 $792 forward @14 tangent_not_g2 #
point $-1 -1 $-1 5 -3.000000000000000444 -8.881784197000999888e-16 #
point $-1 -1 $-1 115 -3.000000000000000444 -8.881784197000999888e-16 #
coedge $-1 -1 $-1 $793 $366 $368 $572 forward $348 $-1 #
coedge $-1 -1 $-1 $366 $546 $371 $574 reversed $348 $-1 #
straight-curve $-1 -1 $-1 0 0 0 0 0 1 F 5 F 75 #
edge $-1 -1 $-1 $369 -1.570796326794896558 $794 0 $368 $795 forward @7 unknown #
point $-1 -1 $-1 -8.881784197000999888e-16 0 75 #
edge $-1 -1 $-1 $372 1.570796326794896558 $769 3.141592653589793116 $371 $796 forward @7 unknown #
point $-1 -1 $-1 -8.881784197000999888e-16 0 5 #
coedge $-1 -1 $-1 $797 $767 $374 $577 forward $798 $-1 #
edge $-1 -1 $-1 $578 5 $799 115 $374 $800 forward @7 unknown #
vertex $-1 -1 $-1 $577 $801 #
ellipse-curve $-1 -1 $-1 5 -3.000000000000000444 75 0 1 0 0 0 5 1 F -1.570796326794896558 F 0 #
DXID-attrib $-1 -1 $-1 $-1 $379 @10 ASM ENTITY @1 5 #
face $802 -1 $-1 $624 $406 $29 $-1 $803 forward single #
loop $-1 -1 $-1 $804 $402 $379 #
plane-surface $-1 -1 $-1 71.38093716137200317 9.300000000000000711 42 0 -1 1.110223024625000001e-16 1 0 0 forward_v I I I I #
coedge $-1 -1 $-1 $627 $805 $636 $806 forward $380 $-1 #
coedge $-1 -1 $-1 $382 $807 $808 $809 forward $237 $-1 #
coedge $-1 -1 $-1 $639 $383 $810 $811 forward $145 $-1 #
coedge $-1 -1 $-1 $808 $812 $383 $588 reversed $813 $-1 #
edge $-1 -1 $-1 $589 0 $814 4.580000000000000071 $383 $815 forward @7 unknown #
vertex $-1 -1 $-1 $384 $816 #
straight-curve $-1 -1 $-1 45.35000000000000142 8.580000000000001847 46.46999999999999886 1 0 0 F 0 F 1.449999999999995737 #
coedge $-1 -1 $-1 $817 $385 $818 $819 forward $240 $-1 #
coedge $-1 -1 $-1 $385 $817 $820 $821 reversed $240 $-1 #
coedge $-1 -1 $-1 $822 $823 $385 $594 reversed $824 $-1 #
edge $-1 -1 $-1 $825 0 $826 3.000000000000007105 $385 $827 forward @7 unknown #
coedge $-1 -1 $-1 $387 $386 $828 $829 reversed $147 $-1 #
coedge $-1 -1 $-1 $830 $831 $386 $597 reversed $832 $-1 #
edge $-1 -1 $-1 $604 0 $833 4.000000000000003553 $386 $834 forward @7 unknown #
coedge $-1 -1 $-1 $835 $836 $387 $599 forward $837 $-1 #
edge $-1 -1 $-1 $603 0 $838 4.000000000000003553 $387 $839 forward @7 unknown #
coedge $-1 -1 $-1 $840 $388 $836 $841 forward $602 $-1 #
coedge $-1 -1 $-1 $388 $840 $830 $842 reversed $602 $-1 #
loop $-1 -1 $-1 $-1 $600 $843 #
vertex $-1 -1 $-1 $389 $844 #
vertex $-1 -1 $-1 $389 $845 #
straight-curve $-1 -1 $-1 47.40000000000000568 7.5 32.60000000000000142 0 1.110223024625000001e-16 1 F 0 F 3.000000000000002665 #
coedge $-1 -1 $-1 $846 $390 $396 $622 forward $608 $-1 #
coedge $-1 -1 $-1 $390 $846 $633 $847 reversed $608 $-1 #
loop $-1 -1 $-1 $-1 $606 $848 #
vertex $-1 -1 $-1 $391 $849 #
straight-curve $-1 -1 $-1 48.15999999999999659 7.5 54.70000000000000284 -0.7071067811870000996 -7.850462293419000326e-17 -0.7071067811870000996 F -0 F 3.05470129472392582 #
coedge $-1 -1 $-1 $392 $850 $851 $852 forward $92 $-1 #
coedge $-1 -1 $-1 $853 $854 $392 $613 reversed $855 $-1 #
edge $-1 -1 $-1 $856 0 $617 30.09999999999999787 $392 $857 forward @7 unknown #
coedge $-1 -1 $-1 $858 $393 $854 $859 reversed $616 $-1 #
coedge $-1 -1 $-1 $393 $858 $395 $620 reversed $616 $-1 #
loop $-1 -1 $-1 $-1 $858 $860 #
vertex $-1 -1 $-1 $613 $861 #
straight-curve $-1 -1 $-1 91 7.5 50 0 1.110223024625000001e-16 1 F 1.280000000000001137 F 4.700000000000006395 #
coedge $-1 -1 $-1 $862 $395 $863 $864 forward $397 $-1 #
edge $-1 -1 $-1 $398 0 $865 1.599999999999999201 $395 $866 forward @7 unknown #
coedge $-1 -1 $-1 $396 $623 $867 $868 forward $397 $-1 #
edge $-1 -1 $-1 $399 0 $869 1.800000000000001599 $396 $870 forward @7 unknown #
coedge $-1 -1 $-1 $621 $871 $872 $873 forward $397 $-1 #
face $874 -1 $-1 $860 $397 $29 $-1 $875 forward single #
point $-1 -1 $-1 91 7.5 54.70000000000000284 #
point $-1 -1 $-1 48.15999999999999659 7.5 54.70000000000000284 #
coedge $-1 -1 $-1 $876 $584 $401 $628 forward $380 $-1 #
edge $-1 -1 $-1 $637 1.080000000000000959 $631 1.800000000000001599 $401 $877 forward @7 unknown #
coedge $-1 -1 $-1 $878 $402 $405 $634 reversed $582 $-1 #
coedge $-1 -1 $-1 $402 $879 $876 $880 reversed $582 $-1 #
vertex $-1 -1 $-1 $403 $881 #
straight-curve $-1 -1 $-1 46.00000000000000711 9.300000000000000711 47.27000000000000313 0.7071067811870000996 -7.850462293419000326e-17 -0.7071067811870000996 F 0 F 1.796051224212677822 #
coedge $-1 -1 $-1 $405 $404 $607 $847 forward $406 $-1 #
edge $-1 -1 $-1 $882 0 $407 5.27000000000000135 $629 $883 forward @7 unknown #
point $-1 -1 $-1 46.00000000000000711 9.300000000000000711 47.27000000000000313 #
coedge $-1 -1 $-1 $884 $409 $584 $806 reversed $237 $-1 #
vertex $-1 -1 $-1 $628 $885 #
straight-curve $-1 -1 $-1 48.27250000000000085 8.580000000000001847 44.99750000000000227 -0.7071067811870000996 7.850462293419000326e-17 0.7071067811870000996 F 1.417749096278119625 F 2.082429470593050613 #
coedge $-1 -1 $-1 $411 $586 $886 $887 reversed $145 $-1 #
point $-1 -1 $-1 46.79999999999999716 8.580000000000001847 46.46999999999999886 #
coedge $-1 -1 $-1 $888 $414 $889 $890 forward $92 $-1 #
coedge $-1 -1 $-1 $886 $891 $414 $643 forward $892 $-1 #
edge $-1 -1 $-1 $893 -2.23500000000000032 $644 6.705000000000000959 $414 $894 forward @7 unknown #
vertex $-1 -1 $-1 $415 $895 #
straight-curve $-1 -1 $-1 58.36546858068600585 7.5 46.46999999999999886 -1 0 0 F 4.665468580685994127 F 11.56546858068600692 #
straight-curve $-1 -1 $-1 46.00000000000000711 7.5 52.54000000000000625 0 -1.110223024625000001e-16 -1 F 0 F 5.27000000000000135 #
DXID-attrib $-1 -1 $-1 $-1 $420 @10 ASM ENTITY @1 5 #
face $896 -1 $-1 $897 $898 $31 $-1 $899 reversed single #
loop $-1 -1 $-1 $900 $426 $420 #
plane-surface $-1 -1 $-1 38.85000000000000142 2.549999999999999822 35.79999999999999716 1 0 0 0 0 1 forward_v I I I I #
coedge $-1 -1 $-1 $423 $654 $901 $902 reversed $259 $-1 #
edge $-1 -1 $-1 $436 0 $903 24.00000000000000355 $423 $904 forward @7 unknown #
coedge $-1 -1 $-1 $425 $424 $657 $905 forward $155 $-1 #
coedge $-1 -1 $-1 $651 $431 $425 $655 forward $259 $-1 #
edge $-1 -1 $-1 $433 0 $906 24.00000000000000355 $425 $907 forward @7 unknown #
coedge $-1 -1 $-1 $901 $426 $428 $660 forward $649 $-1 #
coedge $-1 -1 $-1 $426 $901 $653 $905 reversed $649 $-1 #
vertex $-1 -1 $-1 $427 $908 #
straight-curve $-1 -1 $-1 38.85000000000000142 2.549999999999999822 35.79999999999999716 0 0 1 F 0 F 12.40000000000000213 #
edge $-1 -1 $-1 $429 0 $903 6.500000000000000888 $428 $909 forward @7 unknown #
point $-1 -1 $-1 38.85000000000000142 2.549999999999999822 35.79999999999999716 #
straight-curve $-1 -1 $-1 14.85000000000000142 9.050000000000000711 35.79999999999999716 0 0 1 F 0 F 12.40000000000000213 #
point $-1 -1 $-1 14.85000000000000142 9.050000000000000711 48.20000000000000284 #
point $-1 -1 $-1 14.85000000000000142 9.050000000000000711 35.79999999999999716 #
straight-curve $-1 -1 $-1 14.85000000000000142 2.549999999999999822 48.20000000000000284 1 0 0 F 0 F 24.00000000000000355 #
point $-1 -1 $-1 15.84999999999999964 5.799999999999999822 44.25 #
DXID-attrib $-1 -1 $-1 $-1 $445 @10 ASM ENTITY @1 5 #
face $910 -1 $-1 $-1 $911 $35 $-1 $912 reversed single #
loop $-1 -1 $-1 $913 $914 $445 #
cone-surface $-1 -1 $-1 104 15 68 0 0 1 3.149999999999999911 0 0 1 I I 0 1 3.149999999999999911 forward I I I I #
loop $-1 -1 $-1 $-1 $915 $277 #
coedge $-1 -1 $-1 $672 $672 $449 $673 reversed $446 $-1 #
edge $-1 -1 $-1 $916 0 $916 6.283185307179586232 $449 $917 forward @7 unknown #
point $-1 -1 $-1 108.5999999999999943 15 83 #
point $-1 -1 $-1 107.1500000000000199 15 83 #
point $-1 -1 $-1 110.5 15 283 #
DXID-attrib $-1 -1 $-1 $-1 $459 @10 ASM ENTITY @1 5 #
plane-surface $-1 -1 $-1 59.40000000000000568 -1.300000000000000044 52.14999999999999858 0 0 1 1 0 0 forward_v I I I I #
coedge $-1 -1 $-1 $462 $689 $465 $682 reversed $291 $-1 #
edge $-1 -1 $-1 $481 0 $683 35.80000000000000426 $462 $918 forward @7 unknown #
straight-curve $-1 -1 $-1 59.40000000000000568 -1.300000000000000044 32.85000000000000142 1 0 0 F 0 F 35.80000000000000426 #
edge $-1 -1 $-1 $683 0 $685 19.29999999999999716 $465 $919 forward @7 unknown #
vertex $-1 -1 $-1 $467 $920 #
straight-curve $-1 -1 $-1 95.20000000000001705 -1.300000000000000044 32.85000000000000142 0 1 0 F 0 F 1 #
vertex $-1 -1 $-1 $682 $921 #
straight-curve $-1 -1 $-1 95.20000000000001705 -1.300000000000000044 52.14999999999999858 0 1 0 F 0 F 1 #
point $-1 -1 $-1 95.20000000000001705 -1.300000000000000044 32.85000000000000142 #
point $-1 -1 $-1 95.20000000000001705 -1.300000000000000044 52.14999999999999858 #
coedge $-1 -1 $-1 $679 $473 $476 $691 forward $291 $-1 #
straight-curve $-1 -1 $-1 59.40000000000000568 -0.2999999999999999889 32.85000000000000142 0 0 1 F 0 F 19.29999999999999716 #
edge $-1 -1 $-1 $478 0 $685 35.80000000000000426 $689 $922 forward @7 unknown #
point $-1 -1 $-1 59.40000000000000568 -0.2999999999999999889 52.14999999999999858 #
point $-1 -1 $-1 59.40000000000000568 -0.2999999999999999889 32.85000000000000142 #
straight-curve $-1 -1 $-1 59.40000000000000568 -1.300000000000000044 52.14999999999999858 1 0 0 F 0 F 35.80000000000000426 #
DXID-attrib $-1 -1 $-1 $-1 $487 @10 ASM ENTITY @1 6 #
plane-surface $-1 -1 $-1 0 30 0 0 1 0 0 0 1 forward_v I I I I #
coedge $-1 -1 $-1 $923 $527 $924 $925 forward $488 $-1 #
coedge $-1 -1 $-1 $739 $490 $926 $927 forward $309 $-1 #
edge $-1 -1 $-1 $524 1 $928 3.499999999999999556 $523 $929 forward @7 unknown #
coedge $-1 -1 $-1 $492 $926 $491 $701 reversed $702 $-1 #
edge $-1 -1 $-1 $494 17.99999999999999645 $928 24.99999999999999289 $491 $930 forward @7 unknown #
loop $-1 -1 $-1 $-1 $931 $932 #
straight-curve $-1 -1 $-1 2.5 -1 38.5 0 -1 0 F -11.30000000000000071 F -1 #
point $-1 -1 $-1 2.5 10.30000000000000071 38.5 #
loop $-1 -1 $-1 $933 $934 $49 #
coedge $-1 -1 $-1 $706 $706 $935 $936 forward $496 $-1 #
coedge $-1 -1 $-1 $707 $707 $497 $708 reversed $937 $-1 #
edge $-1 -1 $-1 $938 0 $938 6.283185307179586232 $497 $939 forward @7 unknown #
loop $-1 -1 $-1 $940 $498 $941 #
vertex $-1 -1 $-1 $499 $942 #
ellipse-curve $-1 -1 $-1 5.5 0 74.5 0 1 0 0 0 2 1 I I #
loop $-1 -1 $-1 $-1 $943 $713 #
face $944 -1 $-1 $941 $500 $25 $-1 $945 reversed single #
point $-1 -1 $-1 5.5 0 7.5 #
coedge $-1 -1 $-1 $924 $503 $946 $947 reversed $82 $-1 #
coedge $-1 -1 $-1 $948 $949 $503 $717 reversed $950 $-1 #
edge $-1 -1 $-1 $721 -1.570796326794896558 $951 0 $503 $952 forward @7 unknown #
coedge $-1 -1 $-1 $953 $504 $507 $724 forward $720 $-1 #
coedge $-1 -1 $-1 $504 $953 $948 $954 reversed $720 $-1 #
loop $-1 -1 $-1 $-1 $504 $955 #
vertex $-1 -1 $-1 $505 $956 #
straight-curve $-1 -1 $-1 120 0 0 0 0 1 F 5 F 75 #
coedge $-1 -1 $-1 $507 $506 $957 $958 reversed $508 $-1 #
edge $-1 -1 $-1 $509 0 $959 30 $507 $960 forward @14 tangent_not_g2 #
face $961 -1 $-1 $955 $508 $25 $-1 $962 forward single #
point $-1 -1 $-1 120 0 5 #
coedge $-1 -1 $-1 $530 $957 $513 $728 reversed $531 $-1 #
edge $-1 -1 $-1 $729 5 $731 115 $727 $963 forward @7 unknown #
vertex $-1 -1 $-1 $728 $964 #
straight-curve $-1 -1 $-1 5 0 -8.881784197000999888e-16 0 1 0 F 0 F 30 #
vertex $-1 -1 $-1 $728 $965 #
straight-curve $-1 -1 $-1 115 0 -8.881784197000999888e-16 0 1 0 F 0 F 30 #
loop $-1 -1 $-1 $966 $967 $517 #
coedge $-1 -1 $-1 $968 $969 $970 $971 forward $516 $-1 #
DXID-attrib $-1 -1 $-1 $-1 $517 @10 ASM ENTITY @1 8 #
plane-surface $-1 -1 $-1 0 0 0 0 0 1 1 0 0 forward_v I I I I #
coedge $-1 -1 $-1 $972 $924 $520 $738 reversed $82 $-1 #
edge $-1 -1 $-1 $740 45.49999999999999289 $744 75 $520 $973 forward @7 unknown #
coedge $-1 -1 $-1 $521 $698 $972 $974 reversed $309 $-1 #
vertex $-1 -1 $-1 $522 $975 #
straight-curve $-1 -1 $-1 0 -0.5 45.5 0 -1 0 F -10.80000000000000071 F -0.5 #
point $-1 -1 $-1 0 10.30000000000000071 45.5 #
coedge $-1 -1 $-1 $527 $923 $529 $747 reversed $488 $-1 #
vertex $-1 -1 $-1 $738 $976 #
straight-curve $-1 -1 $-1 -8.881784197000999888e-16 0 75 0 1 0 F 0 F 30 #
coedge $-1 -1 $-1 $977 $529 $978 $979 forward $531 $-1 #
edge $-1 -1 $-1 $532 -1.570796326794896558 $980 0 $743 $981 forward @7 unknown #
loop $-1 -1 $-1 $982 $983 $487 #
point $-1 -1 $-1 -8.881784197000999888e-16 30 75 #
ellipse-curve $-1 -1 $-1 5 30 5 0 -1 0 0 0 5 1 F 1.570796326794896558 F 3.141592653589793116 #
DXID-attrib $-1 -1 $-1 $-1 $535 @10 ASM ENTITY @1 7 #
cone-surface $-1 -1 $-1 5 0 5 0 1 0 -5 0 0 1 I I 0 1 5 forward I I I I #
coedge $-1 -1 $-1 $537 $984 $985 $986 reversed $82 $-1 #
coedge $-1 -1 $-1 $987 $988 $537 $755 reversed $989 $-1 #
edge $-1 -1 $-1 $990 1.874368715792939056e-13 $757 3.266920484758079724 $537 $991 forward @7 unknown #
coedge $-1 -1 $-1 $992 $538 $988 $993 forward $702 $-1 #
vertex $-1 -1 $-1 $755 $994 #
straight-curve $-1 -1 $-1 2.5 0 1.25 0 0 -1 F -37.25 F -6.895751311064000078 #
point $-1 -1 $-1 2.5 0 38.5 #
DXID-attrib $-1 -1 $-1 $-1 $543 @10 ASM ENTITY @1 6 #
face $995 -1 $-1 $996 $785 $27 $-1 $997 forward single #
cone-surface $-1 -1 $-1 115 -3.000000000000000444 5 0 1 0 5 0 0 1 I I 0 1 5 forward I I I I #
loop $-1 -1 $-1 $998 $999 $216 #
coedge $-1 -1 $-1 $764 $764 $1000 $1001 reversed $545 $-1 #
coedge $-1 -1 $-1 $546 $1002 $788 $1003 forward $348 $-1 #
edge $-1 -1 $-1 $769 5 $791 115 $546 $1004 forward @7 unknown #
coedge $-1 -1 $-1 $576 $1005 $547 $768 reversed $798 $-1 #
edge $-1 -1 $-1 $578 0 $794 3.000000000000000444 $547 $1006 forward @14 tangent_not_g2 #
vertex $-1 -1 $-1 $574 $1007 #
straight-curve $-1 -1 $-1 5 -3.000000000000000444 -8.881784197000999888e-16 0 1 0 F 0 F 3.000000000000000444 #
loop $-1 -1 $-1 $1008 $1009 $53 #
coedge $-1 -1 $-1 $772 $772 $1010 $1011 forward $550 $-1 #
coedge $-1 -1 $-1 $773 $773 $551 $774 reversed $1012 $-1 #
edge $-1 -1 $-1 $1013 0 $1013 6.283185307179586232 $551 $1014 forward @7 unknown #
loop $-1 -1 $-1 $1015 $552 $1016 #
vertex $-1 -1 $-1 $553 $1017 #
ellipse-curve $-1 -1 $-1 49.40000000000000568 -3.000000000000000444 34.10000000000000142 0 1 0 0 0 1 1 I I #
loop $-1 -1 $-1 $-1 $1018 $779 #
face $1019 -1 $-1 $1016 $554 $27 $-1 $1020 reversed single #
point $-1 -1 $-1 5.5 -3.000000000000000444 8.699999999999999289 #
coedge $-1 -1 $-1 $1021 $1022 $557 $782 reversed $1023 $-1 #
edge $-1 -1 $-1 $786 -1.570796326794896558 $799 0 $557 $1024 forward @7 unknown #
coedge $-1 -1 $-1 $1025 $558 $561 $789 forward $785 $-1 #
coedge $-1 -1 $-1 $558 $1025 $1021 $1026 reversed $785 $-1 #
loop $-1 -1 $-1 $-1 $558 $761 #
vertex $-1 -1 $-1 $559 $1027 #
straight-curve $-1 -1 $-1 120 -3.000000000000000444 0 0 0 1 F 5 F 75 #
coedge $-1 -1 $-1 $561 $560 $765 $1003 reversed $562 $-1 #
edge $-1 -1 $-1 $563 0 $1028 3.000000000000000444 $561 $1029 forward @14 tangent_not_g2 #
point $-1 -1 $-1 120 -3.000000000000000444 5 #
vertex $-1 -1 $-1 $766 $1030 #
straight-curve $-1 -1 $-1 115 -3.000000000000000444 -8.881784197000999888e-16 0 1 0 F 0 F 3.000000000000000444 #
coedge $-1 -1 $-1 $1031 $569 $1005 $1032 forward $348 $-1 #
vertex $-1 -1 $-1 $768 $1033 #
ellipse-curve $-1 -1 $-1 5 0 75 0 1 0 0 0 5 1 F -1.570796326794896558 F 0 #
ellipse-curve $-1 -1 $-1 5 0 5 0 -1 0 0 0 5 1 F 1.570796326794896558 F 3.141592653589793116 #
coedge $-1 -1 $-1 $1005 $576 $1022 $1034 forward $798 $-1 #
loop $-1 -1 $-1 $-1 $1005 $1035 #
vertex $-1 -1 $-1 $782 $1036 #
straight-curve $-1 -1 $-1 0 -3.000000000000000444 80 1 0 0 F 5 F 115 #
point $-1 -1 $-1 5 -3.000000000000000444 80 #
DXID-attrib $-1 -1 $-1 $-1 $581 @10 ASM ENTITY @1 6 #
plane-surface $-1 -1 $-1 46.00000000000000711 7.5 52.54000000000000625 -1 0 0 -0 -1.110223024625000001e-16 -1 forward_v I I I I #
loop $-1 -1 $-1 $1037 $1038 $379 #
coedge $-1 -1 $-1 $584 $876 $1039 $1040 reversed $380 $-1 #
edge $-1 -1 $-1 $1041 -3.764999999999996128 $637 4.235000000000006537 $636 $1042 forward @7 unknown #
coedge $-1 -1 $-1 $585 $884 $1043 $1044 reversed $237 $-1 #
coedge $-1 -1 $-1 $1045 $587 $585 $809 reversed $813 $-1 #
edge $-1 -1 $-1 $1046 0 $589 8.940000000000001279 $585 $1047 forward @7 unknown #
coedge $-1 -1 $-1 $1048 $1049 $586 $811 reversed $1050 $-1 #
edge $-1 -1 $-1 $814 0 $1051 8.350000000000008527 $586 $1052 forward @7 unknown #
coedge $-1 -1 $-1 $587 $1045 $1048 $1053 forward $813 $-1 #
loop $-1 -1 $-1 $-1 $1045 $1054 #
vertex $-1 -1 $-1 $588 $1055 #
straight-curve $-1 -1 $-1 45.35000000000000142 8.580000000000001847 46.46999999999999886 0 -1 1.110223024625000001e-16 F 0 F 4.580000000000000071 #
point $-1 -1 $-1 45.35000000000000142 8.580000000000001847 46.46999999999999886 #
coedge $-1 -1 $-1 $592 $591 $1056 $1057 reversed $240 $-1 #
coedge $-1 -1 $-1 $1058 $1059 $591 $819 reversed $1060 $-1 #
edge $-1 -1 $-1 $826 0 $1061 4.000000000000003553 $591 $1062 forward @7 unknown #
coedge $-1 -1 $-1 $1063 $1064 $592 $821 forward $1065 $-1 #
edge $-1 -1 $-1 $825 0 $1066 4.000000000000003553 $592 $1067 forward @7 unknown #
coedge $-1 -1 $-1 $1068 $593 $1064 $1069 forward $824 $-1 #
coedge $-1 -1 $-1 $593 $1068 $1058 $1070 reversed $824 $-1 #
loop $-1 -1 $-1 $-1 $822 $1071 #
vertex $-1 -1 $-1 $594 $1072 #
vertex $-1 -1 $-1 $594 $1073 #
straight-curve $-1 -1 $-1 47.40000000000000568 7.5 48.39999999999999858 0 1.110223024625000001e-16 1 F 0 F 3.000000000000007105 #
coedge $-1 -1 $-1 $1074 $1075 $595 $829 forward $1076 $-1 #
edge $-1 -1 $-1 $838 0 $833 3.000000000000002665 $595 $1077 forward @7 unknown #
coedge $-1 -1 $-1 $1078 $596 $601 $842 forward $832 $-1 #
coedge $-1 -1 $-1 $596 $1078 $1074 $1079 reversed $832 $-1 #
loop $-1 -1 $-1 $-1 $596 $1080 #
vertex $-1 -1 $-1 $597 $1081 #
straight-curve $-1 -1 $-1 47.40000000000000568 7.5 35.60000000000000853 1 0 0 F 0 F 4.000000000000003553 #
coedge $-1 -1 $-1 $1082 $598 $1075 $1083 forward $837 $-1 #
coedge $-1 -1 $-1 $598 $1082 $600 $841 reversed $837 $-1 #
loop $-1 -1 $-1 $-1 $598 $1084 #
vertex $-1 -1 $-1 $829 $1085 #
straight-curve $-1 -1 $-1 47.40000000000000568 7.5 32.60000000000000142 1 0 0 F 0 F 4.000000000000003553 #
coedge $-1 -1 $-1 $601 $600 $1086 $1087 forward $602 $-1 #
edge $-1 -1 $-1 $603 0 $1088 1.999999999999999556 $600 $1089 forward @7 unknown #
edge $-1 -1 $-1 $604 0 $1090 1.999999999999999556 $601 $1091 forward @7 unknown #
face $1092 -1 $-1 $1080 $602 $29 $-1 $1093 reversed single #
point $-1 -1 $-1 47.40000000000000568 7.5 32.60000000000000142 #
point $-1 -1 $-1 47.40000000000000568 7.5 35.60000000000000853 #
coedge $-1 -1 $-1 $607 $606 $878 $1094 forward $608 $-1 #
edge $-1 -1 $-1 $609 0 $882 1.800000000000001599 $633 $1095 forward @7 unknown #
face $1096 -1 $-1 $843 $608 $29 $-1 $1097 forward single #
point $-1 -1 $-1 46.00000000000000711 7.5 52.54000000000000625 #
coedge $-1 -1 $-1 $611 $1098 $1099 $1100 reversed $92 $-1 #
coedge $-1 -1 $-1 $1101 $1102 $611 $852 reversed $1103 $-1 #
edge $-1 -1 $-1 $1104 0 $856 18.55999999999999872 $611 $1105 forward @7 unknown #
coedge $-1 -1 $-1 $1106 $612 $1102 $1107 forward $855 $-1 #
coedge $-1 -1 $-1 $612 $1108 $614 $859 forward $855 $-1 #
loop $-1 -1 $-1 $-1 $612 $1109 #
vertex $-1 -1 $-1 $852 $1110 #
straight-curve $-1 -1 $-1 60.89999999999999858 7.5 51.28000000000000114 1 0 0 F 0 F 30.09999999999999787 #
coedge $-1 -1 $-1 $615 $614 $1111 $1112 forward $616 $-1 #
edge $-1 -1 $-1 $1113 -1.599999999999999201 $617 0 $614 $1114 forward @7 unknown #
face $1115 -1 $-1 $1109 $616 $29 $-1 $1116 reversed single #
point $-1 -1 $-1 91 7.5 51.28000000000000114 #
coedge $-1 -1 $-1 $871 $619 $1117 $1118 reversed $397 $-1 #
coedge $-1 -1 $-1 $1111 $1119 $619 $864 reversed $1120 $-1 #
edge $-1 -1 $-1 $865 0 $1121 6.000000000000014211 $619 $1122 forward @7 unknown #
vertex $-1 -1 $-1 $620 $1123 #
straight-curve $-1 -1 $-1 91 7.5 54.70000000000000284 0 -1 1.110223024625000001e-16 F 0 F 1.599999999999999201 #
coedge $-1 -1 $-1 $1124 $878 $621 $868 reversed $582 $-1 #
edge $-1 -1 $-1 $1125 0 $869 45.71999999999999886 $867 $1126 forward @7 unknown #
vertex $-1 -1 $-1 $1094 $1127 #
straight-curve $-1 -1 $-1 48.15999999999999659 7.5 54.70000000000000284 0 1 -1.110223024625000001e-16 F 0 F 1.800000000000001599 #
coedge $-1 -1 $-1 $623 $862 $1128 $1129 reversed $397 $-1 #
coedge $-1 -1 $-1 $1130 $1131 $623 $873 reversed $1132 $-1 #
edge $-1 -1 $-1 $1133 0 $1125 1.800000000000001599 $623 $1134 forward @7 unknown #
DXID-attrib $-1 -1 $-1 $-1 $624 @10 ASM ENTITY @1 7 #
plane-surface $-1 -1 $-1 93.87999999999999545 7.5 54.70000000000000284 0 1.110223024625000001e-16 1 -1 0 0 forward_v I I I I #
coedge $-1 -1 $-1 $805 $627 $630 $880 forward $380 $-1 #
straight-curve $-1 -1 $-1 47.27000000000000313 7.5 46.00000000000000711 0 1 -1.110223024625000001e-16 F 1.080000000000000959 F 1.800000000000001599 #
coedge $-1 -1 $-1 $867 $629 $846 $1094 reversed $582 $-1 #
coedge $-1 -1 $-1 $630 $1135 $1136 $1137 reversed $582 $-1 #
edge $-1 -1 $-1 $631 0 $1138 8.000000000000001776 $876 $1139 forward @7 unknown #
point $-1 -1 $-1 47.27000000000000313 9.300000000000000711 46.00000000000000711 #
vertex $-1 -1 $-1 $634 $1140 #
straight-curve $-1 -1 $-1 46.00000000000000711 9.300000000000000711 52.54000000000000625 0 -1.110223024625000001e-16 -1 F 0 F 5.27000000000000135 #
coedge $-1 -1 $-1 $807 $636 $1141 $1142 reversed $237 $-1 #
point $-1 -1 $-1 47.27000000000000313 8.580000000000001847 46.00000000000000711 #
coedge $-1 -1 $-1 $1143 $642 $639 $887 forward $892 $-1 #
edge $-1 -1 $-1 $644 1.080000000000000959 $1051 4.580000000000000071 $639 $1144 forward @7 unknown #
coedge $-1 -1 $-1 $1145 $641 $1146 $1147 forward $92 $-1 #
coedge $-1 -1 $-1 $1148 $1149 $641 $890 reversed $1150 $-1 #
edge $-1 -1 $-1 $893 4.665468580685994127 $1151 11.56546858068600692 $641 $1152 forward @7 unknown #
coedge $-1 -1 $-1 $642 $1143 $1148 $1153 reversed $892 $-1 #
loop $-1 -1 $-1 $-1 $891 $1154 #
vertex $-1 -1 $-1 $643 $1155 #
straight-curve $-1 -1 $-1 53.70000000000000995 7.5 39.76500000000000057 0 1.110223024625000001e-16 1 F -2.23500000000000032 F 6.705000000000000959 #
point $-1 -1 $-1 53.70000000000000995 7.5 46.46999999999999886 #
DXID-attrib $-1 -1 $-1 $-1 $648 @10 ASM ENTITY @1 6 #
face $1156 -1 $-1 $1157 $1158 $31 $-1 $1159 forward single #
loop $-1 -1 $-1 $-1 $1160 $648 #
plane-surface $-1 -1 $-1 38.75 4.599999999999999645 37.89999999999999858 0 0 1 1 0 0 forward_v I I I I #
loop $-1 -1 $-1 $-1 $1161 $420 #
coedge $-1 -1 $-1 $657 $656 $651 $902 forward $649 $-1 #
edge $-1 -1 $-1 $903 0 $906 12.40000000000000213 $651 $1162 forward @7 unknown #
vertex $-1 -1 $-1 $652 $1163 #
straight-curve $-1 -1 $-1 14.85000000000000142 9.050000000000000711 35.79999999999999716 1 0 0 F 0 F 24.00000000000000355 #
edge $-1 -1 $-1 $658 0 $906 6.500000000000000888 $653 $1164 forward @7 unknown #
vertex $-1 -1 $-1 $905 $1165 #
straight-curve $-1 -1 $-1 14.85000000000000142 9.050000000000000711 48.20000000000000284 1 0 0 F 0 F 24.00000000000000355 #
point $-1 -1 $-1 38.85000000000000142 2.549999999999999822 48.20000000000000284 #
straight-curve $-1 -1 $-1 38.85000000000000142 2.549999999999999822 35.79999999999999716 0 1 0 F 0 F 6.500000000000000888 #
DXID-attrib $-1 -1 $-1 $-1 $668 @10 ASM ENTITY @1 6 #
loop $-1 -1 $-1 $-1 $1166 $668 #
plane-surface $-1 -1 $-1 104 15 68 0 0 1 1 0 0 forward_v I I I I #
loop $-1 -1 $-1 $-1 $1167 $445 #
coedge $-1 -1 $-1 $914 $914 $1166 $1168 forward $669 $-1 #
coedge $-1 -1 $-1 $915 $915 $1167 $1169 forward $671 $-1 #
vertex $-1 -1 $-1 $673 $1170 #
ellipse-curve $-1 -1 $-1 104 15 80 0 0 1 4.599999999999999645 0 0 1 I I #
straight-curve $-1 -1 $-1 59.40000000000000568 -0.2999999999999999889 32.85000000000000142 1 0 0 F 0 F 35.80000000000000426 #
straight-curve $-1 -1 $-1 95.20000000000001705 -0.2999999999999999889 32.85000000000000142 0 0 1 F 0 F 19.29999999999999716 #
point $-1 -1 $-1 95.20000000000001705 -0.2999999999999999889 32.85000000000000142 #
point $-1 -1 $-1 95.20000000000001705 -0.2999999999999999889 52.14999999999999858 #
straight-curve $-1 -1 $-1 59.40000000000000568 -0.2999999999999999889 52.14999999999999858 1 0 0 F 0 F 35.80000000000000426 #
coedge $-1 -1 $-1 $743 $697 $1171 $1172 forward $488 $-1 #
coedge $-1 -1 $-1 $737 $715 $697 $925 reversed $82 $-1 #
edge $-1 -1 $-1 $744 -1.570796326794896558 $1173 0 $924 $1174 forward @7 unknown #
coedge $-1 -1 $-1 $700 $1175 $698 $927 reversed $702 $-1 #
edge $-1 -1 $-1 $928 -11.30000000000000071 $1176 -1 $698 $1177 forward @7 unknown #
vertex $-1 -1 $-1 $701 $1178 #
straight-curve $-1 -1 $-1 -1 10.30000000000000071 45.5 1 0 0 F 1 F 3.499999999999999556 #
straight-curve $-1 -1 $-1 2.5 10.30000000000000071 20.50000000000000355 0 0 1 F 17.99999999999999645 F 24.99999999999999289 #
coedge $-1 -1 $-1 $1175 $992 $1179 $1180 reversed $702 $-1 #
face $1181 -1 $-1 $1182 $702 $25 $-1 $1183 forward single #
loop $-1 -1 $-1 $-1 $1184 $49 #
coedge $-1 -1 $-1 $934 $934 $1185 $1186 forward $705 $-1 #
coedge $-1 -1 $-1 $935 $935 $706 $936 reversed $1187 $-1 #
edge $-1 -1 $-1 $1188 0 $1188 6.283185307179586232 $706 $1189 forward @7 unknown #
loop $-1 -1 $-1 $1190 $707 $1191 #
vertex $-1 -1 $-1 $708 $1192 #
ellipse-curve $-1 -1 $-1 60 0 5.5 0 1 0 0 0 2 1 I I #
loop $-1 -1 $-1 $-1 $1193 $941 #
face $1194 -1 $-1 $1191 $709 $25 $-1 $1195 reversed single #
point $-1 -1 $-1 5.5 0 76.5 #
coedge $-1 -1 $-1 $943 $943 $1196 $1197 forward $712 $-1 #
DXID-attrib $-1 -1 $-1 $-1 $713 @10 ASM ENTITY @2 25 #
cone-surface $-1 -1 $-1 5.5 -1 5.5 0 1 0 0 0 2 1 I I 0 1 2 forward I I I I #
coedge $-1 -1 $-1 $1198 $1171 $715 $947 forward $1199 $-1 #
edge $-1 -1 $-1 $1173 5 $951 115 $715 $1200 forward @7 unknown #
coedge $-1 -1 $-1 $1201 $716 $719 $954 forward $950 $-1 #
coedge $-1 -1 $-1 $716 $1201 $1198 $1202 reversed $950 $-1 #
loop $-1 -1 $-1 $-1 $716 $1203 #
vertex $-1 -1 $-1 $717 $1204 #
ellipse-curve $-1 -1 $-1 115 0 75 0 -1 0 0 0 5 1 F -1.570796326794896558 F 0 #
coedge $-1 -1 $-1 $719 $718 $1205 $1206 forward $720 $-1 #
edge $-1 -1 $-1 $721 0 $1207 30 $719 $1208 forward @14 tangent_not_g2 #
face $1209 -1 $-1 $1203 $720 $25 $-1 $1210 forward single #
point $-1 -1 $-1 120 0 75 #
coedge $-1 -1 $-1 $727 $1205 $723 $958 forward $531 $-1 #
edge $-1 -1 $-1 $959 1.570796326794896558 $731 3.141592653589793116 $957 $1211 forward @7 unknown #
vertex $-1 -1 $-1 $1206 $1212 #
straight-curve $-1 -1 $-1 120 0 5 0 1 0 F 0 F 30 #
DXID-attrib $-1 -1 $-1 $-1 $725 @10 ASM ENTITY @1 9 #
cone-surface $-1 -1 $-1 115 0 5 0 1 0 5 0 0 1 I I 0 1 5 forward I I I I #
straight-curve $-1 -1 $-1 0 30 0 1 0 0 F 5 F 115 #
point $-1 -1 $-1 5 30 -8.881784197000999888e-16 #
point $-1 -1 $-1 115 30 -8.881784197000999888e-16 #
loop $-1 -1 $-1 $-1 $1213 $517 #
coedge $-1 -1 $-1 $1214 $1215 $1216 $1217 forward $733 $-1 #
coedge $-1 -1 $-1 $1218 $734 $1219 $1220 forward $516 $-1 #
coedge $-1 -1 $-1 $734 $1218 $1221 $1222 forward $516 $-1 #
coedge $-1 -1 $-1 $1223 $1224 $734 $971 reversed $1225 $-1 #
edge $-1 -1 $-1 $1226 6.000000000000000888 $1227 8 $734 $1228 forward @7 unknown #
coedge $-1 -1 $-1 $1229 $737 $739 $974 forward $82 $-1 #
straight-curve $-1 -1 $-1 0 0 0 0 0 1 F 45.49999999999999289 F 75 #
edge $-1 -1 $-1 $740 0.5 $1176 2.999999999999999556 $972 $1230 forward @7 unknown #
point $-1 -1 $-1 0 0 45.5 #
point $-1 -1 $-1 -8.881784197000999888e-16 0 75 #
coedge $-1 -1 $-1 $1205 $746 $1201 $1231 reversed $531 $-1 #
coedge $-1 -1 $-1 $1171 $1198 $746 $979 reversed $1199 $-1 #
edge $-1 -1 $-1 $980 5 $1232 115 $746 $1233 forward @7 unknown #
vertex $-1 -1 $-1 $1172 $1234 #
ellipse-curve $-1 -1 $-1 5 30 75 0 1 0 0 0 5 1 F -1.570796326794896558 F 0 #
loop $-1 -1 $-1 $1235 $1236 $487 #
coedge $-1 -1 $-1 $1237 $1238 $1239 $1240 reversed $748 $-1 #
coedge $-1 -1 $-1 $753 $1241 $1242 $1243 forward $82 $-1 #
coedge $-1 -1 $-1 $1244 $1245 $753 $986 forward $1246 $-1 #
edge $-1 -1 $-1 $990 6.895751311065000166 $1247 56.10424868893600348 $753 $1248 forward @7 unknown #
coedge $-1 -1 $-1 $1249 $754 $1245 $1250 forward $989 $-1 #
coedge $-1 -1 $-1 $754 $1249 $756 $993 reversed $989 $-1 #
loop $-1 -1 $-1 $-1 $1249 $1251 #
vertex $-1 -1 $-1 $986 $1252 #
ellipse-curve $-1 -1 $-1 5.5 0 5.5 0 -1 0 2.645751311064258982 0 -3.000000000000293543 1 F 1.874368715792939056e-13 F 3.266920484758079724 #
coedge $-1 -1 $-1 $931 $756 $1253 $1254 forward $702 $-1 #
edge $-1 -1 $-1 $757 0 $1255 27.5 $756 $1256 forward @7 unknown #
point $-1 -1 $-1 2.5 0 8.145751311064000078 #
DXID-attrib $-1 -1 $-1 $-1 $761 @10 ASM ENTITY @1 7 #
face $1257 -1 $-1 $1035 $1023 $27 $-1 $1258 forward single #
plane-surface $-1 -1 $-1 120 -3.000000000000000444 0 1 0 0 0 0 1 forward_v I I I I #
loop $-1 -1 $-1 $1259 $1260 $216 #
coedge $-1 -1 $-1 $999 $999 $1261 $1262 reversed $763 $-1 #
coedge $-1 -1 $-1 $1000 $1000 $764 $1001 forward $1263 $-1 #
edge $-1 -1 $-1 $1264 0 $1264 6.283185307179586232 $764 $1265 forward @7 unknown #
coedge $-1 -1 $-1 $765 $1031 $1025 $1266 reversed $348 $-1 #
edge $-1 -1 $-1 $1028 1.570796326794896558 $791 3.141592653589793116 $765 $1267 forward @7 unknown #
straight-curve $-1 -1 $-1 0 0 0 1 0 0 F 5 F 115 #
coedge $-1 -1 $-1 $767 $797 $793 $1032 reversed $798 $-1 #
straight-curve $-1 -1 $-1 5 -3.000000000000000444 80 0 1 0 F 0 F 3.000000000000000444 #
point $-1 -1 $-1 5 0 -8.881784197000999888e-16 #
loop $-1 -1 $-1 $1268 $1269 $53 #
coedge $-1 -1 $-1 $1009 $1009 $1270 $1271 forward $771 $-1 #
coedge $-1 -1 $-1 $1010 $1010 $772 $1011 reversed $1272 $-1 #
edge $-1 -1 $-1 $1273 0 $1273 6.283185307179586232 $772 $1274 forward @7 unknown #
loop $-1 -1 $-1 $1275 $773 $1276 #
vertex $-1 -1 $-1 $774 $1277 #
ellipse-curve $-1 -1 $-1 5.5 -3.000000000000000444 74.5 0 1 0 0 0 3.200000000000000622 1 I I #
loop $-1 -1 $-1 $-1 $1278 $1016 #
face $1279 -1 $-1 $1276 $775 $27 $-1 $1280 reversed single #
point $-1 -1 $-1 49.40000000000000568 -3.000000000000000444 35.10000000000000142 #
coedge $-1 -1 $-1 $1018 $1018 $1281 $1282 forward $778 $-1 #
DXID-attrib $-1 -1 $-1 $-1 $779 @10 ASM ENTITY @2 10 #
cone-surface $-1 -1 $-1 5.5 -4 5.5 0 1 0 0 0 3.200000000000000622 1 I I 0 1 3.200000000000000622 forward I I I I #
coedge $-1 -1 $-1 $1283 $781 $784 $1026 forward $1023 $-1 #
coedge $-1 -1 $-1 $781 $1283 $797 $1034 reversed $1023 $-1 #
loop $-1 -1 $-1 $-1 $781 $996 #
ellipse-curve $-1 -1 $-1 115 -3.000000000000000444 75 0 -1 0 0 0 5 1 F -1.570796326794896558 F 0 #
coedge $-1 -1 $-1 $784 $783 $1002 $1266 forward $785 $-1 #
edge $-1 -1 $-1 $786 0 $1284 3.000000000000000444 $784 $1285 forward @14 tangent_not_g2 #
point $-1 -1 $-1 120 -3.000000000000000444 75 #
vertex $-1 -1 $-1 $1266 $1286 #
straight-curve $-1 -1 $-1 120 -3.000000000000000444 5 0 1 0 F 0 F 3.000000000000000444 #
point $-1 -1 $-1 115 0 -8.881784197000999888e-16 #
coedge $-1 -1 $-1 $1002 $793 $1283 $1287 reversed $348 $-1 #
edge $-1 -1 $-1 $794 5 $1288 115 $793 $1289 forward @7 unknown #
point $-1 -1 $-1 5 0 80 #
edge $-1 -1 $-1 $799 0 $1288 3.000000000000000444 $1022 $1290 forward @14 tangent_not_g2 #
face $1291 -1 $-1 $779 $798 $27 $-1 $1292 forward single #
point $-1 -1 $-1 115 -3.000000000000000444 80 #
loop $-1 -1 $-1 $-1 $1293 $379 #
coedge $-1 -1 $-1 $1294 $1295 $1296 $1297 reversed $804 $-1 #
coedge $-1 -1 $-1 $1136 $1141 $805 $1040 forward $1298 $-1 #
edge $-1 -1 $-1 $1041 1.080000000000000959 $1138 1.800000000000001599 $805 $1299 forward @7 unknown #
vertex $-1 -1 $-1 $806 $1300 #
straight-curve $-1 -1 $-1 47.27000000000000313 8.580000000000001847 41.76500000000000057 0 1.110223024625000001e-16 1 F -3.764999999999996128 F 4.235000000000006537 #
coedge $-1 -1 $-1 $1149 $1301 $807 $1044 forward $1150 $-1 #
edge $-1 -1 $-1 $1046 0 $1302 1.449999999999995737 $807 $1303 forward @7 unknown #
coedge $-1 -1 $-1 $812 $808 $1301 $1304 forward $813 $-1 #
vertex $-1 -1 $-1 $1044 $1305 #
straight-curve $-1 -1 $-1 45.35000000000000142 8.580000000000001847 37.53000000000000114 0 1.110223024625000001e-16 1 F 0 F 8.940000000000001279 #
coedge $-1 -1 $-1 $1306 $810 $812 $1053 reversed $1050 $-1 #
coedge $-1 -1 $-1 $810 $1306 $1143 $1307 forward $1050 $-1 #
loop $-1 -1 $-1 $-1 $1048 $1308 #
vertex $-1 -1 $-1 $811 $1309 #
straight-curve $-1 -1 $-1 45.35000000000000142 4 46.46999999999999886 1 0 0 F 0 F 8.350000000000008527 #
edge $-1 -1 $-1 $1310 0 $814 8.940000000000001279 $1048 $1311 forward @7 unknown #
face $1312 -1 $-1 $1313 $813 $29 $-1 $1314 reversed single #
point $-1 -1 $-1 45.35000000000000142 4 46.46999999999999886 #
coedge $-1 -1 $-1 $1315 $1316 $817 $1057 forward $1317 $-1 #
edge $-1 -1 $-1 $1066 0 $1061 3.000000000000007105 $817 $1318 forward @7 unknown #
coedge $-1 -1 $-1 $1319 $818 $823 $1070 forward $1060 $-1 #
coedge $-1 -1 $-1 $818 $1319 $1315 $1320 reversed $1060 $-1 #
loop $-1 -1 $-1 $-1 $818 $1321 #
vertex $-1 -1 $-1 $819 $1322 #
straight-curve $-1 -1 $-1 47.40000000000000568 7.5 51.40000000000000568 1 0 0 F 0 F 4.000000000000003553 #
coedge $-1 -1 $-1 $1323 $820 $1316 $1324 forward $1065 $-1 #
coedge $-1 -1 $-1 $820 $1323 $822 $1069 reversed $1065 $-1 #
loop $-1 -1 $-1 $-1 $820 $1325 #
vertex $-1 -1 $-1 $1057 $1326 #
straight-curve $-1 -1 $-1 47.40000000000000568 7.5 48.39999999999999858 1 0 0 F 0 F 4.000000000000003553 #
coedge $-1 -1 $-1 $823 $822 $1327 $1328 forward $824 $-1 #
edge $-1 -1 $-1 $825 0 $1329 1.999999999999999556 $822 $1330 forward @7 unknown #
edge $-1 -1 $-1 $826 0 $1331 1.999999999999999556 $823 $1332 forward @7 unknown #
face $1333 -1 $-1 $1321 $824 $29 $-1 $1334 reversed single #
point $-1 -1 $-1 47.40000000000000568 7.5 48.39999999999999858 #
point $-1 -1 $-1 47.40000000000000568 7.5 51.40000000000000568 #
coedge $-1 -1 $-1 $1335 $828 $831 $1079 forward $1076 $-1 #
coedge $-1 -1 $-1 $828 $1335 $835 $1083 reversed $1076 $-1 #
loop $-1 -1 $-1 $-1 $1075 $1336 #
straight-curve $-1 -1 $-1 51.40000000000000568 7.5 32.60000000000000142 0 1.110223024625000001e-16 1 F 0 F 3.000000000000002665 #
coedge $-1 -1 $-1 $831 $830 $1337 $1338 forward $832 $-1 #
edge $-1 -1 $-1 $833 0 $1339 1.999999999999999556 $831 $1340 forward @7 unknown #
face $1341 -1 $-1 $1084 $832 $29 $-1 $1342 forward single #
point $-1 -1 $-1 51.40000000000000568 7.5 35.60000000000000853 #
coedge $-1 -1 $-1 $836 $835 $1343 $1344 reversed $837 $-1 #
edge $-1 -1 $-1 $838 0 $1345 1.999999999999999556 $835 $1346 forward @7 unknown #
face $1347 -1 $-1 $1336 $837 $29 $-1 $1348 reversed single #
point $-1 -1 $-1 51.40000000000000568 7.5 32.60000000000000142 #
coedge $-1 -1 $-1 $1343 $1337 $840 $1087 reversed $1349 $-1 #
edge $-1 -1 $-1 $1088 0 $1090 3.000000000000002665 $840 $1350 forward @7 unknown #
vertex $-1 -1 $-1 $841 $1351 #
straight-curve $-1 -1 $-1 47.40000000000000568 7.5 32.60000000000000142 0 -1 1.110223024625000001e-16 F 0 F 1.999999999999999556 #
vertex $-1 -1 $-1 $1087 $1352 #
straight-curve $-1 -1 $-1 47.40000000000000568 7.5 35.60000000000000853 0 -1 1.110223024625000001e-16 F 0 F 1.999999999999999556 #
DXID-attrib $-1 -1 $-1 $-1 $843 @10 ASM ENTITY @2 28 #
plane-surface $-1 -1 $-1 47.40000000000000568 7.5 32.60000000000000142 1 0 0 0 -1 1.110223024625000001e-16 forward_v I I I I #
edge $-1 -1 $-1 $869 -0 $882 3.05470129472392582 $878 $1353 forward @7 unknown #
straight-curve $-1 -1 $-1 46.00000000000000711 7.5 52.54000000000000625 0 1 -1.110223024625000001e-16 F 0 F 1.800000000000001599 #
DXID-attrib $-1 -1 $-1 $-1 $848 @10 ASM ENTITY @2 27 #
plane-surface $-1 -1 $-1 48.15999999999999659 7.5 54.70000000000000284 -0.7071067811865475727 7.8504622934139775e-17 0.7071067811865475727 -0.7071067811865476838 -7.8504622934139775e-17 -0.7071067811865476838 forward_v I I I I #
coedge $-1 -1 $-1 $850 $1354 $1355 $1356 reversed $92 $-1 #
coedge $-1 -1 $-1 $1357 $1358 $850 $1100 forward $1359 $-1 #
edge $-1 -1 $-1 $1104 0 $1360 33.00000000000000711 $850 $1361 forward @7 unknown #
coedge $-1 -1 $-1 $1362 $851 $1358 $1363 forward $1103 $-1 #
coedge $-1 -1 $-1 $851 $1362 $853 $1107 reversed $1103 $-1 #
loop $-1 -1 $-1 $-1 $1101 $1364 #
vertex $-1 -1 $-1 $1100 $1365 #
straight-curve $-1 -1 $-1 60.89999999999999858 7.5 32.71999999999999886 0 1.110223024625000001e-16 1 F 0 F 18.55999999999999872 #
coedge $-1 -1 $-1 $1366 $853 $1367 $1368 forward $855 $-1 #
edge $-1 -1 $-1 $856 0 $1369 5 $853 $1370 forward @7 unknown #
coedge $-1 -1 $-1 $854 $1366 $1371 $1372 reversed $855 $-1 #
face $1373 -1 $-1 $1364 $855 $29 $-1 $1374 forward single #
point $-1 -1 $-1 60.89999999999999858 7.5 51.28000000000000114 #
coedge $-1 -1 $-1 $1371 $863 $858 $1112 reversed $1120 $-1 #
edge $-1 -1 $-1 $1113 1.280000000000001137 $865 4.700000000000006395 $858 $1375 forward @7 unknown #
vertex $-1 -1 $-1 $1112 $1376 #
straight-curve $-1 -1 $-1 91 7.5 51.28000000000000114 0 1 -1.110223024625000001e-16 F -1.599999999999999201 F 0 #
DXID-attrib $-1 -1 $-1 $-1 $860 @10 ASM ENTITY @1 8 #
plane-surface $-1 -1 $-1 91 7.5 50 1 0 0 0 -1 1.110223024625000001e-16 forward_v I I I I #
coedge $-1 -1 $-1 $1377 $1378 $862 $1118 forward $1379 $-1 #
edge $-1 -1 $-1 $1380 0 $1121 1.599999999999999201 $862 $1381 forward @7 unknown #
coedge $-1 -1 $-1 $863 $1382 $1377 $1383 forward $1120 $-1 #
loop $-1 -1 $-1 $-1 $1111 $1384 #
vertex $-1 -1 $-1 $864 $1385 #
straight-curve $-1 -1 $-1 91 5.900000000000000355 54.70000000000000284 1 0 0 F 0 F 6.000000000000014211 #
point $-1 -1 $-1 91 5.900000000000000355 54.70000000000000284 #
coedge $-1 -1 $-1 $1386 $867 $1131 $1387 reversed $582 $-1 #
vertex $-1 -1 $-1 $868 $1388 #
straight-curve $-1 -1 $-1 93.87999999999999545 9.300000000000000711 54.70000000000000284 -1 0 0 F 0 F 45.71999999999999886 #
point $-1 -1 $-1 48.15999999999999659 9.300000000000000711 54.70000000000000284 #
coedge $-1 -1 $-1 $1389 $1390 $871 $1129 forward $1391 $-1 #
edge $-1 -1 $-1 $1133 2.880000000000002558 $1380 6.000000000000014211 $871 $1392 forward @7 unknown #
coedge $-1 -1 $-1 $1393 $872 $1390 $1394 reversed $1132 $-1 #
coedge $-1 -1 $-1 $872 $1395 $1124 $1387 forward $1132 $-1 #
loop $-1 -1 $-1 $-1 $1395 $1396 #
vertex $-1 -1 $-1 $873 $1397 #
straight-curve $-1 -1 $-1 93.87999999999999545 7.5 54.70000000000000284 0 1 -1.110223024625000001e-16 F 0 F 1.800000000000001599 #
coedge $-1 -1 $-1 $879 $1398 $1399 $1400 reversed $582 $-1 #
coedge $-1 -1 $-1 $1401 $1039 $879 $1137 forward $1298 $-1 #
edge $-1 -1 $-1 $1138 -0 $1402 1.796051224212680708 $879 $1403 forward @7 unknown #
vertex $-1 -1 $-1 $880 $1404 #
straight-curve $-1 -1 $-1 47.27000000000000313 9.300000000000000711 46.00000000000000711 0 -1.110223024625000001e-16 -1 F 0 F 8.000000000000001776 #
point $-1 -1 $-1 46.00000000000000711 9.300000000000000711 52.54000000000000625 #
coedge $-1 -1 $-1 $1039 $1405 $884 $1142 forward $1298 $-1 #
edge $-1 -1 $-1 $1302 0.1803122292024484652 $1041 0.8449926035173829231 $884 $1406 forward @7 unknown #
coedge $-1 -1 $-1 $891 $886 $1049 $1307 reversed $892 $-1 #
straight-curve $-1 -1 $-1 53.70000000000000995 8.580000000000001847 46.46999999999999886 0 -1 1.110223024625000001e-16 F 1.080000000000000959 F 4.580000000000000071 #
coedge $-1 -1 $-1 $1407 $888 $1408 $1409 forward $92 $-1 #
coedge $-1 -1 $-1 $1405 $1401 $888 $1147 reversed $1298 $-1 #
edge $-1 -1 $-1 $1151 0.6646803743149343191 $1410 1.796051224212680708 $888 $1411 forward @7 unknown #
coedge $-1 -1 $-1 $1412 $889 $891 $1153 forward $1150 $-1 #
coedge $-1 -1 $-1 $889 $1043 $1405 $1413 reversed $1150 $-1 #
loop $-1 -1 $-1 $-1 $1043 $1414 #
vertex $-1 -1 $-1 $890 $1415 #
straight-curve $-1 -1 $-1 58.36546858068600585 7.5 37.53000000000000114 -1 0 0 F 4.665468580685994127 F 11.56546858068600692 #
edge $-1 -1 $-1 $893 1.080000000000000959 $1416 4.580000000000000071 $1148 $1417 forward @7 unknown #
face $1418 -1 $-1 $848 $892 $29 $-1 $1419 forward single #
point $-1 -1 $-1 53.70000000000000995 7.5 37.53000000000000114 #
DXID-attrib $-1 -1 $-1 $-1 $897 @10 ASM ENTITY @1 7 #
face $1420 -1 $-1 $1421 $1422 $31 $-1 $1423 forward single #
loop $-1 -1 $-1 $-1 $1424 $897 #
plane-surface $-1 -1 $-1 38.75 7.000000000000000888 37.89999999999999858 0 1 0 0 0 1 forward_v I I I I #
coedge $-1 -1 $-1 $1425 $1426 $1424 $1427 forward $898 $-1 #
coedge $-1 -1 $-1 $1428 $1429 $1426 $1430 forward $900 $-1 #
straight-curve $-1 -1 $-1 38.85000000000000142 9.050000000000000711 35.79999999999999716 0 0 1 F 0 F 12.40000000000000213 #
point $-1 -1 $-1 38.85000000000000142 9.050000000000000711 35.79999999999999716 #
straight-curve $-1 -1 $-1 38.85000000000000142 2.549999999999999822 48.20000000000000284 0 1 0 F 0 F 6.500000000000000888 #
point $-1 -1 $-1 38.85000000000000142 9.050000000000000711 48.20000000000000284 #
coedge $-1 -1 $-1 $1166 $1166 $914 $1168 reversed $911 $-1 #
coedge $-1 -1 $-1 $1167 $1167 $915 $1169 reversed $913 $-1 #
edge $-1 -1 $-1 $1431 0 $1431 6.283185307179586232 $914 $1432 forward @7 unknown #
edge $-1 -1 $-1 $1433 0 $1433 6.283185307179586232 $915 $1434 forward @7 unknown #
point $-1 -1 $-1 108.5999999999999943 15 80 #
coedge $-1 -1 $-1 $946 $978 $923 $1172 reversed $1199 $-1 #
edge $-1 -1 $-1 $1173 0 $980 30 $923 $1435 forward @14 tangent_not_g2 #
vertex $-1 -1 $-1 $947 $1436 #
ellipse-curve $-1 -1 $-1 5 0 75 0 1 0 0 0 5 1 F -1.570796326794896558 F 0 #
coedge $-1 -1 $-1 $926 $931 $1229 $1437 forward $702 $-1 #
vertex $-1 -1 $-1 $974 $1438 #
straight-curve $-1 -1 $-1 2.5 -1 45.5 0 -1 0 F -11.30000000000000071 F -1 #
point $-1 -1 $-1 2.5 10.30000000000000071 45.5 #
coedge $-1 -1 $-1 $1439 $1440 $931 $1180 forward $1441 $-1 #
edge $-1 -1 $-1 $1442 0 $1443 27.5 $931 $1444 forward @7 unknown #
DXID-attrib $-1 -1 $-1 $-1 $932 @10 ASM ENTITY @2 13 #
face $1445 -1 $-1 $1446 $1441 $25 $-1 $1447 forward single #
plane-surface $-1 -1 $-1 2.5 -1 2.5 1 0 0 0 0 1 forward_v I I I I #
coedge $-1 -1 $-1 $1184 $1184 $1448 $1449 forward $933 $-1 #
coedge $-1 -1 $-1 $1185 $1185 $934 $1186 reversed $1450 $-1 #
edge $-1 -1 $-1 $1451 0 $1451 6.283185307179586232 $934 $1452 forward @7 unknown #
loop $-1 -1 $-1 $1453 $935 $1454 #
vertex $-1 -1 $-1 $936 $1455 #
ellipse-curve $-1 -1 $-1 114.5000000000000142 0 5.5 0 1 0 0 0 2 1 I I #
loop $-1 -1 $-1 $-1 $1456 $1191 #
face $1457 -1 $-1 $1454 $937 $25 $-1 $1458 reversed single #
point $-1 -1 $-1 60 0 7.5 #
coedge $-1 -1 $-1 $1193 $1193 $1459 $1460 forward $940 $-1 #
DXID-attrib $-1 -1 $-1 $-1 $941 @10 ASM ENTITY @2 26 #
cone-surface $-1 -1 $-1 5.5 -1 74.5 0 1 0 0 0 2 1 I I 0 1 2 forward I I I I #
coedge $-1 -1 $-1 $1196 $1196 $943 $1197 reversed $1461 $-1 #
edge $-1 -1 $-1 $1462 0 $1462 6.283185307179586232 $943 $1463 forward @7 unknown #
coedge $-1 -1 $-1 $978 $946 $949 $1202 forward $1199 $-1 #
loop $-1 -1 $-1 $1464 $978 $1465 #
straight-curve $-1 -1 $-1 0 0 80 1 0 0 F 5 F 115 #
coedge $-1 -1 $-1 $949 $948 $977 $1231 forward $950 $-1 #
edge $-1 -1 $-1 $951 0 $1232 30 $949 $1466 forward @14 tangent_not_g2 #
face $1467 -1 $-1 $1465 $950 $25 $-1 $1468 forward single #
point $-1 -1 $-1 115 0 80 #
coedge $-1 -1 $-1 $957 $977 $953 $1206 reversed $531 $-1 #
edge $-1 -1 $-1 $959 5 $1207 75 $1205 $1469 forward @7 unknown #
vertex $-1 -1 $-1 $1231 $1470 #
straight-curve $-1 -1 $-1 120 0 75 0 1 0 F 0 F 30 #
DXID-attrib $-1 -1 $-1 $-1 $955 @10 ASM ENTITY @2 10 #
plane-surface $-1 -1 $-1 120 0 0 1 0 0 0 0 1 forward_v I I I I #
ellipse-curve $-1 -1 $-1 115 30 5 0 1 0 0 0 5 1 F 1.570796326794896558 F 3.141592653589793116 #
point $-1 -1 $-1 120 30 5 #
coedge $-1 -1 $-1 $1471 $1472 $1473 $1474 forward $966 $-1 #
coedge $-1 -1 $-1 $1475 $967 $1476 $1477 forward $733 $-1 #
coedge $-1 -1 $-1 $967 $1475 $1478 $1479 forward $733 $-1 #
coedge $-1 -1 $-1 $1480 $1481 $967 $1217 reversed $1482 $-1 #
edge $-1 -1 $-1 $1483 8.5 $1484 10.5 $967 $1485 forward @7 unknown #
coedge $-1 -1 $-1 $969 $968 $1486 $1487 reversed $516 $-1 #
coedge $-1 -1 $-1 $1488 $1489 $968 $1220 reversed $1490 $-1 #
edge $-1 -1 $-1 $1227 0 $1491 40.00000000000000711 $968 $1492 forward @7 unknown #
coedge $-1 -1 $-1 $1493 $1494 $969 $1222 reversed $1495 $-1 #
edge $-1 -1 $-1 $1496 0 $1226 40.00000000000000711 $969 $1497 forward @7 unknown #
coedge $-1 -1 $-1 $1498 $970 $1494 $1499 forward $1225 $-1 #
coedge $-1 -1 $-1 $970 $1498 $1488 $1500 reversed $1225 $-1 #
loop $-1 -1 $-1 $-1 $1223 $1501 #
vertex $-1 -1 $-1 $971 $1502 #
vertex $-1 -1 $-1 $971 $1503 #
straight-curve $-1 -1 $-1 112.0000000000000142 6.000000000000000888 0 0 1 0 F 6.000000000000000888 F 8 #
coedge $-1 -1 $-1 $1504 $972 $1175 $1437 reversed $82 $-1 #
straight-curve $-1 -1 $-1 -0.5 0 45.5 1 0 0 F 0.5 F 2.999999999999999556 #
edge $-1 -1 $-1 $1207 -1.570796326794896558 $1232 0 $977 $1505 forward @7 unknown #
vertex $-1 -1 $-1 $979 $1506 #
straight-curve $-1 -1 $-1 0 30 80 1 0 0 F 5 F 115 #
point $-1 -1 $-1 5 30 80 #
loop $-1 -1 $-1 $-1 $1507 $487 #
coedge $-1 -1 $-1 $1236 $1236 $1508 $1509 reversed $982 $-1 #
coedge $-1 -1 $-1 $1510 $983 $1511 $1512 forward $748 $-1 #
coedge $-1 -1 $-1 $983 $1510 $1513 $1514 reversed $748 $-1 #
coedge $-1 -1 $-1 $1515 $1516 $983 $1240 forward $1517 $-1 #
edge $-1 -1 $-1 $1518 -2.617993877991474871 $1519 2.617993877991474871 $983 $1520 forward @7 unknown #
coedge $-1 -1 $-1 $984 $1521 $1522 $1523 reversed $82 $-1 #
coedge $-1 -1 $-1 $1524 $1525 $984 $1243 reversed $1526 $-1 #
edge $-1 -1 $-1 $1527 3.469446951953613696e-16 $1247 4.837716811552978946 $984 $1528 forward @7 unknown #
coedge $-1 -1 $-1 $1529 $985 $1525 $1530 forward $1246 $-1 #
coedge $-1 -1 $-1 $985 $1529 $987 $1250 reversed $1246 $-1 #
loop $-1 -1 $-1 $-1 $1529 $1531 #
vertex $-1 -1 $-1 $1243 $1532 #
straight-curve $-1 -1 $-1 1.25 0 2.5 1 0 0 F 6.895751311065000166 F 56.10424868893600348 #
coedge $-1 -1 $-1 $988 $987 $1533 $1534 reversed $989 $-1 #
edge $-1 -1 $-1 $990 0 $1535 27.5 $1245 $1536 forward @7 unknown #
face $1537 -1 $-1 $713 $989 $25 $-1 $1538 forward single #
point $-1 -1 $-1 8.145751311065000166 0 2.5 #
coedge $-1 -1 $-1 $1533 $1539 $992 $1254 reversed $1540 $-1 #
edge $-1 -1 $-1 $1255 5.645751311065000166 $1443 69.35424868893500161 $992 $1541 forward @7 unknown #
vertex $-1 -1 $-1 $993 $1542 #
straight-curve $-1 -1 $-1 2.5 0 8.145751311065000166 0 1 0 F 0 F 27.5 #
DXID-attrib $-1 -1 $-1 $-1 $996 @10 ASM ENTITY @1 8 #
cone-surface $-1 -1 $-1 115 -3.000000000000000444 75 0 1 0 5 0 0 1 I I 0 1 5 forward I I I I #
loop $-1 -1 $-1 $1543 $1544 $216 #
coedge $-1 -1 $-1 $1545 $1546 $1547 $1548 reversed $998 $-1 #
coedge $-1 -1 $-1 $1261 $1261 $999 $1262 forward $1549 $-1 #
edge $-1 -1 $-1 $1550 0 $1550 6.283185307179586232 $999 $1551 forward @7 unknown #
loop $-1 -1 $-1 $1552 $1000 $1553 #
vertex $-1 -1 $-1 $1001 $1554 #
ellipse-curve $-1 -1 $-1 5.5 0 5.5 0 1 0 0 0 1.750000000000000222 1 I I #
edge $-1 -1 $-1 $1028 5 $1284 75 $1002 $1555 forward @7 unknown #
ellipse-curve $-1 -1 $-1 115 0 5 0 1 0 0 0 5 1 F 1.570796326794896558 F 3.141592653589793116 #
loop $-1 -1 $-1 $1556 $1557 $53 #
coedge $-1 -1 $-1 $1558 $1559 $1560 $1561 forward $1008 $-1 #
coedge $-1 -1 $-1 $1270 $1270 $1009 $1271 reversed $1562 $-1 #
edge $-1 -1 $-1 $1563 0 $1563 6.283185307179586232 $1009 $1564 forward @7 unknown #
loop $-1 -1 $-1 $1565 $1010 $1566 #
vertex $-1 -1 $-1 $1011 $1567 #
ellipse-curve $-1 -1 $-1 49.40000000000000568 -3.000000000000000444 49.90000000000000568 0 1 0 0 0 1.500000000000000222 1 I I #
loop $-1 -1 $-1 $-1 $1568 $1276 #
face $1569 -1 $-1 $1566 $1012 $27 $-1 $1570 reversed single #
point $-1 -1 $-1 5.5 -3.000000000000000444 77.70000000000000284 #
coedge $-1 -1 $-1 $1278 $1278 $1571 $1572 forward $1015 $-1 #
DXID-attrib $-1 -1 $-1 $-1 $1016 @10 ASM ENTITY @2 11 #
cone-surface $-1 -1 $-1 49.40000000000000568 -4 34.10000000000000142 0 1 0 0 0 1 1 I I 0 1 1 forward I I I I #
coedge $-1 -1 $-1 $1281 $1281 $1018 $1282 reversed $1573 $-1 #
edge $-1 -1 $-1 $1574 0 $1574 6.283185307179586232 $1018 $1575 forward @7 unknown #
coedge $-1 -1 $-1 $1022 $1021 $1031 $1287 forward $1023 $-1 #
vertex $-1 -1 $-1 $1287 $1576 #
straight-curve $-1 -1 $-1 120 -3.000000000000000444 75 0 1 0 F 0 F 3.000000000000000444 #
point $-1 -1 $-1 120 0 5 #
edge $-1 -1 $-1 $1284 -1.570796326794896558 $1288 0 $1031 $1577 forward @7 unknown #
vertex $-1 -1 $-1 $1032 $1578 #
straight-curve $-1 -1 $-1 0 0 80 1 0 0 F 5 F 115 #
straight-curve $-1 -1 $-1 115 -3.000000000000000444 80 0 1 0 F 0 F 3.000000000000000444 #
DXID-attrib $-1 -1 $-1 $-1 $1035 @10 ASM ENTITY @1 9 #
plane-surface $-1 -1 $-1 0 -3.000000000000000444 80 0 0 1 1 0 0 forward_v I I I I #
coedge $-1 -1 $-1 $1579 $1580 $1581 $1582 reversed $1037 $-1 #
coedge $-1 -1 $-1 $1583 $1038 $1584 $1585 forward $804 $-1 #
coedge $-1 -1 $-1 $1038 $1583 $1586 $1587 reversed $804 $-1 #
coedge $-1 -1 $-1 $1588 $1589 $1038 $1297 forward $1590 $-1 #
edge $-1 -1 $-1 $1591 0 $1592 4.599999999999990763 $1038 $1593 forward @7 unknown #
loop $-1 -1 $-1 $-1 $1141 $1594 #
straight-curve $-1 -1 $-1 47.27000000000000313 7.5 38 0 1 -1.110223024625000001e-16 F 1.080000000000000959 F 1.800000000000001599 #
point $-1 -1 $-1 47.27000000000000313 8.580000000000001847 38 #
coedge $-1 -1 $-1 $1043 $1412 $1045 $1304 reversed $1150 $-1 #
vertex $-1 -1 $-1 $1142 $1595 #
straight-curve $-1 -1 $-1 45.35000000000000142 8.580000000000001847 37.53000000000000114 1 0 0 F 0 F 1.449999999999995737 #
edge $-1 -1 $-1 $1046 0 $1310 4.580000000000000071 $1301 $1596 forward @7 unknown #
point $-1 -1 $-1 45.35000000000000142 8.580000000000001847 37.53000000000000114 #
coedge $-1 -1 $-1 $1049 $1048 $1412 $1597 forward $1050 $-1 #
edge $-1 -1 $-1 $1416 0 $1051 8.940000000000001279 $1143 $1598 forward @7 unknown #
face $1599 -1 $-1 $1054 $1050 $29 $-1 $1600 forward single #
point $-1 -1 $-1 53.70000000000000995 4 46.46999999999999886 #
vertex $-1 -1 $-1 $1597 $1601 #
straight-curve $-1 -1 $-1 45.35000000000000142 4 37.53000000000000114 0 1.110223024625000001e-16 1 F 0 F 8.940000000000001279 #
DXID-attrib $-1 -1 $-1 $-1 $1054 @10 ASM ENTITY @2 37 #
face $1602 -1 $-1 $1603 $1590 $29 $-1 $1604 reversed single #
plane-surface $-1 -1 $-1 45.35000000000000142 8.580000000000001847 37.53000000000000114 1 0 0 0 -1 1.110223024625000001e-16 forward_v I I I I #
coedge $-1 -1 $-1 $1605 $1056 $1059 $1320 forward $1317 $-1 #
coedge $-1 -1 $-1 $1056 $1605 $1063 $1324 reversed $1317 $-1 #
loop $-1 -1 $-1 $-1 $1316 $1606 #
straight-curve $-1 -1 $-1 51.40000000000000568 7.5 48.39999999999999858 0 1.110223024625000001e-16 1 F 0 F 3.000000000000007105 #
coedge $-1 -1 $-1 $1059 $1058 $1607 $1608 forward $1060 $-1 #
edge $-1 -1 $-1 $1061 0 $1609 1.999999999999999556 $1059 $1610 forward @7 unknown #
face $1611 -1 $-1 $1325 $1060 $29 $-1 $1612 forward single #
point $-1 -1 $-1 51.40000000000000568 7.5 51.40000000000000568 #
coedge $-1 -1 $-1 $1064 $1063 $1613 $1614 reversed $1065 $-1 #
edge $-1 -1 $-1 $1066 0 $1615 1.999999999999999556 $1063 $1616 forward @7 unknown #
face $1617 -1 $-1 $1606 $1065 $29 $-1 $1618 reversed single #
point $-1 -1 $-1 51.40000000000000568 7.5 48.39999999999999858 #
coedge $-1 -1 $-1 $1613 $1607 $1068 $1328 reversed $1619 $-1 #
edge $-1 -1 $-1 $1329 0 $1331 3.000000000000007105 $1068 $1620 forward @7 unknown #
vertex $-1 -1 $-1 $1069 $1621 #
straight-curve $-1 -1 $-1 47.40000000000000568 7.5 48.39999999999999858 0 -1 1.110223024625000001e-16 F 0 F 1.999999999999999556 #
vertex $-1 -1 $-1 $1328 $1622 #
straight-curve $-1 -1 $-1 47.40000000000000568 7.5 51.40000000000000568 0 -1 1.110223024625000001e-16 F 0 F 1.999999999999999556 #
DXID-attrib $-1 -1 $-1 $-1 $1071 @10 ASM ENTITY @2 32 #
plane-surface $-1 -1 $-1 47.40000000000000568 7.5 48.39999999999999858 1 0 0 0 -1 1.110223024625000001e-16 forward_v I I I I #
coedge $-1 -1 $-1 $1075 $1074 $1623 $1624 reversed $1076 $-1 #
face $1625 -1 $-1 $1071 $1076 $29 $-1 $1626 forward single #
coedge $-1 -1 $-1 $1086 $1623 $1078 $1338 reversed $1349 $-1 #
edge $-1 -1 $-1 $1090 0 $1339 4.000000000000003553 $1078 $1627 forward @7 unknown #
vertex $-1 -1 $-1 $1338 $1628 #
straight-curve $-1 -1 $-1 51.40000000000000568 7.5 35.60000000000000853 0 -1 1.110223024625000001e-16 F 0 F 1.999999999999999556 #
DXID-attrib $-1 -1 $-1 $-1 $1080 @10 ASM ENTITY @2 29 #
plane-surface $-1 -1 $-1 47.40000000000000568 7.5 35.60000000000000853 0 1.110223024625000001e-16 1 0 -1 1.110223024625000001e-16 forward_v I I I I #
coedge $-1 -1 $-1 $1623 $1086 $1082 $1344 forward $1349 $-1 #
edge $-1 -1 $-1 $1088 0 $1345 4.000000000000003553 $1082 $1629 forward @7 unknown #
vertex $-1 -1 $-1 $1083 $1630 #
straight-curve $-1 -1 $-1 51.40000000000000568 7.5 32.60000000000000142 0 -1 1.110223024625000001e-16 F 0 F 1.999999999999999556 #
DXID-attrib $-1 -1 $-1 $-1 $1084 @10 ASM ENTITY @2 30 #
plane-surface $-1 -1 $-1 47.40000000000000568 7.5 32.60000000000000142 0 1.110223024625000001e-16 1 0 -1 1.110223024625000001e-16 forward_v I I I I #
loop $-1 -1 $-1 $-1 $1086 $1631 #
straight-curve $-1 -1 $-1 47.40000000000000568 5.5 32.60000000000000142 0 1.110223024625000001e-16 1 F 0 F 3.000000000000002665 #
point $-1 -1 $-1 47.40000000000000568 5.5 32.60000000000000142 #
point $-1 -1 $-1 47.40000000000000568 5.5 35.60000000000000853 #
straight-curve $-1 -1 $-1 48.15999999999999659 9.300000000000000711 54.70000000000000284 -0.7071067811870000996 -7.850462293419000326e-17 -0.7071067811870000996 F -0 F 3.05470129472392582 #
coedge $-1 -1 $-1 $1098 $1632 $1633 $1634 reversed $92 $-1 #
coedge $-1 -1 $-1 $1635 $1636 $1098 $1356 forward $1637 $-1 #
edge $-1 -1 $-1 $1360 0 $1638 17.27999999999999758 $1098 $1639 forward @7 unknown #
coedge $-1 -1 $-1 $1640 $1099 $1636 $1641 forward $1359 $-1 #
coedge $-1 -1 $-1 $1099 $1640 $1101 $1363 reversed $1359 $-1 #
loop $-1 -1 $-1 $-1 $1099 $1642 #
vertex $-1 -1 $-1 $1356 $1643 #
straight-curve $-1 -1 $-1 60.89999999999999858 7.5 32.71999999999999886 1 0 0 F 0 F 33.00000000000000711 #
coedge $-1 -1 $-1 $1102 $1101 $1644 $1645 forward $1103 $-1 #
edge $-1 -1 $-1 $1104 0 $1646 5 $1101 $1647 forward @7 unknown #
face $1648 -1 $-1 $1642 $1103 $29 $-1 $1649 reversed single #
point $-1 -1 $-1 60.89999999999999858 7.5 32.71999999999999886 #
coedge $-1 -1 $-1 $1108 $1106 $1650 $1651 reversed $855 $-1 #
coedge $-1 -1 $-1 $1644 $1652 $1106 $1368 reversed $1653 $-1 #
edge $-1 -1 $-1 $1369 0 $1654 33.00000000000000711 $1106 $1655 forward @7 unknown #
vertex $-1 -1 $-1 $1107 $1656 #
straight-curve $-1 -1 $-1 60.89999999999999858 7.5 51.28000000000000114 0 -1 1.110223024625000001e-16 F 0 F 5 #
coedge $-1 -1 $-1 $1657 $1111 $1108 $1372 forward $1120 $-1 #
edge $-1 -1 $-1 $1113 15.04999999999999005 $1658 17.94999999999999929 $1108 $1659 forward @7 unknown #
DXID-attrib $-1 -1 $-1 $-1 $1109 @10 ASM ENTITY @1 9 #
plane-surface $-1 -1 $-1 60.89999999999999858 7.5 51.28000000000000114 0 1.110223024625000001e-16 1 0 -1 1.110223024625000001e-16 forward_v I I I I #
straight-curve $-1 -1 $-1 91 5.900000000000000355 50 0 1.110223024625000001e-16 1 F 1.280000000000001137 F 4.700000000000006395 #
point $-1 -1 $-1 91 5.900000000000000355 51.28000000000000114 #
coedge $-1 -1 $-1 $1660 $1117 $1119 $1383 reversed $1379 $-1 #
coedge $-1 -1 $-1 $1117 $1661 $1389 $1662 forward $1379 $-1 #
loop $-1 -1 $-1 $-1 $1660 $1663 #
vertex $-1 -1 $-1 $1118 $1664 #
straight-curve $-1 -1 $-1 97.00000000000001421 7.5 54.70000000000000284 0 -1 1.110223024625000001e-16 F 0 F 1.599999999999999201 #
coedge $-1 -1 $-1 $1119 $1657 $1665 $1666 forward $1120 $-1 #
edge $-1 -1 $-1 $1667 0 $1121 4.700000000000006395 $1377 $1668 forward @7 unknown #
face $1669 -1 $-1 $1670 $1120 $29 $-1 $1671 forward single #
point $-1 -1 $-1 97.00000000000001421 5.900000000000000355 54.70000000000000284 #
coedge $-1 -1 $-1 $1672 $1124 $1673 $1674 reversed $582 $-1 #
edge $-1 -1 $-1 $1675 0 $1125 5.388153672638045677 $1124 $1676 forward @7 unknown #
point $-1 -1 $-1 93.87999999999999545 9.300000000000000711 54.70000000000000284 #
coedge $-1 -1 $-1 $1390 $1128 $1378 $1662 reversed $1391 $-1 #
coedge $-1 -1 $-1 $1128 $1389 $1130 $1394 forward $1391 $-1 #
loop $-1 -1 $-1 $-1 $1128 $1677 #
straight-curve $-1 -1 $-1 91 7.5 54.70000000000000284 1 0 0 F 2.880000000000002558 F 6.000000000000014211 #
coedge $-1 -1 $-1 $1395 $1130 $1678 $1679 reversed $1132 $-1 #
edge $-1 -1 $-1 $1680 0.9758073580368038513 $1133 5.388153672638045677 $1130 $1681 forward @7 unknown #
coedge $-1 -1 $-1 $1131 $1393 $1682 $1683 forward $1132 $-1 #
face $1684 -1 $-1 $1685 $1132 $29 $-1 $1686 forward single #
point $-1 -1 $-1 93.87999999999999545 7.5 54.70000000000000284 #
coedge $-1 -1 $-1 $1135 $1687 $1688 $1689 reversed $582 $-1 #
coedge $-1 -1 $-1 $1690 $1691 $1135 $1400 forward $1692 $-1 #
edge $-1 -1 $-1 $1402 0 $1693 5.269999999999996909 $1135 $1694 forward @7 unknown #
coedge $-1 -1 $-1 $1146 $1136 $1691 $1695 reversed $1298 $-1 #
vertex $-1 -1 $-1 $1400 $1696 #
straight-curve $-1 -1 $-1 47.27000000000000313 9.300000000000000711 38 -0.7071067811870000996 -7.850462293419000326e-17 -0.7071067811870000996 F -0 F 1.796051224212680708 #
point $-1 -1 $-1 47.27000000000000313 9.300000000000000711 38 #
coedge $-1 -1 $-1 $1141 $1146 $1149 $1413 forward $1298 $-1 #
straight-curve $-1 -1 $-1 46.67249999999999943 8.580000000000001847 37.40250000000000341 0.7071067811870000996 7.850462293419000326e-17 0.7071067811870000996 F 0.1803122292024484652 F 0.8449926035173829231 #
coedge $-1 -1 $-1 $1697 $1145 $1698 $1699 forward $92 $-1 #
coedge $-1 -1 $-1 $1691 $1690 $1145 $1409 reversed $1692 $-1 #
edge $-1 -1 $-1 $1410 0 $1700 5.269999999999996909 $1145 $1701 forward @7 unknown #
vertex $-1 -1 $-1 $1147 $1702 #
straight-curve $-1 -1 $-1 47.27000000000000313 7.5 38 -0.7071067811870000996 -7.850462293419000326e-17 -0.7071067811870000996 F 0.6646803743149343191 F 1.796051224212680708 #
coedge $-1 -1 $-1 $1301 $1148 $1306 $1597 reversed $1150 $-1 #
edge $-1 -1 $-1 $1151 -0.5399999999999993694 $1302 0.5400000000000015898 $1405 $1703 forward @7 unknown #
face $1704 -1 $-1 $1154 $1150 $29 $-1 $1705 reversed single #
point $-1 -1 $-1 46.79999999999999716 7.5 37.53000000000000114 #
vertex $-1 -1 $-1 $1153 $1706 #
straight-curve $-1 -1 $-1 53.70000000000000995 8.580000000000001847 37.53000000000000114 0 -1 1.110223024625000001e-16 F 1.080000000000000959 F 4.580000000000000071 #
DXID-attrib $-1 -1 $-1 $-1 $1154 @10 ASM ENTITY @2 26 #
plane-surface $-1 -1 $-1 53.70000000000000995 8.580000000000001847 37.53000000000000114 1 0 0 0 -1 1.110223024625000001e-16 forward_v I I I I #
DXID-attrib $-1 -1 $-1 $-1 $1157 @10 ASM ENTITY @1 8 #
face $1707 -1 $-1 $1708 $1709 $31 $-1 $1710 reversed single #
loop $-1 -1 $-1 $-1 $1711 $1157 #
plane-surface $-1 -1 $-1 38.75 4.599999999999999645 46.10000000000000142 0 0 1 1 0 0 forward_v I I I I #
coedge $-1 -1 $-1 $1712 $1713 $1160 $1427 reversed $1158 $-1 #
coedge $-1 -1 $-1 $1714 $1160 $1715 $1716 reversed $898 $-1 #
coedge $-1 -1 $-1 $1160 $1714 $1161 $1430 reversed $898 $-1 #
edge $-1 -1 $-1 $1717 0.1000000000000023093 $1718 12.60000000000000675 $1160 $1719 forward @7 unknown #
coedge $-1 -1 $-1 $1720 $1161 $1721 $1722 forward $900 $-1 #
coedge $-1 -1 $-1 $1161 $1720 $1712 $1723 reversed $900 $-1 #
edge $-1 -1 $-1 $1717 -3.425000000000000266 $1724 -1.024999999999999245 $1161 $1725 forward @7 unknown #
vertex $-1 -1 $-1 $1168 $1726 #
ellipse-curve $-1 -1 $-1 104 15 68 0 0 1 3.149999999999999911 0 0 1 I I #
vertex $-1 -1 $-1 $1169 $1727 #
ellipse-curve $-1 -1 $-1 104 15 80 0 0 1 3.149999999999999911 0 0 1 I I #
straight-curve $-1 -1 $-1 5 0 80 0 1 0 F 0 F 30 #
point $-1 -1 $-1 5 0 80 #
edge $-1 -1 $-1 $1442 -70.60424868893500161 $1176 -44.24999999999999289 $1229 $1728 forward @7 unknown #
point $-1 -1 $-1 2.5 0 45.5 #
coedge $-1 -1 $-1 $1729 $1179 $1539 $1730 reversed $1441 $-1 #
coedge $-1 -1 $-1 $1179 $1729 $1504 $1731 forward $1441 $-1 #
loop $-1 -1 $-1 $-1 $1729 $1182 #
vertex $-1 -1 $-1 $1437 $1732 #
vertex $-1 -1 $-1 $1180 $1733 #
straight-curve $-1 -1 $-1 2.5 0 71.85424868893500161 0 1 0 F 0 F 27.5 #
DXID-attrib $-1 -1 $-1 $-1 $1182 @10 ASM ENTITY @2 14 #
face $1734 -1 $-1 $1735 $1736 $25 $-1 $1737 reversed single #
cone-surface $-1 -1 $-1 5.5 0 74.5 0 1 0 0 0 4 1 I I 0 1 4 forward I I I I #
coedge $-1 -1 $-1 $1448 $1448 $1184 $1449 reversed $1738 $-1 #
edge $-1 -1 $-1 $1739 0 $1739 6.283185307179586232 $1184 $1740 forward @7 unknown #
loop $-1 -1 $-1 $1741 $1185 $1742 #
vertex $-1 -1 $-1 $1186 $1743 #
ellipse-curve $-1 -1 $-1 60 0 74.5 0 1 0 0 0 2 1 I I #
loop $-1 -1 $-1 $-1 $1744 $1454 #
face $1745 -1 $-1 $1742 $1187 $25 $-1 $1746 reversed single #
point $-1 -1 $-1 114.5000000000000142 0 7.5 #
coedge $-1 -1 $-1 $1456 $1456 $1747 $1748 forward $1190 $-1 #
DXID-attrib $-1 -1 $-1 $-1 $1191 @10 ASM ENTITY @2 27 #
cone-surface $-1 -1 $-1 60 -1 5.5 0 1 0 0 0 2 1 I I 0 1 2 forward I I I I #
coedge $-1 -1 $-1 $1459 $1459 $1193 $1460 reversed $1749 $-1 #
edge $-1 -1 $-1 $1750 0 $1750 6.283185307179586232 $1193 $1751 forward @7 unknown #
loop $-1 -1 $-1 $1752 $1196 $1753 #
vertex $-1 -1 $-1 $1197 $1754 #
ellipse-curve $-1 -1 $-1 5.5 6.700000000000000178 5.5 0 1 0 0 0 2 1 I I #
loop $-1 -1 $-1 $1755 $1756 $1465 #
face $1757 -1 $-1 $932 $1199 $25 $-1 $1758 forward single #
straight-curve $-1 -1 $-1 115 0 80 0 1 0 F 0 F 30 #
DXID-attrib $-1 -1 $-1 $-1 $1203 @10 ASM ENTITY @2 11 #
cone-surface $-1 -1 $-1 115 0 75 0 1 0 5 0 0 1 I I 0 1 5 forward I I I I #
straight-curve $-1 -1 $-1 120 30 0 0 0 1 F 5 F 75 #
point $-1 -1 $-1 120 30 75 #
coedge $-1 -1 $-1 $1759 $1213 $1760 $1761 forward $966 $-1 #
coedge $-1 -1 $-1 $1213 $1759 $1762 $1763 forward $966 $-1 #
coedge $-1 -1 $-1 $1764 $1765 $1213 $1474 reversed $1766 $-1 #
edge $-1 -1 $-1 $1767 11 $1768 13.00000000000000178 $1213 $1769 forward @7 unknown #
coedge $-1 -1 $-1 $1215 $1214 $1770 $1771 reversed $733 $-1 #
coedge $-1 -1 $-1 $1772 $1773 $1214 $1477 reversed $1774 $-1 #
edge $-1 -1 $-1 $1484 0 $1775 40.00000000000000711 $1214 $1776 forward @7 unknown #
coedge $-1 -1 $-1 $1777 $1778 $1215 $1479 reversed $1779 $-1 #
edge $-1 -1 $-1 $1780 0 $1483 40.00000000000000711 $1215 $1781 forward @7 unknown #
coedge $-1 -1 $-1 $1782 $1216 $1778 $1783 forward $1482 $-1 #
coedge $-1 -1 $-1 $1216 $1782 $1772 $1784 reversed $1482 $-1 #
loop $-1 -1 $-1 $-1 $1480 $1785 #
vertex $-1 -1 $-1 $1217 $1786 #
vertex $-1 -1 $-1 $1217 $1787 #
straight-curve $-1 -1 $-1 112.0000000000000142 8.5 0 0 1 0 F 8.5 F 10.5 #
coedge $-1 -1 $-1 $1788 $1789 $1218 $1487 forward $1790 $-1 #
edge $-1 -1 $-1 $1496 6.000000000000000888 $1491 8 $1218 $1791 forward @7 unknown #
coedge $-1 -1 $-1 $1792 $1219 $1224 $1500 forward $1490 $-1 #
coedge $-1 -1 $-1 $1219 $1793 $1788 $1794 reversed $1490 $-1 #
loop $-1 -1 $-1 $-1 $1488 $1795 #
vertex $-1 -1 $-1 $1220 $1796 #
straight-curve $-1 -1 $-1 112.0000000000000142 14.00000000000000178 0 -1 0 0 F 0 F 40.00000000000000711 #
coedge $-1 -1 $-1 $1797 $1221 $1789 $1798 forward $1495 $-1 #
coedge $-1 -1 $-1 $1221 $1799 $1223 $1499 reversed $1495 $-1 #
loop $-1 -1 $-1 $-1 $1494 $1800 #
vertex $-1 -1 $-1 $1487 $1801 #
straight-curve $-1 -1 $-1 72 12.00000000000000178 0 1 0 0 F 0 F 40.00000000000000711 #
coedge $-1 -1 $-1 $1224 $1223 $1802 $1803 forward $1225 $-1 #
edge $-1 -1 $-1 $1226 1 $1804 4.5 $1223 $1805 forward @7 unknown #
edge $-1 -1 $-1 $1227 1 $1806 4.5 $1224 $1807 forward @7 unknown #
face $1808 -1 $-1 $1800 $1225 $25 $-1 $1809 reversed single #
point $-1 -1 $-1 112.0000000000000142 12.00000000000000178 0 #
point $-1 -1 $-1 112.0000000000000142 14.00000000000000178 0 #
coedge $-1 -1 $-1 $1810 $1229 $1440 $1731 reversed $82 $-1 #
ellipse-curve $-1 -1 $-1 115 30 75 0 -1 0 0 0 5 1 F -1.570796326794896558 F 0 #
point $-1 -1 $-1 115 30 80 #
coedge $-1 -1 $-1 $1811 $1812 $1813 $1814 reversed $1235 $-1 #
coedge $-1 -1 $-1 $1508 $1508 $1236 $1509 forward $1815 $-1 #
edge $-1 -1 $-1 $1816 0 $1816 6.283185307179586232 $1236 $1817 forward @7 unknown #
coedge $-1 -1 $-1 $1238 $1237 $1818 $1819 reversed $748 $-1 #
coedge $-1 -1 $-1 $1820 $1821 $1237 $1512 reversed $1822 $-1 #
edge $-1 -1 $-1 $1518 -36.66987298107800086 $1823 -31 $1237 $1824 forward @7 unknown #
coedge $-1 -1 $-1 $1825 $1826 $1238 $1514 forward $1827 $-1 #
edge $-1 -1 $-1 $1519 -36.66987298107800086 $1828 -31 $1238 $1829 forward @7 unknown #
coedge $-1 -1 $-1 $1830 $1239 $1826 $1831 reversed $1517 $-1 #
coedge $-1 -1 $-1 $1239 $1830 $1820 $1832 forward $1517 $-1 #
loop $-1 -1 $-1 $-1 $1516 $1833 #
vertex $-1 -1 $-1 $1240 $1834 #
vertex $-1 -1 $-1 $1240 $1835 #
ellipse-curve $-1 -1 $-1 25 30 72 0 1 0 0 0 5 1 F -2.617993877991474871 F 2.617993877991474871 #
coedge $-1 -1 $-1 $1241 $1836 $1837 $1838 forward $82 $-1 #
coedge $-1 -1 $-1 $1839 $1840 $1241 $1523 forward $1841 $-1 #
edge $-1 -1 $-1 $1527 61.39575131106399652 $1842 110.6042486889300136 $1241 $1843 forward @7 unknown #
coedge $-1 -1 $-1 $1844 $1242 $1840 $1845 forward $1526 $-1 #
coedge $-1 -1 $-1 $1242 $1844 $1244 $1530 reversed $1526 $-1 #
loop $-1 -1 $-1 $-1 $1844 $1846 #
vertex $-1 -1 $-1 $1523 $1847 #
ellipse-curve $-1 -1 $-1 60 0 5.5 0 -1 0 2.645751311064258982 0 -3.000000000000293543 1 F 3.469446951953613696e-16 F 4.837716811552978946 #
coedge $-1 -1 $-1 $1245 $1244 $1848 $1849 reversed $1246 $-1 #
edge $-1 -1 $-1 $1247 0 $1850 27.5 $1525 $1851 forward @7 unknown #
face $1852 -1 $-1 $1251 $1246 $25 $-1 $1853 forward single #
point $-1 -1 $-1 57.35424868893601058 0 2.5 #
coedge $-1 -1 $-1 $1848 $1253 $1249 $1534 forward $1540 $-1 #
edge $-1 -1 $-1 $1255 1.874368715792939056e-13 $1535 3.266920484757892318 $1249 $1854 forward @7 unknown #
vertex $-1 -1 $-1 $1849 $1855 #
straight-curve $-1 -1 $-1 8.145751311065000166 0 2.5 0 1 0 F 0 F 27.5 #
DXID-attrib $-1 -1 $-1 $-1 $1251 @10 ASM ENTITY @2 24 #
cone-surface $-1 -1 $-1 5.5 0 5.5 0 1 0 0 0 4 1 I I 0 1 4 forward I I I I #
coedge $-1 -1 $-1 $1253 $1856 $1439 $1730 forward $1540 $-1 #
loop $-1 -1 $-1 $1857 $1848 $1858 #
straight-curve $-1 -1 $-1 2.5 27.5 2.5 0 0 1 F 5.645751311065000166 F 69.35424868893500161 #
point $-1 -1 $-1 2.5 27.5 8.145751311065000166 #
loop $-1 -1 $-1 $1859 $1860 $216 #
coedge $-1 -1 $-1 $1861 $1862 $1863 $1864 forward $1259 $-1 #
coedge $-1 -1 $-1 $1865 $1260 $1866 $1867 forward $998 $-1 #
coedge $-1 -1 $-1 $1260 $1865 $1868 $1869 reversed $998 $-1 #
coedge $-1 -1 $-1 $1870 $1871 $1260 $1548 forward $1872 $-1 #
edge $-1 -1 $-1 $1873 6.055676935212999545 $1874 35.25 $1260 $1875 forward @7 unknown #
loop $-1 -1 $-1 $-1 $1261 $1876 #
vertex $-1 -1 $-1 $1262 $1877 #
ellipse-curve $-1 -1 $-1 25 0 15 0 1 0 0 0 6.25 1 I I #
loop $-1 -1 $-1 $-1 $1878 $1553 #
face $1879 -1 $-1 $1876 $1263 $27 $-1 $1880 reversed single #
point $-1 -1 $-1 5.5 0 7.250000000000000888 #
straight-curve $-1 -1 $-1 120 0 0 0 0 1 F 5 F 75 #
loop $-1 -1 $-1 $1881 $1882 $53 #
coedge $-1 -1 $-1 $1557 $1557 $1883 $1884 forward $1268 $-1 #
coedge $-1 -1 $-1 $1885 $1269 $1886 $1887 forward $1008 $-1 #
coedge $-1 -1 $-1 $1269 $1885 $1888 $1889 reversed $1008 $-1 #
coedge $-1 -1 $-1 $1890 $1891 $1269 $1561 reversed $1892 $-1 #
edge $-1 -1 $-1 $1893 33 $1894 75 $1269 $1895 forward @7 unknown #
loop $-1 -1 $-1 $1896 $1270 $1897 #
vertex $-1 -1 $-1 $1271 $1898 #
ellipse-curve $-1 -1 $-1 60 -3.000000000000000444 5.5 0 1 0 0 0 3.200000000000000622 1 I I #
loop $-1 -1 $-1 $-1 $1899 $1566 #
face $1900 -1 $-1 $1897 $1272 $27 $-1 $1901 reversed single #
point $-1 -1 $-1 49.40000000000000568 -3.000000000000000444 51.40000000000000568 #
coedge $-1 -1 $-1 $1568 $1568 $1902 $1903 forward $1275 $-1 #
DXID-attrib $-1 -1 $-1 $-1 $1276 @10 ASM ENTITY @2 12 #
cone-surface $-1 -1 $-1 5.5 -4 74.5 0 1 0 0 0 3.200000000000000622 1 I I 0 1 3.200000000000000622 forward I I I I #
coedge $-1 -1 $-1 $1571 $1571 $1278 $1572 reversed $1859 $-1 #
edge $-1 -1 $-1 $1904 0 $1904 6.283185307179586232 $1571 $1905 forward @7 unknown #
loop $-1 -1 $-1 $1906 $1281 $1907 #
vertex $-1 -1 $-1 $1282 $1908 #
ellipse-curve $-1 -1 $-1 5.5 -2.990000000000000213 5.5 0 1 0 0 0 3.200000000000000622 1 I I #
point $-1 -1 $-1 120 0 75 #
ellipse-curve $-1 -1 $-1 115 0 75 0 -1 0 0 0 5 1 F -1.570796326794896558 F 0 #
point $-1 -1 $-1 115 0 80 #
coedge $-1 -1 $-1 $1909 $1293 $1910 $1911 forward $1037 $-1 #
coedge $-1 -1 $-1 $1293 $1909 $1912 $1913 reversed $1037 $-1 #
coedge $-1 -1 $-1 $1914 $1915 $1293 $1582 forward $1916 $-1 #
edge $-1 -1 $-1 $1917 0 $1918 6.999999999999997335 $1293 $1919 forward @7 unknown #
coedge $-1 -1 $-1 $1295 $1294 $1920 $1921 forward $804 $-1 #
coedge $-1 -1 $-1 $1922 $1923 $1294 $1585 reversed $1924 $-1 #
edge $-1 -1 $-1 $1591 0 $1925 4.100000000000001421 $1294 $1926 forward @7 unknown #
coedge $-1 -1 $-1 $1927 $1928 $1295 $1587 forward $1929 $-1 #
edge $-1 -1 $-1 $1592 0 $1930 4.100000000000001421 $1295 $1931 forward @7 unknown #
coedge $-1 -1 $-1 $1932 $1296 $1928 $1933 reversed $1590 $-1 #
coedge $-1 -1 $-1 $1296 $1932 $1922 $1934 forward $1590 $-1 #
loop $-1 -1 $-1 $-1 $1589 $1313 #
vertex $-1 -1 $-1 $1297 $1935 #
vertex $-1 -1 $-1 $1297 $1936 #
straight-curve $-1 -1 $-1 48.79999999999999716 9.300000000000000711 39.70000000000000284 0 1.110223024625000001e-16 1 F 0 F 4.599999999999990763 #
face $1937 -1 $-1 $1414 $1298 $29 $-1 $1938 forward single #
point $-1 -1 $-1 46.79999999999999716 8.580000000000001847 37.53000000000000114 #
straight-curve $-1 -1 $-1 45.35000000000000142 8.580000000000001847 37.53000000000000114 0 -1 1.110223024625000001e-16 F 0 F 4.580000000000000071 #
edge $-1 -1 $-1 $1310 0 $1416 8.350000000000008527 $1412 $1939 forward @7 unknown #
straight-curve $-1 -1 $-1 53.70000000000000995 4 37.53000000000000114 0 1.110223024625000001e-16 1 F 0 F 8.940000000000001279 #
DXID-attrib $-1 -1 $-1 $-1 $1308 @10 ASM ENTITY @2 36 #
plane-surface $-1 -1 $-1 45.35000000000000142 4 37.53000000000000114 0 -1 1.110223024625000001e-16 1 0 0 forward_v I I I I #
point $-1 -1 $-1 45.35000000000000142 4 37.53000000000000114 #
DXID-attrib $-1 -1 $-1 $-1 $1313 @10 ASM ENTITY @2 38 #
face $1940 -1 $-1 $1941 $1929 $29 $-1 $1942 forward single #
plane-surface $-1 -1 $-1 48.79999999999999716 12.90000000000000036 39.70000000000000284 1 0 0 0 -1 1.110223024625000001e-16 forward_v I I I I #
coedge $-1 -1 $-1 $1316 $1315 $1943 $1944 reversed $1317 $-1 #
face $1945 -1 $-1 $1308 $1317 $29 $-1 $1946 forward single #
coedge $-1 -1 $-1 $1327 $1943 $1319 $1608 reversed $1619 $-1 #
edge $-1 -1 $-1 $1331 0 $1609 4.000000000000003553 $1319 $1947 forward @7 unknown #
vertex $-1 -1 $-1 $1608 $1948 #
straight-curve $-1 -1 $-1 51.40000000000000568 7.5 51.40000000000000568 0 -1 1.110223024625000001e-16 F 0 F 1.999999999999999556 #
DXID-attrib $-1 -1 $-1 $-1 $1321 @10 ASM ENTITY @2 33 #
plane-surface $-1 -1 $-1 47.40000000000000568 7.5 51.40000000000000568 0 1.110223024625000001e-16 1 0 -1 1.110223024625000001e-16 forward_v I I I I #
coedge $-1 -1 $-1 $1943 $1327 $1323 $1614 forward $1619 $-1 #
edge $-1 -1 $-1 $1329 0 $1615 4.000000000000003553 $1323 $1949 forward @7 unknown #
vertex $-1 -1 $-1 $1324 $1950 #
straight-curve $-1 -1 $-1 51.40000000000000568 7.5 48.39999999999999858 0 -1 1.110223024625000001e-16 F 0 F 1.999999999999999556 #
DXID-attrib $-1 -1 $-1 $-1 $1325 @10 ASM ENTITY @2 34 #
plane-surface $-1 -1 $-1 47.40000000000000568 7.5 48.39999999999999858 0 1.110223024625000001e-16 1 0 -1 1.110223024625000001e-16 forward_v I I I I #
loop $-1 -1 $-1 $-1 $1327 $1951 #
straight-curve $-1 -1 $-1 47.40000000000000568 5.5 48.39999999999999858 0 1.110223024625000001e-16 1 F 0 F 3.000000000000007105 #
point $-1 -1 $-1 47.40000000000000568 5.5 48.39999999999999858 #
point $-1 -1 $-1 47.40000000000000568 5.5 51.40000000000000568 #
coedge $-1 -1 $-1 $1337 $1343 $1335 $1624 forward $1349 $-1 #
edge $-1 -1 $-1 $1345 0 $1339 3.000000000000002665 $1335 $1952 forward @7 unknown #
DXID-attrib $-1 -1 $-1 $-1 $1336 @10 ASM ENTITY @2 31 #
plane-surface $-1 -1 $-1 51.40000000000000568 7.5 32.60000000000000142 1 0 0 0 -1 1.110223024625000001e-16 forward_v I I I I #
straight-curve $-1 -1 $-1 47.40000000000000568 5.5 35.60000000000000853 1 0 0 F 0 F 4.000000000000003553 #
point $-1 -1 $-1 51.40000000000000568 5.5 35.60000000000000853 #
straight-curve $-1 -1 $-1 47.40000000000000568 5.5 32.60000000000000142 1 0 0 F 0 F 4.000000000000003553 #
point $-1 -1 $-1 51.40000000000000568 5.5 32.60000000000000142 #
face $1953 -1 $-1 $1951 $1349 $29 $-1 $1954 forward single #
coedge $-1 -1 $-1 $1354 $1678 $1661 $1955 reversed $92 $-1 #
coedge $-1 -1 $-1 $1956 $1957 $1354 $1634 forward $1958 $-1 #
edge $-1 -1 $-1 $1638 2.900000000000009237 $1959 6.000000000000014211 $1354 $1960 forward @7 unknown #
coedge $-1 -1 $-1 $1961 $1355 $1957 $1962 forward $1637 $-1 #
coedge $-1 -1 $-1 $1355 $1963 $1357 $1641 reversed $1637 $-1 #
loop $-1 -1 $-1 $-1 $1963 $1964 #
vertex $-1 -1 $-1 $1634 $1965 #
straight-curve $-1 -1 $-1 93.90000000000000568 7.5 32.71999999999999886 0 1.110223024625000001e-16 1 F 0 F 17.27999999999999758 #
coedge $-1 -1 $-1 $1358 $1357 $1966 $1967 reversed $1359 $-1 #
edge $-1 -1 $-1 $1360 0 $1968 5 $1357 $1969 forward @7 unknown #
face $1970 -1 $-1 $1964 $1359 $29 $-1 $1971 reversed single #
point $-1 -1 $-1 93.90000000000000568 7.5 32.71999999999999886 #
coedge $-1 -1 $-1 $1966 $1367 $1362 $1645 reversed $1653 $-1 #
edge $-1 -1 $-1 $1646 0 $1369 18.55999999999999872 $1362 $1972 forward @7 unknown #
vertex $-1 -1 $-1 $1363 $1973 #
straight-curve $-1 -1 $-1 60.89999999999999858 7.5 32.71999999999999886 0 -1 1.110223024625000001e-16 F 0 F 5 #
DXID-attrib $-1 -1 $-1 $-1 $1364 @10 ASM ENTITY @2 10 #
plane-surface $-1 -1 $-1 60.89999999999999858 7.5 32.71999999999999886 1 0 0 0 -1 1.110223024625000001e-16 forward_v I I I I #
coedge $-1 -1 $-1 $1963 $1961 $1366 $1651 forward $1637 $-1 #
edge $-1 -1 $-1 $1658 1.599999999999999201 $1654 5 $1366 $1974 forward @7 unknown #
coedge $-1 -1 $-1 $1367 $1966 $1963 $1975 forward $1653 $-1 #
loop $-1 -1 $-1 $-1 $1644 $1670 #
vertex $-1 -1 $-1 $1368 $1976 #
straight-curve $-1 -1 $-1 60.89999999999999858 2.5 51.28000000000000114 1 0 0 F 0 F 33.00000000000000711 #
point $-1 -1 $-1 60.89999999999999858 2.5 51.28000000000000114 #
coedge $-1 -1 $-1 $1382 $1371 $1961 $1977 forward $1120 $-1 #
vertex $-1 -1 $-1 $1651 $1978 #
straight-curve $-1 -1 $-1 75.95000000000000284 5.900000000000000355 51.28000000000000114 1 0 0 F 15.04999999999999005 F 17.94999999999999929 #
coedge $-1 -1 $-1 $1661 $1377 $1956 $1979 reversed $1379 $-1 #
coedge $-1 -1 $-1 $1378 $1660 $1632 $1955 forward $1379 $-1 #
edge $-1 -1 $-1 $1680 1.580000000000003624 $1380 4.700000000000006395 $1378 $1980 forward @7 unknown #
face $1981 -1 $-1 $1396 $1379 $29 $-1 $1982 forward single #
point $-1 -1 $-1 97.00000000000001421 7.5 54.70000000000000284 #
coedge $-1 -1 $-1 $1957 $1956 $1382 $1666 reversed $1958 $-1 #
edge $-1 -1 $-1 $1983 2.900000000000009237 $1667 6.000000000000014211 $1665 $1984 forward @7 unknown #
vertex $-1 -1 $-1 $1979 $1985 #
straight-curve $-1 -1 $-1 97.00000000000001421 5.900000000000000355 50 0 1.110223024625000001e-16 1 F 0 F 4.700000000000006395 #
DXID-attrib $-1 -1 $-1 $-1 $1384 @10 ASM ENTITY @2 46 #
face $1986 -1 $-1 $1677 $1653 $29 $-1 $1987 forward single #
plane-surface $-1 -1 $-1 91 5.900000000000000355 50 0 -1 1.110223024625000001e-16 1 0 0 forward_v I I I I #
coedge $-1 -1 $-1 $1687 $1386 $1988 $1989 reversed $582 $-1 #
coedge $-1 -1 $-1 $1682 $1990 $1386 $1674 forward $1991 $-1 #
edge $-1 -1 $-1 $1992 0 $1675 17.78000000000000469 $1386 $1993 forward @7 unknown #
vertex $-1 -1 $-1 $1387 $1994 #
straight-curve $-1 -1 $-1 97.68999999999999773 9.300000000000000711 50.89000000000000057 -0.7071067811870000996 7.850462293419000326e-17 0.7071067811870000996 F 0 F 5.388153672638045677 #
face $1995 -1 $-1 $1996 $1391 $29 $-1 $1997 reversed single #
coedge $-1 -1 $-1 $1632 $1998 $1393 $1679 forward $92 $-1 #
edge $-1 -1 $-1 $1999 0 $1680 0.9758073580368038513 $1678 $2000 forward @7 unknown #
vertex $-1 -1 $-1 $1679 $2001 #
straight-curve $-1 -1 $-1 97.68999999999999773 7.5 50.89000000000000057 -0.7071067811870000996 7.850462293419000326e-17 0.7071067811870000996 F 0.9758073580368038513 F 5.388153672638045677 #
coedge $-1 -1 $-1 $2002 $1673 $1395 $1683 reversed $1991 $-1 #
edge $-1 -1 $-1 $1999 0 $1675 1.800000000000001599 $1395 $2003 forward @7 unknown #
DXID-attrib $-1 -1 $-1 $-1 $1396 @10 ASM ENTITY @2 15 #
face $2004 -1 $-1 $2005 $1991 $29 $-1 $2006 forward single #
plane-surface $-1 -1 $-1 97.68999999999999773 7.5 50.89000000000000057 0.7071067811865475727 7.8504622934139775e-17 0.7071067811865475727 -0.7071067811865476838 7.8504622934139775e-17 0.7071067811865476838 forward_v I I I I #
coedge $-1 -1 $-1 $1398 $1672 $2007 $2008 reversed $582 $-1 #
coedge $-1 -1 $-1 $2009 $2010 $1398 $1689 forward $2011 $-1 #
edge $-1 -1 $-1 $1693 0 $2012 3.05470129472392582 $1398 $2013 forward @7 unknown #
coedge $-1 -1 $-1 $1408 $1399 $2010 $2014 reversed $1692 $-1 #
coedge $-1 -1 $-1 $1399 $1408 $1401 $1695 forward $1692 $-1 #
loop $-1 -1 $-1 $-1 $1691 $2015 #
vertex $-1 -1 $-1 $1689 $2016 #
straight-curve $-1 -1 $-1 46.00000000000000711 9.300000000000000711 36.73000000000000398 0 -1.110223024625000001e-16 -1 F 0 F 5.269999999999996909 #
edge $-1 -1 $-1 $1410 0 $1402 1.800000000000001599 $1691 $2017 forward @7 unknown #
point $-1 -1 $-1 46.00000000000000711 9.300000000000000711 36.73000000000000398 #
coedge $-1 -1 $-1 $2018 $1407 $2019 $2020 forward $92 $-1 #
coedge $-1 -1 $-1 $2010 $2009 $1407 $1699 reversed $2011 $-1 #
edge $-1 -1 $-1 $1700 0 $2021 3.05470129472392582 $1407 $2022 forward @7 unknown #
vertex $-1 -1 $-1 $1409 $2023 #
straight-curve $-1 -1 $-1 46.00000000000000711 7.5 36.73000000000000398 0 -1.110223024625000001e-16 -1 F 0 F 5.269999999999996909 #
point $-1 -1 $-1 46.00000000000000711 7.5 36.73000000000000398 #
straight-curve $-1 -1 $-1 46.79999999999999716 8.039999999999999147 37.53000000000000114 0 1 -1.110223024625000001e-16 F -0.5399999999999993694 F 0.5400000000000015898 #
DXID-attrib $-1 -1 $-1 $-1 $1414 @10 ASM ENTITY @2 25 #
plane-surface $-1 -1 $-1 45.35000000000000142 8.580000000000001847 37.53000000000000114 0 1.110223024625000001e-16 1 0 -1 1.110223024625000001e-16 forward_v I I I I #
point $-1 -1 $-1 53.70000000000000995 4 37.53000000000000114 #
DXID-attrib $-1 -1 $-1 $-1 $1421 @10 ASM ENTITY @1 9 #
face $2024 -1 $-1 $-1 $2025 $31 $-1 $2026 forward single #
loop $-1 -1 $-1 $-1 $2027 $1421 #
plane-surface $-1 -1 $-1 38.75 4.599999999999999645 37.89999999999999858 0 1 0 0 0 1 forward_v I I I I #
coedge $-1 -1 $-1 $2028 $2029 $2030 $2031 reversed $1422 $-1 #
coedge $-1 -1 $-1 $2030 $1424 $1429 $1723 forward $1158 $-1 #
coedge $-1 -1 $-1 $1424 $2030 $2032 $2033 reversed $1158 $-1 #
coedge $-1 -1 $-1 $1426 $1425 $2027 $2034 reversed $898 $-1 #
coedge $-1 -1 $-1 $2032 $2035 $1425 $1716 forward $2025 $-1 #
edge $-1 -1 $-1 $2036 0 $1718 2.400000000000000799 $1425 $2037 forward @7 unknown #
vertex $-1 -1 $-1 $1430 $2038 #
vertex $-1 -1 $-1 $1427 $2039 #
straight-curve $-1 -1 $-1 38.75 7.000000000000000888 37.89999999999999858 1 0 0 F 0.1000000000000023093 F 12.60000000000000675 #
coedge $-1 -1 $-1 $1429 $1428 $2028 $2040 reversed $900 $-1 #
coedge $-1 -1 $-1 $2027 $2041 $1428 $1722 reversed $1709 $-1 #
edge $-1 -1 $-1 $1724 1.049999999999995381 $2042 9.249999999999998224 $1428 $2043 forward @7 unknown #
edge $-1 -1 $-1 $1717 1.049999999999995381 $2044 9.249999999999998224 $1429 $2045 forward @7 unknown #
vertex $-1 -1 $-1 $1430 $2046 #
straight-curve $-1 -1 $-1 38.85000000000000142 3.575000000000000178 37.89999999999999858 0 -1 0 F -3.425000000000000266 F -1.024999999999999245 #
point $-1 -1 $-1 107.1500000000000199 15 68 #
point $-1 -1 $-1 107.1500000000000199 15 80 #
straight-curve $-1 -1 $-1 2.5 0 1.25 0 0 -1 F -70.60424868893500161 F -44.24999999999999289 #
coedge $-1 -1 $-1 $1440 $1439 $2047 $2048 reversed $1441 $-1 #
edge $-1 -1 $-1 $2049 0.722734247813492936 $1443 3.989654732571197737 $1439 $2050 forward @7 unknown #
edge $-1 -1 $-1 $2051 0.722734247813492936 $1442 3.989654732571197737 $1504 $2052 forward @7 unknown #
point $-1 -1 $-1 2.5 0 71.85424868893500161 #
point $-1 -1 $-1 2.5 27.5 71.85424868893500161 #
DXID-attrib $-1 -1 $-1 $-1 $1446 @10 ASM ENTITY @2 15 #
face $2053 -1 $-1 $2054 $2055 $25 $-1 $2056 forward single #
loop $-1 -1 $-1 $2057 $2058 $1446 #
plane-surface $-1 -1 $-1 2.5 -1 77.5 0 0 1 1 0 0 forward_v I I I I #
loop $-1 -1 $-1 $2059 $1448 $2060 #
vertex $-1 -1 $-1 $1449 $2061 #
ellipse-curve $-1 -1 $-1 114.5000000000000142 0 74.5 0 1 0 0 0 2 1 I I #
loop $-1 -1 $-1 $-1 $2062 $1742 #
face $2063 -1 $-1 $2060 $1450 $25 $-1 $2064 reversed single #
point $-1 -1 $-1 60 0 76.5 #
coedge $-1 -1 $-1 $1744 $1744 $2065 $2066 forward $1453 $-1 #
DXID-attrib $-1 -1 $-1 $-1 $1454 @10 ASM ENTITY @2 28 #
cone-surface $-1 -1 $-1 114.5000000000000142 -1 5.5 0 1 0 0 0 2 1 I I 0 1 2 forward I I I I #
coedge $-1 -1 $-1 $1747 $1747 $1456 $1748 reversed $2067 $-1 #
edge $-1 -1 $-1 $2068 0 $2068 6.283185307179586232 $1456 $2069 forward @7 unknown #
loop $-1 -1 $-1 $2070 $1459 $2071 #
vertex $-1 -1 $-1 $1460 $2072 #
ellipse-curve $-1 -1 $-1 5.5 6.700000000000000178 74.5 0 1 0 0 0 2 1 I I #
loop $-1 -1 $-1 $-1 $2073 $1753 #
face $2074 -1 $-1 $2071 $1461 $25 $-1 $2075 reversed single #
point $-1 -1 $-1 5.5 6.700000000000000178 7.5 #
loop $-1 -1 $-1 $2076 $2077 $1465 #
coedge $-1 -1 $-1 $2078 $2079 $2080 $2081 forward $1464 $-1 #
DXID-attrib $-1 -1 $-1 $-1 $1465 @10 ASM ENTITY @2 12 #
plane-surface $-1 -1 $-1 0 0 80 0 0 1 1 0 0 forward_v I I I I #
coedge $-1 -1 $-1 $1472 $1471 $2082 $2083 reversed $966 $-1 #
coedge $-1 -1 $-1 $2084 $2085 $1471 $1761 reversed $2086 $-1 #
edge $-1 -1 $-1 $1768 0 $2087 40.00000000000000711 $1471 $2088 forward @7 unknown #
coedge $-1 -1 $-1 $2089 $2090 $1472 $1763 reversed $2091 $-1 #
edge $-1 -1 $-1 $2092 0 $1767 40.00000000000000711 $1472 $2093 forward @7 unknown #
coedge $-1 -1 $-1 $2094 $1473 $2090 $2095 forward $1766 $-1 #
coedge $-1 -1 $-1 $1473 $2094 $2084 $2096 reversed $1766 $-1 #
loop $-1 -1 $-1 $-1 $1764 $2097 #
vertex $-1 -1 $-1 $1474 $2098 #
vertex $-1 -1 $-1 $1474 $2099 #
straight-curve $-1 -1 $-1 112.0000000000000142 11 0 0 1 0 F 11 F 13.00000000000000178 #
coedge $-1 -1 $-1 $2100 $2101 $1475 $1771 forward $2102 $-1 #
edge $-1 -1 $-1 $1780 8.5 $1775 10.5 $1475 $2103 forward @7 unknown #
coedge $-1 -1 $-1 $2104 $1476 $1481 $1784 forward $1774 $-1 #
coedge $-1 -1 $-1 $1476 $2105 $2100 $2106 reversed $1774 $-1 #
loop $-1 -1 $-1 $-1 $1772 $2107 #
vertex $-1 -1 $-1 $1477 $2108 #
straight-curve $-1 -1 $-1 112.0000000000000142 19 0 -1 0 0 F 0 F 40.00000000000000711 #
coedge $-1 -1 $-1 $2109 $1478 $2101 $2110 forward $1779 $-1 #
coedge $-1 -1 $-1 $1478 $2111 $1480 $1783 reversed $1779 $-1 #
loop $-1 -1 $-1 $-1 $1778 $2112 #
vertex $-1 -1 $-1 $1771 $2113 #
straight-curve $-1 -1 $-1 72 17 0 1 0 0 F 0 F 40.00000000000000711 #
coedge $-1 -1 $-1 $1481 $1480 $2114 $2115 forward $1482 $-1 #
edge $-1 -1 $-1 $1483 1 $2116 4.5 $1480 $2117 forward @7 unknown #
edge $-1 -1 $-1 $1484 1 $2118 4.5 $1481 $2119 forward @7 unknown #
face $2120 -1 $-1 $2112 $1482 $25 $-1 $2121 reversed single #
point $-1 -1 $-1 112.0000000000000142 17 0 #
point $-1 -1 $-1 112.0000000000000142 19 0 #
coedge $-1 -1 $-1 $2122 $1486 $1489 $1794 forward $1790 $-1 #
coedge $-1 -1 $-1 $1486 $2122 $1493 $1798 reversed $1790 $-1 #
loop $-1 -1 $-1 $-1 $1789 $2123 #
straight-curve $-1 -1 $-1 72 6.000000000000000888 0 0 1 0 F 6.000000000000000888 F 8 #
coedge $-1 -1 $-1 $2124 $1488 $2125 $2126 reversed $1490 $-1 #
coedge $-1 -1 $-1 $1489 $2124 $2127 $2128 reversed $1490 $-1 #
edge $-1 -1 $-1 $1491 1 $2129 3.499999999999999556 $1788 $2130 forward @7 unknown #
face $2131 -1 $-1 $1785 $1490 $25 $-1 $2132 reversed single #
point $-1 -1 $-1 72 14.00000000000000178 0 #
coedge $-1 -1 $-1 $2133 $1493 $2134 $2135 reversed $1495 $-1 #
edge $-1 -1 $-1 $1496 1 $2136 3.499999999999999556 $1493 $2137 forward @7 unknown #
coedge $-1 -1 $-1 $1494 $2133 $2138 $2139 forward $1495 $-1 #
face $2140 -1 $-1 $2123 $1495 $25 $-1 $2141 forward single #
point $-1 -1 $-1 72 12.00000000000000178 0 #
coedge $-1 -1 $-1 $2138 $2125 $1498 $1803 reversed $2142 $-1 #
edge $-1 -1 $-1 $1804 0 $1806 1.999999999999999556 $1498 $2143 forward @7 unknown #
vertex $-1 -1 $-1 $1499 $2144 #
straight-curve $-1 -1 $-1 112.0000000000000142 12.00000000000000178 -1 0 0 1 F 1 F 4.5 #
vertex $-1 -1 $-1 $1803 $2145 #
straight-curve $-1 -1 $-1 112.0000000000000142 14.00000000000000178 -1 0 0 1 F 1 F 4.5 #
DXID-attrib $-1 -1 $-1 $-1 $1501 @10 ASM ENTITY @2 40 #
plane-surface $-1 -1 $-1 112.0000000000000142 12.00000000000000178 -1 1 0 0 0 0 1 forward_v I I I I #
coedge $-1 -1 $-1 $2146 $1504 $2147 $2148 forward $82 $-1 #
coedge $-1 -1 $-1 $2149 $1507 $2150 $2151 forward $1235 $-1 #
coedge $-1 -1 $-1 $1507 $2149 $2152 $2153 reversed $1235 $-1 #
coedge $-1 -1 $-1 $2154 $2155 $1507 $1814 forward $2156 $-1 #
edge $-1 -1 $-1 $2157 -2.617993877991473983 $2158 2.617993877991473983 $1507 $2159 forward @7 unknown #
loop $-1 -1 $-1 $-1 $1508 $2160 #
vertex $-1 -1 $-1 $1509 $2161 #
ellipse-curve $-1 -1 $-1 60 30 16 0 1 0 0 0 2.25 1 I I #
coedge $-1 -1 $-1 $2162 $2163 $1510 $1819 forward $2164 $-1 #
edge $-1 -1 $-1 $1828 1.570796326794896558 $1823 4.712388980384689674 $1510 $2165 forward @7 unknown #
coedge $-1 -1 $-1 $2166 $1511 $1516 $1832 reversed $1822 $-1 #
coedge $-1 -1 $-1 $1511 $2166 $2162 $2167 forward $1822 $-1 #
loop $-1 -1 $-1 $-1 $2166 $2168 #
vertex $-1 -1 $-1 $1512 $2169 #
straight-curve $-1 -1 $-1 22.5 30 31 0 0 -1 F -36.66987298107800086 F -31 #
coedge $-1 -1 $-1 $2170 $1513 $2163 $2171 reversed $1827 $-1 #
coedge $-1 -1 $-1 $1513 $2170 $1515 $1831 forward $1827 $-1 #
loop $-1 -1 $-1 $-1 $2170 $2172 #
vertex $-1 -1 $-1 $1819 $2173 #
straight-curve $-1 -1 $-1 27.5 30 31 0 0 -1 F -36.66987298107800086 F -31 #
coedge $-1 -1 $-1 $1516 $1515 $2174 $2175 reversed $1517 $-1 #
edge $-1 -1 $-1 $2176 0.9999999999999964473 $1519 3.499999999999996447 $1515 $2177 forward @7 unknown #
edge $-1 -1 $-1 $2178 0.9999999999999964473 $1518 3.499999999999996447 $1516 $2179 forward @7 unknown #
face $2180 -1 $-1 $2168 $1517 $25 $-1 $2181 reversed single #
point $-1 -1 $-1 22.5 30 67.66987298107800086 #
point $-1 -1 $-1 27.5 30 67.66987298107800086 #
coedge $-1 -1 $-1 $1521 $2182 $2183 $2184 forward $82 $-1 #
coedge $-1 -1 $-1 $2185 $2186 $1521 $1838 reversed $2187 $-1 #
edge $-1 -1 $-1 $2188 1.301042606982604138e-15 $1842 3.266920484756954846 $1521 $2189 forward @7 unknown #
coedge $-1 -1 $-1 $2134 $1522 $2186 $2190 forward $1841 $-1 #
coedge $-1 -1 $-1 $1522 $2191 $1524 $1845 reversed $1841 $-1 #
loop $-1 -1 $-1 $-1 $2191 $2192 #
vertex $-1 -1 $-1 $1838 $2193 #
straight-curve $-1 -1 $-1 1.25 0 2.5 1 0 0 F 61.39575131106399652 F 110.6042486889300136 #
coedge $-1 -1 $-1 $1525 $1524 $2194 $2195 reversed $1526 $-1 #
edge $-1 -1 $-1 $1527 0 $2196 27.5 $1840 $2197 forward @7 unknown #
face $2198 -1 $-1 $1531 $1526 $25 $-1 $2199 forward single #
point $-1 -1 $-1 62.64575131106400363 0 2.5 #
coedge $-1 -1 $-1 $2194 $1533 $1529 $1849 forward $1540 $-1 #
edge $-1 -1 $-1 $1535 5.645751311065000166 $1850 54.85424868893500161 $1529 $2200 forward @7 unknown #
vertex $-1 -1 $-1 $2195 $2201 #
straight-curve $-1 -1 $-1 57.35424868893500161 0 2.5 0 1 0 F 0 F 27.5 #
DXID-attrib $-1 -1 $-1 $-1 $1531 @10 ASM ENTITY @2 23 #
plane-surface $-1 -1 $-1 2.5 -1 2.5 0 0 1 1 0 0 forward_v I I I I #
ellipse-curve $-1 -1 $-1 5.5 27.5 5.5 0 1 0 -3.000000000000293543 0 2.645751311064258982 1 F 1.874368715792939056e-13 F 3.266920484757892318 #
point $-1 -1 $-1 8.145751311065000166 27.5 2.5 #
coedge $-1 -1 $-1 $1539 $2202 $2058 $2203 reversed $1540 $-1 #
loop $-1 -1 $-1 $2204 $2205 $1858 #
face $2206 -1 $-1 $2207 $1540 $25 $-1 $2208 reversed single #
loop $-1 -1 $-1 $2209 $1571 $216 #
coedge $-1 -1 $-1 $1860 $1860 $2210 $2211 reversed $1543 $-1 #
coedge $-1 -1 $-1 $2212 $1544 $2213 $2214 forward $1259 $-1 #
coedge $-1 -1 $-1 $1544 $2212 $2215 $2216 reversed $1259 $-1 #
coedge $-1 -1 $-1 $2217 $2218 $1544 $1864 reversed $2219 $-1 #
edge $-1 -1 $-1 $2220 1.746111618101025664 $2221 2.264689420248820806 $1544 $2222 forward @7 unknown #
coedge $-1 -1 $-1 $1546 $1545 $2223 $2224 reversed $998 $-1 #
coedge $-1 -1 $-1 $2225 $2226 $1545 $1867 reversed $2227 $-1 #
edge $-1 -1 $-1 $1873 -0.6938930934539240258 $2228 -0.175315291306129134 $1545 $2229 forward @7 unknown #
coedge $-1 -1 $-1 $2230 $2231 $1546 $1869 forward $2232 $-1 #
edge $-1 -1 $-1 $1874 1.875 $2233 3.875 $1546 $2234 forward @7 unknown #
coedge $-1 -1 $-1 $2235 $1547 $2231 $2236 reversed $1872 $-1 #
coedge $-1 -1 $-1 $1547 $2235 $2225 $2237 reversed $1872 $-1 #
loop $-1 -1 $-1 $-1 $1547 $2238 #
vertex $-1 -1 $-1 $1548 $2239 #
vertex $-1 -1 $-1 $1548 $2240 #
straight-curve $-1 -1 $-1 2.75 0 2.75 0 0 1 F 6.055676935212999545 F 35.25 #
face $2241 -1 $-1 $2238 $2242 $27 $-1 $2243 reversed single #
point $-1 -1 $-1 25 0 21.25 #
coedge $-1 -1 $-1 $1878 $1878 $2244 $2245 reversed $1552 $-1 #
DXID-attrib $-1 -1 $-1 $-1 $1553 @10 ASM ENTITY @2 26 #
cone-surface $-1 -1 $-1 5.5 -4 5.5 0 1 0 0 0 1.750000000000000222 1 I I 0 1 1.750000000000000222 forward I I I I #
loop $-1 -1 $-1 $2246 $2247 $53 #
coedge $-1 -1 $-1 $2248 $2249 $2250 $2251 forward $1556 $-1 #
coedge $-1 -1 $-1 $1883 $1883 $1557 $1884 reversed $2252 $-1 #
edge $-1 -1 $-1 $2253 0 $2253 6.283185307179586232 $1557 $2254 forward @7 unknown #
coedge $-1 -1 $-1 $1559 $1558 $2255 $2256 reversed $1008 $-1 #
coedge $-1 -1 $-1 $2257 $2258 $1558 $1887 reversed $2259 $-1 #
edge $-1 -1 $-1 $1894 -22.99999999999999645 $2260 -3.000000000000000444 $1558 $2261 forward @7 unknown #
coedge $-1 -1 $-1 $2262 $2263 $1559 $1889 forward $2264 $-1 #
edge $-1 -1 $-1 $1893 -22.99999999999999645 $2265 -3.000000000000000444 $1559 $2266 forward @7 unknown #
coedge $-1 -1 $-1 $2267 $1560 $2263 $2268 forward $1892 $-1 #
coedge $-1 -1 $-1 $1560 $2267 $2257 $2269 reversed $1892 $-1 #
loop $-1 -1 $-1 $-1 $1890 $2270 #
vertex $-1 -1 $-1 $1561 $2271 #
vertex $-1 -1 $-1 $1561 $2272 #
straight-curve $-1 -1 $-1 33 -3.000000000000000444 26 1 0 0 F 33 F 75 #
loop $-1 -1 $-1 $-1 $2273 $1897 #
face $2274 -1 $-1 $2270 $1562 $27 $-1 $2275 reversed single #
point $-1 -1 $-1 60 -3.000000000000000444 8.699999999999999289 #
coedge $-1 -1 $-1 $1899 $1899 $2276 $2277 forward $1565 $-1 #
DXID-attrib $-1 -1 $-1 $-1 $1566 @10 ASM ENTITY @2 13 #
cone-surface $-1 -1 $-1 49.40000000000000568 -4 49.90000000000000568 0 1 0 0 0 1.500000000000000222 1 I I 0 1 1.500000000000000222 forward I I I I #
coedge $-1 -1 $-1 $1902 $1902 $1568 $1903 reversed $2278 $-1 #
edge $-1 -1 $-1 $2279 0 $2279 6.283185307179586232 $1568 $2280 forward @7 unknown #
vertex $-1 -1 $-1 $1572 $2281 #
ellipse-curve $-1 -1 $-1 49.40000000000000568 0 34.10000000000000142 0 1 0 0 0 1 1 I I #
loop $-1 -1 $-1 $-1 $2282 $1907 #
face $2283 -1 $-1 $2284 $1573 $27 $-1 $2285 reversed single #
point $-1 -1 $-1 5.5 -2.990000000000000213 8.699999999999999289 #
coedge $-1 -1 $-1 $1580 $1579 $2286 $2287 forward $1037 $-1 #
coedge $-1 -1 $-1 $2288 $2289 $1579 $1911 reversed $2290 $-1 #
edge $-1 -1 $-1 $1917 0 $2291 7.000000000000001776 $1579 $2292 forward @7 unknown #
coedge $-1 -1 $-1 $2293 $2294 $1580 $1913 forward $2295 $-1 #
edge $-1 -1 $-1 $1918 0 $2296 7.000000000000001776 $1580 $2297 forward @7 unknown #
coedge $-1 -1 $-1 $2298 $1581 $2294 $2299 reversed $1916 $-1 #
coedge $-1 -1 $-1 $1581 $2298 $2288 $2300 forward $1916 $-1 #
loop $-1 -1 $-1 $-1 $1915 $2301 #
vertex $-1 -1 $-1 $1582 $2302 #
vertex $-1 -1 $-1 $1582 $2303 #
straight-curve $-1 -1 $-1 66.40000000000000568 9.300000000000000711 38.5 0 1.110223024625000001e-16 1 F 0 F 6.999999999999997335 #
coedge $-1 -1 $-1 $2304 $2305 $1583 $1921 reversed $2306 $-1 #
edge $-1 -1 $-1 $1925 0 $1930 4.599999999999990763 $1583 $2307 forward @7 unknown #
coedge $-1 -1 $-1 $2308 $1584 $1589 $1934 reversed $1924 $-1 #
coedge $-1 -1 $-1 $1584 $2308 $2304 $2309 forward $1924 $-1 #
loop $-1 -1 $-1 $-1 $2308 $1941 #
vertex $-1 -1 $-1 $1585 $2310 #
straight-curve $-1 -1 $-1 48.79999999999999716 9.300000000000000711 39.70000000000000284 1 0 0 F 0 F 4.100000000000001421 #
coedge $-1 -1 $-1 $2311 $1586 $2305 $2312 reversed $1929 $-1 #
coedge $-1 -1 $-1 $1586 $2311 $1588 $1933 forward $1929 $-1 #
loop $-1 -1 $-1 $-1 $2311 $1603 #
vertex $-1 -1 $-1 $1921 $2313 #
straight-curve $-1 -1 $-1 48.79999999999999716 9.300000000000000711 44.29999999999999716 1 0 0 F 0 F 4.100000000000001421 #
coedge $-1 -1 $-1 $1589 $1588 $2314 $2315 reversed $1590 $-1 #
edge $-1 -1 $-1 $2316 0 $1592 3.599999999999998757 $1588 $2317 forward @7 unknown #
edge $-1 -1 $-1 $2318 0 $1591 3.599999999999998757 $1589 $2319 forward @7 unknown #
point $-1 -1 $-1 48.79999999999999716 9.300000000000000711 39.70000000000000284 #
point $-1 -1 $-1 48.79999999999999716 9.300000000000000711 44.29999999999999716 #
DXID-attrib $-1 -1 $-1 $-1 $1594 @10 ASM ENTITY @2 24 #
plane-surface $-1 -1 $-1 47.27000000000000313 7.5 38 -0.7071067811865475727 7.8504622934139775e-17 0.7071067811865475727 -0.7071067811865476838 -7.8504622934139775e-17 -0.7071067811865476838 forward_v I I I I #
straight-curve $-1 -1 $-1 45.35000000000000142 4 37.53000000000000114 1 0 0 F 0 F 8.350000000000008527 #
DXID-attrib $-1 -1 $-1 $-1 $1603 @10 ASM ENTITY @2 39 #
face $2320 -1 $-1 $2321 $1924 $29 $-1 $2322 reversed single #
plane-surface $-1 -1 $-1 48.79999999999999716 12.90000000000000036 44.29999999999999716 0 1.110223024625000001e-16 1 0 -1 1.110223024625000001e-16 forward_v I I I I #
coedge $-1 -1 $-1 $1607 $1613 $1605 $1944 forward $1619 $-1 #
edge $-1 -1 $-1 $1615 0 $1609 3.000000000000007105 $1605 $2323 forward @7 unknown #
DXID-attrib $-1 -1 $-1 $-1 $1606 @10 ASM ENTITY @2 35 #
plane-surface $-1 -1 $-1 51.40000000000000568 7.5 48.39999999999999858 1 0 0 0 -1 1.110223024625000001e-16 forward_v I I I I #
straight-curve $-1 -1 $-1 47.40000000000000568 5.5 51.40000000000000568 1 0 0 F 0 F 4.000000000000003553 #
point $-1 -1 $-1 51.40000000000000568 5.5 51.40000000000000568 #
straight-curve $-1 -1 $-1 47.40000000000000568 5.5 48.39999999999999858 1 0 0 F 0 F 4.000000000000003553 #
point $-1 -1 $-1 51.40000000000000568 5.5 48.39999999999999858 #
face $2324 -1 $-1 $2325 $1619 $29 $-1 $2326 forward single #
straight-curve $-1 -1 $-1 51.40000000000000568 5.5 32.60000000000000142 0 1.110223024625000001e-16 1 F 0 F 3.000000000000002665 #
DXID-attrib $-1 -1 $-1 $-1 $1631 @10 ASM ENTITY @2 52 #
plane-surface $-1 -1 $-1 47.40000000000000568 5.5 32.60000000000000142 0 -1 1.110223024625000001e-16 1 0 0 forward_v I I I I #
edge $-1 -1 $-1 $1959 0 $1680 1.580000000000003624 $1632 $2327 forward @7 unknown #
coedge $-1 -1 $-1 $1665 $1633 $1660 $1979 forward $1958 $-1 #
coedge $-1 -1 $-1 $1633 $1665 $1635 $1962 reversed $1958 $-1 #
loop $-1 -1 $-1 $-1 $1633 $2328 #
vertex $-1 -1 $-1 $1955 $2329 #
straight-curve $-1 -1 $-1 91 7.5 50 1 0 0 F 2.900000000000009237 F 6.000000000000014211 #
coedge $-1 -1 $-1 $1650 $1635 $1657 $1977 reversed $1637 $-1 #
edge $-1 -1 $-1 $1638 0 $1983 1.599999999999999201 $1635 $2330 forward @7 unknown #
coedge $-1 -1 $-1 $1636 $1650 $1652 $1975 reversed $1637 $-1 #
face $2331 -1 $-1 $2328 $1637 $29 $-1 $2332 forward single #
point $-1 -1 $-1 93.90000000000000568 7.5 50 #
coedge $-1 -1 $-1 $1652 $1644 $1640 $1967 forward $1653 $-1 #
edge $-1 -1 $-1 $1646 0 $1968 33.00000000000000711 $1640 $2333 forward @7 unknown #
vertex $-1 -1 $-1 $1641 $2334 #
straight-curve $-1 -1 $-1 93.90000000000000568 7.5 32.71999999999999886 0 -1 1.110223024625000001e-16 F 0 F 5 #
DXID-attrib $-1 -1 $-1 $-1 $1642 @10 ASM ENTITY @2 11 #
plane-surface $-1 -1 $-1 60.89999999999999858 7.5 32.71999999999999886 0 1.110223024625000001e-16 1 0 -1 1.110223024625000001e-16 forward_v I I I I #
straight-curve $-1 -1 $-1 60.89999999999999858 2.5 32.71999999999999886 0 1.110223024625000001e-16 1 F 0 F 18.55999999999999872 #
point $-1 -1 $-1 60.89999999999999858 2.5 32.71999999999999886 #
straight-curve $-1 -1 $-1 93.90000000000000568 7.5 51.28000000000000114 0 -1 1.110223024625000001e-16 F 1.599999999999999201 F 5 #
edge $-1 -1 $-1 $1968 0 $1654 18.55999999999999872 $1963 $2335 forward @7 unknown #
point $-1 -1 $-1 93.90000000000000568 2.5 51.28000000000000114 #
edge $-1 -1 $-1 $1658 -9.919999999999999929 $1983 -8.639999999999998792 $1961 $2336 forward @7 unknown #
point $-1 -1 $-1 93.90000000000000568 5.900000000000000355 51.28000000000000114 #
edge $-1 -1 $-1 $1959 0 $1667 1.599999999999999201 $1956 $2337 forward @7 unknown #
straight-curve $-1 -1 $-1 97.00000000000001421 7.5 50 0 1.110223024625000001e-16 1 F 1.580000000000003624 F 4.700000000000006395 #
DXID-attrib $-1 -1 $-1 $-1 $1663 @10 ASM ENTITY @2 14 #
plane-surface $-1 -1 $-1 97.00000000000001421 7.5 50 1 0 0 0 -1 1.110223024625000001e-16 forward_v I I I I #
vertex $-1 -1 $-1 $1962 $2338 #
straight-curve $-1 -1 $-1 91 5.900000000000000355 50 1 0 0 F 2.900000000000009237 F 6.000000000000014211 #
point $-1 -1 $-1 97.00000000000001421 5.900000000000000355 50 #
DXID-attrib $-1 -1 $-1 $-1 $1670 @10 ASM ENTITY @2 47 #
plane-surface $-1 -1 $-1 60.89999999999999858 2.5 32.71999999999999886 0 -1 1.110223024625000001e-16 1 0 0 forward_v I I I I #
coedge $-1 -1 $-1 $2339 $2340 $1672 $1989 forward $2341 $-1 #
edge $-1 -1 $-1 $2342 0 $1992 5.388153672638042124 $1672 $2343 forward @7 unknown #
coedge $-1 -1 $-1 $1673 $2344 $2339 $2345 forward $1991 $-1 #
loop $-1 -1 $-1 $-1 $1990 $1685 #
vertex $-1 -1 $-1 $1674 $2346 #
straight-curve $-1 -1 $-1 97.68999999999999773 9.300000000000000711 33.10999999999999943 0 1.110223024625000001e-16 1 F 0 F 17.78000000000000469 #
point $-1 -1 $-1 97.68999999999999773 9.300000000000000711 50.89000000000000057 #
DXID-attrib $-1 -1 $-1 $-1 $1677 @10 ASM ENTITY @2 48 #
face $2347 -1 $-1 $2348 $2349 $29 $-1 $2350 reversed single #
plane-surface $-1 -1 $-1 91 7.5 50 0 -1 1.110223024625000001e-16 1 0 0 forward_v I I I I #
coedge $-1 -1 $-1 $1678 $2351 $2002 $2352 forward $92 $-1 #
vertex $-1 -1 $-1 $2352 $2353 #
straight-curve $-1 -1 $-1 97.68999999999999773 7.5 50.89000000000000057 -0.7071067811870000996 7.850462293419000326e-17 0.7071067811870000996 F 0 F 0.9758073580368038513 #
point $-1 -1 $-1 97.00000000000001421 7.5 51.5800000000000054 #
coedge $-1 -1 $-1 $2354 $1682 $1998 $2352 reversed $1991 $-1 #
straight-curve $-1 -1 $-1 97.68999999999999773 7.5 50.89000000000000057 0 1 -1.110223024625000001e-16 F 0 F 1.800000000000001599 #
DXID-attrib $-1 -1 $-1 $-1 $1685 @10 ASM ENTITY @2 16 #
face $2355 -1 $-1 $2356 $2357 $29 $-1 $2358 forward single #
plane-surface $-1 -1 $-1 97.68999999999999773 7.5 33.10999999999999943 1 0 0 0 1.110223024625000001e-16 1 forward_v I I I I #
coedge $-1 -1 $-1 $2359 $2360 $1687 $2008 forward $2361 $-1 #
edge $-1 -1 $-1 $2012 0 $2342 45.71999999999999886 $1687 $2362 forward @7 unknown #
coedge $-1 -1 $-1 $1698 $1688 $2360 $2363 reversed $2011 $-1 #
coedge $-1 -1 $-1 $1688 $1698 $1690 $2014 forward $2011 $-1 #
loop $-1 -1 $-1 $-1 $2010 $2364 #
vertex $-1 -1 $-1 $2008 $2365 #
straight-curve $-1 -1 $-1 46.00000000000000711 9.300000000000000711 31.46000000000000441 0.7071067811870000996 -7.850462293419000326e-17 -0.7071067811870000996 F 0 F 3.05470129472392582 #
edge $-1 -1 $-1 $1700 0 $1693 1.800000000000001599 $2010 $2366 forward @7 unknown #
face $2367 -1 $-1 $1594 $1692 $29 $-1 $2368 forward single #
point $-1 -1 $-1 46.00000000000000711 9.300000000000000711 31.46000000000000441 #
straight-curve $-1 -1 $-1 46.00000000000000711 7.5 36.73000000000000398 0 1 -1.110223024625000001e-16 F 0 F 1.800000000000001599 #
coedge $-1 -1 $-1 $2369 $1697 $2370 $2371 forward $92 $-1 #
coedge $-1 -1 $-1 $2360 $2359 $1697 $2020 reversed $2361 $-1 #
edge $-1 -1 $-1 $2021 0 $2372 45.71999999999999886 $1697 $2373 forward @7 unknown #
vertex $-1 -1 $-1 $1699 $2374 #
straight-curve $-1 -1 $-1 46.00000000000000711 7.5 31.46000000000000441 0.7071067811870000996 -7.850462293419000326e-17 -0.7071067811870000996 F 0 F 3.05470129472392582 #
point $-1 -1 $-1 46.00000000000000711 7.5 31.46000000000000441 #
DXID-attrib $-1 -1 $-1 $-1 $1708 @10 ASM ENTITY @2 10 #
loop $-1 -1 $-1 $-1 $2035 $1708 #
plane-surface $-1 -1 $-1 51.35000000000000853 4.599999999999999645 37.89999999999999858 1 0 0 0 0 1 forward_v I I I I #
coedge $-1 -1 $-1 $2375 $1721 $1714 $2034 forward $1709 $-1 #
coedge $-1 -1 $-1 $2376 $1711 $1720 $2040 forward $1422 $-1 #
coedge $-1 -1 $-1 $1711 $2376 $2377 $2378 forward $1422 $-1 #
coedge $-1 -1 $-1 $1713 $1712 $1711 $2031 forward $1158 $-1 #
edge $-1 -1 $-1 $2044 0.1000000000000023093 $2379 12.60000000000000675 $2030 $2380 forward @7 unknown #
coedge $-1 -1 $-1 $2377 $1715 $1713 $2033 forward $2025 $-1 #
edge $-1 -1 $-1 $1718 0 $2379 8.200000000000002842 $1713 $2381 forward @7 unknown #
edge $-1 -1 $-1 $1724 0.1000000000000023093 $2036 12.60000000000000675 $1714 $2382 forward @7 unknown #
coedge $-1 -1 $-1 $1715 $2377 $2375 $2383 reversed $2025 $-1 #
vertex $-1 -1 $-1 $1716 $2384 #
straight-curve $-1 -1 $-1 51.35000000000000853 4.599999999999999645 37.89999999999999858 0 1 0 F 0 F 2.400000000000000799 #
point $-1 -1 $-1 38.85000000000000142 7.000000000000000888 37.89999999999999858 #
point $-1 -1 $-1 51.35000000000000853 7.000000000000000888 37.89999999999999858 #
edge $-1 -1 $-1 $2044 -3.425000000000000266 $2042 -1.024999999999999245 $1720 $2385 forward @7 unknown #
coedge $-1 -1 $-1 $1721 $2375 $2376 $2386 reversed $1709 $-1 #
vertex $-1 -1 $-1 $1722 $2387 #
straight-curve $-1 -1 $-1 38.85000000000000142 4.599999999999999645 36.85000000000000853 0 0 1 F 1.049999999999995381 F 9.249999999999998224 #
vertex $-1 -1 $-1 $2040 $2388 #
straight-curve $-1 -1 $-1 38.85000000000000142 7.000000000000000888 36.85000000000000853 0 0 1 F 1.049999999999995381 F 9.249999999999998224 #
point $-1 -1 $-1 38.85000000000000142 4.599999999999999645 37.89999999999999858 #
coedge $-1 -1 $-1 $2058 $2147 $1729 $2048 forward $1736 $-1 #
edge $-1 -1 $-1 $2051 0 $2049 27.5 $1729 $2389 forward @7 unknown #
vertex $-1 -1 $-1 $2048 $2390 #
ellipse-curve $-1 -1 $-1 5.5 27.5 74.5 0 1 0 0 0 4 1 F 0.722734247813492936 F 3.989654732571197737 #
vertex $-1 -1 $-1 $1731 $2391 #
ellipse-curve $-1 -1 $-1 5.5 0 74.5 0 1 0 0 0 4 1 F 0.722734247813492936 F 3.989654732571197737 #
DXID-attrib $-1 -1 $-1 $-1 $1735 @10 ASM ENTITY @2 16 #
face $2392 -1 $-1 $2393 $2394 $25 $-1 $2395 reversed single #
loop $-1 -1 $-1 $-1 $2396 $1735 #
cone-surface $-1 -1 $-1 60 0 74.5 0 1 0 0 0 4 1 I I 0 1 4 forward I I I I #
loop $-1 -1 $-1 $2397 $2398 $1446 #
coedge $-1 -1 $-1 $2399 $2047 $1856 $2203 forward $1736 $-1 #
loop $-1 -1 $-1 $-1 $2400 $2060 #
face $2401 -1 $-1 $1833 $1738 $25 $-1 $2402 reversed single #
point $-1 -1 $-1 114.5000000000000142 0 76.5 #
coedge $-1 -1 $-1 $2062 $2062 $2403 $2404 forward $1741 $-1 #
DXID-attrib $-1 -1 $-1 $-1 $1742 @10 ASM ENTITY @2 29 #
cone-surface $-1 -1 $-1 60 -1 74.5 0 1 0 0 0 2 1 I I 0 1 2 forward I I I I #
coedge $-1 -1 $-1 $2065 $2065 $1744 $2066 reversed $2405 $-1 #
edge $-1 -1 $-1 $2406 0 $2406 6.283185307179586232 $1744 $2407 forward @7 unknown #
loop $-1 -1 $-1 $2408 $1747 $2409 #
vertex $-1 -1 $-1 $1748 $2410 #
ellipse-curve $-1 -1 $-1 60 6.700000000000000178 5.5 0 1 0 0 0 2 1 I I #
loop $-1 -1 $-1 $-1 $2411 $2071 #
face $2412 -1 $-1 $2409 $1749 $25 $-1 $2413 reversed single #
point $-1 -1 $-1 5.5 6.700000000000000178 76.5 #
coedge $-1 -1 $-1 $2073 $2073 $2414 $2415 forward $1752 $-1 #
DXID-attrib $-1 -1 $-1 $-1 $1753 @10 ASM ENTITY @2 71 #
plane-surface $-1 -1 $-1 5.5 6.700000000000000178 5.5 0 1 0 0 0 1 forward_v I I I I #
loop $-1 -1 $-1 $2416 $2417 $1465 #
coedge $-1 -1 $-1 $2418 $2418 $2419 $2420 reversed $1755 $-1 #
coedge $-1 -1 $-1 $2421 $1756 $2422 $2423 forward $1464 $-1 #
coedge $-1 -1 $-1 $1756 $2421 $2424 $2425 reversed $1464 $-1 #
coedge $-1 -1 $-1 $2426 $2427 $1756 $2081 reversed $2428 $-1 #
edge $-1 -1 $-1 $2429 0 $2430 40 $1756 $2431 forward @7 unknown #
coedge $-1 -1 $-1 $2432 $2433 $1759 $2083 forward $2434 $-1 #
edge $-1 -1 $-1 $2092 11 $2087 13.00000000000000178 $1759 $2435 forward @7 unknown #
coedge $-1 -1 $-1 $2436 $1760 $1765 $2096 forward $2086 $-1 #
coedge $-1 -1 $-1 $1760 $2437 $2432 $2438 reversed $2086 $-1 #
loop $-1 -1 $-1 $-1 $2084 $2439 #
vertex $-1 -1 $-1 $1761 $2440 #
straight-curve $-1 -1 $-1 112.0000000000000142 24.00000000000000355 0 -1 0 0 F 0 F 40.00000000000000711 #
coedge $-1 -1 $-1 $2441 $1762 $2433 $2442 forward $2091 $-1 #
coedge $-1 -1 $-1 $1762 $2443 $1764 $2095 reversed $2091 $-1 #
loop $-1 -1 $-1 $-1 $2090 $2444 #
vertex $-1 -1 $-1 $2083 $2445 #
straight-curve $-1 -1 $-1 72 22 0 1 0 0 F 0 F 40.00000000000000711 #
coedge $-1 -1 $-1 $1765 $1764 $2446 $2447 forward $1766 $-1 #
edge $-1 -1 $-1 $1767 1 $2448 4.5 $1764 $2449 forward @7 unknown #
edge $-1 -1 $-1 $1768 1 $2450 4.5 $1765 $2451 forward @7 unknown #
face $2452 -1 $-1 $2444 $1766 $25 $-1 $2453 reversed single #
point $-1 -1 $-1 112.0000000000000142 22 0 #
point $-1 -1 $-1 112.0000000000000142 24.00000000000000355 0 #
coedge $-1 -1 $-1 $2454 $1770 $1773 $2106 forward $2102 $-1 #
coedge $-1 -1 $-1 $1770 $2454 $1777 $2110 reversed $2102 $-1 #
loop $-1 -1 $-1 $-1 $2101 $2455 #
straight-curve $-1 -1 $-1 72 8.5 0 0 1 0 F 8.5 F 10.5 #
coedge $-1 -1 $-1 $2456 $1772 $2457 $2458 reversed $1774 $-1 #
coedge $-1 -1 $-1 $1773 $2456 $2459 $2460 reversed $1774 $-1 #
edge $-1 -1 $-1 $1775 1 $2461 3.499999999999999556 $2100 $2462 forward @7 unknown #
face $2463 -1 $-1 $2097 $1774 $25 $-1 $2464 reversed single #
point $-1 -1 $-1 72 19 0 #
coedge $-1 -1 $-1 $2465 $1777 $2466 $2467 reversed $1779 $-1 #
edge $-1 -1 $-1 $1780 1 $2468 3.499999999999999556 $1777 $2469 forward @7 unknown #
coedge $-1 -1 $-1 $1778 $2465 $2470 $2471 forward $1779 $-1 #
face $2472 -1 $-1 $2455 $1779 $25 $-1 $2473 forward single #
point $-1 -1 $-1 72 17 0 #
coedge $-1 -1 $-1 $2470 $2457 $1782 $2115 reversed $2474 $-1 #
edge $-1 -1 $-1 $2116 0 $2118 1.999999999999999556 $1782 $2475 forward @7 unknown #
vertex $-1 -1 $-1 $1783 $2476 #
straight-curve $-1 -1 $-1 112.0000000000000142 17 -1 0 0 1 F 1 F 4.5 #
vertex $-1 -1 $-1 $2115 $2477 #
straight-curve $-1 -1 $-1 112.0000000000000142 19 -1 0 0 1 F 1 F 4.5 #
DXID-attrib $-1 -1 $-1 $-1 $1785 @10 ASM ENTITY @2 44 #
plane-surface $-1 -1 $-1 112.0000000000000142 17 -1 1 0 0 0 0 1 forward_v I I I I #
coedge $-1 -1 $-1 $1789 $1788 $2478 $2479 reversed $1790 $-1 #
face $2480 -1 $-1 $1795 $1790 $25 $-1 $2481 forward single #
coedge $-1 -1 $-1 $1793 $1792 $2482 $2483 reversed $1490 $-1 #
coedge $-1 -1 $-1 $1802 $2484 $1792 $2126 forward $2142 $-1 #
edge $-1 -1 $-1 $2485 7.035898384860015398 $1806 8.000000000000007105 $1792 $2486 forward @7 unknown #
coedge $-1 -1 $-1 $2487 $2478 $1793 $2128 forward $1841 $-1 #
edge $-1 -1 $-1 $2129 0 $2488 39.85424868893000649 $2127 $2489 forward @7 unknown #
vertex $-1 -1 $-1 $2479 $2490 #
straight-curve $-1 -1 $-1 72 14.00000000000000178 -1 0 0 1 F 1 F 3.499999999999999556 #
DXID-attrib $-1 -1 $-1 $-1 $1795 @10 ASM ENTITY @2 43 #
plane-surface $-1 -1 $-1 104 14.00000000000000178 -1 0 1 0 0 0 1 forward_v I I I I #
coedge $-1 -1 $-1 $1799 $1797 $2491 $2492 forward $1495 $-1 #
coedge $-1 -1 $-1 $2478 $1839 $1797 $2135 forward $1841 $-1 #
edge $-1 -1 $-1 $2493 0 $2136 39.85424868893000649 $2134 $2494 forward @7 unknown #
vertex $-1 -1 $-1 $2135 $2495 #
straight-curve $-1 -1 $-1 72 12.00000000000000178 -1 0 0 1 F 1 F 3.499999999999999556 #
coedge $-1 -1 $-1 $2484 $1802 $1799 $2139 reversed $2142 $-1 #
edge $-1 -1 $-1 $2496 7.035898384860015398 $1804 8.000000000000007105 $1799 $2497 forward @7 unknown #
DXID-attrib $-1 -1 $-1 $-1 $1800 @10 ASM ENTITY @2 41 #
plane-surface $-1 -1 $-1 104 12.00000000000000178 -1 0 1 0 0 0 1 forward_v I I I I #
loop $-1 -1 $-1 $-1 $2125 $2498 #
straight-curve $-1 -1 $-1 112.0000000000000142 12.00000000000000178 3.500000000000000444 0 1 0 F 0 F 1.999999999999999556 #
point $-1 -1 $-1 112.0000000000000142 12.00000000000000178 3.500000000000000444 #
point $-1 -1 $-1 112.0000000000000142 14.00000000000000178 3.500000000000000444 #
coedge $-1 -1 $-1 $2499 $1810 $2500 $2501 reversed $82 $-1 #
coedge $-1 -1 $-1 $2047 $2399 $1810 $2148 reversed $1736 $-1 #
edge $-1 -1 $-1 $2051 6.895751311065000166 $2502 56.10424868893600348 $1810 $2503 forward @7 unknown #
coedge $-1 -1 $-1 $1812 $1811 $2504 $2505 reversed $1235 $-1 #
coedge $-1 -1 $-1 $2506 $2507 $1811 $2151 reversed $2508 $-1 #
edge $-1 -1 $-1 $2157 -36.66987298107800086 $2509 -31 $1811 $2510 forward @7 unknown #
coedge $-1 -1 $-1 $2511 $2512 $1812 $2153 forward $2513 $-1 #
edge $-1 -1 $-1 $2158 -36.66987298107800086 $2514 -31 $1812 $2515 forward @7 unknown #
coedge $-1 -1 $-1 $2516 $1813 $2512 $2517 reversed $2156 $-1 #
coedge $-1 -1 $-1 $1813 $2516 $2506 $2518 forward $2156 $-1 #
loop $-1 -1 $-1 $-1 $2155 $2519 #
vertex $-1 -1 $-1 $1814 $2520 #
vertex $-1 -1 $-1 $1814 $2521 #
ellipse-curve $-1 -1 $-1 95 30 72 0 1 0 0 0 5 1 F -2.617993877991473983 F 2.617993877991473983 #
face $2522 -1 $-1 $2519 $2523 $25 $-1 $2524 reversed single #
point $-1 -1 $-1 60 30 18.25 #
coedge $-1 -1 $-1 $2525 $1818 $1821 $2167 reversed $2164 $-1 #
coedge $-1 -1 $-1 $1818 $2525 $1825 $2171 forward $2164 $-1 #
loop $-1 -1 $-1 $-1 $1818 $2526 #
ellipse-curve $-1 -1 $-1 25 30 62 0 1 0 0 0 2.5 1 F 1.570796326794896558 F 4.712388980384689674 #
coedge $-1 -1 $-1 $1821 $1820 $2527 $2528 forward $1822 $-1 #
edge $-1 -1 $-1 $2529 0.9999999999999964473 $1823 3.499999999999996447 $1821 $2530 forward @14 tangent_not_g2 #
face $2531 -1 $-1 $2172 $1822 $25 $-1 $2532 forward single #
point $-1 -1 $-1 22.5 30 62 #
coedge $-1 -1 $-1 $1826 $1825 $2533 $2534 reversed $1827 $-1 #
edge $-1 -1 $-1 $2535 0.9999999999999964473 $1828 3.499999999999996447 $1825 $2536 forward @14 tangent_not_g2 #
face $2537 -1 $-1 $2526 $1827 $25 $-1 $2538 reversed single #
point $-1 -1 $-1 27.5 30 62 #
coedge $-1 -1 $-1 $2533 $2527 $1830 $2175 forward $2539 $-1 #
edge $-1 -1 $-1 $2178 -2.617993877991474871 $2176 2.617993877991474871 $1830 $2540 forward @7 unknown #
vertex $-1 -1 $-1 $1831 $2541 #
straight-curve $-1 -1 $-1 27.5 26.50000000000000355 67.66987298107800086 0 1 0 F 0.9999999999999964473 F 3.499999999999996447 #
vertex $-1 -1 $-1 $1832 $2542 #
straight-curve $-1 -1 $-1 22.5 26.50000000000000355 67.66987298107800086 0 1 0 F 0.9999999999999964473 F 3.499999999999996447 #
DXID-attrib $-1 -1 $-1 $-1 $1833 @10 ASM ENTITY @2 31 #
cone-surface $-1 -1 $-1 25 26.50000000000000355 72 0 1 0 0 0 5 1 I I 0 1 5 forward I I I I #
coedge $-1 -1 $-1 $1836 $2499 $2543 $2544 reversed $82 $-1 #
coedge $-1 -1 $-1 $2545 $2546 $1836 $2184 reversed $2547 $-1 #
edge $-1 -1 $-1 $2548 -70.60424868893500161 $2188 -6.895751311064000078 $1836 $2549 forward @7 unknown #
coedge $-1 -1 $-1 $2550 $1837 $2546 $2551 forward $2187 $-1 #
coedge $-1 -1 $-1 $1837 $2491 $1839 $2190 reversed $2187 $-1 #
loop $-1 -1 $-1 $-1 $2550 $2552 #
vertex $-1 -1 $-1 $2184 $2553 #
ellipse-curve $-1 -1 $-1 114.5000000000000142 0 5.5 0 -1 0 3.000000000000293543 0 2.645751311064258982 1 F 1.301042606982604138e-15 F 3.266920484756954846 #
edge $-1 -1 $-1 $1842 0 $2493 12.00000000000000178 $2186 $2554 forward @7 unknown #
coedge $-1 -1 $-1 $1840 $2555 $2556 $2557 reversed $1841 $-1 #
face $2558 -1 $-1 $1846 $1841 $25 $-1 $2559 forward single #
point $-1 -1 $-1 111.8542486889300136 0 2.5 #
coedge $-1 -1 $-1 $2556 $1848 $1844 $2195 forward $1540 $-1 #
edge $-1 -1 $-1 $1850 1.866562460151043676e-13 $2196 4.837716811552787988 $1844 $2560 forward @7 unknown #
vertex $-1 -1 $-1 $2557 $2561 #
straight-curve $-1 -1 $-1 62.6457513110650055 0 2.5 0 1 0 F 0 F 27.5 #
DXID-attrib $-1 -1 $-1 $-1 $1846 @10 ASM ENTITY @2 22 #
cone-surface $-1 -1 $-1 60 0 5.5 0 1 0 0 0 4 1 I I 0 1 4 forward I I I I #
straight-curve $-1 -1 $-1 2.5 27.5 2.5 1 0 0 F 5.645751311065000166 F 54.85424868893500161 #
point $-1 -1 $-1 57.35424868893500161 27.5 2.5 #
coedge $-1 -1 $-1 $1856 $2562 $2563 $2564 forward $1540 $-1 #
edge $-1 -1 $-1 $2049 5.645751311065000166 $2565 54.85424868893500161 $2058 $2566 forward @7 unknown #
loop $-1 -1 $-1 $2539 $2567 $1858 #
coedge $-1 -1 $-1 $2568 $2569 $2570 $2571 forward $1857 $-1 #
DXID-attrib $-1 -1 $-1 $-1 $1858 @10 ASM ENTITY @2 66 #
face $2572 -1 $-1 $2498 $2573 $25 $-1 $2574 forward single #
plane-surface $-1 -1 $-1 2.5 27.5 2.5 0 1 0 0 0 1 forward_v I I I I #
loop $-1 -1 $-1 $2575 $2576 $216 #
coedge $-1 -1 $-1 $2210 $2210 $1860 $2211 forward $2577 $-1 #
edge $-1 -1 $-1 $2578 0 $2578 6.283185307179586232 $1860 $2579 forward @7 unknown #
coedge $-1 -1 $-1 $1862 $1861 $2580 $2581 forward $1259 $-1 #
coedge $-1 -1 $-1 $2582 $2583 $1861 $2214 reversed $2584 $-1 #
edge $-1 -1 $-1 $2221 6.055676935212999545 $2585 53.94432306478699957 $1861 $2586 forward @7 unknown #
coedge $-1 -1 $-1 $2587 $2588 $1862 $2216 forward $2589 $-1 #
edge $-1 -1 $-1 $2220 5.984087859267999576 $2590 52.01591214073200575 $1862 $2591 forward @7 unknown #
coedge $-1 -1 $-1 $2592 $1863 $2588 $2593 forward $2219 $-1 #
coedge $-1 -1 $-1 $1863 $2592 $2582 $2594 reversed $2219 $-1 #
loop $-1 -1 $-1 $-1 $2217 $2595 #
vertex $-1 -1 $-1 $1864 $2596 #
vertex $-1 -1 $-1 $1864 $2597 #
ellipse-curve $-1 -1 $-1 5.5 0 5.5 0 1 0 0 0 4.299999999999999822 1 F 1.746111618101025664 F 2.264689420248820806 #
coedge $-1 -1 $-1 $2598 $2599 $1865 $2224 forward $2600 $-1 #
edge $-1 -1 $-1 $2233 -34.25 $2228 -5.984087859267999576 $1865 $2601 forward @7 unknown #
coedge $-1 -1 $-1 $2602 $1866 $1871 $2237 forward $2227 $-1 #
coedge $-1 -1 $-1 $1866 $2602 $2598 $2603 reversed $2227 $-1 #
loop $-1 -1 $-1 $-1 $2225 $2604 #
vertex $-1 -1 $-1 $1867 $2605 #
ellipse-curve $-1 -1 $-1 5.5 0 5.5 0 1 0 0 0 4.299999999999999822 1 F -0.6938930934539240258 F -0.175315291306129134 #
coedge $-1 -1 $-1 $2606 $1868 $2599 $2607 reversed $2232 $-1 #
coedge $-1 -1 $-1 $1868 $2606 $1870 $2236 forward $2232 $-1 #
loop $-1 -1 $-1 $-1 $2606 $2608 #
vertex $-1 -1 $-1 $2224 $2609 #
straight-curve $-1 -1 $-1 0.875000000000000111 0 38 1 0 0 F 1.875 F 3.875 #
coedge $-1 -1 $-1 $1871 $1870 $2610 $2611 reversed $1872 $-1 #
edge $-1 -1 $-1 $2612 -4.5 $1874 -0.5 $1870 $2613 forward @7 unknown #
edge $-1 -1 $-1 $1873 1 $2614 5 $1871 $2615 forward @7 unknown #
face $2616 -1 $-1 $2604 $1872 $27 $-1 $2617 reversed single #
point $-1 -1 $-1 2.75 0 8.805676935213000434 #
point $-1 -1 $-1 2.75 0 38 #
DXID-attrib $-1 -1 $-1 $-1 $1876 @10 ASM ENTITY @2 27 #
loop $-1 -1 $-1 $1549 $2618 $1876 #
cone-surface $-1 -1 $-1 25 -2.200000000000000178 15 0 1 0 0 0 6.25 1 I I 0 1 6.25 forward I I I I #
coedge $-1 -1 $-1 $2244 $2244 $1878 $2245 forward $2619 $-1 #
edge $-1 -1 $-1 $2620 0 $2620 6.283185307179586232 $1878 $2621 forward @7 unknown #
loop $-1 -1 $-1 $-1 $2622 $53 #
coedge $-1 -1 $-1 $2247 $2247 $2623 $2624 forward $1881 $-1 #
coedge $-1 -1 $-1 $2625 $1882 $2626 $2627 forward $1556 $-1 #
coedge $-1 -1 $-1 $1882 $2625 $2628 $2629 reversed $1556 $-1 #
coedge $-1 -1 $-1 $2630 $2631 $1882 $2251 reversed $2632 $-1 #
edge $-1 -1 $-1 $2633 30.75 $2634 62.35000000000000142 $1882 $2635 forward @7 unknown #
loop $-1 -1 $-1 $2636 $1883 $2637 #
vertex $-1 -1 $-1 $1884 $2638 #
ellipse-curve $-1 -1 $-1 114.5000000000000142 -3.000000000000000444 5.5 0 1 0 0 0 3.200000000000000622 1 I I #
coedge $-1 -1 $-1 $2639 $2640 $1885 $2256 forward $2641 $-1 #
edge $-1 -1 $-1 $2265 33 $2260 75 $1885 $2642 forward @7 unknown #
coedge $-1 -1 $-1 $2643 $1886 $1891 $2269 forward $2259 $-1 #
coedge $-1 -1 $-1 $1886 $2643 $2639 $2644 reversed $2259 $-1 #
loop $-1 -1 $-1 $-1 $2257 $2645 #
vertex $-1 -1 $-1 $1887 $2646 #
straight-curve $-1 -1 $-1 108 -3.000000000000000444 3.000000000000000444 0 0 -1 F -22.99999999999999645 F -3.000000000000000444 #
coedge $-1 -1 $-1 $2647 $1888 $2640 $2648 forward $2264 $-1 #
coedge $-1 -1 $-1 $1888 $2647 $1890 $2268 reversed $2264 $-1 #
loop $-1 -1 $-1 $-1 $2263 $2649 #
vertex $-1 -1 $-1 $2256 $2650 #
straight-curve $-1 -1 $-1 66 -3.000000000000000444 3.000000000000000444 0 0 -1 F -22.99999999999999645 F -3.000000000000000444 #
coedge $-1 -1 $-1 $1891 $1890 $2651 $2652 forward $1892 $-1 #
edge $-1 -1 $-1 $1893 0.999999999999999778 $2653 1.500000000000000222 $1890 $2654 forward @7 unknown #
edge $-1 -1 $-1 $1894 0.999999999999999778 $2655 1.500000000000000222 $1891 $2656 forward @7 unknown #
face $2657 -1 $-1 $2645 $1892 $27 $-1 $2658 reversed single #
point $-1 -1 $-1 66 -3.000000000000000444 26 #
point $-1 -1 $-1 108 -3.000000000000000444 26 #
coedge $-1 -1 $-1 $2273 $2273 $2659 $2660 forward $1896 $-1 #
DXID-attrib $-1 -1 $-1 $-1 $1897 @10 ASM ENTITY @2 14 #
cone-surface $-1 -1 $-1 60 -4 5.5 0 1 0 0 0 3.200000000000000622 1 I I 0 1 3.200000000000000622 forward I I I I #
coedge $-1 -1 $-1 $2276 $2276 $1899 $2277 reversed $2661 $-1 #
edge $-1 -1 $-1 $2662 0 $2662 6.283185307179586232 $1899 $2663 forward @7 unknown #
loop $-1 -1 $-1 $2664 $1902 $2284 #
vertex $-1 -1 $-1 $1903 $2665 #
ellipse-curve $-1 -1 $-1 5.5 -2.990000000000000213 74.5 0 1 0 0 0 3.200000000000000622 1 I I #
point $-1 -1 $-1 49.40000000000000568 0 35.10000000000000142 #
coedge $-1 -1 $-1 $2282 $2282 $2666 $2667 forward $1906 $-1 #
DXID-attrib $-1 -1 $-1 $-1 $1907 @10 ASM ENTITY @2 80 #
face $2668 -1 $-1 $2669 $2278 $27 $-1 $2670 reversed single #
plane-surface $-1 -1 $-1 5.5 -2.990000000000000213 5.5 0 1 0 0 0 1 forward_v I I I I #
coedge $-1 -1 $-1 $2671 $2672 $1909 $2287 reversed $2673 $-1 #
edge $-1 -1 $-1 $2291 0 $2296 6.999999999999997335 $1909 $2674 forward @7 unknown #
coedge $-1 -1 $-1 $2675 $1910 $1915 $2300 reversed $2290 $-1 #
coedge $-1 -1 $-1 $1910 $2675 $2671 $2676 forward $2290 $-1 #
loop $-1 -1 $-1 $-1 $2675 $2677 #
vertex $-1 -1 $-1 $1911 $2678 #
straight-curve $-1 -1 $-1 66.40000000000000568 9.300000000000000711 38.5 1 0 0 F 0 F 7.000000000000001776 #
coedge $-1 -1 $-1 $2679 $1912 $2672 $2680 reversed $2295 $-1 #
coedge $-1 -1 $-1 $1912 $2679 $1914 $2299 forward $2295 $-1 #
loop $-1 -1 $-1 $-1 $2679 $2681 #
vertex $-1 -1 $-1 $2287 $2682 #
straight-curve $-1 -1 $-1 66.40000000000000568 9.300000000000000711 45.5 1 0 0 F 0 F 7.000000000000001776 #
coedge $-1 -1 $-1 $1915 $1914 $2683 $2684 reversed $1916 $-1 #
edge $-1 -1 $-1 $2685 0 $1918 0.7999999999999984901 $1914 $2686 forward @7 unknown #
edge $-1 -1 $-1 $2687 0 $1917 0.7999999999999984901 $1915 $2688 forward @7 unknown #
face $2689 -1 $-1 $2677 $1916 $29 $-1 $2690 reversed single #
point $-1 -1 $-1 66.40000000000000568 9.300000000000000711 38.5 #
point $-1 -1 $-1 66.40000000000000568 9.300000000000000711 45.5 #
coedge $-1 -1 $-1 $2691 $1920 $1923 $2309 reversed $2306 $-1 #
coedge $-1 -1 $-1 $1920 $2691 $1927 $2312 forward $2306 $-1 #
loop $-1 -1 $-1 $-1 $2304 $2321 #
straight-curve $-1 -1 $-1 52.89999999999999858 9.300000000000000711 39.70000000000000284 0 1.110223024625000001e-16 1 F 0 F 4.599999999999990763 #
coedge $-1 -1 $-1 $1923 $1922 $2692 $2693 forward $1924 $-1 #
edge $-1 -1 $-1 $2694 0 $1925 3.599999999999998757 $1923 $2695 forward @7 unknown #
point $-1 -1 $-1 52.89999999999999858 9.300000000000000711 39.70000000000000284 #
coedge $-1 -1 $-1 $1928 $1927 $2696 $2697 reversed $1929 $-1 #
edge $-1 -1 $-1 $2698 0 $1930 3.599999999999998757 $1927 $2699 forward @7 unknown #
point $-1 -1 $-1 52.89999999999999858 9.300000000000000711 44.29999999999999716 #
coedge $-1 -1 $-1 $2696 $2692 $1932 $2315 forward $2700 $-1 #
edge $-1 -1 $-1 $2318 0 $2316 4.599999999999990763 $1932 $2701 forward @7 unknown #
vertex $-1 -1 $-1 $1933 $2702 #
straight-curve $-1 -1 $-1 48.79999999999999716 12.90000000000000036 44.29999999999999716 0 -1 1.110223024625000001e-16 F 0 F 3.599999999999998757 #
vertex $-1 -1 $-1 $1934 $2703 #
straight-curve $-1 -1 $-1 48.79999999999999716 12.90000000000000036 39.70000000000000284 0 -1 1.110223024625000001e-16 F 0 F 3.599999999999998757 #
DXID-attrib $-1 -1 $-1 $-1 $1941 @10 ASM ENTITY @2 40 #
face $2704 -1 $-1 $2301 $2306 $29 $-1 $2705 forward single #
plane-surface $-1 -1 $-1 48.79999999999999716 12.90000000000000036 39.70000000000000284 0 1.110223024625000001e-16 1 0 -1 1.110223024625000001e-16 forward_v I I I I #
straight-curve $-1 -1 $-1 51.40000000000000568 5.5 48.39999999999999858 0 1.110223024625000001e-16 1 F 0 F 3.000000000000007105 #
DXID-attrib $-1 -1 $-1 $-1 $1951 @10 ASM ENTITY @2 53 #
face $2706 -1 $-1 $2707 $2700 $29 $-1 $2708 reversed single #
plane-surface $-1 -1 $-1 47.40000000000000568 5.5 48.39999999999999858 0 -1 1.110223024625000001e-16 1 0 0 forward_v I I I I #
straight-curve $-1 -1 $-1 97.00000000000001421 7.5 50 0 1.110223024625000001e-16 1 F 0 F 1.580000000000003624 #
face $2709 -1 $-1 $1663 $1958 $29 $-1 $2710 reversed single #
point $-1 -1 $-1 97.00000000000001421 7.5 50 #
straight-curve $-1 -1 $-1 93.90000000000000568 7.5 50 0 -1 1.110223024625000001e-16 F 0 F 1.599999999999999201 #
DXID-attrib $-1 -1 $-1 $-1 $1964 @10 ASM ENTITY @2 12 #
plane-surface $-1 -1 $-1 93.90000000000000568 7.5 32.71999999999999886 1 0 0 0 -1 1.110223024625000001e-16 forward_v I I I I #
straight-curve $-1 -1 $-1 60.89999999999999858 2.5 32.71999999999999886 1 0 0 F 0 F 33.00000000000000711 #
point $-1 -1 $-1 93.90000000000000568 2.5 32.71999999999999886 #
straight-curve $-1 -1 $-1 93.90000000000000568 2.5 32.71999999999999886 0 1.110223024625000001e-16 1 F 0 F 18.55999999999999872 #
straight-curve $-1 -1 $-1 93.90000000000000568 5.900000000000000355 41.35999999999999943 0 -1.110223024625000001e-16 -1 F -9.919999999999999929 F -8.639999999999998792 #
straight-curve $-1 -1 $-1 97.00000000000001421 7.5 50 0 -1 1.110223024625000001e-16 F 0 F 1.599999999999999201 #
point $-1 -1 $-1 93.90000000000000568 5.900000000000000355 50 #
coedge $-1 -1 $-1 $2370 $1988 $1990 $2345 reversed $2341 $-1 #
coedge $-1 -1 $-1 $1988 $2370 $2359 $2711 forward $2341 $-1 #
loop $-1 -1 $-1 $-1 $2340 $2712 #
vertex $-1 -1 $-1 $1989 $2713 #
straight-curve $-1 -1 $-1 93.87999999999999545 9.300000000000000711 29.30000000000000071 0.7071067811870000996 7.850462293419000326e-17 0.7071067811870000996 F 0 F 5.388153672638042124 #
coedge $-1 -1 $-1 $1990 $2354 $2369 $2714 reversed $1991 $-1 #
edge $-1 -1 $-1 $2715 0 $1992 1.800000000000001599 $1990 $2716 forward @7 unknown #
point $-1 -1 $-1 97.68999999999999773 9.300000000000000711 33.10999999999999943 #
DXID-attrib $-1 -1 $-1 $-1 $1996 @10 ASM ENTITY @2 49 #
face $2717 -1 $-1 $2718 $2719 $29 $-1 $2720 forward single #
loop $-1 -1 $-1 $-1 $2721 $1996 #
plane-surface $-1 -1 $-1 94.84999999999999432 7.5 40.5 0 -1 1.110223024625000001e-16 1 0 0 forward_v I I I I #
coedge $-1 -1 $-1 $1998 $2722 $2723 $2724 forward $92 $-1 #
edge $-1 -1 $-1 $2725 10.3900000000000059 $1999 17.78000000000000469 $1998 $2726 forward @7 unknown #
point $-1 -1 $-1 97.68999999999999773 7.5 50.89000000000000057 #
coedge $-1 -1 $-1 $2344 $2002 $2727 $2728 reversed $1991 $-1 #
DXID-attrib $-1 -1 $-1 $-1 $2005 @10 ASM ENTITY @2 17 #
face $2729 -1 $-1 $2730 $2731 $29 $-1 $2732 reversed single #
loop $-1 -1 $-1 $-1 $2723 $2005 #
plane-surface $-1 -1 $-1 94.84999999999999432 7.5 43.50000000000000711 0 1.110223024625000001e-16 1 0 -1 1.110223024625000001e-16 forward_v I I I I #
coedge $-1 -1 $-1 $2019 $2007 $2340 $2711 reversed $2361 $-1 #
coedge $-1 -1 $-1 $2007 $2019 $2009 $2363 forward $2361 $-1 #
loop $-1 -1 $-1 $-1 $2360 $2733 #
straight-curve $-1 -1 $-1 48.15999999999999659 9.300000000000000711 29.30000000000000071 1 0 0 F 0 F 45.71999999999999886 #
edge $-1 -1 $-1 $2021 0 $2012 1.800000000000001599 $2360 $2734 forward @7 unknown #
face $2735 -1 $-1 $2015 $2011 $29 $-1 $2736 forward single #
point $-1 -1 $-1 48.15999999999999659 9.300000000000000711 29.30000000000000071 #
straight-curve $-1 -1 $-1 46.00000000000000711 7.5 31.46000000000000441 0 1 -1.110223024625000001e-16 F 0 F 1.800000000000001599 #
DXID-attrib $-1 -1 $-1 $-1 $2015 @10 ASM ENTITY @2 23 #
plane-surface $-1 -1 $-1 46.00000000000000711 7.5 36.73000000000000398 -1 0 0 -0 -1.110223024625000001e-16 -1 forward_v I I I I #
coedge $-1 -1 $-1 $2737 $2018 $2344 $2714 forward $92 $-1 #
coedge $-1 -1 $-1 $2340 $2339 $2018 $2371 reversed $2341 $-1 #
edge $-1 -1 $-1 $2372 0 $2715 5.388153672638042124 $2018 $2738 forward @7 unknown #
vertex $-1 -1 $-1 $2020 $2739 #
straight-curve $-1 -1 $-1 48.15999999999999659 7.5 29.30000000000000071 1 0 0 F 0 F 45.71999999999999886 #
point $-1 -1 $-1 48.15999999999999659 7.5 29.30000000000000071 #
coedge $-1 -1 $-1 $2041 $2027 $2035 $2383 forward $1709 $-1 #
coedge $-1 -1 $-1 $2029 $2028 $2041 $2386 forward $1422 $-1 #
coedge $-1 -1 $-1 $2035 $2032 $2029 $2378 reversed $2025 $-1 #
edge $-1 -1 $-1 $2740 0 $2379 2.400000000000000799 $2029 $2741 forward @7 unknown #
vertex $-1 -1 $-1 $2031 $2742 #
straight-curve $-1 -1 $-1 38.75 7.000000000000000888 46.10000000000000142 1 0 0 F 0.1000000000000023093 F 12.60000000000000675 #
straight-curve $-1 -1 $-1 51.35000000000000853 7.000000000000000888 37.89999999999999858 0 0 1 F 0 F 8.200000000000002842 #
straight-curve $-1 -1 $-1 38.75 4.599999999999999645 37.89999999999999858 1 0 0 F 0.1000000000000023093 F 12.60000000000000675 #
edge $-1 -1 $-1 $2036 0 $2740 8.200000000000002842 $2375 $2743 forward @7 unknown #
point $-1 -1 $-1 51.35000000000000853 4.599999999999999645 37.89999999999999858 #
straight-curve $-1 -1 $-1 38.85000000000000142 3.575000000000000178 46.10000000000000142 0 -1 0 F -3.425000000000000266 F -1.024999999999999245 #
edge $-1 -1 $-1 $2042 0.1000000000000023093 $2740 12.60000000000000675 $2376 $2744 forward @7 unknown #
point $-1 -1 $-1 38.85000000000000142 4.599999999999999645 46.10000000000000142 #
point $-1 -1 $-1 38.85000000000000142 7.000000000000000888 46.10000000000000142 #
straight-curve $-1 -1 $-1 8.145751311065000166 0 77.5 0 1 0 F 0 F 27.5 #
point $-1 -1 $-1 8.145751311065000166 27.5 77.5 #
point $-1 -1 $-1 8.145751311065000166 0 77.5 #
DXID-attrib $-1 -1 $-1 $-1 $2054 @10 ASM ENTITY @2 17 #
face $2745 -1 $-1 $2746 $2747 $25 $-1 $2748 forward single #
loop $-1 -1 $-1 $2749 $2750 $2054 #
plane-surface $-1 -1 $-1 2.5 -1 77.5 0 0 1 1 0 0 forward_v I I I I #
coedge $-1 -1 $-1 $2500 $2563 $2751 $2752 reversed $2055 $-1 #
loop $-1 -1 $-1 $2753 $2754 $1446 #
coedge $-1 -1 $-1 $2755 $2756 $2757 $2758 forward $2057 $-1 #
coedge $-1 -1 $-1 $2147 $2058 $2759 $2760 reversed $1736 $-1 #
coedge $-1 -1 $-1 $2400 $2400 $2761 $2762 forward $2059 $-1 #
DXID-attrib $-1 -1 $-1 $-1 $2060 @10 ASM ENTITY @2 30 #
cone-surface $-1 -1 $-1 114.5000000000000142 -1 74.5 0 1 0 0 0 2 1 I I 0 1 2 forward I I I I #
coedge $-1 -1 $-1 $2403 $2403 $2062 $2404 reversed $2763 $-1 #
edge $-1 -1 $-1 $2764 0 $2764 6.283185307179586232 $2062 $2765 forward @7 unknown #
loop $-1 -1 $-1 $2766 $2065 $2767 #
vertex $-1 -1 $-1 $2066 $2768 #
ellipse-curve $-1 -1 $-1 114.5000000000000142 6.700000000000000178 5.5 0 1 0 0 0 2 1 I I #
loop $-1 -1 $-1 $-1 $2769 $2409 #
face $2770 -1 $-1 $2767 $2067 $25 $-1 $2771 reversed single #
point $-1 -1 $-1 60 6.700000000000000178 7.5 #
coedge $-1 -1 $-1 $2411 $2411 $2772 $2773 forward $2070 $-1 #
DXID-attrib $-1 -1 $-1 $-1 $2071 @10 ASM ENTITY @2 72 #
plane-surface $-1 -1 $-1 5.5 6.700000000000000178 74.5 0 1 0 0 0 1 forward_v I I I I #
coedge $-1 -1 $-1 $2414 $2414 $2073 $2415 reversed $2774 $-1 #
edge $-1 -1 $-1 $2775 0 $2775 6.283185307179586232 $2073 $2776 forward @7 unknown #
loop $-1 -1 $-1 $-1 $2777 $1465 #
coedge $-1 -1 $-1 $2778 $2779 $2780 $2781 forward $2076 $-1 #
coedge $-1 -1 $-1 $2077 $2077 $2782 $2783 reversed $1755 $-1 #
coedge $-1 -1 $-1 $2784 $2785 $2077 $2420 forward $2786 $-1 #
edge $-1 -1 $-1 $2787 0.5620698030056583416 $2788 5.721115504173928556 $2077 $2789 forward @7 unknown #
coedge $-1 -1 $-1 $2079 $2078 $2790 $2791 forward $1464 $-1 #
coedge $-1 -1 $-1 $2792 $2793 $2078 $2423 reversed $2794 $-1 #
edge $-1 -1 $-1 $2430 7 $2795 9 $2078 $2796 forward @7 unknown #
coedge $-1 -1 $-1 $2797 $2798 $2079 $2425 forward $2799 $-1 #
edge $-1 -1 $-1 $2429 7 $2800 9 $2079 $2801 forward @7 unknown #
coedge $-1 -1 $-1 $2802 $2080 $2798 $2803 reversed $2428 $-1 #
coedge $-1 -1 $-1 $2080 $2802 $2792 $2804 forward $2428 $-1 #
loop $-1 -1 $-1 $-1 $2426 $2805 #
vertex $-1 -1 $-1 $2081 $2806 #
vertex $-1 -1 $-1 $2081 $2807 #
straight-curve $-1 -1 $-1 56.00000000000000711 14.00000000000000178 80 -1 0 0 F 0 F 40 #
coedge $-1 -1 $-1 $2808 $2082 $2085 $2438 forward $2434 $-1 #
coedge $-1 -1 $-1 $2082 $2808 $2089 $2442 reversed $2434 $-1 #
loop $-1 -1 $-1 $-1 $2433 $2809 #
straight-curve $-1 -1 $-1 72 11 0 0 1 0 F 11 F 13.00000000000000178 #
coedge $-1 -1 $-1 $2810 $2084 $2811 $2812 reversed $2086 $-1 #
coedge $-1 -1 $-1 $2085 $2810 $2813 $2814 reversed $2086 $-1 #
edge $-1 -1 $-1 $2087 1 $2815 3.499999999999999556 $2432 $2816 forward @7 unknown #
face $2817 -1 $-1 $2805 $2086 $25 $-1 $2818 reversed single #
point $-1 -1 $-1 72 24.00000000000000355 0 #
coedge $-1 -1 $-1 $2819 $2089 $2820 $2821 reversed $2091 $-1 #
edge $-1 -1 $-1 $2092 1 $2822 3.499999999999999556 $2089 $2823 forward @7 unknown #
coedge $-1 -1 $-1 $2090 $2819 $2824 $2825 forward $2091 $-1 #
face $2826 -1 $-1 $2809 $2091 $25 $-1 $2827 forward single #
point $-1 -1 $-1 72 22 0 #
coedge $-1 -1 $-1 $2824 $2811 $2094 $2447 reversed $2828 $-1 #
edge $-1 -1 $-1 $2448 0 $2450 2.000000000000001776 $2094 $2829 forward @7 unknown #
vertex $-1 -1 $-1 $2095 $2830 #
straight-curve $-1 -1 $-1 112.0000000000000142 22 -1 0 0 1 F 1 F 4.5 #
vertex $-1 -1 $-1 $2447 $2831 #
straight-curve $-1 -1 $-1 112.0000000000000142 24.00000000000000355 -1 0 0 1 F 1 F 4.5 #
DXID-attrib $-1 -1 $-1 $-1 $2097 @10 ASM ENTITY @2 48 #
plane-surface $-1 -1 $-1 112.0000000000000142 22 -1 1 0 0 0 0 1 forward_v I I I I #
coedge $-1 -1 $-1 $2101 $2100 $2832 $2833 reversed $2102 $-1 #
face $2834 -1 $-1 $2107 $2102 $25 $-1 $2835 forward single #
coedge $-1 -1 $-1 $2105 $2104 $2836 $2837 reversed $1774 $-1 #
coedge $-1 -1 $-1 $2114 $2838 $2104 $2458 forward $2474 $-1 #
edge $-1 -1 $-1 $2839 7.035898384860015398 $2118 8.000000000000007105 $2104 $2840 forward @7 unknown #
coedge $-1 -1 $-1 $2841 $2832 $2105 $2460 forward $1841 $-1 #
edge $-1 -1 $-1 $2461 0 $2842 39.85424868893000649 $2459 $2843 forward @7 unknown #
vertex $-1 -1 $-1 $2833 $2844 #
straight-curve $-1 -1 $-1 72 19 -1 0 0 1 F 1 F 3.499999999999999556 #
DXID-attrib $-1 -1 $-1 $-1 $2107 @10 ASM ENTITY @2 47 #
plane-surface $-1 -1 $-1 104 19 -1 0 1 0 0 0 1 forward_v I I I I #
coedge $-1 -1 $-1 $2111 $2109 $2845 $2846 forward $1779 $-1 #
coedge $-1 -1 $-1 $2832 $2487 $2109 $2467 forward $1841 $-1 #
edge $-1 -1 $-1 $2847 0 $2468 39.85424868893000649 $2466 $2848 forward @7 unknown #
vertex $-1 -1 $-1 $2467 $2849 #
straight-curve $-1 -1 $-1 72 17 -1 0 0 1 F 1 F 3.499999999999999556 #
coedge $-1 -1 $-1 $2838 $2114 $2111 $2471 reversed $2474 $-1 #
edge $-1 -1 $-1 $2850 7.035898384860015398 $2116 8.000000000000007105 $2111 $2851 forward @7 unknown #
DXID-attrib $-1 -1 $-1 $-1 $2112 @10 ASM ENTITY @2 45 #
plane-surface $-1 -1 $-1 104 17 -1 0 1 0 0 0 1 forward_v I I I I #
loop $-1 -1 $-1 $-1 $2457 $2852 #
straight-curve $-1 -1 $-1 112.0000000000000142 17 3.500000000000000444 0 1 0 F 0 F 1.999999999999999556 #
point $-1 -1 $-1 112.0000000000000142 17 3.500000000000000444 #
point $-1 -1 $-1 112.0000000000000142 19 3.500000000000000444 #
coedge $-1 -1 $-1 $2127 $2134 $2122 $2479 forward $1841 $-1 #
edge $-1 -1 $-1 $2136 6.500000000000000888 $2129 8.5 $2478 $2853 forward @7 unknown #
DXID-attrib $-1 -1 $-1 $-1 $2123 @10 ASM ENTITY @2 42 #
plane-surface $-1 -1 $-1 72 12.00000000000000178 -1 1 0 0 0 0 1 forward_v I I I I #
coedge $-1 -1 $-1 $2854 $2855 $2124 $2483 forward $2187 $-1 #
edge $-1 -1 $-1 $2488 -2.418858405775363263 $2485 -2.094395102392915042 $2482 $2856 forward @7 unknown #
coedge $-1 -1 $-1 $2125 $2138 $2854 $2857 forward $2142 $-1 #
vertex $-1 -1 $-1 $2483 $2858 #
straight-curve $-1 -1 $-1 104 14.00000000000000178 3.500000000000000444 1 0 0 F 7.035898384860015398 F 8.000000000000007105 #
coedge $-1 -1 $-1 $2466 $2127 $2855 $2859 forward $1841 $-1 #
vertex $-1 -1 $-1 $2859 $2860 #
straight-curve $-1 -1 $-1 72 14.00000000000000178 2.5 1 0 0 F 0 F 39.85424868893000649 #
point $-1 -1 $-1 72 14.00000000000000178 2.5 #
coedge $-1 -1 $-1 $2186 $2854 $2133 $2492 reversed $2187 $-1 #
edge $-1 -1 $-1 $2493 -2.418858405775363263 $2496 -2.094395102392915042 $2491 $2861 forward @7 unknown #
vertex $-1 -1 $-1 $2492 $2862 #
straight-curve $-1 -1 $-1 111.8542486889300136 12.00000000000000178 2.5 -1 0 0 F 0 F 39.85424868893000649 #
point $-1 -1 $-1 72 12.00000000000000178 2.5 #
vertex $-1 -1 $-1 $2857 $2863 #
straight-curve $-1 -1 $-1 104 12.00000000000000178 3.500000000000000444 1 0 0 F 7.035898384860015398 F 8.000000000000007105 #
face $2864 -1 $-1 $2852 $2142 $25 $-1 $2865 reversed single #
coedge $-1 -1 $-1 $2182 $2146 $2866 $2867 forward $82 $-1 #
coedge $-1 -1 $-1 $2759 $2396 $2146 $2501 forward $2055 $-1 #
edge $-1 -1 $-1 $2868 0.7227342478133053083 $2502 5.560451059366282145 $2146 $2869 forward @7 unknown #
vertex $-1 -1 $-1 $2148 $2870 #
straight-curve $-1 -1 $-1 1.25 0 77.5 1 0 0 F 6.895751311065000166 F 56.10424868893600348 #
coedge $-1 -1 $-1 $2871 $2872 $2149 $2505 forward $2873 $-1 #
edge $-1 -1 $-1 $2514 1.570796326794896558 $2509 4.712388980384689674 $2149 $2874 forward @7 unknown #
coedge $-1 -1 $-1 $2875 $2150 $2155 $2518 reversed $2508 $-1 #
coedge $-1 -1 $-1 $2150 $2875 $2871 $2876 forward $2508 $-1 #
loop $-1 -1 $-1 $-1 $2875 $2877 #
vertex $-1 -1 $-1 $2151 $2878 #
straight-curve $-1 -1 $-1 92.5 30 31 0 0 -1 F -36.66987298107800086 F -31 #
coedge $-1 -1 $-1 $2879 $2152 $2872 $2880 reversed $2513 $-1 #
coedge $-1 -1 $-1 $2152 $2879 $2154 $2517 forward $2513 $-1 #
loop $-1 -1 $-1 $-1 $2879 $2881 #
vertex $-1 -1 $-1 $2505 $2882 #
straight-curve $-1 -1 $-1 97.5 30 31 0 0 -1 F -36.66987298107800086 F -31 #
coedge $-1 -1 $-1 $2155 $2154 $2883 $2884 reversed $2156 $-1 #
edge $-1 -1 $-1 $2885 0.9999999999999964473 $2158 3.499999999999996447 $2154 $2886 forward @7 unknown #
edge $-1 -1 $-1 $2887 0.9999999999999964473 $2157 3.499999999999996447 $2155 $2888 forward @7 unknown #
face $2889 -1 $-1 $2877 $2156 $25 $-1 $2890 reversed single #
point $-1 -1 $-1 92.5 30 67.66987298107800086 #
point $-1 -1 $-1 97.5 30 67.66987298107800086 #
DXID-attrib $-1 -1 $-1 $-1 $2160 @10 ASM ENTITY @2 35 #
loop $-1 -1 $-1 $1815 $2891 $2160 #
cone-surface $-1 -1 $-1 60 26.50000000000000355 16 0 1 0 0 0 2.25 1 I I 0 1 2.25 forward I I I I #
coedge $-1 -1 $-1 $2163 $2162 $2892 $2893 reversed $2164 $-1 #
face $2894 -1 $-1 $2160 $2164 $25 $-1 $2895 reversed single #
coedge $-1 -1 $-1 $2174 $2892 $2166 $2528 reversed $2539 $-1 #
edge $-1 -1 $-1 $2178 -35.41987298107800086 $2529 -29.75 $2166 $2896 forward @7 unknown #
vertex $-1 -1 $-1 $2528 $2897 #
straight-curve $-1 -1 $-1 22.5 26.50000000000000355 62 0 1 0 F 0.9999999999999964473 F 3.499999999999996447 #
DXID-attrib $-1 -1 $-1 $-1 $2168 @10 ASM ENTITY @2 32 #
plane-surface $-1 -1 $-1 22.5 26.50000000000000355 62 1 0 0 0 0 1 forward_v I I I I #
coedge $-1 -1 $-1 $2892 $2174 $2170 $2534 forward $2539 $-1 #
edge $-1 -1 $-1 $2176 -35.41987298107800086 $2535 -29.75 $2170 $2898 forward @7 unknown #
vertex $-1 -1 $-1 $2534 $2899 #
straight-curve $-1 -1 $-1 27.5 26.50000000000000355 62 0 1 0 F 0.9999999999999964473 F 3.499999999999996447 #
DXID-attrib $-1 -1 $-1 $-1 $2172 @10 ASM ENTITY @2 33 #
plane-surface $-1 -1 $-1 27.5 26.50000000000000355 62 1 0 0 0 0 1 forward_v I I I I #
loop $-1 -1 $-1 $2900 $2174 $1858 #
ellipse-curve $-1 -1 $-1 25 27.5 72 0 1 0 0 0 5 1 F -2.617993877991474871 F 2.617993877991474871 #
point $-1 -1 $-1 27.5 27.5 67.66987298107800086 #
point $-1 -1 $-1 22.5 27.5 67.66987298107800086 #
coedge $-1 -1 $-1 $2901 $2902 $2182 $2544 forward $2747 $-1 #
edge $-1 -1 $-1 $2548 2.293530574608390715 $2903 5.560451059365155935 $2182 $2904 forward @7 unknown #
coedge $-1 -1 $-1 $2905 $2183 $2902 $2906 forward $2547 $-1 #
coedge $-1 -1 $-1 $2183 $2905 $2185 $2551 reversed $2547 $-1 #
loop $-1 -1 $-1 $-1 $2545 $2746 #
vertex $-1 -1 $-1 $2544 $2907 #
straight-curve $-1 -1 $-1 117.5 0 1.25 0 0 -1 F -70.60424868893500161 F -6.895751311064000078 #
coedge $-1 -1 $-1 $2908 $2185 $2909 $2910 reversed $2187 $-1 #
edge $-1 -1 $-1 $2188 0 $2911 27.5 $2546 $2912 forward @7 unknown #
face $2913 -1 $-1 $2192 $2187 $25 $-1 $2914 forward single #
point $-1 -1 $-1 117.5 0 8.145751311064000078 #
straight-curve $-1 -1 $-1 111.8542486889300136 0 2.5 0 1 0 F 0 F 12.00000000000000178 #
coedge $-1 -1 $-1 $2191 $2813 $2908 $2915 forward $1841 $-1 #
coedge $-1 -1 $-1 $2909 $2194 $2191 $2557 forward $1540 $-1 #
edge $-1 -1 $-1 $2196 60.1457513110650055 $2916 109.3542486889300136 $2191 $2917 forward @7 unknown #
DXID-attrib $-1 -1 $-1 $-1 $2192 @10 ASM ENTITY @2 21 #
plane-surface $-1 -1 $-1 2.5 -1 2.5 0 0 1 1 0 0 forward_v I I I I #
ellipse-curve $-1 -1 $-1 60 27.5 5.5 0 1 0 -2.645751311064258982 0 -3.000000000000293543 1 F 1.866562460151043676e-13 F 4.837716811552787988 #
point $-1 -1 $-1 62.6457513110650055 27.5 2.5 #
coedge $-1 -1 $-1 $2202 $2918 $2750 $2919 reversed $1540 $-1 #
coedge $-1 -1 $-1 $2396 $2759 $2202 $2564 reversed $2055 $-1 #
edge $-1 -1 $-1 $2920 0.7227342478134941572 $2565 5.560451059366093851 $2563 $2921 forward @7 unknown #
vertex $-1 -1 $-1 $2203 $2922 #
straight-curve $-1 -1 $-1 2.5 27.5 77.5 1 0 0 F 5.645751311065000166 F 54.85424868893500161 #
coedge $-1 -1 $-1 $2923 $2924 $2925 $2926 reversed $2204 $-1 #
coedge $-1 -1 $-1 $2927 $2205 $2928 $2929 forward $1857 $-1 #
coedge $-1 -1 $-1 $2205 $2927 $2930 $2931 reversed $1857 $-1 #
coedge $-1 -1 $-1 $2932 $2933 $2205 $2571 reversed $2934 $-1 #
edge $-1 -1 $-1 $2935 0.999999999999999778 $2936 10.5 $2205 $2937 forward @7 unknown #
DXID-attrib $-1 -1 $-1 $-1 $2207 @10 ASM ENTITY @2 67 #
loop $-1 -1 $-1 $2938 $2939 $2207 #
cone-surface $-1 -1 $-1 104 15 77 0 0 1 7.000000000000000888 0 0 1 I I 0 1 7.000000000000000888 forward I I I I #
loop $-1 -1 $-1 $2940 $2941 $216 #
coedge $-1 -1 $-1 $2576 $2576 $2942 $2943 reversed $2209 $-1 #
loop $-1 -1 $-1 $2944 $2210 $2945 #
vertex $-1 -1 $-1 $2211 $2946 #
ellipse-curve $-1 -1 $-1 60 0 5.5 0 1 0 0 0 1.750000000000000222 1 I I #
coedge $-1 -1 $-1 $2947 $2948 $2212 $2581 reversed $2949 $-1 #
edge $-1 -1 $-1 $2585 -2.264689420248822138 $2590 -1.746111618101025886 $2212 $2950 forward @7 unknown #
coedge $-1 -1 $-1 $2951 $2213 $2218 $2594 forward $2584 $-1 #
coedge $-1 -1 $-1 $2213 $2951 $2947 $2952 reversed $2584 $-1 #
loop $-1 -1 $-1 $-1 $2951 $2953 #
vertex $-1 -1 $-1 $2214 $2954 #
straight-curve $-1 -1 $-1 2.75 0 2.75 1 0 0 F 6.055676935212999545 F 53.94432306478699957 #
coedge $-1 -1 $-1 $2955 $2215 $2948 $2956 forward $2589 $-1 #
coedge $-1 -1 $-1 $2215 $2955 $2217 $2593 reversed $2589 $-1 #
loop $-1 -1 $-1 $-1 $2955 $2957 #
vertex $-1 -1 $-1 $2581 $2958 #
straight-curve $-1 -1 $-1 3.75 0 4.75 1 0 0 F 5.984087859267999576 F 52.01591214073200575 #
coedge $-1 -1 $-1 $2218 $2217 $2959 $2960 forward $2219 $-1 #
edge $-1 -1 $-1 $2220 1 $2961 5 $2217 $2962 forward @7 unknown #
edge $-1 -1 $-1 $2221 1 $2963 5 $2218 $2964 forward @7 unknown #
face $2965 -1 $-1 $2957 $2219 $27 $-1 $2966 reversed single #
point $-1 -1 $-1 9.734087859267999576 0 4.75 #
point $-1 -1 $-1 8.805676935213000434 0 2.75 #
coedge $-1 -1 $-1 $2967 $2223 $2226 $2603 forward $2600 $-1 #
coedge $-1 -1 $-1 $2223 $2967 $2230 $2607 forward $2600 $-1 #
loop $-1 -1 $-1 $-1 $2599 $2968 #
straight-curve $-1 -1 $-1 4.75 0 3.75 0 0 -1 F -34.25 F -5.984087859267999576 #
coedge $-1 -1 $-1 $2226 $2225 $2969 $2970 forward $2227 $-1 #
edge $-1 -1 $-1 $2228 1 $2971 5 $2226 $2972 forward @7 unknown #
face $2973 -1 $-1 $2608 $2227 $27 $-1 $2974 reversed single #
point $-1 -1 $-1 4.75 0 9.734087859267999576 #
coedge $-1 -1 $-1 $2231 $2230 $2975 $2976 reversed $2232 $-1 #
edge $-1 -1 $-1 $2977 -5 $2233 -1 $2230 $2978 forward @7 unknown #
face $2979 -1 $-1 $2968 $2232 $27 $-1 $2980 forward single #
point $-1 -1 $-1 4.75 0 38 #
coedge $-1 -1 $-1 $2975 $2969 $2235 $2611 forward $2981 $-1 #
edge $-1 -1 $-1 $2614 6.055676935212999545 $2612 35.25 $2235 $2982 forward @7 unknown #
vertex $-1 -1 $-1 $2236 $2983 #
straight-curve $-1 -1 $-1 2.75 -0.5 38 0 -1 0 F -4.5 F -0.5 #
vertex $-1 -1 $-1 $2611 $2984 #
straight-curve $-1 -1 $-1 2.75 -1 8.805676935213000434 0 1 0 F 1 F 5 #
DXID-attrib $-1 -1 $-1 $-1 $2238 @10 ASM ENTITY @2 28 #
plane-surface $-1 -1 $-1 2.75 0 2.75 1 0 0 0 0 1 forward_v I I I I #
coedge $-1 -1 $-1 $2618 $2618 $2985 $2986 reversed $2242 $-1 #
loop $-1 -1 $-1 $-1 $2244 $2987 #
vertex $-1 -1 $-1 $2245 $2988 #
ellipse-curve $-1 -1 $-1 5.5 -1.300000000000000044 5.5 0 1 0 0 0 1.750000000000000222 1 I I #
coedge $-1 -1 $-1 $2622 $2622 $2989 $2990 forward $2246 $-1 #
coedge $-1 -1 $-1 $2623 $2623 $2247 $2624 reversed $2991 $-1 #
edge $-1 -1 $-1 $2992 0 $2992 6.283185307179586232 $2247 $2993 forward @7 unknown #
coedge $-1 -1 $-1 $2249 $2248 $2994 $2995 reversed $1556 $-1 #
coedge $-1 -1 $-1 $2996 $2997 $2248 $2627 reversed $2998 $-1 #
edge $-1 -1 $-1 $2634 -34.44999999999998863 $2999 -16.85000000000000142 $2248 $3000 forward @7 unknown #
coedge $-1 -1 $-1 $3001 $3002 $2249 $2629 forward $3003 $-1 #
edge $-1 -1 $-1 $2633 -34.44999999999998863 $3004 -16.85000000000000142 $2249 $3005 forward @7 unknown #
coedge $-1 -1 $-1 $3006 $2250 $3002 $3007 forward $2632 $-1 #
coedge $-1 -1 $-1 $2250 $3006 $2996 $3008 reversed $2632 $-1 #
loop $-1 -1 $-1 $-1 $2630 $3009 #
vertex $-1 -1 $-1 $2251 $3010 #
vertex $-1 -1 $-1 $2251 $3011 #
straight-curve $-1 -1 $-1 30.75 -3.000000000000000444 51.29999999999999716 1 0 0 F 30.75 F 62.35000000000000142 #
loop $-1 -1 $-1 $-1 $3012 $2637 #
face $3013 -1 $-1 $3009 $2252 $27 $-1 $3014 reversed single #
point $-1 -1 $-1 114.5000000000000142 -3.000000000000000444 8.699999999999999289 #
coedge $-1 -1 $-1 $3015 $2255 $2258 $2644 forward $2641 $-1 #
coedge $-1 -1 $-1 $2255 $3015 $2262 $2648 reversed $2641 $-1 #
loop $-1 -1 $-1 $-1 $2640 $3016 #
straight-curve $-1 -1 $-1 33 -3.000000000000000444 6.000000000000000888 1 0 0 F 33 F 75 #
coedge $-1 -1 $-1 $2258 $2257 $3017 $3018 reversed $2259 $-1 #
edge $-1 -1 $-1 $2260 0.999999999999999778 $3019 1.500000000000000222 $2258 $3020 forward @7 unknown #
face $3021 -1 $-1 $3016 $2259 $27 $-1 $3022 reversed single #
point $-1 -1 $-1 108 -3.000000000000000444 6.000000000000000888 #
coedge $-1 -1 $-1 $2263 $2262 $3023 $3024 forward $2264 $-1 #
edge $-1 -1 $-1 $2265 0.999999999999999778 $3025 1.500000000000000222 $2640 $3026 forward @7 unknown #
face $3027 -1 $-1 $2637 $2264 $27 $-1 $3028 forward single #
point $-1 -1 $-1 66 -3.000000000000000444 6.000000000000000888 #
coedge $-1 -1 $-1 $3023 $3017 $2267 $2652 reversed $3029 $-1 #
edge $-1 -1 $-1 $2653 0 $2655 42 $2267 $3030 forward @7 unknown #
vertex $-1 -1 $-1 $2268 $3031 #
straight-curve $-1 -1 $-1 66 -4 26 0 1 0 F 0.999999999999999778 F 1.500000000000000222 #
vertex $-1 -1 $-1 $2652 $3032 #
straight-curve $-1 -1 $-1 108 -4 26 0 1 0 F 0.999999999999999778 F 1.500000000000000222 #
DXID-attrib $-1 -1 $-1 $-1 $2270 @10 ASM ENTITY @2 15 #
plane-surface $-1 -1 $-1 66 -4 26 0 0 1 1 0 0 forward_v I I I I #
coedge $-1 -1 $-1 $2659 $2659 $2273 $2660 reversed $3033 $-1 #
edge $-1 -1 $-1 $3034 0 $3034 6.283185307179586232 $2273 $3035 forward @7 unknown #
loop $-1 -1 $-1 $-1 $2276 $2669 #
vertex $-1 -1 $-1 $2277 $3036 #
ellipse-curve $-1 -1 $-1 49.40000000000000568 -2.700000000000000178 49.90000000000000568 0 1 0 0 0 1.500000000000000222 1 I I #
loop $-1 -1 $-1 $-1 $3037 $2284 #
point $-1 -1 $-1 5.5 -2.990000000000000213 77.70000000000000284 #
coedge $-1 -1 $-1 $2666 $2666 $2282 $2667 reversed $3038 $-1 #
edge $-1 -1 $-1 $3039 0 $3039 6.283185307179586232 $2282 $3040 forward @7 unknown #
DXID-attrib $-1 -1 $-1 $-1 $2284 @10 ASM ENTITY @2 81 #
face $3041 -1 $-1 $3042 $2661 $27 $-1 $3043 reversed single #
plane-surface $-1 -1 $-1 5.5 -2.990000000000000213 74.5 0 1 0 0 0 1 forward_v I I I I #
coedge $-1 -1 $-1 $3044 $2286 $2289 $2676 reversed $2673 $-1 #
coedge $-1 -1 $-1 $2286 $3044 $2293 $2680 forward $2673 $-1 #
loop $-1 -1 $-1 $-1 $2671 $3045 #
straight-curve $-1 -1 $-1 73.40000000000000568 9.300000000000000711 38.5 0 1.110223024625000001e-16 1 F 0 F 6.999999999999997335 #
coedge $-1 -1 $-1 $2289 $2288 $3046 $3047 forward $2290 $-1 #
edge $-1 -1 $-1 $3048 0 $2291 0.7999999999999984901 $2289 $3049 forward @7 unknown #
face $3050 -1 $-1 $3045 $2290 $29 $-1 $3051 reversed single #
point $-1 -1 $-1 73.40000000000000568 9.300000000000000711 38.5 #
coedge $-1 -1 $-1 $2294 $2293 $3052 $3053 reversed $2295 $-1 #
edge $-1 -1 $-1 $3054 0 $2296 0.7999999999999984901 $2672 $3055 forward @7 unknown #
face $3056 -1 $-1 $1384 $2295 $29 $-1 $3057 forward single #
point $-1 -1 $-1 73.40000000000000568 9.300000000000000711 45.5 #
coedge $-1 -1 $-1 $3052 $3046 $2298 $2684 forward $3058 $-1 #
edge $-1 -1 $-1 $2687 0 $2685 6.999999999999997335 $2298 $3059 forward @7 unknown #
vertex $-1 -1 $-1 $2299 $3060 #
straight-curve $-1 -1 $-1 66.40000000000000568 10.09999999999999964 45.5 0 -1 1.110223024625000001e-16 F 0 F 0.7999999999999984901 #
vertex $-1 -1 $-1 $2300 $3061 #
straight-curve $-1 -1 $-1 66.40000000000000568 10.09999999999999964 38.5 0 -1 1.110223024625000001e-16 F 0 F 0.7999999999999984901 #
DXID-attrib $-1 -1 $-1 $-1 $2301 @10 ASM ENTITY @2 42 #
plane-surface $-1 -1 $-1 66.40000000000000568 10.09999999999999964 38.5 1 0 0 0 -1 1.110223024625000001e-16 forward_v I I I I #
coedge $-1 -1 $-1 $2305 $2304 $3062 $3063 forward $2306 $-1 #
coedge $-1 -1 $-1 $2314 $3062 $2308 $2693 reversed $2700 $-1 #
edge $-1 -1 $-1 $2318 0 $2694 4.100000000000001421 $2308 $3064 forward @7 unknown #
vertex $-1 -1 $-1 $2693 $3065 #
straight-curve $-1 -1 $-1 52.89999999999999858 12.90000000000000036 39.70000000000000284 0 -1 1.110223024625000001e-16 F 0 F 3.599999999999998757 #
coedge $-1 -1 $-1 $3062 $2314 $2311 $2697 forward $2700 $-1 #
edge $-1 -1 $-1 $2316 0 $2698 4.100000000000001421 $2311 $3066 forward @7 unknown #
vertex $-1 -1 $-1 $2697 $3067 #
straight-curve $-1 -1 $-1 52.89999999999999858 12.90000000000000036 44.29999999999999716 0 -1 1.110223024625000001e-16 F 0 F 3.599999999999998757 #
loop $-1 -1 $-1 $-1 $2314 $2325 #
straight-curve $-1 -1 $-1 48.79999999999999716 12.90000000000000036 39.70000000000000284 0 1.110223024625000001e-16 1 F 0 F 4.599999999999990763 #
point $-1 -1 $-1 48.79999999999999716 12.90000000000000036 44.29999999999999716 #
point $-1 -1 $-1 48.79999999999999716 12.90000000000000036 39.70000000000000284 #
DXID-attrib $-1 -1 $-1 $-1 $2321 @10 ASM ENTITY @2 41 #
plane-surface $-1 -1 $-1 52.89999999999999858 12.90000000000000036 39.70000000000000284 1 0 0 0 -1 1.110223024625000001e-16 forward_v I I I I #
DXID-attrib $-1 -1 $-1 $-1 $2325 @10 ASM ENTITY @2 54 #
face $3068 -1 $-1 $-1 $3058 $29 $-1 $3069 reversed single #
plane-surface $-1 -1 $-1 48.79999999999999716 12.90000000000000036 39.70000000000000284 0 -1 1.110223024625000001e-16 1 0 0 forward_v I I I I #
DXID-attrib $-1 -1 $-1 $-1 $2328 @10 ASM ENTITY @2 13 #
plane-surface $-1 -1 $-1 91 7.5 50 0 1.110223024625000001e-16 1 0 -1 1.110223024625000001e-16 forward_v I I I I #
edge $-1 -1 $-1 $2372 0 $2342 1.800000000000001599 $2340 $3070 forward @7 unknown #
face $3071 -1 $-1 $2733 $2341 $29 $-1 $3072 forward single #
point $-1 -1 $-1 93.87999999999999545 9.300000000000000711 29.30000000000000071 #
edge $-1 -1 $-1 $2715 0 $3073 7.389999999999998792 $2369 $3074 forward @7 unknown #
vertex $-1 -1 $-1 $2371 $3075 #
straight-curve $-1 -1 $-1 97.68999999999999773 7.5 33.10999999999999943 0 1 -1.110223024625000001e-16 F 0 F 1.800000000000001599 #
DXID-attrib $-1 -1 $-1 $-1 $2348 @10 ASM ENTITY @2 50 #
face $3076 -1 $-1 $1631 $3077 $29 $-1 $3078 forward single #
loop $-1 -1 $-1 $-1 $3079 $2348 #
plane-surface $-1 -1 $-1 97.95000000000001705 7.5 40.5 1 0 0 0 -1 1.110223024625000001e-16 forward_v I I I I #
coedge $-1 -1 $-1 $3080 $2727 $3081 $3082 forward $2349 $-1 #
coedge $-1 -1 $-1 $2351 $2737 $3083 $3084 forward $92 $-1 #
coedge $-1 -1 $-1 $3085 $3081 $2351 $2724 reversed $2357 $-1 #
edge $-1 -1 $-1 $3086 0 $2725 2.840000000000006963 $2351 $3087 forward @7 unknown #
vertex $-1 -1 $-1 $2724 $3088 #
straight-curve $-1 -1 $-1 97.68999999999999773 7.5 33.10999999999999943 0 1.110223024625000001e-16 1 F 10.3900000000000059 F 17.78000000000000469 #
coedge $-1 -1 $-1 $2721 $3089 $2354 $2728 forward $2349 $-1 #
edge $-1 -1 $-1 $3073 7.389999999999998792 $2725 10.3900000000000059 $2354 $3090 forward @7 unknown #
DXID-attrib $-1 -1 $-1 $-1 $2356 @10 ASM ENTITY @2 18 #
face $3091 -1 $-1 $2712 $3092 $29 $-1 $3093 reversed single #
loop $-1 -1 $-1 $-1 $3094 $2356 #
plane-surface $-1 -1 $-1 94.84999999999999432 7.5 40.5 1 0 0 0 -1 1.110223024625000001e-16 forward_v I I I I #
face $3095 -1 $-1 $2364 $2361 $29 $-1 $3096 forward single #
straight-curve $-1 -1 $-1 48.15999999999999659 7.5 29.30000000000000071 0 1 -1.110223024625000001e-16 F 0 F 1.800000000000001599 #
DXID-attrib $-1 -1 $-1 $-1 $2364 @10 ASM ENTITY @2 22 #
plane-surface $-1 -1 $-1 46.00000000000000711 7.5 31.46000000000000441 -0.7071067811865475727 -7.8504622934139775e-17 -0.7071067811865475727 0.7071067811865476838 -7.8504622934139775e-17 -0.7071067811865476838 forward_v I I I I #
coedge $-1 -1 $-1 $2722 $2369 $3097 $3098 reversed $92 $-1 #
straight-curve $-1 -1 $-1 93.87999999999999545 7.5 29.30000000000000071 0.7071067811870000996 7.850462293419000326e-17 0.7071067811870000996 F 0 F 5.388153672638042124 #
point $-1 -1 $-1 93.87999999999999545 7.5 29.30000000000000071 #
vertex $-1 -1 $-1 $2386 $3099 #
straight-curve $-1 -1 $-1 51.35000000000000853 4.599999999999999645 46.10000000000000142 0 1 0 F 0 F 2.400000000000000799 #
point $-1 -1 $-1 51.35000000000000853 7.000000000000000888 46.10000000000000142 #
straight-curve $-1 -1 $-1 51.35000000000000853 4.599999999999999645 37.89999999999999858 0 0 1 F 0 F 8.200000000000002842 #
straight-curve $-1 -1 $-1 38.75 4.599999999999999645 46.10000000000000142 1 0 0 F 0.1000000000000023093 F 12.60000000000000675 #
DXID-attrib $-1 -1 $-1 $-1 $2393 @10 ASM ENTITY @2 18 #
face $3100 -1 $-1 $2552 $2547 $25 $-1 $3101 reversed single #
loop $-1 -1 $-1 $-1 $2902 $2393 #
cone-surface $-1 -1 $-1 114.5000000000000142 0 74.5 0 1 0 0 0 4 1 I I 0 1 4 forward I I I I #
loop $-1 -1 $-1 $-1 $3102 $2054 #
coedge $-1 -1 $-1 $3103 $2751 $2562 $2919 forward $2394 $-1 #
coedge $-1 -1 $-1 $2750 $2866 $2396 $2752 forward $2394 $-1 #
edge $-1 -1 $-1 $2868 0 $2920 27.5 $2396 $3104 forward @7 unknown #
loop $-1 -1 $-1 $-1 $3105 $1446 #
coedge $-1 -1 $-1 $3106 $3107 $3108 $3109 forward $2397 $-1 #
coedge $-1 -1 $-1 $3110 $2398 $3111 $3112 forward $2057 $-1 #
coedge $-1 -1 $-1 $2398 $3110 $2802 $3113 forward $2057 $-1 #
coedge $-1 -1 $-1 $2798 $2797 $2398 $2758 reversed $2799 $-1 #
edge $-1 -1 $-1 $3114 7.500000000000000888 $3115 9.5 $2398 $3116 forward @7 unknown #
coedge $-1 -1 $-1 $2563 $2500 $2399 $2760 forward $2055 $-1 #
edge $-1 -1 $-1 $2502 0 $2565 27.5 $2399 $3117 forward @7 unknown #
coedge $-1 -1 $-1 $2761 $2761 $2400 $2762 reversed $3118 $-1 #
edge $-1 -1 $-1 $3119 0 $3119 6.283185307179586232 $2400 $3120 forward @7 unknown #
loop $-1 -1 $-1 $3121 $2403 $3122 #
vertex $-1 -1 $-1 $2404 $3123 #
ellipse-curve $-1 -1 $-1 60 6.700000000000000178 74.5 0 1 0 0 0 2 1 I I #
loop $-1 -1 $-1 $-1 $3124 $2767 #
face $3125 -1 $-1 $3122 $2405 $25 $-1 $3126 reversed single #
point $-1 -1 $-1 114.5000000000000142 6.700000000000000178 7.5 #
coedge $-1 -1 $-1 $2769 $2769 $3127 $3128 forward $2408 $-1 #
DXID-attrib $-1 -1 $-1 $-1 $2409 @10 ASM ENTITY @2 73 #
plane-surface $-1 -1 $-1 60 6.700000000000000178 5.5 0 1 0 0 0 1 forward_v I I I I #
coedge $-1 -1 $-1 $2772 $2772 $2411 $2773 reversed $3129 $-1 #
edge $-1 -1 $-1 $3130 0 $3130 6.283185307179586232 $2411 $3131 forward @7 unknown #
loop $-1 -1 $-1 $3132 $2414 $3133 #
vertex $-1 -1 $-1 $2415 $3134 #
ellipse-curve $-1 -1 $-1 5.5 6.700000000000000178 5.5 0 1 0 0 0 1.399999999999999911 1 I I #
coedge $-1 -1 $-1 $3135 $3136 $3137 $3138 forward $2416 $-1 #
coedge $-1 -1 $-1 $3139 $2417 $3140 $3141 forward $2076 $-1 #
coedge $-1 -1 $-1 $2417 $3139 $3142 $3143 reversed $2076 $-1 #
coedge $-1 -1 $-1 $3144 $3145 $2417 $2781 reversed $3146 $-1 #
edge $-1 -1 $-1 $3147 0 $3148 40 $2417 $3149 forward @7 unknown #
coedge $-1 -1 $-1 $3150 $3151 $2418 $2783 forward $3152 $-1 #
edge $-1 -1 $-1 $2788 8.767949192431000682 $2787 12.23205080756900109 $2418 $3153 forward @7 unknown #
coedge $-1 -1 $-1 $3154 $2419 $3151 $3155 reversed $2786 $-1 #
coedge $-1 -1 $-1 $2419 $3154 $3150 $3156 forward $2786 $-1 #
loop $-1 -1 $-1 $-1 $2419 $3157 #
vertex $-1 -1 $-1 $2420 $3158 #
vertex $-1 -1 $-1 $2420 $3159 #
ellipse-curve $-1 -1 $-1 104 15 80 0 0 1 3.25 0 0 1 F 0.5620698030056583416 F 5.721115504173928556 #
coedge $-1 -1 $-1 $3160 $3161 $2421 $2791 reversed $3162 $-1 #
edge $-1 -1 $-1 $2795 0 $2800 40 $2421 $3163 forward @7 unknown #
coedge $-1 -1 $-1 $3164 $2422 $2427 $2804 reversed $2794 $-1 #
coedge $-1 -1 $-1 $2422 $3164 $3160 $3165 forward $2794 $-1 #
loop $-1 -1 $-1 $-1 $2792 $3166 #
vertex $-1 -1 $-1 $2423 $3167 #
straight-curve $-1 -1 $-1 16 7.000000000000000888 80 0 1 0 F 7 F 9 #
coedge $-1 -1 $-1 $2757 $2424 $3161 $3168 reversed $2799 $-1 #
coedge $-1 -1 $-1 $2424 $2757 $2426 $2803 forward $2799 $-1 #
loop $-1 -1 $-1 $-1 $2798 $3169 #
vertex $-1 -1 $-1 $2791 $3170 #
straight-curve $-1 -1 $-1 56.00000000000000711 7.000000000000000888 80 0 1 0 F 7 F 9 #
coedge $-1 -1 $-1 $2427 $2426 $2756 $3113 reversed $2428 $-1 #
edge $-1 -1 $-1 $3114 0.9999999999999964473 $2429 3.499999999999996447 $2426 $3171 forward @7 unknown #
edge $-1 -1 $-1 $3172 0.9999999999999964473 $2430 3.499999999999996447 $2427 $3173 forward @7 unknown #
face $3174 -1 $-1 $3166 $2428 $25 $-1 $3175 forward single #
point $-1 -1 $-1 56.00000000000000711 14.00000000000000178 80 #
point $-1 -1 $-1 16 14.00000000000000178 80 #
coedge $-1 -1 $-1 $2433 $2432 $3176 $3177 reversed $2434 $-1 #
face $3178 -1 $-1 $2439 $2434 $25 $-1 $3179 forward single #
coedge $-1 -1 $-1 $2437 $2436 $3180 $3181 reversed $2086 $-1 #
coedge $-1 -1 $-1 $2446 $3182 $2436 $2812 forward $2828 $-1 #
edge $-1 -1 $-1 $3183 7.035898384860015398 $2450 8.000000000000007105 $2436 $3184 forward @7 unknown #
coedge $-1 -1 $-1 $2555 $3176 $2437 $2814 forward $1841 $-1 #
edge $-1 -1 $-1 $2815 0 $3185 39.85424868893000649 $2813 $3186 forward @7 unknown #
vertex $-1 -1 $-1 $3177 $3187 #
straight-curve $-1 -1 $-1 72 24.00000000000000355 -1 0 0 1 F 1 F 3.499999999999999556 #
DXID-attrib $-1 -1 $-1 $-1 $2439 @10 ASM ENTITY @2 51 #
plane-surface $-1 -1 $-1 104 24.00000000000000355 -1 0 1 0 0 0 1 forward_v I I I I #
coedge $-1 -1 $-1 $2443 $2441 $3188 $3189 forward $2091 $-1 #
coedge $-1 -1 $-1 $3176 $2841 $2441 $2821 forward $1841 $-1 #
edge $-1 -1 $-1 $3190 0 $2822 39.85424868893000649 $2820 $3191 forward @7 unknown #
vertex $-1 -1 $-1 $2821 $3192 #
straight-curve $-1 -1 $-1 72 22 -1 0 0 1 F 1 F 3.499999999999999556 #
coedge $-1 -1 $-1 $3182 $2446 $2443 $2825 reversed $2828 $-1 #
edge $-1 -1 $-1 $3193 7.035898384860015398 $2448 8.000000000000007105 $2443 $3194 forward @7 unknown #
DXID-attrib $-1 -1 $-1 $-1 $2444 @10 ASM ENTITY @2 49 #
plane-surface $-1 -1 $-1 104 22 -1 0 1 0 0 0 1 forward_v I I I I #
loop $-1 -1 $-1 $-1 $2811 $3195 #
straight-curve $-1 -1 $-1 112.0000000000000142 22 3.500000000000000444 0 1 0 F 0 F 2.000000000000001776 #
point $-1 -1 $-1 112.0000000000000142 22 3.500000000000000444 #
point $-1 -1 $-1 112.0000000000000142 24.00000000000000355 3.500000000000000444 #
coedge $-1 -1 $-1 $2459 $2466 $2454 $2833 forward $1841 $-1 #
edge $-1 -1 $-1 $2468 9 $2461 11 $2832 $3196 forward @7 unknown #
DXID-attrib $-1 -1 $-1 $-1 $2455 @10 ASM ENTITY @2 46 #
plane-surface $-1 -1 $-1 72 17 -1 1 0 0 0 0 1 forward_v I I I I #
coedge $-1 -1 $-1 $3197 $3198 $2456 $2837 forward $2187 $-1 #
edge $-1 -1 $-1 $2842 -2.418858405775363263 $2839 -2.094395102392915042 $2836 $3199 forward @7 unknown #
coedge $-1 -1 $-1 $2457 $2470 $3197 $3200 forward $2474 $-1 #
vertex $-1 -1 $-1 $2837 $3201 #
straight-curve $-1 -1 $-1 104 19 3.500000000000000444 1 0 0 F 7.035898384860015398 F 8.000000000000007105 #
coedge $-1 -1 $-1 $2820 $2459 $3198 $3202 forward $1841 $-1 #
vertex $-1 -1 $-1 $3202 $3203 #
straight-curve $-1 -1 $-1 72 19 2.5 1 0 0 F 0 F 39.85424868893000649 #
point $-1 -1 $-1 72 19 2.5 #
coedge $-1 -1 $-1 $2855 $3197 $2465 $2846 reversed $2187 $-1 #
edge $-1 -1 $-1 $2847 -2.418858405775363263 $2850 -2.094395102392915042 $2845 $3204 forward @7 unknown #
vertex $-1 -1 $-1 $2846 $3205 #
straight-curve $-1 -1 $-1 111.8542486889300136 17 2.5 -1 0 0 F 0 F 39.85424868893000649 #
point $-1 -1 $-1 72 17 2.5 #
vertex $-1 -1 $-1 $3200 $3206 #
straight-curve $-1 -1 $-1 104 17 3.500000000000000444 1 0 0 F 7.035898384860015398 F 8.000000000000007105 #
face $3207 -1 $-1 $3195 $2474 $25 $-1 $3208 reversed single #
straight-curve $-1 -1 $-1 72 5.5 2.5 0 1 0 F 6.500000000000000888 F 8.5 #
coedge $-1 -1 $-1 $2491 $2482 $2484 $2857 reversed $2187 $-1 #
coedge $-1 -1 $-1 $2482 $2845 $2487 $2859 reversed $2187 $-1 #
ellipse-curve $-1 -1 $-1 114.5000000000000142 14.00000000000000178 5.5 0 1 0 0 0 4 1 F -2.418858405775363263 F -2.094395102392915042 #
edge $-1 -1 $-1 $2496 12.00000000000000178 $2485 14 $2854 $3209 forward @7 unknown #
point $-1 -1 $-1 111.035898384860019 14.00000000000000178 3.500000000000000444 #
edge $-1 -1 $-1 $2488 14 $2847 17 $2855 $3210 forward @7 unknown #
point $-1 -1 $-1 111.8542486889300136 14.00000000000000178 2.5 #
ellipse-curve $-1 -1 $-1 114.5000000000000142 12.00000000000000178 5.5 0 1 0 0 0 4 1 F -2.418858405775363263 F -2.094395102392915042 #
point $-1 -1 $-1 111.8542486889300136 12.00000000000000178 2.5 #
point $-1 -1 $-1 111.035898384860019 12.00000000000000178 3.500000000000000444 #
DXID-attrib $-1 -1 $-1 $-1 $2498 @10 ASM ENTITY @2 68 #
plane-surface $-1 -1 $-1 104 12.00000000000000178 3.500000000000000444 0 0 1 1 0 0 forward_v I I I I #
coedge $-1 -1 $-1 $2751 $3103 $2499 $2867 reversed $2394 $-1 #
edge $-1 -1 $-1 $2868 61.39575131106399652 $2903 110.6042486889300136 $2499 $3211 forward @7 unknown #
vertex $-1 -1 $-1 $2501 $3212 #
ellipse-curve $-1 -1 $-1 60 0 74.5 0 1 0 0 0 4 1 F 0.7227342478133053083 F 5.560451059366282145 #
point $-1 -1 $-1 57.35424868893601058 0 77.5 #
coedge $-1 -1 $-1 $3213 $2504 $2507 $2876 reversed $2873 $-1 #
coedge $-1 -1 $-1 $2504 $3213 $2511 $2880 forward $2873 $-1 #
loop $-1 -1 $-1 $-1 $2504 $3214 #
ellipse-curve $-1 -1 $-1 95 30 62 0 1 0 0 0 2.5 1 F 1.570796326794896558 F 4.712388980384689674 #
coedge $-1 -1 $-1 $2507 $2506 $3215 $3216 forward $2508 $-1 #
edge $-1 -1 $-1 $3217 0.9999999999999964473 $2509 3.499999999999996447 $2507 $3218 forward @14 tangent_not_g2 #
face $3219 -1 $-1 $2881 $2508 $25 $-1 $3220 forward single #
point $-1 -1 $-1 92.5 30 62 #
coedge $-1 -1 $-1 $2512 $2511 $3221 $3222 reversed $2513 $-1 #
edge $-1 -1 $-1 $3223 0.9999999999999964473 $2514 3.499999999999996447 $2511 $3224 forward @14 tangent_not_g2 #
face $3225 -1 $-1 $3214 $2513 $25 $-1 $3226 reversed single #
point $-1 -1 $-1 97.5 30 62 #
coedge $-1 -1 $-1 $3221 $3215 $2516 $2884 forward $3227 $-1 #
edge $-1 -1 $-1 $2887 -2.617993877991473983 $2885 2.617993877991473983 $2516 $3228 forward @7 unknown #
vertex $-1 -1 $-1 $2517 $3229 #
straight-curve $-1 -1 $-1 97.5 26.50000000000000355 67.66987298107800086 0 1 0 F 0.9999999999999964473 F 3.499999999999996447 #
vertex $-1 -1 $-1 $2518 $3230 #
straight-curve $-1 -1 $-1 92.5 26.50000000000000355 67.66987298107800086 0 1 0 F 0.9999999999999964473 F 3.499999999999996447 #
DXID-attrib $-1 -1 $-1 $-1 $2519 @10 ASM ENTITY @2 36 #
cone-surface $-1 -1 $-1 95 26.50000000000000355 72 0 1 0 0 0 5 1 I I 0 1 5 forward I I I I #
coedge $-1 -1 $-1 $2891 $2891 $3231 $3232 reversed $2523 $-1 #
coedge $-1 -1 $-1 $2527 $2533 $2525 $2893 forward $2539 $-1 #
edge $-1 -1 $-1 $2535 1.570796326794896558 $2529 4.712388980384689674 $2525 $3233 forward @7 unknown #
DXID-attrib $-1 -1 $-1 $-1 $2526 @10 ASM ENTITY @2 34 #
cone-surface $-1 -1 $-1 25 26.50000000000000355 62 0 1 0 0 0 2.5 1 I I 0 1 2.5 forward I I I I #
straight-curve $-1 -1 $-1 22.5 27.5 32.25 0 0 -1 F -35.41987298107800086 F -29.75 #
point $-1 -1 $-1 22.5 27.5 62 #
straight-curve $-1 -1 $-1 27.5 27.5 32.25 0 0 -1 F -35.41987298107800086 F -29.75 #
point $-1 -1 $-1 27.5 27.5 62 #
loop $-1 -1 $-1 $3234 $3231 $1858 #
coedge $-1 -1 $-1 $3235 $2543 $3103 $3236 forward $2747 $-1 #
coedge $-1 -1 $-1 $2543 $3235 $2545 $2906 reversed $2747 $-1 #
vertex $-1 -1 $-1 $2867 $3237 #
ellipse-curve $-1 -1 $-1 114.5000000000000142 0 74.5 0 1 0 0 0 4 1 F 2.293530574608390715 F 5.560451059365155935 #
coedge $-1 -1 $-1 $2546 $2545 $3238 $3239 reversed $2547 $-1 #
edge $-1 -1 $-1 $2548 0 $3240 27.5 $2902 $3241 forward @7 unknown #
point $-1 -1 $-1 117.5 0 71.85424868893500161 #
coedge $-1 -1 $-1 $3180 $2550 $2555 $2915 reversed $2187 $-1 #
coedge $-1 -1 $-1 $3238 $2556 $2550 $2910 forward $1540 $-1 #
edge $-1 -1 $-1 $2916 1.124881437997159551e-12 $2911 3.266920484757890986 $2550 $3242 forward @7 unknown #
vertex $-1 -1 $-1 $3239 $3243 #
straight-curve $-1 -1 $-1 117.5 0 8.145751311065000166 0 1 0 F 0 F 27.5 #
DXID-attrib $-1 -1 $-1 $-1 $2552 @10 ASM ENTITY @2 20 #
cone-surface $-1 -1 $-1 114.5000000000000142 0 5.5 0 1 0 0 0 4 1 I I 0 1 4 forward I I I I #
edge $-1 -1 $-1 $3185 24.00000000000000355 $2916 27.5 $2908 $3244 forward @7 unknown #
vertex $-1 -1 $-1 $2910 $3245 #
straight-curve $-1 -1 $-1 2.5 27.5 2.5 1 0 0 F 60.1457513110650055 F 109.3542486889300136 #
coedge $-1 -1 $-1 $2562 $3238 $3235 $3246 forward $1540 $-1 #
edge $-1 -1 $-1 $2920 60.1457513110650055 $3247 109.3542486889300136 $2750 $3248 forward @7 unknown #
vertex $-1 -1 $-1 $2752 $3249 #
ellipse-curve $-1 -1 $-1 60 27.5 74.5 0 1 0 0 0 4 1 F 0.7227342478134941572 F 5.560451059366093851 #
point $-1 -1 $-1 57.35424868893500161 27.5 77.5 #
coedge $-1 -1 $-1 $3250 $2567 $3251 $3252 reversed $2204 $-1 #
coedge $-1 -1 $-1 $2567 $3253 $3254 $3255 reversed $2204 $-1 #
coedge $-1 -1 $-1 $3256 $3257 $2567 $2926 forward $3258 $-1 #
edge $-1 -1 $-1 $3259 20.24999999999999645 $3260 22.25 $2567 $3261 forward @7 unknown #
coedge $-1 -1 $-1 $2569 $2568 $3262 $3263 reversed $1857 $-1 #
coedge $-1 -1 $-1 $3264 $3265 $2568 $2929 reversed $3266 $-1 #
edge $-1 -1 $-1 $2936 -30.25000000000000355 $3267 -16.25 $2568 $3268 forward @7 unknown #
coedge $-1 -1 $-1 $3269 $3270 $2569 $2931 forward $3271 $-1 #
edge $-1 -1 $-1 $2935 -30.25000000000000355 $3272 -16.25 $2569 $3273 forward @7 unknown #
coedge $-1 -1 $-1 $3274 $2570 $3270 $3275 reversed $2934 $-1 #
coedge $-1 -1 $-1 $2570 $3274 $3264 $3276 forward $2934 $-1 #
loop $-1 -1 $-1 $3277 $2932 $3278 #
vertex $-1 -1 $-1 $2571 $3279 #
vertex $-1 -1 $-1 $2571 $3280 #
straight-curve $-1 -1 $-1 3.500000000000000444 27.5 49 1 0 0 F 0.999999999999999778 F 10.5 #
loop $-1 -1 $-1 $-1 $3281 $2207 #
coedge $-1 -1 $-1 $2939 $2939 $3282 $3283 forward $2573 $-1 #
loop $-1 -1 $-1 $3284 $3285 $216 #
coedge $-1 -1 $-1 $3286 $3287 $3288 $3289 reversed $2575 $-1 #
coedge $-1 -1 $-1 $2942 $2942 $2576 $2943 forward $3290 $-1 #
edge $-1 -1 $-1 $3291 0 $3291 6.283185307179586232 $2576 $3292 forward @7 unknown #
loop $-1 -1 $-1 $-1 $3293 $2945 #
face $3294 -1 $-1 $3295 $2577 $27 $-1 $3296 reversed single #
point $-1 -1 $-1 60 0 7.250000000000000888 #
coedge $-1 -1 $-1 $3297 $2580 $2583 $2952 forward $2949 $-1 #
coedge $-1 -1 $-1 $2580 $3297 $2587 $2956 reversed $2949 $-1 #
loop $-1 -1 $-1 $-1 $2947 $3298 #
ellipse-curve $-1 -1 $-1 60 0 5.5 0 1 0 0 0 4.299999999999999822 1 F -2.264689420248822138 F -1.746111618101025886 #
coedge $-1 -1 $-1 $2583 $2582 $3299 $3300 forward $2584 $-1 #
edge $-1 -1 $-1 $2585 1 $3301 5 $2583 $3302 forward @7 unknown #
face $3303 -1 $-1 $3298 $2584 $27 $-1 $3304 reversed single #
point $-1 -1 $-1 56.69432306478700667 0 2.75 #
coedge $-1 -1 $-1 $2588 $2587 $3305 $3306 reversed $2589 $-1 #
edge $-1 -1 $-1 $2590 1 $3307 5 $2587 $3308 forward @7 unknown #
face $3309 -1 $-1 $2953 $2589 $27 $-1 $3310 forward single #
point $-1 -1 $-1 55.76591214073200575 0 4.75 #
coedge $-1 -1 $-1 $3305 $3299 $2592 $2960 reversed $3311 $-1 #
edge $-1 -1 $-1 $2961 1.746111618101025664 $2963 2.264689420248820806 $2592 $3312 forward @7 unknown #
vertex $-1 -1 $-1 $2593 $3313 #
straight-curve $-1 -1 $-1 9.734087859267999576 -1 4.75 0 1 0 F 1 F 5 #
vertex $-1 -1 $-1 $2960 $3314 #
straight-curve $-1 -1 $-1 8.805676935213000434 -1 2.75 0 1 0 F 1 F 5 #
DXID-attrib $-1 -1 $-1 $-1 $2595 @10 ASM ENTITY @2 32 #
cone-surface $-1 -1 $-1 5.5 -1 5.5 0 1 0 0 0 4.299999999999999822 1 I I 0 1 4.299999999999999822 forward I I I I #
coedge $-1 -1 $-1 $2599 $2598 $3315 $3316 reversed $2600 $-1 #
face $3317 -1 $-1 $2595 $2600 $27 $-1 $3318 forward single #
coedge $-1 -1 $-1 $2610 $3315 $2602 $2970 reversed $2981 $-1 #
edge $-1 -1 $-1 $2614 -0.6938930934539240258 $2971 -0.175315291306129134 $2602 $3319 forward @7 unknown #
vertex $-1 -1 $-1 $2970 $3320 #
straight-curve $-1 -1 $-1 4.75 -1 9.734087859267999576 0 1 0 F 1 F 5 #
DXID-attrib $-1 -1 $-1 $-1 $2604 @10 ASM ENTITY @2 29 #
cone-surface $-1 -1 $-1 5.5 -1 5.5 0 1 0 0 0 4.299999999999999822 1 I I 0 1 4.299999999999999822 forward I I I I #
coedge $-1 -1 $-1 $3315 $2610 $2606 $2976 forward $2981 $-1 #
edge $-1 -1 $-1 $2612 1.875 $2977 3.875 $2606 $3321 forward @7 unknown #
vertex $-1 -1 $-1 $2976 $3322 #
straight-curve $-1 -1 $-1 4.75 -1 38 0 -1 0 F -5 F -1 #
DXID-attrib $-1 -1 $-1 $-1 $2608 @10 ASM ENTITY @2 30 #
plane-surface $-1 -1 $-1 -1 -1 38 0 0 1 1 0 0 forward_v I I I I #
loop $-1 -1 $-1 $-1 $2969 $3323 #
straight-curve $-1 -1 $-1 2.75 4 2.75 0 0 1 F 6.055676935212999545 F 35.25 #
point $-1 -1 $-1 2.75 4 38 #
point $-1 -1 $-1 2.75 4 8.805676935213000434 #
coedge $-1 -1 $-1 $2985 $2985 $2618 $2986 forward $3324 $-1 #
edge $-1 -1 $-1 $3325 0 $3325 6.283185307179586232 $2618 $3326 forward @7 unknown #
face $3327 -1 $-1 $3328 $3038 $27 $-1 $3329 reversed single #
point $-1 -1 $-1 5.5 -1.300000000000000044 7.250000000000000888 #
coedge $-1 -1 $-1 $2989 $2989 $2622 $2990 reversed $3330 $-1 #
edge $-1 -1 $-1 $3331 0 $3331 6.283185307179586232 $2622 $3332 forward @7 unknown #
loop $-1 -1 $-1 $3333 $2623 $3334 #
vertex $-1 -1 $-1 $2624 $3335 #
ellipse-curve $-1 -1 $-1 60 -3.000000000000000444 74.5 0 1 0 0 0 3.200000000000000622 1 I I #
coedge $-1 -1 $-1 $3336 $3337 $2625 $2995 forward $3338 $-1 #
edge $-1 -1 $-1 $3004 30.75 $2999 62.35000000000000142 $2625 $3339 forward @7 unknown #
coedge $-1 -1 $-1 $3340 $2626 $2631 $3008 forward $2998 $-1 #
coedge $-1 -1 $-1 $2626 $3340 $3336 $3341 reversed $2998 $-1 #
loop $-1 -1 $-1 $-1 $2996 $3342 #
vertex $-1 -1 $-1 $2627 $3343 #
straight-curve $-1 -1 $-1 93.10000000000000853 -3.000000000000000444 16.85000000000000142 0 0 -1 F -34.44999999999998863 F -16.85000000000000142 #
coedge $-1 -1 $-1 $3344 $2628 $3337 $3345 forward $3003 $-1 #
coedge $-1 -1 $-1 $2628 $3344 $2630 $3007 reversed $3003 $-1 #
loop $-1 -1 $-1 $-1 $3002 $3346 #
vertex $-1 -1 $-1 $2995 $3347 #
straight-curve $-1 -1 $-1 61.5 -3.000000000000000444 16.85000000000000142 0 0 -1 F -34.44999999999998863 F -16.85000000000000142 #
coedge $-1 -1 $-1 $2631 $2630 $3348 $3349 forward $2632 $-1 #
edge $-1 -1 $-1 $2633 0.999999999999999778 $3350 1.799999999999999822 $2630 $3351 forward @7 unknown #
edge $-1 -1 $-1 $2634 0.999999999999999778 $3352 1.799999999999999822 $2631 $3353 forward @7 unknown #
face $3354 -1 $-1 $3346 $2632 $27 $-1 $3355 reversed single #
point $-1 -1 $-1 61.5 -3.000000000000000444 51.29999999999999716 #
point $-1 -1 $-1 93.10000000000000853 -3.000000000000000444 51.29999999999999716 #
coedge $-1 -1 $-1 $3012 $3012 $3356 $3357 forward $2636 $-1 #
DXID-attrib $-1 -1 $-1 $-1 $2637 @10 ASM ENTITY @2 19 #
cone-surface $-1 -1 $-1 114.5000000000000142 -4 5.5 0 1 0 0 0 3.200000000000000622 1 I I 0 1 3.200000000000000622 forward I I I I #
coedge $-1 -1 $-1 $2640 $2639 $3358 $3359 reversed $2641 $-1 #
face $3360 -1 $-1 $2649 $2641 $27 $-1 $3361 forward single #
coedge $-1 -1 $-1 $2651 $3358 $2643 $3018 forward $3029 $-1 #
edge $-1 -1 $-1 $3019 0 $2655 20 $2643 $3362 forward @7 unknown #
vertex $-1 -1 $-1 $3018 $3363 #
straight-curve $-1 -1 $-1 108 -4 6.000000000000000888 0 1 0 F 0.999999999999999778 F 1.500000000000000222 #
DXID-attrib $-1 -1 $-1 $-1 $2645 @10 ASM ENTITY @2 16 #
plane-surface $-1 -1 $-1 108 -4 6.000000000000000888 1 0 0 0 0 1 forward_v I I I I #
coedge $-1 -1 $-1 $3358 $2651 $2647 $3024 reversed $3029 $-1 #
edge $-1 -1 $-1 $3025 0 $2653 20 $2647 $3364 forward @7 unknown #
vertex $-1 -1 $-1 $2648 $3365 #
straight-curve $-1 -1 $-1 66 -4 6.000000000000000888 0 1 0 F 0.999999999999999778 F 1.500000000000000222 #
DXID-attrib $-1 -1 $-1 $-1 $2649 @10 ASM ENTITY @2 18 #
plane-surface $-1 -1 $-1 66 -4 6.000000000000000888 1 0 0 0 0 1 forward_v I I I I #
loop $-1 -1 $-1 $-1 $3358 $3366 #
straight-curve $-1 -1 $-1 66 -2.5 26 1 0 0 F 0 F 42 #
point $-1 -1 $-1 66 -2.5 26 #
point $-1 -1 $-1 108 -2.5 26 #
loop $-1 -1 $-1 $3367 $2659 $3042 #
vertex $-1 -1 $-1 $2660 $3368 #
ellipse-curve $-1 -1 $-1 60 -2.990000000000000213 5.5 0 1 0 0 0 3.200000000000000622 1 I I #
point $-1 -1 $-1 49.40000000000000568 -2.700000000000000178 51.40000000000000568 #
coedge $-1 -1 $-1 $3037 $3037 $3369 $3370 forward $2664 $-1 #
loop $-1 -1 $-1 $2619 $2666 $2987 #
vertex $-1 -1 $-1 $2667 $3371 #
ellipse-curve $-1 -1 $-1 5.5 -2.990000000000000213 5.5 0 1 0 0 0 3.191470588235000072 1 I I #
DXID-attrib $-1 -1 $-1 $-1 $2669 @10 ASM ENTITY @2 82 #
face $3372 -1 $-1 $3366 $3033 $27 $-1 $3373 reversed single #
plane-surface $-1 -1 $-1 49.40000000000000568 -2.700000000000000178 49.90000000000000568 0 1 0 0 0 1 forward_v I I I I #
coedge $-1 -1 $-1 $2672 $2671 $3374 $3375 forward $2673 $-1 #
face $3376 -1 $-1 $2681 $2673 $29 $-1 $3377 forward single #
coedge $-1 -1 $-1 $2683 $3374 $2675 $3047 reversed $3058 $-1 #
edge $-1 -1 $-1 $2687 0 $3048 7.000000000000001776 $2675 $3378 forward @7 unknown #
vertex $-1 -1 $-1 $3047 $3379 #
straight-curve $-1 -1 $-1 73.40000000000000568 10.09999999999999964 38.5 0 -1 1.110223024625000001e-16 F 0 F 0.7999999999999984901 #
DXID-attrib $-1 -1 $-1 $-1 $2677 @10 ASM ENTITY @2 43 #
plane-surface $-1 -1 $-1 66.40000000000000568 10.09999999999999964 38.5 0 1.110223024625000001e-16 1 0 -1 1.110223024625000001e-16 forward_v I I I I #
coedge $-1 -1 $-1 $3374 $2683 $2679 $3053 forward $3058 $-1 #
edge $-1 -1 $-1 $2685 0 $3054 7.000000000000001776 $2679 $3380 forward @7 unknown #
vertex $-1 -1 $-1 $3375 $3381 #
straight-curve $-1 -1 $-1 73.40000000000000568 10.09999999999999964 45.5 0 -1 1.110223024625000001e-16 F 0 F 0.7999999999999984901 #
DXID-attrib $-1 -1 $-1 $-1 $2681 @10 ASM ENTITY @2 45 #
plane-surface $-1 -1 $-1 66.40000000000000568 10.09999999999999964 45.5 0 1.110223024625000001e-16 1 0 -1 1.110223024625000001e-16 forward_v I I I I #
loop $-1 -1 $-1 $-1 $2683 $2707 #
straight-curve $-1 -1 $-1 66.40000000000000568 10.09999999999999964 38.5 0 1.110223024625000001e-16 1 F 0 F 6.999999999999997335 #
point $-1 -1 $-1 66.40000000000000568 10.09999999999999964 45.5 #
point $-1 -1 $-1 66.40000000000000568 10.09999999999999964 38.5 #
coedge $-1 -1 $-1 $2692 $2696 $2691 $3063 reversed $2700 $-1 #
edge $-1 -1 $-1 $2694 0 $2698 4.599999999999990763 $2691 $3382 forward @7 unknown #
straight-curve $-1 -1 $-1 48.79999999999999716 12.90000000000000036 39.70000000000000284 1 0 0 F 0 F 4.100000000000001421 #
point $-1 -1 $-1 52.89999999999999858 12.90000000000000036 39.70000000000000284 #
straight-curve $-1 -1 $-1 48.79999999999999716 12.90000000000000036 44.29999999999999716 1 0 0 F 0 F 4.100000000000001421 #
point $-1 -1 $-1 52.89999999999999858 12.90000000000000036 44.29999999999999716 #
DXID-attrib $-1 -1 $-1 $-1 $2707 @10 ASM ENTITY @2 55 #
plane-surface $-1 -1 $-1 66.40000000000000568 10.09999999999999964 38.5 0 -1 1.110223024625000001e-16 1 0 0 forward_v I I I I #
straight-curve $-1 -1 $-1 93.87999999999999545 7.5 29.30000000000000071 0 1 -1.110223024625000001e-16 F 0 F 1.800000000000001599 #
DXID-attrib $-1 -1 $-1 $-1 $2712 @10 ASM ENTITY @2 20 #
plane-surface $-1 -1 $-1 93.87999999999999545 7.5 29.30000000000000071 0.7071067811865475727 -7.8504622934139775e-17 -0.7071067811865475727 0.7071067811865476838 7.8504622934139775e-17 0.7071067811865476838 forward_v I I I I #
vertex $-1 -1 $-1 $2714 $3383 #
straight-curve $-1 -1 $-1 97.68999999999999773 7.5 33.10999999999999943 0 1.110223024625000001e-16 1 F 0 F 7.389999999999998792 #
point $-1 -1 $-1 97.68999999999999773 7.5 33.10999999999999943 #
DXID-attrib $-1 -1 $-1 $-1 $2718 @10 ASM ENTITY @2 51 #
loop $-1 -1 $-1 $-1 $3384 $2718 #
plane-surface $-1 -1 $-1 94.84999999999999432 3.740000000000000657 40.5 0 -1 1.110223024625000001e-16 1 0 0 forward_v I I I I #
coedge $-1 -1 $-1 $3385 $3386 $3387 $3388 reversed $2719 $-1 #
coedge $-1 -1 $-1 $3089 $2721 $3385 $3389 reversed $2349 $-1 #
coedge $-1 -1 $-1 $2723 $3390 $2721 $3082 reversed $2357 $-1 #
edge $-1 -1 $-1 $2725 2.840000000000006963 $3391 3.100000000000022737 $3081 $3392 forward @7 unknown #
coedge $-1 -1 $-1 $3094 $3393 $2722 $3084 reversed $2731 $-1 #
edge $-1 -1 $-1 $3394 0 $3086 3.000000000000007105 $2722 $3395 forward @7 unknown #
coedge $-1 -1 $-1 $3396 $2723 $3393 $3397 forward $2357 $-1 #
vertex $-1 -1 $-1 $3084 $3398 #
straight-curve $-1 -1 $-1 94.84999999999999432 7.5 43.50000000000000711 1 0 0 F 0 F 2.840000000000006963 #
point $-1 -1 $-1 97.68999999999999773 7.5 43.50000000000000711 #
coedge $-1 -1 $-1 $2727 $3080 $3399 $3400 reversed $2349 $-1 #
straight-curve $-1 -1 $-1 97.68999999999999773 7.5 33.10999999999999943 0 1.110223024625000001e-16 1 F 7.389999999999998792 F 10.3900000000000059 #
DXID-attrib $-1 -1 $-1 $-1 $2730 @10 ASM ENTITY @2 19 #
loop $-1 -1 $-1 $-1 $3097 $2730 #
plane-surface $-1 -1 $-1 94.84999999999999432 7.5 40.5 0 1.110223024625000001e-16 1 0 -1 1.110223024625000001e-16 forward_v I I I I #
coedge $-1 -1 $-1 $3401 $3083 $3402 $3403 forward $2731 $-1 #
DXID-attrib $-1 -1 $-1 $-1 $2733 @10 ASM ENTITY @2 21 #
plane-surface $-1 -1 $-1 48.15999999999999659 7.5 29.30000000000000071 0 -1.110223024625000001e-16 -1 1 0 0 forward_v I I I I #
coedge $-1 -1 $-1 $3399 $3402 $2737 $3098 forward $3092 $-1 #
edge $-1 -1 $-1 $3394 0 $3073 2.840000000000006963 $2737 $3404 forward @7 unknown #
point $-1 -1 $-1 51.35000000000000853 4.599999999999999645 46.10000000000000142 #
DXID-attrib $-1 -1 $-1 $-1 $2746 @10 ASM ENTITY @2 19 #
plane-surface $-1 -1 $-1 117.5 -1 2.5 1 0 0 0 0 1 forward_v I I I I #
coedge $-1 -1 $-1 $3102 $3102 $3281 $3405 forward $2749 $-1 #
coedge $-1 -1 $-1 $2866 $2750 $2901 $3236 reversed $2394 $-1 #
straight-curve $-1 -1 $-1 62.6457513110650055 0 77.5 0 1 0 F 0 F 27.5 #
coedge $-1 -1 $-1 $3406 $3407 $3408 $3409 forward $2753 $-1 #
coedge $-1 -1 $-1 $3410 $2754 $3411 $3412 forward $2397 $-1 #
coedge $-1 -1 $-1 $2754 $3410 $3413 $3414 forward $2397 $-1 #
coedge $-1 -1 $-1 $3415 $3416 $2754 $3109 reversed $3417 $-1 #
edge $-1 -1 $-1 $3418 10 $3419 12.00000000000000178 $2754 $3420 forward @7 unknown #
coedge $-1 -1 $-1 $2756 $2755 $3164 $3421 reversed $2057 $-1 #
coedge $-1 -1 $-1 $3161 $3160 $2755 $3112 reversed $3162 $-1 #
edge $-1 -1 $-1 $3115 0 $3422 40 $2755 $3423 forward @7 unknown #
edge $-1 -1 $-1 $3172 0 $3114 40 $2756 $3424 forward @7 unknown #
vertex $-1 -1 $-1 $2758 $3425 #
vertex $-1 -1 $-1 $2758 $3426 #
straight-curve $-1 -1 $-1 56.00000000000000711 6.5 77.5 0 1 0 F 7.500000000000000888 F 9.5 #
straight-curve $-1 -1 $-1 57.35424868893500161 0 77.5 0 1 0 F 0 F 27.5 #
loop $-1 -1 $-1 $3427 $2761 $3428 #
vertex $-1 -1 $-1 $2762 $3429 #
ellipse-curve $-1 -1 $-1 114.5000000000000142 6.700000000000000178 74.5 0 1 0 0 0 2 1 I I #
loop $-1 -1 $-1 $-1 $3430 $3122 #
face $3431 -1 $-1 $3428 $2763 $25 $-1 $3432 reversed single #
point $-1 -1 $-1 60 6.700000000000000178 76.5 #
coedge $-1 -1 $-1 $3124 $3124 $3433 $3434 forward $2766 $-1 #
DXID-attrib $-1 -1 $-1 $-1 $2767 @10 ASM ENTITY @2 74 #
plane-surface $-1 -1 $-1 114.5000000000000142 6.700000000000000178 5.5 0 1 0 0 0 1 forward_v I I I I #
coedge $-1 -1 $-1 $3127 $3127 $2769 $3128 reversed $3435 $-1 #
edge $-1 -1 $-1 $3436 0 $3436 6.283185307179586232 $2769 $3437 forward @7 unknown #
loop $-1 -1 $-1 $3438 $2772 $3439 #
vertex $-1 -1 $-1 $2773 $3440 #
ellipse-curve $-1 -1 $-1 5.5 6.700000000000000178 74.5 0 1 0 0 0 1.399999999999999911 1 I I #
loop $-1 -1 $-1 $-1 $3441 $3133 #
face $3442 -1 $-1 $3439 $2774 $25 $-1 $3443 reversed single #
point $-1 -1 $-1 5.5 6.700000000000000178 6.900000000000000355 #
coedge $-1 -1 $-1 $3444 $2777 $3445 $3446 forward $2416 $-1 #
coedge $-1 -1 $-1 $2777 $3444 $3447 $3448 reversed $2416 $-1 #
coedge $-1 -1 $-1 $3449 $3450 $2777 $3138 reversed $3451 $-1 #
edge $-1 -1 $-1 $3452 0 $3453 40 $2777 $3454 forward @7 unknown #
coedge $-1 -1 $-1 $2779 $2778 $3455 $3456 forward $2076 $-1 #
coedge $-1 -1 $-1 $3457 $3458 $2778 $3141 reversed $3459 $-1 #
edge $-1 -1 $-1 $3148 9.5 $3460 11.49999999999999822 $2778 $3461 forward @7 unknown #
coedge $-1 -1 $-1 $3416 $3415 $2779 $3143 forward $3417 $-1 #
edge $-1 -1 $-1 $3147 9.5 $3462 11.49999999999999822 $2779 $3463 forward @7 unknown #
coedge $-1 -1 $-1 $3413 $2780 $3415 $3464 reversed $3146 $-1 #
coedge $-1 -1 $-1 $2780 $3413 $3457 $3465 forward $3146 $-1 #
loop $-1 -1 $-1 $-1 $3144 $3466 #
vertex $-1 -1 $-1 $2781 $3467 #
vertex $-1 -1 $-1 $2781 $3468 #
straight-curve $-1 -1 $-1 56.00000000000000711 19 80 -1 0 0 F 0 F 40 #
coedge $-1 -1 $-1 $3469 $2782 $2785 $3156 reversed $3152 $-1 #
coedge $-1 -1 $-1 $2782 $3469 $2784 $3155 forward $3152 $-1 #
loop $-1 -1 $-1 $-1 $3151 $3470 #
straight-curve $-1 -1 $-1 106.75 4.5 80 0 1 0 F 8.767949192431000682 F 12.23205080756900109 #
coedge $-1 -1 $-1 $2785 $2784 $3471 $3472 reversed $2786 $-1 #
edge $-1 -1 $-1 $3473 0.9999999999999964473 $2788 3.999999999999994671 $2784 $3474 forward @7 unknown #
edge $-1 -1 $-1 $3475 0.9999999999999964473 $2787 3.999999999999994671 $2785 $3476 forward @7 unknown #
face $3477 -1 $-1 $3470 $2786 $25 $-1 $3478 reversed single #
point $-1 -1 $-1 106.75 16.73205080756900287 80 #
point $-1 -1 $-1 106.75 13.26794919243100068 80 #
coedge $-1 -1 $-1 $3111 $2790 $2793 $3165 reversed $3162 $-1 #
coedge $-1 -1 $-1 $2790 $3111 $2797 $3168 forward $3162 $-1 #
loop $-1 -1 $-1 $-1 $3161 $3479 #
straight-curve $-1 -1 $-1 16 16 80 1 0 0 F 0 F 40 #
coedge $-1 -1 $-1 $2793 $2792 $3110 $3421 forward $2794 $-1 #
edge $-1 -1 $-1 $3422 0.9999999999999964473 $2795 3.499999999999996447 $2793 $3480 forward @7 unknown #
face $3481 -1 $-1 $3479 $2794 $25 $-1 $3482 forward single #
point $-1 -1 $-1 16 16 80 #
edge $-1 -1 $-1 $3115 0.9999999999999964473 $2800 3.499999999999996447 $3161 $3483 forward @7 unknown #
face $3484 -1 $-1 $3157 $2799 $25 $-1 $3485 reversed single #
point $-1 -1 $-1 56.00000000000000711 16 80 #
straight-curve $-1 -1 $-1 56.00000000000000711 14.00000000000000178 76.5 0 0 1 F 0.9999999999999964473 F 3.499999999999996447 #
vertex $-1 -1 $-1 $3421 $3486 #
straight-curve $-1 -1 $-1 16 14.00000000000000178 76.5 0 0 1 F 0.9999999999999964473 F 3.499999999999996447 #
DXID-attrib $-1 -1 $-1 $-1 $2805 @10 ASM ENTITY @2 52 #
plane-surface $-1 -1 $-1 48.00000000000000711 14.00000000000000178 76.5 0 1 0 0 0 1 forward_v I I I I #
coedge $-1 -1 $-1 $2813 $2820 $2808 $3177 forward $1841 $-1 #
edge $-1 -1 $-1 $2822 11.5 $2815 13.50000000000000178 $3176 $3487 forward @7 unknown #
DXID-attrib $-1 -1 $-1 $-1 $2809 @10 ASM ENTITY @2 50 #
plane-surface $-1 -1 $-1 72 22 -1 1 0 0 0 0 1 forward_v I I I I #
coedge $-1 -1 $-1 $3488 $2908 $2810 $3181 forward $2187 $-1 #
edge $-1 -1 $-1 $3185 -2.418858405775363263 $3183 -2.094395102392915042 $3180 $3489 forward @7 unknown #
coedge $-1 -1 $-1 $2811 $2824 $3488 $3490 forward $2828 $-1 #
vertex $-1 -1 $-1 $3181 $3491 #
straight-curve $-1 -1 $-1 104 24.00000000000000355 3.500000000000000444 1 0 0 F 7.035898384860015398 F 8.000000000000007105 #
vertex $-1 -1 $-1 $2915 $3492 #
straight-curve $-1 -1 $-1 72 24.00000000000000355 2.5 1 0 0 F 0 F 39.85424868893000649 #
point $-1 -1 $-1 72 24.00000000000000355 2.5 #
coedge $-1 -1 $-1 $3198 $3488 $2819 $3189 reversed $2187 $-1 #
edge $-1 -1 $-1 $3190 -2.418858405775363263 $3193 -2.094395102392915042 $3188 $3493 forward @7 unknown #
vertex $-1 -1 $-1 $3189 $3494 #
straight-curve $-1 -1 $-1 111.8542486889300136 22 2.5 -1 0 0 F 0 F 39.85424868893000649 #
point $-1 -1 $-1 72 22 2.5 #
vertex $-1 -1 $-1 $3490 $3495 #
straight-curve $-1 -1 $-1 104 22 3.500000000000000444 1 0 0 F 7.035898384860015398 F 8.000000000000007105 #
face $3496 -1 $-1 $1753 $2828 $25 $-1 $3497 reversed single #
straight-curve $-1 -1 $-1 72 8 2.5 0 1 0 F 9 F 11 #
coedge $-1 -1 $-1 $2845 $2836 $2838 $3200 reversed $2187 $-1 #
coedge $-1 -1 $-1 $2836 $3188 $2841 $3202 reversed $2187 $-1 #
ellipse-curve $-1 -1 $-1 114.5000000000000142 19 5.5 0 1 0 0 0 4 1 F -2.418858405775363263 F -2.094395102392915042 #
edge $-1 -1 $-1 $2850 17 $2839 19 $3197 $3498 forward @7 unknown #
point $-1 -1 $-1 111.035898384860019 19 3.500000000000000444 #
edge $-1 -1 $-1 $2842 19 $3190 22 $3198 $3499 forward @7 unknown #
point $-1 -1 $-1 111.8542486889300136 19 2.5 #
ellipse-curve $-1 -1 $-1 114.5000000000000142 17 5.5 0 1 0 0 0 4 1 F -2.418858405775363263 F -2.094395102392915042 #
point $-1 -1 $-1 111.8542486889300136 17 2.5 #
point $-1 -1 $-1 111.035898384860019 17 3.500000000000000444 #
DXID-attrib $-1 -1 $-1 $-1 $2852 @10 ASM ENTITY @2 69 #
plane-surface $-1 -1 $-1 104 17 3.500000000000000444 0 0 1 1 0 0 forward_v I I I I #
straight-curve $-1 -1 $-1 111.035898384860019 0 3.500000000000000444 0 1 0 F 12.00000000000000178 F 14 #
straight-curve $-1 -1 $-1 111.8542486889300136 0 2.5 0 1 0 F 14 F 17 #
straight-curve $-1 -1 $-1 1.25 0 77.5 1 0 0 F 61.39575131106399652 F 110.6042486889300136 #
point $-1 -1 $-1 62.64575131106400363 0 77.5 #
coedge $-1 -1 $-1 $2872 $2871 $3500 $3501 reversed $2873 $-1 #
face $3502 -1 $-1 $1501 $2873 $25 $-1 $3503 reversed single #
coedge $-1 -1 $-1 $2883 $3500 $2875 $3216 reversed $3227 $-1 #
edge $-1 -1 $-1 $2887 -35.41987298107800086 $3217 -29.75 $2875 $3504 forward @7 unknown #
vertex $-1 -1 $-1 $3216 $3505 #
straight-curve $-1 -1 $-1 92.5 26.50000000000000355 62 0 1 0 F 0.9999999999999964473 F 3.499999999999996447 #
DXID-attrib $-1 -1 $-1 $-1 $2877 @10 ASM ENTITY @2 37 #
plane-surface $-1 -1 $-1 92.5 26.50000000000000355 62 1 0 0 0 0 1 forward_v I I I I #
coedge $-1 -1 $-1 $3500 $2883 $2879 $3222 forward $3227 $-1 #
edge $-1 -1 $-1 $2885 -35.41987298107800086 $3223 -29.75 $2879 $3506 forward @7 unknown #
vertex $-1 -1 $-1 $3222 $3507 #
straight-curve $-1 -1 $-1 97.5 26.50000000000000355 62 0 1 0 F 0.9999999999999964473 F 3.499999999999996447 #
DXID-attrib $-1 -1 $-1 $-1 $2881 @10 ASM ENTITY @2 38 #
plane-surface $-1 -1 $-1 97.5 26.50000000000000355 62 1 0 0 0 0 1 forward_v I I I I #
loop $-1 -1 $-1 $3508 $2883 $1858 #
ellipse-curve $-1 -1 $-1 95 27.5 72 0 1 0 0 0 5 1 F -2.617993877991473983 F 2.617993877991473983 #
point $-1 -1 $-1 97.5 27.5 67.66987298107800086 #
point $-1 -1 $-1 92.5 27.5 67.66987298107800086 #
coedge $-1 -1 $-1 $3231 $3231 $2891 $3232 forward $2900 $-1 #
edge $-1 -1 $-1 $3509 0 $3509 6.283185307179586232 $2891 $3510 forward @7 unknown #
ellipse-curve $-1 -1 $-1 25 27.5 62 0 1 0 0 0 2.5 1 F 1.570796326794896558 F 4.712388980384689674 #
loop $-1 -1 $-1 $3511 $3512 $1858 #
coedge $-1 -1 $-1 $2902 $2901 $2918 $3246 reversed $2747 $-1 #
edge $-1 -1 $-1 $2903 0 $3247 27.5 $3103 $3513 forward @7 unknown #
point $-1 -1 $-1 111.8542486889300136 0 77.5 #
coedge $-1 -1 $-1 $2918 $2909 $2905 $3239 forward $1540 $-1 #
edge $-1 -1 $-1 $2911 5.645751311065000166 $3240 69.35424868893500161 $2905 $3514 forward @7 unknown #
vertex $-1 -1 $-1 $2906 $3515 #
straight-curve $-1 -1 $-1 117.5 0 71.85424868893500161 0 1 0 F 0 F 27.5 #
ellipse-curve $-1 -1 $-1 114.5000000000000142 27.5 5.5 0 1 0 -2.645751311064258982 0 -3.000000000000293543 1 F 1.124881437997159551e-12 F 3.266920484757890986 #
point $-1 -1 $-1 117.5 27.5 8.145751311065000166 #
straight-curve $-1 -1 $-1 111.8542486889300136 0 2.5 0 1 0 F 24.00000000000000355 F 27.5 #
point $-1 -1 $-1 111.8542486889300136 27.5 2.5 #
edge $-1 -1 $-1 $3240 2.293530574608390715 $3247 5.560451059365155935 $3235 $3516 forward @7 unknown #
vertex $-1 -1 $-1 $2919 $3517 #
straight-curve $-1 -1 $-1 2.5 27.5 77.5 1 0 0 F 60.1457513110650055 F 109.3542486889300136 #
point $-1 -1 $-1 62.6457513110650055 27.5 77.5 #
coedge $-1 -1 $-1 $3518 $2923 $3519 $3520 forward $2204 $-1 #
coedge $-1 -1 $-1 $3521 $3522 $2923 $3252 forward $3523 $-1 #
edge $-1 -1 $-1 $3524 -16.25 $3259 -13.25000000000000178 $2923 $3525 forward @7 unknown #
coedge $-1 -1 $-1 $2924 $3526 $3527 $3528 reversed $2204 $-1 #
coedge $-1 -1 $-1 $3529 $3530 $2924 $3255 forward $3531 $-1 #
edge $-1 -1 $-1 $3260 -14.25000000000000178 $3532 -12.25 $2924 $3533 forward @7 unknown #
coedge $-1 -1 $-1 $3534 $2925 $3530 $3535 reversed $3258 $-1 #
coedge $-1 -1 $-1 $2925 $3534 $3521 $3536 forward $3258 $-1 #
loop $-1 -1 $-1 $-1 $2925 $3537 #
vertex $-1 -1 $-1 $2926 $3538 #
vertex $-1 -1 $-1 $2926 $3539 #
straight-curve $-1 -1 $-1 22.75 27.5 29.00000000000000355 1 0 0 F 20.24999999999999645 F 22.25 #
coedge $-1 -1 $-1 $3540 $3541 $2927 $3263 forward $3542 $-1 #
edge $-1 -1 $-1 $3272 0.999999999999999778 $3267 10.5 $2927 $3543 forward @7 unknown #
coedge $-1 -1 $-1 $3544 $2928 $2933 $3276 reversed $3266 $-1 #
coedge $-1 -1 $-1 $2928 $3544 $3540 $3545 forward $3266 $-1 #
loop $-1 -1 $-1 $-1 $3264 $3546 #
vertex $-1 -1 $-1 $2929 $3547 #
straight-curve $-1 -1 $-1 14.00000000000000178 27.5 18.75 0 0 -1 F -30.25000000000000355 F -16.25 #
coedge $-1 -1 $-1 $3548 $2930 $3541 $3549 reversed $3271 $-1 #
coedge $-1 -1 $-1 $2930 $3548 $2932 $3275 forward $3271 $-1 #
loop $-1 -1 $-1 $-1 $3270 $3550 #
vertex $-1 -1 $-1 $3263 $3551 #
straight-curve $-1 -1 $-1 4.5 27.5 18.75 0 0 -1 F -30.25000000000000355 F -16.25 #
coedge $-1 -1 $-1 $2933 $2932 $3552 $3553 forward $2934 $-1 #
edge $-1 -1 $-1 $3554 0 $2935 17.99999999999999645 $2932 $3555 forward @7 unknown #
edge $-1 -1 $-1 $3556 0 $2936 17.99999999999999645 $2933 $3557 forward @7 unknown #
loop $-1 -1 $-1 $-1 $3558 $3278 #
face $3559 -1 $-1 $3550 $2934 $25 $-1 $3560 forward single #
point $-1 -1 $-1 4.5 27.5 49 #
point $-1 -1 $-1 14.00000000000000178 27.5 49 #
coedge $-1 -1 $-1 $3281 $3281 $3102 $3405 reversed $2938 $-1 #
coedge $-1 -1 $-1 $3282 $3282 $2939 $3283 reversed $3561 $-1 #
edge $-1 -1 $-1 $3562 0 $3562 6.283185307179586232 $2939 $3563 forward @7 unknown #
loop $-1 -1 $-1 $3564 $3565 $216 #
coedge $-1 -1 $-1 $3285 $3285 $3566 $3567 reversed $2940 $-1 #
coedge $-1 -1 $-1 $3568 $2941 $3569 $3570 forward $2575 $-1 #
coedge $-1 -1 $-1 $2941 $3568 $3571 $3572 forward $2575 $-1 #
coedge $-1 -1 $-1 $3573 $3574 $2941 $3289 forward $3575 $-1 #
edge $-1 -1 $-1 $3576 43.25 $3577 68.44432306478698536 $2941 $3578 forward @7 unknown #
loop $-1 -1 $-1 $-1 $2942 $3295 #
vertex $-1 -1 $-1 $2943 $3579 #
ellipse-curve $-1 -1 $-1 54.10000000000000142 0 34 0 1 0 0 0 1.500000000000000222 1 I I #
coedge $-1 -1 $-1 $3293 $3293 $3580 $3581 reversed $2944 $-1 #
DXID-attrib $-1 -1 $-1 $-1 $2945 @10 ASM ENTITY @2 36 #
face $3582 -1 $-1 $3583 $3584 $27 $-1 $3585 reversed single #
cone-surface $-1 -1 $-1 60 -4 5.5 0 1 0 0 0 1.750000000000000222 1 I I 0 1 1.750000000000000222 forward I I I I #
coedge $-1 -1 $-1 $2948 $2947 $3586 $3587 forward $2949 $-1 #
face $3588 -1 $-1 $2945 $2949 $27 $-1 $3589 reversed single #
coedge $-1 -1 $-1 $2959 $3586 $2951 $3300 reversed $3311 $-1 #
edge $-1 -1 $-1 $2963 6.055676935212999545 $3301 53.94432306478699957 $2951 $3590 forward @7 unknown #
vertex $-1 -1 $-1 $3300 $3591 #
straight-curve $-1 -1 $-1 56.69432306478700667 -1 2.75 0 1 0 F 1 F 5 #
DXID-attrib $-1 -1 $-1 $-1 $2953 @10 ASM ENTITY @2 34 #
plane-surface $-1 -1 $-1 2.75 0 2.75 0 0 1 1 0 0 forward_v I I I I #
coedge $-1 -1 $-1 $3586 $2959 $2955 $3306 forward $3311 $-1 #
edge $-1 -1 $-1 $2961 5.984087859267999576 $3307 52.01591214073200575 $2955 $3592 forward @7 unknown #
vertex $-1 -1 $-1 $3306 $3593 #
straight-curve $-1 -1 $-1 55.76591214073200575 -1 4.75 0 1 0 F 1 F 5 #
DXID-attrib $-1 -1 $-1 $-1 $2957 @10 ASM ENTITY @2 33 #
plane-surface $-1 -1 $-1 4.75 -1 4.75 0 0 1 1 0 0 forward_v I I I I #
loop $-1 -1 $-1 $-1 $3299 $3594 #
ellipse-curve $-1 -1 $-1 5.5 4 5.5 0 1 0 0 0 4.299999999999999822 1 F 1.746111618101025664 F 2.264689420248820806 #
point $-1 -1 $-1 9.734087859267999576 4 4.75 #
point $-1 -1 $-1 8.805676935213000434 4 2.75 #
coedge $-1 -1 $-1 $2969 $2975 $2967 $3316 forward $2981 $-1 #
edge $-1 -1 $-1 $2977 -34.25 $2971 -5.984087859267999576 $2967 $3595 forward @7 unknown #
DXID-attrib $-1 -1 $-1 $-1 $2968 @10 ASM ENTITY @2 31 #
plane-surface $-1 -1 $-1 4.75 -1 4.75 1 0 0 0 0 1 forward_v I I I I #
ellipse-curve $-1 -1 $-1 5.5 4 5.5 0 1 0 0 0 4.299999999999999822 1 F -0.6938930934539240258 F -0.175315291306129134 #
point $-1 -1 $-1 4.75 4 9.734087859267999576 #
straight-curve $-1 -1 $-1 0.875000000000000111 4 38 1 0 0 F 1.875 F 3.875 #
point $-1 -1 $-1 4.75 4 38 #
face $3596 -1 $-1 $3594 $2981 $27 $-1 $3597 forward single #
loop $-1 -1 $-1 $-1 $2985 $3328 #
vertex $-1 -1 $-1 $2986 $3598 #
ellipse-curve $-1 -1 $-1 25 -2.200000000000000178 15 0 1 0 0 0 6.25 1 I I #
DXID-attrib $-1 -1 $-1 $-1 $2987 @10 ASM ENTITY @2 89 #
face $3599 -1 $-1 $3323 $3324 $27 $-1 $3600 forward single #
cone-surface $-1 -1 $-1 5.5 -3.000000000000000444 5.5 -0 -1 -0 0 0 3.200000000000000622 1 I I 0.6489466060827521199 0.7608339519590837652 3.200000000000000622 forward I I I I #
loop $-1 -1 $-1 $3601 $2989 $3602 #
vertex $-1 -1 $-1 $2990 $3603 #
ellipse-curve $-1 -1 $-1 114.5000000000000142 -3.000000000000000444 74.5 0 1 0 0 0 3.200000000000000622 1 I I #
loop $-1 -1 $-1 $-1 $3604 $3334 #
face $3605 -1 $-1 $3602 $2991 $27 $-1 $3606 reversed single #
point $-1 -1 $-1 60 -3.000000000000000444 77.70000000000000284 #
coedge $-1 -1 $-1 $3607 $2994 $2997 $3341 forward $3338 $-1 #
coedge $-1 -1 $-1 $2994 $3607 $3001 $3345 reversed $3338 $-1 #
loop $-1 -1 $-1 $-1 $3337 $3608 #
straight-curve $-1 -1 $-1 30.75 -3.000000000000000444 33.70000000000000284 1 0 0 F 30.75 F 62.35000000000000142 #
coedge $-1 -1 $-1 $2997 $2996 $3609 $3610 reversed $2998 $-1 #
edge $-1 -1 $-1 $2999 0.999999999999999778 $3611 1.799999999999999822 $2997 $3612 forward @7 unknown #
face $3613 -1 $-1 $3608 $2998 $27 $-1 $3614 reversed single #
point $-1 -1 $-1 93.10000000000000853 -3.000000000000000444 33.70000000000000284 #
coedge $-1 -1 $-1 $3002 $3001 $3615 $3616 forward $3003 $-1 #
edge $-1 -1 $-1 $3004 0.999999999999999778 $3617 1.799999999999999822 $3001 $3618 forward @7 unknown #
face $3619 -1 $-1 $3342 $3003 $27 $-1 $3620 forward single #
point $-1 -1 $-1 61.5 -3.000000000000000444 33.70000000000000284 #
coedge $-1 -1 $-1 $3615 $3609 $3006 $3349 reversed $3621 $-1 #
edge $-1 -1 $-1 $3350 0 $3352 31.60000000000000142 $3006 $3622 forward @7 unknown #
vertex $-1 -1 $-1 $3007 $3623 #
straight-curve $-1 -1 $-1 61.5 -4 51.29999999999999716 0 1 0 F 0.999999999999999778 F 1.799999999999999822 #
vertex $-1 -1 $-1 $3349 $3624 #
straight-curve $-1 -1 $-1 93.10000000000000853 -4 51.29999999999999716 0 1 0 F 0.999999999999999778 F 1.799999999999999822 #
DXID-attrib $-1 -1 $-1 $-1 $3009 @10 ASM ENTITY @2 20 #
plane-surface $-1 -1 $-1 61.5 -4 51.29999999999999716 0 0 1 1 0 0 forward_v I I I I #
coedge $-1 -1 $-1 $3356 $3356 $3012 $3357 reversed $3625 $-1 #
edge $-1 -1 $-1 $3626 0 $3626 6.283185307179586232 $3012 $3627 forward @7 unknown #
coedge $-1 -1 $-1 $3017 $3023 $3015 $3359 forward $3029 $-1 #
edge $-1 -1 $-1 $3025 0 $3019 42 $3015 $3628 forward @7 unknown #
DXID-attrib $-1 -1 $-1 $-1 $3016 @10 ASM ENTITY @2 17 #
plane-surface $-1 -1 $-1 66 -4 6.000000000000000888 0 0 1 1 0 0 forward_v I I I I #
straight-curve $-1 -1 $-1 108 -2.5 6.000000000000000888 0 0 1 F 0 F 20 #
point $-1 -1 $-1 108 -2.5 6.000000000000000888 #
straight-curve $-1 -1 $-1 66 -2.5 6.000000000000000888 0 0 1 F 0 F 20 #
point $-1 -1 $-1 66 -2.5 6.000000000000000888 #
face $3629 -1 $-1 $3630 $3029 $27 $-1 $3631 reversed single #
loop $-1 -1 $-1 $-1 $3632 $3042 #
point $-1 -1 $-1 60 -2.990000000000000213 8.699999999999999289 #
coedge $-1 -1 $-1 $3369 $3369 $3037 $3370 reversed $3633 $-1 #
edge $-1 -1 $-1 $3634 0 $3634 6.283185307179586232 $3037 $3635 forward @7 unknown #
point $-1 -1 $-1 5.5 -2.990000000000000213 8.691470588234999184 #
DXID-attrib $-1 -1 $-1 $-1 $3042 @10 ASM ENTITY @2 83 #
plane-surface $-1 -1 $-1 60 -2.990000000000000213 5.5 0 1 0 0 0 1 forward_v I I I I #
coedge $-1 -1 $-1 $3046 $3052 $3044 $3375 reversed $3058 $-1 #
edge $-1 -1 $-1 $3048 0 $3054 6.999999999999997335 $3044 $3636 forward @7 unknown #
DXID-attrib $-1 -1 $-1 $-1 $3045 @10 ASM ENTITY @2 44 #
plane-surface $-1 -1 $-1 73.40000000000000568 10.09999999999999964 38.5 1 0 0 0 -1 1.110223024625000001e-16 forward_v I I I I #
straight-curve $-1 -1 $-1 66.40000000000000568 10.09999999999999964 38.5 1 0 0 F 0 F 7.000000000000001776 #
point $-1 -1 $-1 73.40000000000000568 10.09999999999999964 38.5 #
straight-curve $-1 -1 $-1 66.40000000000000568 10.09999999999999964 45.5 1 0 0 F 0 F 7.000000000000001776 #
point $-1 -1 $-1 73.40000000000000568 10.09999999999999964 45.5 #
straight-curve $-1 -1 $-1 52.89999999999999858 12.90000000000000036 39.70000000000000284 0 1.110223024625000001e-16 1 F 0 F 4.599999999999990763 #
point $-1 -1 $-1 97.68999999999999773 7.5 40.5 #
coedge $-1 -1 $-1 $3637 $3638 $3401 $3639 reversed $3077 $-1 #
coedge $-1 -1 $-1 $3640 $3079 $3080 $3389 forward $2719 $-1 #
coedge $-1 -1 $-1 $3079 $3640 $3641 $3642 reversed $2719 $-1 #
coedge $-1 -1 $-1 $3643 $3399 $3079 $3388 forward $3092 $-1 #
edge $-1 -1 $-1 $3644 0 $3645 3.759999999999999343 $3387 $3646 forward @7 unknown #
edge $-1 -1 $-1 $3644 0 $3391 3.000000000000007105 $3080 $3647 forward @7 unknown #
coedge $-1 -1 $-1 $3081 $3396 $3640 $3648 reversed $2357 $-1 #
vertex $-1 -1 $-1 $3648 $3649 #
straight-curve $-1 -1 $-1 94.84999999999999432 7.5 43.50000000000000711 1 0 0 F 2.840000000000006963 F 3.100000000000022737 #
coedge $-1 -1 $-1 $3083 $3401 $3085 $3397 reversed $2731 $-1 #
vertex $-1 -1 $-1 $3098 $3650 #
straight-curve $-1 -1 $-1 94.84999999999999432 7.5 40.5 0 1.110223024625000001e-16 1 F 0 F 3.000000000000007105 #
coedge $-1 -1 $-1 $3390 $3085 $3638 $3651 forward $2357 $-1 #
edge $-1 -1 $-1 $3086 0 $3652 3.759999999999999343 $3085 $3653 forward @7 unknown #
point $-1 -1 $-1 94.84999999999999432 7.5 43.50000000000000711 #
coedge $-1 -1 $-1 $3387 $3097 $3089 $3400 forward $3092 $-1 #
edge $-1 -1 $-1 $3073 2.840000000000006963 $3644 3.100000000000022737 $3399 $3654 forward @7 unknown #
coedge $-1 -1 $-1 $3393 $3094 $3384 $3639 forward $2731 $-1 #
coedge $-1 -1 $-1 $3097 $3643 $3094 $3403 reversed $3092 $-1 #
edge $-1 -1 $-1 $3394 0 $3655 3.759999999999999343 $3094 $3656 forward @7 unknown #
straight-curve $-1 -1 $-1 94.84999999999999432 7.5 40.5 1 0 0 F 0 F 2.840000000000006963 #
edge $-1 -1 $-1 $3657 0 $3657 6.283185307179586232 $3102 $3658 forward @7 unknown #
coedge $-1 -1 $-1 $3659 $3105 $3660 $3661 forward $2753 $-1 #
coedge $-1 -1 $-1 $3105 $3659 $3662 $3663 forward $2753 $-1 #
coedge $-1 -1 $-1 $3664 $3665 $3105 $3409 reversed $3666 $-1 #
edge $-1 -1 $-1 $3667 12.50000000000000178 $3668 14.49999999999999822 $3105 $3669 forward @7 unknown #
coedge $-1 -1 $-1 $3107 $3106 $3670 $3671 reversed $2397 $-1 #
coedge $-1 -1 $-1 $3672 $3673 $3106 $3412 reversed $3674 $-1 #
edge $-1 -1 $-1 $3419 0 $3675 40 $3106 $3676 forward @7 unknown #
coedge $-1 -1 $-1 $3145 $3144 $3107 $3414 reversed $3146 $-1 #
edge $-1 -1 $-1 $3677 0 $3418 40 $3107 $3678 forward @7 unknown #
coedge $-1 -1 $-1 $3142 $3108 $3144 $3464 forward $3417 $-1 #
coedge $-1 -1 $-1 $3108 $3142 $3672 $3679 reversed $3417 $-1 #
loop $-1 -1 $-1 $-1 $3415 $3680 #
vertex $-1 -1 $-1 $3109 $3681 #
vertex $-1 -1 $-1 $3109 $3682 #
straight-curve $-1 -1 $-1 56.00000000000000711 9 77.5 0 1 0 F 10 F 12.00000000000000178 #
edge $-1 -1 $-1 $3172 7.500000000000000888 $3422 9.5 $3110 $3683 forward @7 unknown #
vertex $-1 -1 $-1 $3112 $3684 #
straight-curve $-1 -1 $-1 56.00000000000000711 16 77.5 -1 0 0 F 0 F 40 #
straight-curve $-1 -1 $-1 16 14.00000000000000178 77.5 1 0 0 F 0 F 40 #
point $-1 -1 $-1 56.00000000000000711 14.00000000000000178 77.5 #
point $-1 -1 $-1 56.00000000000000711 16 77.5 #
loop $-1 -1 $-1 $-1 $3685 $3428 #
face $3686 -1 $-1 $3687 $3118 $25 $-1 $3688 reversed single #
point $-1 -1 $-1 114.5000000000000142 6.700000000000000178 76.5 #
coedge $-1 -1 $-1 $3430 $3430 $3689 $3690 forward $3121 $-1 #
DXID-attrib $-1 -1 $-1 $-1 $3122 @10 ASM ENTITY @2 75 #
plane-surface $-1 -1 $-1 60 6.700000000000000178 74.5 0 1 0 0 0 1 forward_v I I I I #
coedge $-1 -1 $-1 $3433 $3433 $3124 $3434 reversed $3691 $-1 #
edge $-1 -1 $-1 $3692 0 $3692 6.283185307179586232 $3124 $3693 forward @7 unknown #
loop $-1 -1 $-1 $3694 $3127 $3695 #
vertex $-1 -1 $-1 $3128 $3696 #
ellipse-curve $-1 -1 $-1 60 6.700000000000000178 5.5 0 1 0 0 0 1.399999999999999911 1 I I #
loop $-1 -1 $-1 $-1 $3697 $3439 #
face $3698 -1 $-1 $3695 $3129 $25 $-1 $3699 reversed single #
point $-1 -1 $-1 5.5 6.700000000000000178 75.90000000000000568 #
coedge $-1 -1 $-1 $3441 $3441 $3700 $3701 forward $3132 $-1 #
DXID-attrib $-1 -1 $-1 $-1 $3133 @10 ASM ENTITY @3 120 #
cone-surface $-1 -1 $-1 5.5 6.690000000000000391 5.5 0 1 0 0 0 1.399999999999999911 1 I I 0 1 1.399999999999999911 forward I I I I #
coedge $-1 -1 $-1 $3136 $3135 $3702 $3703 forward $2416 $-1 #
coedge $-1 -1 $-1 $3704 $3705 $3135 $3446 reversed $3706 $-1 #
edge $-1 -1 $-1 $3453 12.00000000000000178 $3707 13.99999999999999822 $3135 $3708 forward @7 unknown #
coedge $-1 -1 $-1 $3665 $3664 $3136 $3448 forward $3666 $-1 #
edge $-1 -1 $-1 $3452 12.00000000000000178 $3709 13.99999999999999822 $3136 $3710 forward @7 unknown #
coedge $-1 -1 $-1 $3662 $3137 $3664 $3711 reversed $3451 $-1 #
coedge $-1 -1 $-1 $3137 $3662 $3704 $3712 forward $3451 $-1 #
loop $-1 -1 $-1 $-1 $3449 $3713 #
vertex $-1 -1 $-1 $3138 $3714 #
vertex $-1 -1 $-1 $3138 $3715 #
straight-curve $-1 -1 $-1 56.00000000000000711 24.00000000000000355 80 -1 0 0 F 0 F 40 #
coedge $-1 -1 $-1 $3673 $3672 $3139 $3456 reversed $3674 $-1 #
edge $-1 -1 $-1 $3460 0 $3462 40 $3139 $3716 forward @7 unknown #
coedge $-1 -1 $-1 $3670 $3140 $3145 $3465 reversed $3459 $-1 #
coedge $-1 -1 $-1 $3140 $3670 $3673 $3717 forward $3459 $-1 #
loop $-1 -1 $-1 $-1 $3457 $3718 #
vertex $-1 -1 $-1 $3141 $3719 #
straight-curve $-1 -1 $-1 16 9.5 80 0 1 0 F 9.5 F 11.49999999999999822 #
vertex $-1 -1 $-1 $3456 $3720 #
straight-curve $-1 -1 $-1 56.00000000000000711 9.5 80 0 1 0 F 9.5 F 11.49999999999999822 #
edge $-1 -1 $-1 $3418 0.9999999999999964473 $3147 3.499999999999996447 $3144 $3721 forward @7 unknown #
edge $-1 -1 $-1 $3677 0.9999999999999964473 $3148 3.499999999999996447 $3145 $3722 forward @7 unknown #
face $3723 -1 $-1 $3718 $3146 $25 $-1 $3724 forward single #
point $-1 -1 $-1 56.00000000000000711 19 80 #
point $-1 -1 $-1 16 19 80 #
coedge $-1 -1 $-1 $3151 $3150 $3725 $3726 reversed $3152 $-1 #
face $3727 -1 $-1 $3466 $3152 $25 $-1 $3728 reversed single #
coedge $-1 -1 $-1 $3725 $3725 $3154 $3472 forward $3729 $-1 #
edge $-1 -1 $-1 $3475 0.5620698030056583416 $3473 5.721115504173928556 $3154 $3730 forward @7 unknown #
vertex $-1 -1 $-1 $3155 $3731 #
straight-curve $-1 -1 $-1 106.75 13.26794919243100068 76 0 0 1 F 0.9999999999999964473 F 3.999999999999994671 #
vertex $-1 -1 $-1 $3472 $3732 #
straight-curve $-1 -1 $-1 106.75 16.73205080756900287 76 0 0 1 F 0.9999999999999964473 F 3.999999999999994671 #
DXID-attrib $-1 -1 $-1 $-1 $3157 @10 ASM ENTITY @2 56 #
cone-surface $-1 -1 $-1 104 15 76 0 0 1 3.25 0 0 1 I I 0 1 3.25 forward I I I I #
face $3733 -1 $-1 $3169 $3162 $25 $-1 $3734 reversed single #
straight-curve $-1 -1 $-1 16 16 76.5 0 0 1 F 0.9999999999999964473 F 3.499999999999996447 #
DXID-attrib $-1 -1 $-1 $-1 $3166 @10 ASM ENTITY @2 53 #
plane-surface $-1 -1 $-1 16 14.00000000000000178 76.5 1 0 0 0 0 1 forward_v I I I I #
straight-curve $-1 -1 $-1 56.00000000000000711 16 76.5 0 0 1 F 0.9999999999999964473 F 3.499999999999996447 #
DXID-attrib $-1 -1 $-1 $-1 $3169 @10 ASM ENTITY @2 55 #
plane-surface $-1 -1 $-1 56.00000000000000711 14.00000000000000178 76.5 1 0 0 0 0 1 forward_v I I I I #
point $-1 -1 $-1 16 14.00000000000000178 77.5 #
straight-curve $-1 -1 $-1 72 10.5 2.5 0 1 0 F 11.5 F 13.50000000000000178 #
coedge $-1 -1 $-1 $3188 $3180 $3182 $3490 reversed $2187 $-1 #
ellipse-curve $-1 -1 $-1 114.5000000000000142 24.00000000000000355 5.5 0 1 0 0 0 4 1 F -2.418858405775363263 F -2.094395102392915042 #
edge $-1 -1 $-1 $3193 22 $3183 24.00000000000000355 $3488 $3735 forward @7 unknown #
point $-1 -1 $-1 111.035898384860019 24.00000000000000355 3.500000000000000444 #
point $-1 -1 $-1 111.8542486889300136 24.00000000000000355 2.5 #
ellipse-curve $-1 -1 $-1 114.5000000000000142 22 5.5 0 1 0 0 0 4 1 F -2.418858405775363263 F -2.094395102392915042 #
point $-1 -1 $-1 111.8542486889300136 22 2.5 #
point $-1 -1 $-1 111.035898384860019 22 3.500000000000000444 #
DXID-attrib $-1 -1 $-1 $-1 $3195 @10 ASM ENTITY @2 70 #
plane-surface $-1 -1 $-1 104 22 3.500000000000000444 0 0 1 1 0 0 forward_v I I I I #
straight-curve $-1 -1 $-1 111.035898384860019 0 3.500000000000000444 0 1 0 F 17 F 19 #
straight-curve $-1 -1 $-1 111.8542486889300136 0 2.5 0 1 0 F 19 F 22 #
coedge $-1 -1 $-1 $3215 $3221 $3213 $3501 forward $3227 $-1 #
edge $-1 -1 $-1 $3223 1.570796326794896558 $3217 4.712388980384689674 $3213 $3736 forward @7 unknown #
DXID-attrib $-1 -1 $-1 $-1 $3214 @10 ASM ENTITY @2 39 #
cone-surface $-1 -1 $-1 95 26.50000000000000355 62 0 1 0 0 0 2.5 1 I I 0 1 2.5 forward I I I I #
straight-curve $-1 -1 $-1 92.5 27.5 32.25 0 0 -1 F -35.41987298107800086 F -29.75 #
point $-1 -1 $-1 92.5 27.5 62 #
straight-curve $-1 -1 $-1 97.5 27.5 32.25 0 0 -1 F -35.41987298107800086 F -29.75 #
point $-1 -1 $-1 97.5 27.5 62 #
loop $-1 -1 $-1 $-1 $3737 $1858 #
vertex $-1 -1 $-1 $3232 $3738 #
ellipse-curve $-1 -1 $-1 60 27.5 16 0 1 0 0 0 2.25 1 I I #
loop $-1 -1 $-1 $3739 $3740 $1858 #
coedge $-1 -1 $-1 $3741 $3742 $3743 $3744 forward $3234 $-1 #
straight-curve $-1 -1 $-1 111.8542486889300136 0 77.5 0 1 0 F 0 F 27.5 #
straight-curve $-1 -1 $-1 117.5 27.5 2.5 0 0 1 F 5.645751311065000166 F 69.35424868893500161 #
point $-1 -1 $-1 117.5 27.5 71.85424868893500161 #
ellipse-curve $-1 -1 $-1 114.5000000000000142 27.5 74.5 0 1 0 0 0 4 1 F 2.293530574608390715 F 5.560451059365155935 #
point $-1 -1 $-1 111.8542486889300136 27.5 77.5 #
coedge $-1 -1 $-1 $3745 $3250 $3746 $3747 forward $2204 $-1 #
coedge $-1 -1 $-1 $3748 $3749 $3250 $3520 reversed $3750 $-1 #
edge $-1 -1 $-1 $3524 20.24999999999999645 $3751 22.95000000000000284 $3250 $3752 forward @7 unknown #
coedge $-1 -1 $-1 $3753 $3251 $3257 $3536 reversed $3523 $-1 #
coedge $-1 -1 $-1 $3251 $3753 $3748 $3754 forward $3523 $-1 #
loop $-1 -1 $-1 $-1 $3522 $3755 #
vertex $-1 -1 $-1 $3252 $3756 #
straight-curve $-1 -1 $-1 43 27.5 15.75000000000000178 0 0 -1 F -16.25 F -13.25000000000000178 #
coedge $-1 -1 $-1 $3253 $3757 $3758 $3759 forward $2204 $-1 #
coedge $-1 -1 $-1 $3760 $3761 $3253 $3528 forward $3762 $-1 #
edge $-1 -1 $-1 $3532 21.25 $3763 42.75 $3253 $3764 forward @7 unknown #
coedge $-1 -1 $-1 $3765 $3254 $3761 $3766 reversed $3531 $-1 #
coedge $-1 -1 $-1 $3254 $3767 $3256 $3535 forward $3531 $-1 #
loop $-1 -1 $-1 $-1 $3767 $3768 #
vertex $-1 -1 $-1 $3528 $3769 #
straight-curve $-1 -1 $-1 45 27.5 14.75 0 0 -1 F -14.25000000000000178 F -12.25 #
coedge $-1 -1 $-1 $3257 $3256 $3770 $3771 reversed $3258 $-1 #
edge $-1 -1 $-1 $3772 4.499999999999999112 $3260 24.5 $3256 $3773 forward @7 unknown #
edge $-1 -1 $-1 $3774 0 $3259 20 $3257 $3775 forward @7 unknown #
face $3776 -1 $-1 $3755 $3258 $25 $-1 $3777 reversed single #
point $-1 -1 $-1 43 27.5 29.00000000000000355 #
point $-1 -1 $-1 45 27.5 29.00000000000000355 #
coedge $-1 -1 $-1 $3778 $3262 $3265 $3545 reversed $3542 $-1 #
coedge $-1 -1 $-1 $3262 $3778 $3269 $3549 forward $3542 $-1 #
loop $-1 -1 $-1 $3779 $3541 $3780 #
straight-curve $-1 -1 $-1 3.500000000000000444 27.5 35 1 0 0 F 0.999999999999999778 F 10.5 #
coedge $-1 -1 $-1 $3265 $3264 $3781 $3782 reversed $3266 $-1 #
edge $-1 -1 $-1 $3783 0 $3267 17.99999999999999645 $3265 $3784 forward @7 unknown #
face $3785 -1 $-1 $3780 $3266 $25 $-1 $3786 forward single #
point $-1 -1 $-1 14.00000000000000178 27.5 35 #
coedge $-1 -1 $-1 $3270 $3269 $3787 $3788 forward $3271 $-1 #
edge $-1 -1 $-1 $3789 0 $3272 17.99999999999999645 $3269 $3790 forward @7 unknown #
face $3791 -1 $-1 $3546 $3271 $25 $-1 $3792 reversed single #
point $-1 -1 $-1 4.5 27.5 35 #
coedge $-1 -1 $-1 $3787 $3781 $3274 $3553 reversed $3793 $-1 #
edge $-1 -1 $-1 $3554 0 $3556 9.500000000000001776 $3274 $3794 forward @7 unknown #
vertex $-1 -1 $-1 $3275 $3795 #
straight-curve $-1 -1 $-1 4.5 9.5 49 0 1 0 F 0 F 17.99999999999999645 #
vertex $-1 -1 $-1 $3553 $3796 #
straight-curve $-1 -1 $-1 14.00000000000000178 9.5 49 0 1 0 F 0 F 17.99999999999999645 #
coedge $-1 -1 $-1 $3797 $3798 $3799 $3800 forward $3277 $-1 #
DXID-attrib $-1 -1 $-1 $-1 $3278 @10 ASM ENTITY @2 78 #
plane-surface $-1 -1 $-1 4.5 9.5 49 0 0 1 1 0 0 forward_v I I I I #
loop $-1 -1 $-1 $3729 $3282 $3687 #
vertex $-1 -1 $-1 $3283 $3801 #
ellipse-curve $-1 -1 $-1 104 15 77 0 0 1 7.000000000000000888 0 0 1 I I #
loop $-1 -1 $-1 $3802 $3803 $216 #
coedge $-1 -1 $-1 $3804 $3805 $3806 $3807 forward $3284 $-1 #
coedge $-1 -1 $-1 $3566 $3566 $3285 $3567 forward $3808 $-1 #
edge $-1 -1 $-1 $3809 0 $3809 6.283185307179586232 $3285 $3810 forward @7 unknown #
coedge $-1 -1 $-1 $3287 $3286 $3811 $3812 reversed $2575 $-1 #
coedge $-1 -1 $-1 $3813 $3814 $3286 $3570 reversed $3815 $-1 #
edge $-1 -1 $-1 $3576 1.875 $3816 3.875 $3286 $3817 forward @7 unknown #
coedge $-1 -1 $-1 $3818 $3819 $3287 $3572 reversed $3820 $-1 #
edge $-1 -1 $-1 $3821 -2.966277362283664232 $3577 -2.4476995601358702 $3287 $3822 forward @7 unknown #
coedge $-1 -1 $-1 $3823 $3288 $3819 $3824 forward $3575 $-1 #
coedge $-1 -1 $-1 $3288 $3823 $3813 $3825 forward $3575 $-1 #
loop $-1 -1 $-1 $-1 $3288 $3583 #
vertex $-1 -1 $-1 $3289 $3826 #
vertex $-1 -1 $-1 $3289 $3827 #
straight-curve $-1 -1 $-1 2.75 0 2.75 0 0 1 F 43.25 F 68.44432306478698536 #
point $-1 -1 $-1 54.10000000000000142 0 35.5 #
coedge $-1 -1 $-1 $3580 $3580 $3293 $3581 forward $3828 $-1 #
edge $-1 -1 $-1 $3829 0 $3829 6.283185307179586232 $3293 $3830 forward @7 unknown #
DXID-attrib $-1 -1 $-1 $-1 $3295 @10 ASM ENTITY @2 37 #
face $3831 -1 $-1 $3832 $3575 $27 $-1 $3833 reversed single #
loop $-1 -1 $-1 $3290 $3834 $3295 #
cone-surface $-1 -1 $-1 54.10000000000000142 -2.5 34 0 1 0 0 0 1.500000000000000222 1 I I 0 1 1.500000000000000222 forward I I I I #
coedge $-1 -1 $-1 $3299 $3305 $3297 $3587 reversed $3311 $-1 #
edge $-1 -1 $-1 $3301 -2.264689420248822138 $3307 -1.746111618101025886 $3297 $3835 forward @7 unknown #
DXID-attrib $-1 -1 $-1 $-1 $3298 @10 ASM ENTITY @2 35 #
cone-surface $-1 -1 $-1 60 -1 5.5 0 1 0 0 0 4.299999999999999822 1 I I 0 1 4.299999999999999822 forward I I I I #
straight-curve $-1 -1 $-1 2.75 4 2.75 1 0 0 F 6.055676935212999545 F 53.94432306478699957 #
point $-1 -1 $-1 56.69432306478700667 4 2.75 #
straight-curve $-1 -1 $-1 3.75 4 4.75 1 0 0 F 5.984087859267999576 F 52.01591214073200575 #
point $-1 -1 $-1 55.76591214073200575 4 4.75 #
face $3836 -1 $-1 $3837 $3311 $27 $-1 $3838 forward single #
straight-curve $-1 -1 $-1 4.75 4 3.75 0 0 -1 F -34.25 F -5.984087859267999576 #
DXID-attrib $-1 -1 $-1 $-1 $3323 @10 ASM ENTITY @2 91 #
plane-surface $-1 -1 $-1 2.75 4 2.75 0 1 0 0 0 1 forward_v I I I I #
point $-1 -1 $-1 25 -2.200000000000000178 21.25 #
DXID-attrib $-1 -1 $-1 $-1 $3328 @10 ASM ENTITY @2 90 #
plane-surface $-1 -1 $-1 25 -2.200000000000000178 15 0 1 0 0 0 1 forward_v I I I I #
loop $-1 -1 $-1 $-1 $3839 $3602 #
face $3840 -1 $-1 $1553 $3330 $27 $-1 $3841 reversed single #
point $-1 -1 $-1 114.5000000000000142 -3.000000000000000444 77.70000000000000284 #
coedge $-1 -1 $-1 $3604 $3604 $3842 $3843 forward $3333 $-1 #
DXID-attrib $-1 -1 $-1 $-1 $3334 @10 ASM ENTITY @2 24 #
cone-surface $-1 -1 $-1 60 -4 74.5 0 1 0 0 0 3.200000000000000622 1 I I 0 1 3.200000000000000622 forward I I I I #
coedge $-1 -1 $-1 $3337 $3336 $3844 $3845 reversed $3338 $-1 #
face $3846 -1 $-1 $3334 $3338 $27 $-1 $3847 forward single #
coedge $-1 -1 $-1 $3348 $3844 $3340 $3610 forward $3621 $-1 #
edge $-1 -1 $-1 $3611 0 $3352 17.59999999999999076 $3340 $3848 forward @7 unknown #
vertex $-1 -1 $-1 $3610 $3849 #
straight-curve $-1 -1 $-1 93.10000000000000853 -4 33.70000000000000284 0 1 0 F 0.999999999999999778 F 1.799999999999999822 #
DXID-attrib $-1 -1 $-1 $-1 $3342 @10 ASM ENTITY @2 22 #
plane-surface $-1 -1 $-1 93.10000000000000853 -4 33.70000000000000284 1 0 0 0 0 1 forward_v I I I I #
coedge $-1 -1 $-1 $3844 $3348 $3344 $3616 reversed $3621 $-1 #
edge $-1 -1 $-1 $3617 0 $3350 17.59999999999999076 $3344 $3850 forward @7 unknown #
vertex $-1 -1 $-1 $3345 $3851 #
straight-curve $-1 -1 $-1 61.5 -4 33.70000000000000284 0 1 0 F 0.999999999999999778 F 1.799999999999999822 #
DXID-attrib $-1 -1 $-1 $-1 $3346 @10 ASM ENTITY @2 21 #
plane-surface $-1 -1 $-1 61.5 -4 33.70000000000000284 1 0 0 0 0 1 forward_v I I I I #
loop $-1 -1 $-1 $3852 $3844 $3853 #
straight-curve $-1 -1 $-1 61.5 -2.200000000000000178 51.29999999999999716 1 0 0 F 0 F 31.60000000000000142 #
point $-1 -1 $-1 61.5 -2.200000000000000178 51.29999999999999716 #
point $-1 -1 $-1 93.10000000000000853 -2.200000000000000178 51.29999999999999716 #
loop $-1 -1 $-1 $3854 $3356 $3630 #
vertex $-1 -1 $-1 $3357 $3855 #
ellipse-curve $-1 -1 $-1 114.5000000000000142 -2.990000000000000213 5.5 0 1 0 0 0 3.200000000000000622 1 I I #
straight-curve $-1 -1 $-1 66 -2.5 6.000000000000000888 1 0 0 F 0 F 42 #
DXID-attrib $-1 -1 $-1 $-1 $3366 @10 ASM ENTITY @2 84 #
face $3856 -1 $-1 $3853 $3625 $27 $-1 $3857 reversed single #
plane-surface $-1 -1 $-1 66 -2.5 6.000000000000000888 0 1 0 0 0 1 forward_v I I I I #
coedge $-1 -1 $-1 $3632 $3632 $3858 $3859 forward $3367 $-1 #
loop $-1 -1 $-1 $3860 $3369 $3861 #
vertex $-1 -1 $-1 $3370 $3862 #
ellipse-curve $-1 -1 $-1 5.5 -2.990000000000000213 74.5 0 1 0 0 0 3.191470588235000072 1 I I #
straight-curve $-1 -1 $-1 73.40000000000000568 10.09999999999999964 38.5 0 1.110223024625000001e-16 1 F 0 F 6.999999999999997335 #
coedge $-1 -1 $-1 $3641 $3384 $3643 $3863 forward $3077 $-1 #
coedge $-1 -1 $-1 $3384 $3641 $3396 $3651 reversed $3077 $-1 #
edge $-1 -1 $-1 $3655 0 $3652 3.000000000000007105 $3401 $3864 forward @7 unknown #
coedge $-1 -1 $-1 $3386 $3385 $3390 $3648 forward $2719 $-1 #
coedge $-1 -1 $-1 $3638 $3637 $3386 $3642 forward $3077 $-1 #
edge $-1 -1 $-1 $3645 0 $3865 3.000000000000007105 $3386 $3866 forward @7 unknown #
coedge $-1 -1 $-1 $3402 $3387 $3637 $3863 reversed $3092 $-1 #
vertex $-1 -1 $-1 $3400 $3867 #
vertex $-1 -1 $-1 $3388 $3868 #
straight-curve $-1 -1 $-1 97.95000000000001705 7.5 40.5 0 -1 1.110223024625000001e-16 F 0 F 3.759999999999999343 #
straight-curve $-1 -1 $-1 97.95000000000001705 7.5 40.5 0 1.110223024625000001e-16 1 F 0 F 3.000000000000007105 #
edge $-1 -1 $-1 $3391 0 $3865 3.759999999999999343 $3390 $3869 forward @7 unknown #
point $-1 -1 $-1 97.95000000000001705 7.5 43.50000000000000711 #
point $-1 -1 $-1 94.84999999999999432 7.5 40.5 #
edge $-1 -1 $-1 $3652 0 $3865 3.100000000000022737 $3396 $3870 forward @7 unknown #
vertex $-1 -1 $-1 $3397 $3871 #
straight-curve $-1 -1 $-1 94.84999999999999432 7.5 43.50000000000000711 0 -1 1.110223024625000001e-16 F 0 F 3.759999999999999343 #
straight-curve $-1 -1 $-1 94.84999999999999432 7.5 40.5 1 0 0 F 2.840000000000006963 F 3.100000000000022737 #
vertex $-1 -1 $-1 $3403 $3872 #
straight-curve $-1 -1 $-1 94.84999999999999432 7.5 40.5 0 -1 1.110223024625000001e-16 F 0 F 3.759999999999999343 #
vertex $-1 -1 $-1 $3405 $3873 #
ellipse-curve $-1 -1 $-1 104 15 77.5 0 0 1 7.000000000000000888 0 0 1 I I #
coedge $-1 -1 $-1 $3407 $3406 $3874 $3875 reversed $2753 $-1 #
coedge $-1 -1 $-1 $3876 $3877 $3406 $3661 reversed $3878 $-1 #
edge $-1 -1 $-1 $3668 0 $3879 40 $3406 $3880 forward @7 unknown #
coedge $-1 -1 $-1 $3450 $3449 $3407 $3663 reversed $3451 $-1 #
edge $-1 -1 $-1 $3881 0 $3667 40 $3407 $3882 forward @7 unknown #
coedge $-1 -1 $-1 $3447 $3408 $3449 $3711 forward $3666 $-1 #
coedge $-1 -1 $-1 $3408 $3447 $3876 $3883 reversed $3666 $-1 #
loop $-1 -1 $-1 $-1 $3664 $3884 #
vertex $-1 -1 $-1 $3409 $3885 #
vertex $-1 -1 $-1 $3409 $3886 #
straight-curve $-1 -1 $-1 56.00000000000000711 11.50000000000000178 77.5 0 1 0 F 12.50000000000000178 F 14.49999999999999822 #
coedge $-1 -1 $-1 $3458 $3457 $3410 $3671 forward $3459 $-1 #
edge $-1 -1 $-1 $3677 10 $3675 12.00000000000000178 $3410 $3887 forward @7 unknown #
coedge $-1 -1 $-1 $3455 $3411 $3416 $3679 forward $3674 $-1 #
coedge $-1 -1 $-1 $3411 $3455 $3458 $3717 reversed $3674 $-1 #
loop $-1 -1 $-1 $-1 $3672 $3888 #
vertex $-1 -1 $-1 $3412 $3889 #
straight-curve $-1 -1 $-1 56.00000000000000711 21 77.5 -1 0 0 F 0 F 40 #
vertex $-1 -1 $-1 $3671 $3890 #
straight-curve $-1 -1 $-1 16 19 77.5 1 0 0 F 0 F 40 #
edge $-1 -1 $-1 $3419 0.9999999999999964473 $3462 3.499999999999996447 $3672 $3891 forward @7 unknown #
face $3892 -1 $-1 $3713 $3417 $25 $-1 $3893 reversed single #
point $-1 -1 $-1 56.00000000000000711 19 77.5 #
point $-1 -1 $-1 56.00000000000000711 21 77.5 #
straight-curve $-1 -1 $-1 16 6.5 77.5 0 1 0 F 7.500000000000000888 F 9.5 #
point $-1 -1 $-1 16 16 77.5 #
coedge $-1 -1 $-1 $3685 $3685 $3894 $3895 forward $3427 $-1 #
DXID-attrib $-1 -1 $-1 $-1 $3428 @10 ASM ENTITY @2 76 #
face $3896 -1 $-1 $3278 $3561 $25 $-1 $3897 reversed single #
plane-surface $-1 -1 $-1 114.5000000000000142 6.700000000000000178 74.5 0 1 0 0 0 1 forward_v I I I I #
coedge $-1 -1 $-1 $3689 $3689 $3430 $3690 reversed $3898 $-1 #
edge $-1 -1 $-1 $3899 0 $3899 6.283185307179586232 $3430 $3900 forward @7 unknown #
loop $-1 -1 $-1 $3901 $3433 $3902 #
vertex $-1 -1 $-1 $3434 $3903 #
ellipse-curve $-1 -1 $-1 114.5000000000000142 6.700000000000000178 5.5 0 1 0 0 0 1.399999999999999911 1 I I #
loop $-1 -1 $-1 $-1 $3904 $3695 #
face $3905 -1 $-1 $3902 $3435 $25 $-1 $3906 reversed single #
point $-1 -1 $-1 60 6.700000000000000178 6.900000000000000355 #
coedge $-1 -1 $-1 $3697 $3697 $3907 $3908 forward $3438 $-1 #
DXID-attrib $-1 -1 $-1 $-1 $3439 @10 ASM ENTITY @3 121 #
cone-surface $-1 -1 $-1 5.5 6.690000000000000391 74.5 0 1 0 0 0 1.399999999999999911 1 I I 0 1 1.399999999999999911 forward I I I I #
coedge $-1 -1 $-1 $3700 $3700 $3441 $3701 reversed $3909 $-1 #
edge $-1 -1 $-1 $3910 0 $3910 6.283185307179586232 $3441 $3911 forward @7 unknown #
coedge $-1 -1 $-1 $3877 $3876 $3444 $3703 reversed $3878 $-1 #
edge $-1 -1 $-1 $3707 0 $3709 40 $3444 $3912 forward @7 unknown #
coedge $-1 -1 $-1 $3874 $3445 $3450 $3712 reversed $3706 $-1 #
coedge $-1 -1 $-1 $3445 $3874 $3877 $3913 forward $3706 $-1 #
loop $-1 -1 $-1 $-1 $3704 $3914 #
vertex $-1 -1 $-1 $3446 $3915 #
straight-curve $-1 -1 $-1 16 12.00000000000000178 80 0 1 0 F 12.00000000000000178 F 13.99999999999999822 #
vertex $-1 -1 $-1 $3703 $3916 #
straight-curve $-1 -1 $-1 56.00000000000000711 12.00000000000000178 80 0 1 0 F 12.00000000000000178 F 13.99999999999999822 #
edge $-1 -1 $-1 $3667 0.9999999999999964473 $3452 3.499999999999996447 $3449 $3917 forward @7 unknown #
edge $-1 -1 $-1 $3881 0.9999999999999964473 $3453 3.499999999999996447 $3450 $3918 forward @7 unknown #
face $3919 -1 $-1 $3914 $3451 $25 $-1 $3920 forward single #
point $-1 -1 $-1 56.00000000000000711 24.00000000000000355 80 #
point $-1 -1 $-1 16 24.00000000000000355 80 #
straight-curve $-1 -1 $-1 16 21 80 1 0 0 F 0 F 40 #
edge $-1 -1 $-1 $3675 0.9999999999999964473 $3460 3.499999999999996447 $3458 $3921 forward @7 unknown #
face $3922 -1 $-1 $3888 $3459 $25 $-1 $3923 forward single #
point $-1 -1 $-1 16 21 80 #
point $-1 -1 $-1 56.00000000000000711 21 80 #
straight-curve $-1 -1 $-1 56.00000000000000711 19 76.5 0 0 1 F 0.9999999999999964473 F 3.499999999999996447 #
straight-curve $-1 -1 $-1 16 19 76.5 0 0 1 F 0.9999999999999964473 F 3.499999999999996447 #
DXID-attrib $-1 -1 $-1 $-1 $3466 @10 ASM ENTITY @2 58 #
plane-surface $-1 -1 $-1 48.00000000000000711 19 76.5 0 1 0 0 0 1 forward_v I I I I #
coedge $-1 -1 $-1 $3471 $3471 $3469 $3726 forward $3729 $-1 #
edge $-1 -1 $-1 $3473 1.26794919243099935 $3475 4.732050807568999318 $3469 $3924 forward @7 unknown #
DXID-attrib $-1 -1 $-1 $-1 $3470 @10 ASM ENTITY @2 57 #
plane-surface $-1 -1 $-1 106.75 9 75 1 0 0 0 0 1 forward_v I I I I #
loop $-1 -1 $-1 $-1 $3471 $3687 #
ellipse-curve $-1 -1 $-1 104 15 77 0 0 1 3.25 0 0 1 F 0.5620698030056583416 F 5.721115504173928556 #
point $-1 -1 $-1 106.75 13.26794919243100068 77 #
point $-1 -1 $-1 106.75 16.73205080756900287 77 #
DXID-attrib $-1 -1 $-1 $-1 $3479 @10 ASM ENTITY @2 54 #
plane-surface $-1 -1 $-1 48.00000000000000711 16 76.5 0 1 0 0 0 1 forward_v I I I I #
straight-curve $-1 -1 $-1 111.035898384860019 0 3.500000000000000444 0 1 0 F 22 F 24.00000000000000355 #
ellipse-curve $-1 -1 $-1 95 27.5 62 0 1 0 0 0 2.5 1 F 1.570796326794896558 F 4.712388980384689674 #
coedge $-1 -1 $-1 $3925 $3926 $3927 $3928 forward $3508 $-1 #
point $-1 -1 $-1 60 27.5 18.25 #
loop $-1 -1 $-1 $3227 $3929 $1858 #
coedge $-1 -1 $-1 $3930 $3931 $3932 $3933 forward $3511 $-1 #
coedge $-1 -1 $-1 $3934 $3512 $3935 $3936 forward $3234 $-1 #
coedge $-1 -1 $-1 $3512 $3937 $3938 $3939 forward $3234 $-1 #
coedge $-1 -1 $-1 $3940 $3941 $3512 $3744 reversed $3942 $-1 #
edge $-1 -1 $-1 $3943 70.95000000000000284 $3944 76.25 $3512 $3945 forward @7 unknown #
coedge $-1 -1 $-1 $3946 $3518 $3947 $3948 forward $2204 $-1 #
coedge $-1 -1 $-1 $3949 $3950 $3518 $3747 reversed $3951 $-1 #
edge $-1 -1 $-1 $3751 -16.25 $3952 -13.25000000000000178 $3518 $3953 forward @7 unknown #
coedge $-1 -1 $-1 $3954 $3519 $3522 $3754 reversed $3750 $-1 #
coedge $-1 -1 $-1 $3519 $3954 $3949 $3955 forward $3750 $-1 #
loop $-1 -1 $-1 $-1 $3748 $3956 #
vertex $-1 -1 $-1 $3520 $3957 #
straight-curve $-1 -1 $-1 22.75 27.5 32 1 0 0 F 20.24999999999999645 F 22.95000000000000284 #
coedge $-1 -1 $-1 $3522 $3521 $3958 $3959 forward $3523 $-1 #
edge $-1 -1 $-1 $3960 0 $3524 20 $3522 $3961 forward @7 unknown #
face $3962 -1 $-1 $3768 $3523 $25 $-1 $3963 reversed single #
point $-1 -1 $-1 43 27.5 32 #
coedge $-1 -1 $-1 $3526 $3946 $3964 $3965 forward $2204 $-1 #
coedge $-1 -1 $-1 $3966 $3967 $3526 $3759 reversed $3968 $-1 #
edge $-1 -1 $-1 $3969 -15.85000000000000142 $3763 -12.75 $3526 $3970 forward @7 unknown #
coedge $-1 -1 $-1 $3971 $3527 $3967 $3972 reversed $3762 $-1 #
coedge $-1 -1 $-1 $3527 $3973 $3529 $3766 forward $3762 $-1 #
loop $-1 -1 $-1 $-1 $3527 $3974 #
vertex $-1 -1 $-1 $3759 $3975 #
straight-curve $-1 -1 $-1 23.75 27.5 27 1 0 0 F 21.25 F 42.75 #
coedge $-1 -1 $-1 $3767 $3529 $3976 $3977 forward $3531 $-1 #
edge $-1 -1 $-1 $3978 0 $3532 24.5 $3529 $3979 forward @7 unknown #
coedge $-1 -1 $-1 $3530 $3765 $3980 $3981 forward $3531 $-1 #
face $3982 -1 $-1 $3956 $3531 $25 $-1 $3983 reversed single #
point $-1 -1 $-1 45 27.5 27 #
coedge $-1 -1 $-1 $3984 $3958 $3534 $3771 forward $3985 $-1 #
edge $-1 -1 $-1 $3774 0 $3772 2.000000000000001776 $3534 $3986 forward @7 unknown #
vertex $-1 -1 $-1 $3535 $3987 #
straight-curve $-1 -1 $-1 45 3.000000000000000444 29.00000000000000355 0 1 0 F 4.499999999999999112 F 24.5 #
vertex $-1 -1 $-1 $3771 $3988 #
straight-curve $-1 -1 $-1 43 7.5 29.00000000000000355 0 1 0 F 0 F 20 #
DXID-attrib $-1 -1 $-1 $-1 $3537 @10 ASM ENTITY @2 82 #
plane-surface $-1 -1 $-1 43 7.5 29.00000000000000355 0 0 1 1 0 0 forward_v I I I I #
coedge $-1 -1 $-1 $3541 $3540 $3989 $3990 reversed $3542 $-1 #
loop $-1 -1 $-1 $-1 $3991 $3780 #
face $3992 -1 $-1 $3537 $3542 $25 $-1 $3993 reversed single #
coedge $-1 -1 $-1 $3552 $3989 $3544 $3782 forward $3793 $-1 #
edge $-1 -1 $-1 $3783 0 $3556 14.00000000000000355 $3544 $3994 forward @7 unknown #
vertex $-1 -1 $-1 $3782 $3995 #
straight-curve $-1 -1 $-1 14.00000000000000178 9.5 35 0 1 0 F 0 F 17.99999999999999645 #
DXID-attrib $-1 -1 $-1 $-1 $3546 @10 ASM ENTITY @2 80 #
plane-surface $-1 -1 $-1 14.00000000000000178 9.5 35 1 0 0 0 0 1 forward_v I I I I #
coedge $-1 -1 $-1 $3989 $3552 $3548 $3788 reversed $3793 $-1 #
edge $-1 -1 $-1 $3789 0 $3554 14.00000000000000355 $3548 $3996 forward @7 unknown #
vertex $-1 -1 $-1 $3549 $3997 #
straight-curve $-1 -1 $-1 4.5 9.5 35 0 1 0 F 0 F 17.99999999999999645 #
DXID-attrib $-1 -1 $-1 $-1 $3550 @10 ASM ENTITY @2 79 #
plane-surface $-1 -1 $-1 4.5 9.5 35 1 0 0 0 0 1 forward_v I I I I #
loop $-1 -1 $-1 $-1 $3989 $3998 #
straight-curve $-1 -1 $-1 4.5 9.5 49 1 0 0 F 0 F 9.500000000000001776 #
point $-1 -1 $-1 4.5 9.5 49 #
point $-1 -1 $-1 14.00000000000000178 9.5 49 #
coedge $-1 -1 $-1 $3999 $3558 $4000 $4001 forward $3277 $-1 #
coedge $-1 -1 $-1 $3558 $3999 $4002 $4003 reversed $3277 $-1 #
coedge $-1 -1 $-1 $4004 $4005 $3558 $3800 reversed $4006 $-1 #
edge $-1 -1 $-1 $4007 -6.500000000000000888 $4008 -0.999999999999999778 $3558 $4009 forward @7 unknown #
point $-1 -1 $-1 111.0000000000000142 15 77 #
loop $-1 -1 $-1 $4010 $4011 $216 #
coedge $-1 -1 $-1 $4012 $4013 $4014 $4015 reversed $3564 $-1 #
coedge $-1 -1 $-1 $4016 $3565 $4017 $4018 forward $3284 $-1 #
coedge $-1 -1 $-1 $3565 $4016 $4019 $4020 forward $3284 $-1 #
coedge $-1 -1 $-1 $4021 $4022 $3565 $3807 reversed $4023 $-1 #
edge $-1 -1 $-1 $4024 0 $4025 7.60000000000000675 $3565 $4026 forward @7 unknown #
loop $-1 -1 $-1 $4027 $3566 $4028 #
vertex $-1 -1 $-1 $3567 $4029 #
ellipse-curve $-1 -1 $-1 5.5 0 74.5 0 1 0 0 0 1.750000000000000222 1 I I #
coedge $-1 -1 $-1 $4030 $4031 $3568 $3812 forward $4032 $-1 #
edge $-1 -1 $-1 $3821 -66.51591214073199865 $3816 -42.25 $3568 $4033 forward @7 unknown #
coedge $-1 -1 $-1 $4034 $3569 $3574 $3825 reversed $3815 $-1 #
coedge $-1 -1 $-1 $3569 $4034 $4030 $4035 forward $3815 $-1 #
loop $-1 -1 $-1 $-1 $4034 $3832 #
vertex $-1 -1 $-1 $3570 $4036 #
straight-curve $-1 -1 $-1 0.875000000000000111 0 46.00000000000000711 1 0 0 F 1.875 F 3.875 #
coedge $-1 -1 $-1 $4037 $3571 $4031 $4038 forward $3820 $-1 #
coedge $-1 -1 $-1 $3571 $4037 $3573 $3824 reversed $3820 $-1 #
loop $-1 -1 $-1 $-1 $3571 $4039 #
vertex $-1 -1 $-1 $3812 $4040 #
ellipse-curve $-1 -1 $-1 5.5 0 74.5 0 1 0 0 0 4.299999999999999822 1 F -2.966277362283664232 F -2.4476995601358702 #
coedge $-1 -1 $-1 $3574 $3573 $4041 $4042 reversed $3575 $-1 #
edge $-1 -1 $-1 $3577 1 $4043 5 $3573 $4044 forward @7 unknown #
edge $-1 -1 $-1 $4045 -4.5 $3576 -0.5 $3574 $4046 forward @7 unknown #
point $-1 -1 $-1 2.75 0 46.00000000000000711 #
point $-1 -1 $-1 2.75 0 71.19432306478699957 #
loop $-1 -1 $-1 $-1 $3580 $3837 #
vertex $-1 -1 $-1 $3581 $4047 #
ellipse-curve $-1 -1 $-1 60 -1.300000000000000044 5.5 0 1 0 0 0 1.750000000000000222 1 I I #
DXID-attrib $-1 -1 $-1 $-1 $3583 @10 ASM ENTITY @2 38 #
face $4048 -1 $-1 $4039 $3815 $27 $-1 $4049 reversed single #
plane-surface $-1 -1 $-1 2.75 0 2.75 1 0 0 0 0 1 forward_v I I I I #
coedge $-1 -1 $-1 $3834 $3834 $4050 $4051 reversed $3584 $-1 #
ellipse-curve $-1 -1 $-1 60 4 5.5 0 1 0 0 0 4.299999999999999822 1 F -2.264689420248822138 F -1.746111618101025886 #
DXID-attrib $-1 -1 $-1 $-1 $3594 @10 ASM ENTITY @2 92 #
face $4052 -1 $-1 $4053 $4054 $27 $-1 $4055 reversed single #
plane-surface $-1 -1 $-1 2.75 4 2.75 0 1 0 0 0 1 forward_v I I I I #
coedge $-1 -1 $-1 $3839 $3839 $4056 $4057 forward $3601 $-1 #
DXID-attrib $-1 -1 $-1 $-1 $3602 @10 ASM ENTITY @2 25 #
cone-surface $-1 -1 $-1 114.5000000000000142 -4 74.5 0 1 0 0 0 3.200000000000000622 1 I I 0 1 3.200000000000000622 forward I I I I #
coedge $-1 -1 $-1 $3842 $3842 $3604 $3843 reversed $4058 $-1 #
edge $-1 -1 $-1 $4059 0 $4059 6.283185307179586232 $3604 $4060 forward @7 unknown #
coedge $-1 -1 $-1 $3609 $3615 $3607 $3845 forward $3621 $-1 #
edge $-1 -1 $-1 $3617 0 $3611 31.60000000000000142 $3607 $4061 forward @7 unknown #
DXID-attrib $-1 -1 $-1 $-1 $3608 @10 ASM ENTITY @2 23 #
plane-surface $-1 -1 $-1 61.5 -4 33.70000000000000284 0 0 1 1 0 0 forward_v I I I I #
straight-curve $-1 -1 $-1 93.10000000000000853 -2.200000000000000178 33.70000000000000284 0 0 1 F 0 F 17.59999999999999076 #
point $-1 -1 $-1 93.10000000000000853 -2.200000000000000178 33.70000000000000284 #
straight-curve $-1 -1 $-1 61.5 -2.200000000000000178 33.70000000000000284 0 0 1 F 0 F 17.59999999999999076 #
point $-1 -1 $-1 61.5 -2.200000000000000178 33.70000000000000284 #
loop $-1 -1 $-1 $-1 $4062 $3853 #
face $4063 -1 $-1 $4064 $3621 $27 $-1 $4065 reversed single #
loop $-1 -1 $-1 $-1 $4066 $3630 #
point $-1 -1 $-1 114.5000000000000142 -2.990000000000000213 8.699999999999999289 #
DXID-attrib $-1 -1 $-1 $-1 $3630 @10 ASM ENTITY @2 85 #
plane-surface $-1 -1 $-1 114.5000000000000142 -2.990000000000000213 5.5 0 1 0 0 0 1 forward_v I I I I #
coedge $-1 -1 $-1 $3858 $3858 $3632 $3859 reversed $4054 $-1 #
edge $-1 -1 $-1 $4067 0 $4067 6.283185307179586232 $3632 $4068 forward @7 unknown #
loop $-1 -1 $-1 $-1 $4069 $3861 #
face $4070 -1 $-1 $4071 $3633 $27 $-1 $4072 reversed single #
point $-1 -1 $-1 5.5 -2.990000000000000213 77.69147058823500629 #
edge $-1 -1 $-1 $3655 0 $3645 3.100000000000022737 $3643 $4073 forward @7 unknown #
straight-curve $-1 -1 $-1 94.84999999999999432 3.740000000000000657 40.5 0 1.110223024625000001e-16 1 F 0 F 3.000000000000007105 #
vertex $-1 -1 $-1 $3651 $4074 #
straight-curve $-1 -1 $-1 97.95000000000001705 3.740000000000000657 40.5 0 1.110223024625000001e-16 1 F 0 F 3.000000000000007105 #
point $-1 -1 $-1 97.95000000000001705 7.5 40.5 #
point $-1 -1 $-1 97.95000000000001705 3.740000000000000657 40.5 #
straight-curve $-1 -1 $-1 97.95000000000001705 7.5 43.50000000000000711 0 -1 1.110223024625000001e-16 F 0 F 3.759999999999999343 #
straight-curve $-1 -1 $-1 94.84999999999999432 3.740000000000000657 43.50000000000000711 1 0 0 F 0 F 3.100000000000022737 #
point $-1 -1 $-1 94.84999999999999432 3.740000000000000657 43.50000000000000711 #
point $-1 -1 $-1 94.84999999999999432 3.740000000000000657 40.5 #
point $-1 -1 $-1 111.0000000000000142 15 77.5 #
coedge $-1 -1 $-1 $3705 $3704 $3659 $3875 forward $3706 $-1 #
edge $-1 -1 $-1 $3881 12.50000000000000178 $3879 14.49999999999999822 $3659 $4075 forward @7 unknown #
coedge $-1 -1 $-1 $3702 $3660 $3665 $3883 forward $3878 $-1 #
coedge $-1 -1 $-1 $3660 $3702 $3705 $3913 reversed $3878 $-1 #
loop $-1 -1 $-1 $-1 $3876 $4076 #
vertex $-1 -1 $-1 $3661 $4077 #
straight-curve $-1 -1 $-1 56.00000000000000711 26 77.5 -1 0 0 F 0 F 40 #
vertex $-1 -1 $-1 $3875 $4078 #
straight-curve $-1 -1 $-1 16 24.00000000000000355 77.5 1 0 0 F 0 F 40 #
edge $-1 -1 $-1 $3668 0.9999999999999964473 $3709 3.499999999999996447 $3876 $4079 forward @7 unknown #
face $4080 -1 $-1 $1858 $3666 $25 $-1 $4081 reversed single #
point $-1 -1 $-1 56.00000000000000711 24.00000000000000355 77.5 #
point $-1 -1 $-1 56.00000000000000711 26 77.5 #
straight-curve $-1 -1 $-1 16 9 77.5 0 1 0 F 10 F 12.00000000000000178 #
face $4082 -1 $-1 $3680 $3674 $25 $-1 $4083 reversed single #
point $-1 -1 $-1 16 21 77.5 #
point $-1 -1 $-1 16 19 77.5 #
straight-curve $-1 -1 $-1 56.00000000000000711 21 76.5 0 0 1 F 0.9999999999999964473 F 3.499999999999996447 #
DXID-attrib $-1 -1 $-1 $-1 $3680 @10 ASM ENTITY @2 61 #
plane-surface $-1 -1 $-1 56.00000000000000711 19 76.5 1 0 0 0 0 1 forward_v I I I I #
coedge $-1 -1 $-1 $3894 $3894 $3685 $3895 reversed $4084 $-1 #
edge $-1 -1 $-1 $4085 0 $4085 6.283185307179586232 $3685 $4086 forward @7 unknown #
DXID-attrib $-1 -1 $-1 $-1 $3687 @10 ASM ENTITY @2 77 #
plane-surface $-1 -1 $-1 104 15 77 0 0 1 1 0 0 forward_v I I I I #
loop $-1 -1 $-1 $4087 $3689 $4088 #
vertex $-1 -1 $-1 $3690 $4089 #
ellipse-curve $-1 -1 $-1 60 6.700000000000000178 74.5 0 1 0 0 0 1.399999999999999911 1 I I #
loop $-1 -1 $-1 $-1 $4090 $3902 #
face $4091 -1 $-1 $4088 $3691 $25 $-1 $4092 reversed single #
point $-1 -1 $-1 114.5000000000000142 6.700000000000000178 6.900000000000000355 #
coedge $-1 -1 $-1 $3904 $3904 $4093 $4094 forward $3694 $-1 #
DXID-attrib $-1 -1 $-1 $-1 $3695 @10 ASM ENTITY @3 122 #
cone-surface $-1 -1 $-1 60 6.690000000000000391 5.5 0 1 0 0 0 1.399999999999999911 1 I I 0 1 1.399999999999999911 forward I I I I #
coedge $-1 -1 $-1 $3907 $3907 $3697 $3908 reversed $4095 $-1 #
edge $-1 -1 $-1 $4096 0 $4096 6.283185307179586232 $3697 $4097 forward @7 unknown #
loop $-1 -1 $-1 $-1 $3700 $4098 #
vertex $-1 -1 $-1 $3701 $4099 #
ellipse-curve $-1 -1 $-1 5.5 11.69999999999999929 5.5 0 1 0 0 0 1.399999999999999911 1 I I #
straight-curve $-1 -1 $-1 16 26 80 1 0 0 F 0 F 40 #
edge $-1 -1 $-1 $3879 0.9999999999999964473 $3707 3.499999999999996447 $3705 $4100 forward @7 unknown #
face $4101 -1 $-1 $4076 $3706 $25 $-1 $4102 forward single #
point $-1 -1 $-1 16 26 80 #
point $-1 -1 $-1 56.00000000000000711 26 80 #
straight-curve $-1 -1 $-1 56.00000000000000711 24.00000000000000355 76.5 0 0 1 F 0.9999999999999964473 F 3.499999999999996447 #
straight-curve $-1 -1 $-1 16 24.00000000000000355 76.5 0 0 1 F 0.9999999999999964473 F 3.499999999999996447 #
DXID-attrib $-1 -1 $-1 $-1 $3713 @10 ASM ENTITY @2 62 #
plane-surface $-1 -1 $-1 48.00000000000000711 24.00000000000000355 76.5 0 1 0 0 0 1 forward_v I I I I #
straight-curve $-1 -1 $-1 16 21 76.5 0 0 1 F 0.9999999999999964473 F 3.499999999999996447 #
DXID-attrib $-1 -1 $-1 $-1 $3718 @10 ASM ENTITY @2 59 #
plane-surface $-1 -1 $-1 16 19 76.5 1 0 0 0 0 1 forward_v I I I I #
straight-curve $-1 -1 $-1 106.75 12.00000000000000178 77 0 1 0 F 1.26794919243099935 F 4.732050807568999318 #
coedge $-1 -1 $-1 $4103 $3737 $4104 $4105 forward $3508 $-1 #
coedge $-1 -1 $-1 $3737 $4103 $4106 $4107 reversed $3508 $-1 #
coedge $-1 -1 $-1 $4108 $4109 $3737 $3928 reversed $4110 $-1 #
edge $-1 -1 $-1 $4111 49.25000000000000711 $4112 57.24999999999999289 $3737 $4113 forward @7 unknown #
coedge $-1 -1 $-1 $4114 $4115 $4116 $4117 forward $3739 $-1 #
coedge $-1 -1 $-1 $4118 $3740 $4119 $4120 forward $3511 $-1 #
coedge $-1 -1 $-1 $3740 $4118 $4121 $4122 reversed $3511 $-1 #
coedge $-1 -1 $-1 $4123 $4124 $3740 $3933 reversed $4125 $-1 #
edge $-1 -1 $-1 $4126 47.75 $4127 49.74999999999999289 $3740 $4128 forward @7 unknown #
coedge $-1 -1 $-1 $4129 $3741 $4130 $4131 reversed $3234 $-1 #
coedge $-1 -1 $-1 $4132 $4133 $3741 $3936 reversed $4134 $-1 #
edge $-1 -1 $-1 $3944 -14.25000000000000178 $4135 -12.25 $3741 $4136 forward @7 unknown #
coedge $-1 -1 $-1 $3742 $4129 $4137 $4138 forward $3234 $-1 #
coedge $-1 -1 $-1 $4139 $4140 $3742 $3939 reversed $4141 $-1 #
edge $-1 -1 $-1 $4142 -14.34999999999999964 $3943 -13.25000000000000178 $3742 $4143 forward @7 unknown #
coedge $-1 -1 $-1 $4144 $3743 $4140 $4145 reversed $3942 $-1 #
coedge $-1 -1 $-1 $3743 $4146 $4132 $4147 forward $3942 $-1 #
loop $-1 -1 $-1 $-1 $3947 $4148 #
vertex $-1 -1 $-1 $3744 $4149 #
vertex $-1 -1 $-1 $3744 $4150 #
straight-curve $-1 -1 $-1 23.75 27.5 29.00000000000000355 1 0 0 F 70.95000000000000284 F 76.25 #
coedge $-1 -1 $-1 $3757 $3745 $4151 $4152 reversed $2204 $-1 #
coedge $-1 -1 $-1 $4153 $4154 $3745 $3948 reversed $3942 $-1 #
edge $-1 -1 $-1 $3952 21.95000000000000284 $4155 23.75 $3745 $4156 forward @7 unknown #
coedge $-1 -1 $-1 $4157 $3746 $3749 $3955 reversed $3951 $-1 #
coedge $-1 -1 $-1 $3746 $4157 $4153 $4158 forward $3951 $-1 #
loop $-1 -1 $-1 $-1 $3949 $4159 #
vertex $-1 -1 $-1 $3747 $4160 #
straight-curve $-1 -1 $-1 45.70000000000000284 27.5 15.75000000000000178 0 0 -1 F -16.25 F -13.25000000000000178 #
coedge $-1 -1 $-1 $3749 $3748 $4161 $4162 forward $3750 $-1 #
edge $-1 -1 $-1 $4163 0 $3751 20 $3749 $4164 forward @7 unknown #
face $4165 -1 $-1 $3974 $3750 $25 $-1 $4166 forward single #
point $-1 -1 $-1 45.70000000000000284 27.5 32 #
coedge $-1 -1 $-1 $3770 $4161 $3753 $3959 reversed $3985 $-1 #
edge $-1 -1 $-1 $3774 0 $3960 2.999999999999998224 $3753 $4167 forward @7 unknown #
vertex $-1 -1 $-1 $3754 $4168 #
straight-curve $-1 -1 $-1 43 7.5 32 0 1 0 F 0 F 20 #
DXID-attrib $-1 -1 $-1 $-1 $3755 @10 ASM ENTITY @2 83 #
plane-surface $-1 -1 $-1 43 7.5 29.00000000000000355 1 0 0 0 0 1 forward_v I I I I #
coedge $-1 -1 $-1 $4169 $4170 $3757 $3965 reversed $4171 $-1 #
edge $-1 -1 $-1 $4172 22.5 $3969 41.5 $3757 $4173 forward @7 unknown #
coedge $-1 -1 $-1 $4174 $3758 $4170 $4175 reversed $3968 $-1 #
coedge $-1 -1 $-1 $3758 $4174 $3760 $3972 forward $3968 $-1 #
loop $-1 -1 $-1 $-1 $4174 $4176 #
vertex $-1 -1 $-1 $3965 $4177 #
straight-curve $-1 -1 $-1 66.5 27.5 14.25 0 0 -1 F -15.85000000000000142 F -12.75 #
coedge $-1 -1 $-1 $4178 $3760 $4179 $4180 reversed $3762 $-1 #
edge $-1 -1 $-1 $4181 5.650000000000000355 $3763 18.84999999999999787 $3760 $4182 forward @7 unknown #
coedge $-1 -1 $-1 $3761 $4183 $4184 $4185 reversed $3762 $-1 #
face $4186 -1 $-1 $4159 $3762 $25 $-1 $4187 reversed single #
point $-1 -1 $-1 66.5 27.5 27 #
coedge $-1 -1 $-1 $4184 $4188 $3765 $3977 reversed $4189 $-1 #
edge $-1 -1 $-1 $3978 0 $4190 2.000000000000001776 $3765 $4191 forward @7 unknown #
vertex $-1 -1 $-1 $3766 $4192 #
straight-curve $-1 -1 $-1 45 3.000000000000000444 27 0 1 0 F 0 F 24.5 #
coedge $-1 -1 $-1 $4146 $4193 $3767 $3981 reversed $3942 $-1 #
edge $-1 -1 $-1 $4190 0 $3772 4.499999999999999112 $3767 $4194 forward @7 unknown #
DXID-attrib $-1 -1 $-1 $-1 $3768 @10 ASM ENTITY @2 84 #
plane-surface $-1 -1 $-1 45 3.000000000000000444 27 1 0 0 0 0 1 forward_v I I I I #
coedge $-1 -1 $-1 $4195 $3770 $4193 $4196 forward $3985 $-1 #
loop $-1 -1 $-1 $-1 $3770 $4197 #
straight-curve $-1 -1 $-1 43 7.5 29.00000000000000355 1 0 0 F 0 F 2.000000000000001776 #
point $-1 -1 $-1 45 7.5 29.00000000000000355 #
point $-1 -1 $-1 43 7.5 29.00000000000000355 #
coedge $-1 -1 $-1 $3781 $3787 $3778 $3990 forward $3793 $-1 #
edge $-1 -1 $-1 $3789 0 $3783 9.500000000000001776 $3778 $4198 forward @7 unknown #
coedge $-1 -1 $-1 $4199 $4200 $4201 $4202 reversed $3779 $-1 #
DXID-attrib $-1 -1 $-1 $-1 $3780 @10 ASM ENTITY @2 81 #
plane-surface $-1 -1 $-1 4.5 9.5 35 0 0 1 1 0 0 forward_v I I I I #
straight-curve $-1 -1 $-1 14.00000000000000178 9.5 35 0 0 1 F 0 F 14.00000000000000355 #
point $-1 -1 $-1 14.00000000000000178 9.5 35 #
straight-curve $-1 -1 $-1 4.5 9.5 35 0 0 1 F 0 F 14.00000000000000355 #
point $-1 -1 $-1 4.5 9.5 35 #
face $4203 -1 $-1 $4204 $3793 $25 $-1 $4205 reversed single #
coedge $-1 -1 $-1 $3798 $3797 $4206 $4207 reversed $3277 $-1 #
coedge $-1 -1 $-1 $4208 $4209 $3797 $4001 reversed $4210 $-1 #
edge $-1 -1 $-1 $4008 0.5000000000000004441 $4211 2.5 $3797 $4212 forward @7 unknown #
coedge $-1 -1 $-1 $4213 $4214 $3798 $4003 forward $4215 $-1 #
edge $-1 -1 $-1 $4007 0.5000000000000004441 $4216 2.5 $3798 $4217 forward @7 unknown #
coedge $-1 -1 $-1 $4201 $3799 $4214 $4218 reversed $4006 $-1 #
coedge $-1 -1 $-1 $3799 $4201 $4208 $4219 forward $4006 $-1 #
loop $-1 -1 $-1 $-1 $4004 $4204 #
vertex $-1 -1 $-1 $3800 $4220 #
vertex $-1 -1 $-1 $3800 $4221 #
straight-curve $-1 -1 $-1 5.5 10.5 49 -1 0 0 F -6.500000000000000888 F -0.999999999999999778 #
loop $-1 -1 $-1 $4222 $4223 $216 #
coedge $-1 -1 $-1 $4011 $4011 $4224 $4225 reversed $3802 $-1 #
coedge $-1 -1 $-1 $4226 $3803 $4227 $4228 forward $3564 $-1 #
coedge $-1 -1 $-1 $3803 $4226 $4229 $4230 forward $3564 $-1 #
coedge $-1 -1 $-1 $4231 $4232 $3803 $4015 forward $4233 $-1 #
edge $-1 -1 $-1 $4234 6.055676935212999545 $4235 53.94432306478699957 $3803 $4236 forward @7 unknown #
coedge $-1 -1 $-1 $3805 $3804 $4237 $4238 forward $3284 $-1 #
coedge $-1 -1 $-1 $4239 $4240 $3804 $4018 reversed $4241 $-1 #
edge $-1 -1 $-1 $4025 0 $4242 10.79999999999999183 $3804 $4243 forward @7 unknown #
coedge $-1 -1 $-1 $4244 $4245 $3805 $4020 reversed $4246 $-1 #
edge $-1 -1 $-1 $4247 0 $4024 10.79999999999999183 $3805 $4248 forward @7 unknown #
coedge $-1 -1 $-1 $4249 $3806 $4245 $4250 reversed $4023 $-1 #
coedge $-1 -1 $-1 $3806 $4251 $4239 $4252 forward $4023 $-1 #
loop $-1 -1 $-1 $-1 $4022 $4253 #
vertex $-1 -1 $-1 $3807 $4254 #
vertex $-1 -1 $-1 $3807 $4255 #
straight-curve $-1 -1 $-1 57.5 0 46.10000000000000142 0 0 1 F 0 F 7.60000000000000675 #
loop $-1 -1 $-1 $-1 $4256 $4028 #
face $4257 -1 $-1 $4253 $3808 $27 $-1 $4258 reversed single #
point $-1 -1 $-1 5.5 0 76.25 #
coedge $-1 -1 $-1 $4259 $3811 $3814 $4035 reversed $4032 $-1 #
coedge $-1 -1 $-1 $3811 $4259 $3818 $4038 reversed $4032 $-1 #
loop $-1 -1 $-1 $-1 $4031 $4260 #
straight-curve $-1 -1 $-1 4.75 0 3.75 0 0 -1 F -66.51591214073199865 F -42.25 #
coedge $-1 -1 $-1 $3814 $3813 $4261 $4262 forward $3815 $-1 #
edge $-1 -1 $-1 $4263 -5 $3816 -1 $3814 $4264 forward @7 unknown #
point $-1 -1 $-1 4.75 0 46.00000000000000711 #
coedge $-1 -1 $-1 $3819 $3818 $4265 $4266 forward $3820 $-1 #
edge $-1 -1 $-1 $3821 1 $4267 5 $3818 $4268 forward @7 unknown #
face $4269 -1 $-1 $4260 $3820 $27 $-1 $4270 reversed single #
point $-1 -1 $-1 4.75 0 70.26591214073199865 #
coedge $-1 -1 $-1 $4265 $4261 $3823 $4042 forward $4271 $-1 #
edge $-1 -1 $-1 $4045 43.25 $4043 68.44432306478698536 $3823 $4272 forward @7 unknown #
vertex $-1 -1 $-1 $3824 $4273 #
straight-curve $-1 -1 $-1 2.75 -1 71.19432306478699957 0 1 0 F 1 F 5 #
vertex $-1 -1 $-1 $4042 $4274 #
straight-curve $-1 -1 $-1 2.75 -0.5 46.00000000000000711 0 -1 0 F -4.5 F -0.5 #
point $-1 -1 $-1 60 -1.300000000000000044 7.250000000000000888 #
DXID-attrib $-1 -1 $-1 $-1 $3832 @10 ASM ENTITY @2 39 #
plane-surface $-1 -1 $-1 -1 -1 46.00000000000000711 0 0 1 1 0 0 forward_v I I I I #
coedge $-1 -1 $-1 $4050 $4050 $3834 $4051 forward $4275 $-1 #
edge $-1 -1 $-1 $4276 0 $4276 6.283185307179586232 $3834 $4277 forward @7 unknown #
DXID-attrib $-1 -1 $-1 $-1 $3837 @10 ASM ENTITY @2 93 #
face $4278 -1 $-1 $4279 $4275 $27 $-1 $4280 forward single #
loop $-1 -1 $-1 $3828 $3858 $3837 #
cone-surface $-1 -1 $-1 60 -3.000000000000000444 5.5 -0 -1 -0 0 0 3.200000000000000622 1 I I 0.6489466060827521199 0.7608339519590837652 3.200000000000000622 forward I I I I #
coedge $-1 -1 $-1 $4056 $4056 $3839 $4057 reversed $4281 $-1 #
edge $-1 -1 $-1 $4282 0 $4282 6.283185307179586232 $3839 $4283 forward @7 unknown #
loop $-1 -1 $-1 $4284 $3842 $4064 #
vertex $-1 -1 $-1 $3843 $4285 #
ellipse-curve $-1 -1 $-1 60 -2.990000000000000213 74.5 0 1 0 0 0 3.200000000000000622 1 I I #
straight-curve $-1 -1 $-1 61.5 -2.200000000000000178 33.70000000000000284 1 0 0 F 0 F 31.60000000000000142 #
coedge $-1 -1 $-1 $4286 $4287 $4288 $4289 reversed $3852 $-1 #
DXID-attrib $-1 -1 $-1 $-1 $3853 @10 ASM ENTITY @2 86 #
face $4290 -1 $-1 $4291 $4058 $27 $-1 $4292 reversed single #
plane-surface $-1 -1 $-1 61.5 -2.200000000000000178 33.70000000000000284 0 1 0 0 0 1 forward_v I I I I #
coedge $-1 -1 $-1 $4066 $4066 $4293 $4294 forward $3854 $-1 #
vertex $-1 -1 $-1 $3859 $4295 #
ellipse-curve $-1 -1 $-1 60 -2.990000000000000213 5.5 0 1 0 0 0 3.191470588235000072 1 I I #
coedge $-1 -1 $-1 $4069 $4069 $4256 $4296 forward $3860 $-1 #
DXID-attrib $-1 -1 $-1 $-1 $3861 @10 ASM ENTITY @2 96 #
face $4297 -1 $-1 $4298 $4299 $27 $-1 $4300 forward single #
cone-surface $-1 -1 $-1 5.5 -3.000000000000000444 74.5 -0 -1 -0 0 0 3.200000000000000622 1 I I 0.6489466060827521199 0.7608339519590837652 3.200000000000000622 forward I I I I #
straight-curve $-1 -1 $-1 94.84999999999999432 3.740000000000000657 40.5 1 0 0 F 0 F 3.100000000000022737 #
point $-1 -1 $-1 97.95000000000001705 3.740000000000000657 43.50000000000000711 #
straight-curve $-1 -1 $-1 16 11.50000000000000178 77.5 0 1 0 F 12.50000000000000178 F 14.49999999999999822 #
face $4301 -1 $-1 $3884 $3878 $25 $-1 $4302 reversed single #
point $-1 -1 $-1 16 26 77.5 #
point $-1 -1 $-1 16 24.00000000000000355 77.5 #
straight-curve $-1 -1 $-1 56.00000000000000711 26 76.5 0 0 1 F 0.9999999999999964473 F 3.499999999999996447 #
DXID-attrib $-1 -1 $-1 $-1 $3884 @10 ASM ENTITY @2 65 #
plane-surface $-1 -1 $-1 56.00000000000000711 24.00000000000000355 76.5 1 0 0 0 0 1 forward_v I I I I #
DXID-attrib $-1 -1 $-1 $-1 $3888 @10 ASM ENTITY @2 60 #
plane-surface $-1 -1 $-1 48.00000000000000711 21 76.5 0 1 0 0 0 1 forward_v I I I I #
loop $-1 -1 $-1 $4303 $3894 $4304 #
vertex $-1 -1 $-1 $3895 $4305 #
ellipse-curve $-1 -1 $-1 114.5000000000000142 6.700000000000000178 74.5 0 1 0 0 0 1.399999999999999911 1 I I #
loop $-1 -1 $-1 $-1 $4306 $4088 #
face $4307 -1 $-1 $4304 $3898 $25 $-1 $4308 reversed single #
point $-1 -1 $-1 60 6.700000000000000178 75.90000000000000568 #
coedge $-1 -1 $-1 $4090 $4090 $4309 $4310 forward $3901 $-1 #
DXID-attrib $-1 -1 $-1 $-1 $3902 @10 ASM ENTITY @3 123 #
cone-surface $-1 -1 $-1 114.5000000000000142 6.690000000000000391 5.5 0 1 0 0 0 1.399999999999999911 1 I I 0 1 1.399999999999999911 forward I I I I #
coedge $-1 -1 $-1 $4093 $4093 $3904 $4094 reversed $4311 $-1 #
edge $-1 -1 $-1 $4312 0 $4312 6.283185307179586232 $3904 $4313 forward @7 unknown #
loop $-1 -1 $-1 $-1 $3907 $4314 #
vertex $-1 -1 $-1 $3908 $4315 #
ellipse-curve $-1 -1 $-1 5.5 11.69999999999999929 74.5 0 1 0 0 0 1.399999999999999911 1 I I #
face $4316 -1 $-1 $4314 $3909 $25 $-1 $4317 reversed single #
point $-1 -1 $-1 5.5 11.69999999999999929 6.900000000000000355 #
straight-curve $-1 -1 $-1 16 26 76.5 0 0 1 F 0.9999999999999964473 F 3.499999999999996447 #
DXID-attrib $-1 -1 $-1 $-1 $3914 @10 ASM ENTITY @2 63 #
plane-surface $-1 -1 $-1 16 24.00000000000000355 76.5 1 0 0 0 0 1 forward_v I I I I #
coedge $-1 -1 $-1 $3926 $3925 $4318 $4319 reversed $3508 $-1 #
coedge $-1 -1 $-1 $4320 $4321 $3925 $4105 reversed $4322 $-1 #
edge $-1 -1 $-1 $4112 -34.24999999999999289 $4323 -28.25 $3925 $4324 forward @7 unknown #
coedge $-1 -1 $-1 $4325 $4326 $3926 $4107 forward $4327 $-1 #
edge $-1 -1 $-1 $4111 -34.24999999999999289 $4328 -28.25 $3926 $4329 forward @7 unknown #
coedge $-1 -1 $-1 $4330 $3927 $4326 $4331 reversed $4110 $-1 #
coedge $-1 -1 $-1 $3927 $4330 $4320 $4332 forward $4110 $-1 #
loop $-1 -1 $-1 $-1 $4108 $4333 #
vertex $-1 -1 $-1 $3928 $4334 #
vertex $-1 -1 $-1 $3928 $4335 #
straight-curve $-1 -1 $-1 51.75000000000000711 27.5 65 1 0 0 F 49.25000000000000711 F 57.24999999999999289 #
coedge $-1 -1 $-1 $4336 $3929 $4337 $4338 forward $3739 $-1 #
coedge $-1 -1 $-1 $3929 $4339 $4340 $4341 reversed $3739 $-1 #
coedge $-1 -1 $-1 $4342 $4343 $3929 $4117 reversed $4344 $-1 #
edge $-1 -1 $-1 $4345 21.25 $4346 76.25 $3929 $4347 forward @7 unknown #
coedge $-1 -1 $-1 $3931 $3930 $4348 $4349 reversed $3511 $-1 #
coedge $-1 -1 $-1 $4350 $4351 $3930 $4120 reversed $4352 $-1 #
edge $-1 -1 $-1 $4127 -27.25 $4353 -17.25 $3930 $4354 forward @7 unknown #
coedge $-1 -1 $-1 $4355 $4356 $3931 $4122 forward $4357 $-1 #
edge $-1 -1 $-1 $4126 -27.25 $4358 -17.25 $3931 $4359 forward @7 unknown #
coedge $-1 -1 $-1 $4360 $3932 $4356 $4361 reversed $4125 $-1 #
coedge $-1 -1 $-1 $3932 $4360 $4350 $4362 forward $4125 $-1 #
loop $-1 -1 $-1 $-1 $4123 $4363 #
vertex $-1 -1 $-1 $3933 $4364 #
vertex $-1 -1 $-1 $3933 $4365 #
straight-curve $-1 -1 $-1 50.25 27.5 47 1 0 0 F 47.75 F 49.74999999999999289 #
coedge $-1 -1 $-1 $3937 $3934 $4366 $4367 reversed $3234 $-1 #
coedge $-1 -1 $-1 $4183 $4178 $3934 $4131 forward $3762 $-1 #
edge $-1 -1 $-1 $4368 50.75 $4135 76.25 $3934 $4369 forward @7 unknown #
coedge $-1 -1 $-1 $4370 $3935 $3941 $4147 reversed $4134 $-1 #
coedge $-1 -1 $-1 $3935 $4370 $4183 $4371 forward $4134 $-1 #
loop $-1 -1 $-1 $-1 $4132 $4372 #
vertex $-1 -1 $-1 $3936 $4373 #
straight-curve $-1 -1 $-1 100 27.5 14.75 0 0 -1 F -14.25000000000000178 F -12.25 #
coedge $-1 -1 $-1 $4374 $4375 $3937 $4138 reversed $4171 $-1 #
edge $-1 -1 $-1 $4376 49.5 $4142 69.70000000000000284 $3937 $4377 forward @7 unknown #
coedge $-1 -1 $-1 $4378 $3938 $4375 $4379 reversed $4141 $-1 #
coedge $-1 -1 $-1 $3938 $4378 $3940 $4145 forward $4141 $-1 #
loop $-1 -1 $-1 $-1 $4139 $4380 #
vertex $-1 -1 $-1 $4138 $4381 #
straight-curve $-1 -1 $-1 94.70000000000000284 27.5 15.75000000000000178 0 0 -1 F -14.34999999999999964 F -13.25000000000000178 #
coedge $-1 -1 $-1 $4154 $3940 $4382 $4383 reversed $3942 $-1 #
edge $-1 -1 $-1 $4384 0 $3943 18.19999999999999574 $3940 $4385 forward @7 unknown #
coedge $-1 -1 $-1 $3941 $3980 $4188 $4386 forward $3942 $-1 #
edge $-1 -1 $-1 $4387 0 $3944 24.5 $3941 $4388 forward @7 unknown #
face $4389 -1 $-1 $4390 $3942 $25 $-1 $4391 forward single #
point $-1 -1 $-1 94.70000000000000284 27.5 29.00000000000000355 #
point $-1 -1 $-1 100 27.5 29.00000000000000355 #
coedge $-1 -1 $-1 $4392 $4393 $3946 $4152 forward $4394 $-1 #
edge $-1 -1 $-1 $4172 -14.34999999999999964 $4155 -13.25000000000000178 $3946 $4395 forward @7 unknown #
coedge $-1 -1 $-1 $4193 $3947 $3950 $4158 reversed $3942 $-1 #
coedge $-1 -1 $-1 $3947 $4144 $4392 $4396 forward $3942 $-1 #
vertex $-1 -1 $-1 $3948 $4397 #
straight-curve $-1 -1 $-1 23.75 27.5 29.00000000000000355 1 0 0 F 21.95000000000000284 F 23.75 #
coedge $-1 -1 $-1 $3950 $3949 $4195 $4398 reversed $3951 $-1 #
edge $-1 -1 $-1 $4399 0 $3952 20 $3950 $4400 forward @7 unknown #
face $4401 -1 $-1 $4176 $3951 $25 $-1 $4402 forward single #
point $-1 -1 $-1 45.70000000000000284 27.5 29.00000000000000355 #
coedge $-1 -1 $-1 $3958 $4195 $3954 $4162 reversed $3985 $-1 #
edge $-1 -1 $-1 $3960 0 $4163 2.700000000000004619 $3954 $4403 forward @7 unknown #
vertex $-1 -1 $-1 $4162 $4404 #
straight-curve $-1 -1 $-1 45.70000000000000284 7.5 32 0 1 0 F 0 F 20 #
DXID-attrib $-1 -1 $-1 $-1 $3956 @10 ASM ENTITY @2 85 #
plane-surface $-1 -1 $-1 43 7.5 32 0 0 1 1 0 0 forward_v I I I I #
straight-curve $-1 -1 $-1 43 7.5 29.00000000000000355 0 0 1 F 0 F 2.999999999999998224 #
point $-1 -1 $-1 43 7.5 32 #
coedge $-1 -1 $-1 $4405 $3964 $4393 $4406 reversed $4171 $-1 #
coedge $-1 -1 $-1 $3964 $4407 $3966 $4175 forward $4171 $-1 #
loop $-1 -1 $-1 $-1 $3964 $4390 #
vertex $-1 -1 $-1 $4152 $4408 #
straight-curve $-1 -1 $-1 25 27.5 30.10000000000000142 1 0 0 F 22.5 F 41.5 #
coedge $-1 -1 $-1 $3967 $3966 $4409 $4410 reversed $3968 $-1 #
edge $-1 -1 $-1 $4411 2.5 $3969 15.69999999999999751 $3966 $4412 forward @7 unknown #
face $4413 -1 $-1 $4148 $3968 $25 $-1 $4414 forward single #
point $-1 -1 $-1 66.5 27.5 30.10000000000000142 #
coedge $-1 -1 $-1 $4130 $3971 $4415 $4416 forward $3762 $-1 #
coedge $-1 -1 $-1 $4409 $4417 $3971 $4180 forward $4418 $-1 #
edge $-1 -1 $-1 $4419 -18.75 $4181 -10.75000000000000178 $3971 $4420 forward @7 unknown #
vertex $-1 -1 $-1 $3972 $4421 #
straight-curve $-1 -1 $-1 66.5 8.650000000000000355 27 0 1 0 F 5.650000000000000355 F 18.84999999999999787 #
coedge $-1 -1 $-1 $3973 $4130 $4133 $4371 reversed $3762 $-1 #
coedge $-1 -1 $-1 $4422 $3976 $3973 $4185 forward $4189 $-1 #
edge $-1 -1 $-1 $3978 0 $4423 55 $3973 $4424 forward @7 unknown #
DXID-attrib $-1 -1 $-1 $-1 $3974 @10 ASM ENTITY @2 86 #
plane-surface $-1 -1 $-1 45 3.000000000000000444 27 0 0 1 1 0 0 forward_v I I I I #
coedge $-1 -1 $-1 $3976 $4422 $4146 $4386 reversed $4189 $-1 #
loop $-1 -1 $-1 $-1 $4184 $4425 #
vertex $-1 -1 $-1 $3981 $4426 #
straight-curve $-1 -1 $-1 45 3.000000000000000444 27 0 0 1 F 0 F 2.000000000000001776 #
point $-1 -1 $-1 45 3.000000000000000444 27 #
coedge $-1 -1 $-1 $3980 $4153 $3984 $4196 reversed $3942 $-1 #
straight-curve $-1 -1 $-1 45 3.000000000000000444 29.00000000000000355 0 1 0 F 0 F 4.499999999999999112 #
coedge $-1 -1 $-1 $4161 $3984 $4157 $4398 forward $3985 $-1 #
edge $-1 -1 $-1 $3772 2.000000000000001776 $4399 2.700000000000004619 $4193 $4427 forward @7 unknown #
face $4428 -1 $-1 $4425 $3985 $25 $-1 $4429 reversed single #
straight-curve $-1 -1 $-1 4.5 9.5 35 1 0 0 F 0 F 9.500000000000001776 #
coedge $-1 -1 $-1 $4430 $3991 $4431 $4432 forward $3779 $-1 #
coedge $-1 -1 $-1 $3991 $4430 $4433 $4434 reversed $3779 $-1 #
coedge $-1 -1 $-1 $4005 $4004 $3991 $4202 forward $4006 $-1 #
edge $-1 -1 $-1 $4435 -6.500000000000000888 $4436 -0.999999999999999778 $3991 $4437 forward @7 unknown #
DXID-attrib $-1 -1 $-1 $-1 $3998 @10 ASM ENTITY @3 126 #
face $4438 -1 $-1 $4439 $4006 $25 $-1 $4440 forward single #
plane-surface $-1 -1 $-1 4.5 9.5 35 0 1 0 0 0 1 forward_v I I I I #
coedge $-1 -1 $-1 $4441 $4442 $3999 $4207 forward $4443 $-1 #
edge $-1 -1 $-1 $4216 -6.500000000000000888 $4211 -0.999999999999999778 $3999 $4444 forward @7 unknown #
coedge $-1 -1 $-1 $4433 $4000 $4005 $4219 reversed $4210 $-1 #
coedge $-1 -1 $-1 $4000 $4433 $4441 $4445 forward $4210 $-1 #
loop $-1 -1 $-1 $-1 $4208 $4446 #
vertex $-1 -1 $-1 $4001 $4447 #
straight-curve $-1 -1 $-1 6.5 10 49 0 1 0 F 0.5000000000000004441 F 2.5 #
coedge $-1 -1 $-1 $4431 $4002 $4442 $4448 reversed $4215 $-1 #
coedge $-1 -1 $-1 $4002 $4431 $4004 $4218 forward $4215 $-1 #
loop $-1 -1 $-1 $-1 $4214 $4439 #
vertex $-1 -1 $-1 $4207 $4449 #
straight-curve $-1 -1 $-1 12.00000000000000178 10 49 0 1 0 F 0.5000000000000004441 F 2.5 #
edge $-1 -1 $-1 $4435 0.9999999999999964473 $4007 15 $4004 $4450 forward @7 unknown #
edge $-1 -1 $-1 $4436 0.9999999999999964473 $4008 15 $4005 $4451 forward @7 unknown #
point $-1 -1 $-1 12.00000000000000178 10.5 49 #
point $-1 -1 $-1 6.5 10.5 49 #
loop $-1 -1 $-1 $4452 $4453 $216 #
coedge $-1 -1 $-1 $4454 $4455 $4456 $4457 forward $4010 $-1 #
coedge $-1 -1 $-1 $4224 $4224 $4011 $4225 forward $4458 $-1 #
edge $-1 -1 $-1 $4459 0 $4459 6.283185307179586232 $4011 $4460 forward @7 unknown #
coedge $-1 -1 $-1 $4013 $4012 $4461 $4462 forward $3564 $-1 #
coedge $-1 -1 $-1 $4463 $4464 $4012 $4228 reversed $4465 $-1 #
edge $-1 -1 $-1 $4234 0.8769032333409727542 $4466 1.395481035488767896 $4012 $4467 forward @7 unknown #
coedge $-1 -1 $-1 $4468 $4469 $4013 $4230 reversed $4470 $-1 #
edge $-1 -1 $-1 $4471 -1.395481035488765897 $4235 -0.8769032333409705338 $4013 $4472 forward @7 unknown #
coedge $-1 -1 $-1 $4473 $4014 $4469 $4474 forward $4233 $-1 #
coedge $-1 -1 $-1 $4014 $4473 $4463 $4475 reversed $4233 $-1 #
loop $-1 -1 $-1 $-1 $4473 $4476 #
vertex $-1 -1 $-1 $4015 $4477 #
vertex $-1 -1 $-1 $4015 $4478 #
straight-curve $-1 -1 $-1 2.75 0 77.25 1 0 0 F 6.055676935212999545 F 53.94432306478699957 #
coedge $-1 -1 $-1 $4479 $4480 $4016 $4238 reversed $4481 $-1 #
edge $-1 -1 $-1 $4242 0 $4247 7.60000000000000675 $4016 $4482 forward @7 unknown #
coedge $-1 -1 $-1 $4483 $4017 $4022 $4252 reversed $4241 $-1 #
coedge $-1 -1 $-1 $4017 $4483 $4479 $4484 forward $4241 $-1 #
loop $-1 -1 $-1 $-1 $4240 $4485 #
vertex $-1 -1 $-1 $4018 $4486 #
straight-curve $-1 -1 $-1 57.5 0 53.70000000000000995 -1 0 0 F 0 F 10.79999999999999183 #
coedge $-1 -1 $-1 $4487 $4019 $4480 $4488 reversed $4246 $-1 #
coedge $-1 -1 $-1 $4019 $4487 $4021 $4250 forward $4246 $-1 #
loop $-1 -1 $-1 $-1 $4019 $4489 #
vertex $-1 -1 $-1 $4238 $4490 #
straight-curve $-1 -1 $-1 46.70000000000000995 0 46.10000000000000142 1 0 0 F 0 F 10.79999999999999183 #
coedge $-1 -1 $-1 $4491 $4021 $4492 $4493 forward $4023 $-1 #
edge $-1 -1 $-1 $4494 0 $4024 2.600000000000000089 $4021 $4495 forward @7 unknown #
coedge $-1 -1 $-1 $4022 $4496 $4497 $4498 forward $4023 $-1 #
edge $-1 -1 $-1 $4499 0 $4025 2.600000000000000089 $4022 $4500 forward @7 unknown #
face $4501 -1 $-1 $4489 $4023 $27 $-1 $4502 reversed single #
point $-1 -1 $-1 57.5 0 46.10000000000000142 #
point $-1 -1 $-1 57.5 0 53.70000000000000995 #
coedge $-1 -1 $-1 $4256 $4256 $4069 $4296 reversed $4027 $-1 #
DXID-attrib $-1 -1 $-1 $-1 $4028 @10 ASM ENTITY @2 42 #
cone-surface $-1 -1 $-1 5.5 -4 74.5 0 1 0 0 0 1.750000000000000222 1 I I 0 1 1.750000000000000222 forward I I I I #
coedge $-1 -1 $-1 $4031 $4030 $4503 $4504 reversed $4032 $-1 #
face $4505 -1 $-1 $4028 $4032 $27 $-1 $4506 forward single #
coedge $-1 -1 $-1 $4041 $4503 $4034 $4262 reversed $4271 $-1 #
edge $-1 -1 $-1 $4045 1.875 $4263 3.875 $4034 $4507 forward @7 unknown #
vertex $-1 -1 $-1 $4262 $4508 #
straight-curve $-1 -1 $-1 4.75 -1 46.00000000000000711 0 -1 0 F -5 F -1 #
coedge $-1 -1 $-1 $4503 $4041 $4037 $4266 reversed $4271 $-1 #
edge $-1 -1 $-1 $4267 -2.966277362283664232 $4043 -2.4476995601358702 $4037 $4509 forward @7 unknown #
vertex $-1 -1 $-1 $4038 $4510 #
straight-curve $-1 -1 $-1 4.75 -1 70.26591214073199865 0 1 0 F 1 F 5 #
DXID-attrib $-1 -1 $-1 $-1 $4039 @10 ASM ENTITY @2 40 #
cone-surface $-1 -1 $-1 5.5 -1 74.5 0 1 0 0 0 4.299999999999999822 1 I I 0 1 4.299999999999999822 forward I I I I #
loop $-1 -1 $-1 $-1 $4261 $4279 #
straight-curve $-1 -1 $-1 2.75 4 2.75 0 0 1 F 43.25 F 68.44432306478698536 #
point $-1 -1 $-1 2.75 4 71.19432306478699957 #
point $-1 -1 $-1 2.75 4 46.00000000000000711 #
loop $-1 -1 $-1 $-1 $4050 $4053 #
vertex $-1 -1 $-1 $4051 $4511 #
ellipse-curve $-1 -1 $-1 54.10000000000000142 -2.5 34 0 1 0 0 0 1.500000000000000222 1 I I #
DXID-attrib $-1 -1 $-1 $-1 $4053 @10 ASM ENTITY @2 94 #
face $4512 -1 $-1 $3861 $4271 $27 $-1 $4513 forward single #
plane-surface $-1 -1 $-1 54.10000000000000142 -2.5 34 0 1 0 0 0 1 forward_v I I I I #
loop $-1 -1 $-1 $4514 $4056 $4291 #
vertex $-1 -1 $-1 $4057 $4515 #
ellipse-curve $-1 -1 $-1 114.5000000000000142 -2.990000000000000213 74.5 0 1 0 0 0 3.200000000000000622 1 I I #
loop $-1 -1 $-1 $-1 $4516 $4064 #
point $-1 -1 $-1 60 -2.990000000000000213 77.70000000000000284 #
coedge $-1 -1 $-1 $4517 $4062 $4518 $4519 forward $3852 $-1 #
coedge $-1 -1 $-1 $4062 $4517 $4520 $4521 reversed $3852 $-1 #
coedge $-1 -1 $-1 $4522 $4523 $4062 $4289 forward $4524 $-1 #
edge $-1 -1 $-1 $4525 0.4000000000000003553 $4526 16.40000000000000568 $4062 $4527 forward @7 unknown #
DXID-attrib $-1 -1 $-1 $-1 $4064 @10 ASM ENTITY @2 87 #
face $4528 -1 $-1 $2987 $4281 $27 $-1 $4529 reversed single #
plane-surface $-1 -1 $-1 60 -2.990000000000000213 74.5 0 1 0 0 0 1 forward_v I I I I #
coedge $-1 -1 $-1 $4293 $4293 $4066 $4294 reversed $4530 $-1 #
edge $-1 -1 $-1 $4531 0 $4531 6.283185307179586232 $4066 $4532 forward @7 unknown #
point $-1 -1 $-1 60 -2.990000000000000213 8.691470588234999184 #
edge $-1 -1 $-1 $4533 0 $4533 6.283185307179586232 $4256 $4534 forward @7 unknown #
DXID-attrib $-1 -1 $-1 $-1 $4071 @10 ASM ENTITY @2 97 #
face $4535 -1 $-1 $4536 $4537 $27 $-1 $4538 forward single #
loop $-1 -1 $-1 $-1 $4539 $4071 #
plane-surface $-1 -1 $-1 46.70000000000000995 -2.600000000000000089 46.10000000000000142 0 1 0 0 0 1 forward_v I I I I #
DXID-attrib $-1 -1 $-1 $-1 $4076 @10 ASM ENTITY @2 64 #
plane-surface $-1 -1 $-1 48.00000000000000711 26 76.5 0 1 0 0 0 1 forward_v I I I I #
loop $-1 -1 $-1 $-1 $4540 $4304 #
face $4541 -1 $-1 $3998 $4084 $25 $-1 $4542 reversed single #
point $-1 -1 $-1 114.5000000000000142 6.700000000000000178 75.90000000000000568 #
coedge $-1 -1 $-1 $4306 $4306 $4543 $4544 forward $4087 $-1 #
DXID-attrib $-1 -1 $-1 $-1 $4088 @10 ASM ENTITY @3 124 #
cone-surface $-1 -1 $-1 60 6.690000000000000391 74.5 0 1 0 0 0 1.399999999999999911 1 I I 0 1 1.399999999999999911 forward I I I I #
coedge $-1 -1 $-1 $4309 $4309 $4090 $4310 reversed $4545 $-1 #
edge $-1 -1 $-1 $4546 0 $4546 6.283185307179586232 $4090 $4547 forward @7 unknown #
loop $-1 -1 $-1 $-1 $4093 $4548 #
vertex $-1 -1 $-1 $4094 $4549 #
ellipse-curve $-1 -1 $-1 60 11.69999999999999929 5.5 0 1 0 0 0 1.399999999999999911 1 I I #
face $4550 -1 $-1 $4548 $4095 $25 $-1 $4551 reversed single #
point $-1 -1 $-1 5.5 11.69999999999999929 75.90000000000000568 #
DXID-attrib $-1 -1 $-1 $-1 $4098 @10 ASM ENTITY @3 146 #
plane-surface $-1 -1 $-1 5.5 11.69999999999999929 5.5 0 1 0 0 0 1 forward_v I I I I #
coedge $-1 -1 $-1 $4552 $4553 $4103 $4319 forward $4554 $-1 #
edge $-1 -1 $-1 $4328 49.25000000000000711 $4323 57.24999999999999289 $4103 $4555 forward @7 unknown #
coedge $-1 -1 $-1 $4556 $4104 $4109 $4332 reversed $4322 $-1 #
coedge $-1 -1 $-1 $4104 $4556 $4552 $4557 forward $4322 $-1 #
loop $-1 -1 $-1 $4558 $4320 $4559 #
vertex $-1 -1 $-1 $4105 $4560 #
straight-curve $-1 -1 $-1 109 27.5 30.75 0 0 -1 F -34.24999999999999289 F -28.25 #
coedge $-1 -1 $-1 $4561 $4106 $4553 $4562 reversed $4327 $-1 #
coedge $-1 -1 $-1 $4106 $4561 $4108 $4331 forward $4327 $-1 #
loop $-1 -1 $-1 $4563 $4326 $4564 #
vertex $-1 -1 $-1 $4319 $4565 #
straight-curve $-1 -1 $-1 101.0000000000000142 27.5 30.75 0 0 -1 F -34.24999999999999289 F -28.25 #
coedge $-1 -1 $-1 $4109 $4108 $4566 $4567 forward $4110 $-1 #
edge $-1 -1 $-1 $4568 0 $4111 6.999999999999997335 $4108 $4569 forward @7 unknown #
edge $-1 -1 $-1 $4570 0 $4112 6.999999999999997335 $4109 $4571 forward @7 unknown #
face $4572 -1 $-1 $4564 $4110 $25 $-1 $4573 forward single #
point $-1 -1 $-1 101.0000000000000142 27.5 65 #
point $-1 -1 $-1 109 27.5 65 #
coedge $-1 -1 $-1 $4574 $4114 $4575 $4576 reversed $3739 $-1 #
coedge $-1 -1 $-1 $4577 $4578 $4114 $4338 reversed $4579 $-1 #
edge $-1 -1 $-1 $4346 -28.25 $4580 -26.25 $4114 $4581 forward @7 unknown #
coedge $-1 -1 $-1 $4115 $4582 $4583 $4584 forward $3739 $-1 #
coedge $-1 -1 $-1 $4585 $4586 $4115 $4341 forward $4587 $-1 #
edge $-1 -1 $-1 $4345 -28.25 $4588 -26.25 $4115 $4589 forward @7 unknown #
coedge $-1 -1 $-1 $4590 $4116 $4586 $4591 reversed $4344 $-1 #
coedge $-1 -1 $-1 $4116 $4590 $4577 $4592 forward $4344 $-1 #
loop $-1 -1 $-1 $-1 $4342 $4593 #
vertex $-1 -1 $-1 $4117 $4594 #
vertex $-1 -1 $-1 $4117 $4595 #
straight-curve $-1 -1 $-1 23.75 27.5 57 1 0 0 F 21.25 F 76.25 #
coedge $-1 -1 $-1 $4596 $4597 $4118 $4349 forward $4598 $-1 #
edge $-1 -1 $-1 $4358 47.75 $4353 49.74999999999999289 $4118 $4599 forward @7 unknown #
coedge $-1 -1 $-1 $4600 $4119 $4124 $4362 reversed $4352 $-1 #
coedge $-1 -1 $-1 $4119 $4600 $4596 $4601 forward $4352 $-1 #
loop $-1 -1 $-1 $-1 $4350 $4602 #
vertex $-1 -1 $-1 $4120 $4603 #
straight-curve $-1 -1 $-1 100 27.5 19.75 0 0 -1 F -27.25 F -17.25 #
coedge $-1 -1 $-1 $4604 $4121 $4597 $4605 reversed $4357 $-1 #
coedge $-1 -1 $-1 $4121 $4604 $4123 $4361 forward $4357 $-1 #
loop $-1 -1 $-1 $-1 $4356 $4606 #
vertex $-1 -1 $-1 $4349 $4607 #
straight-curve $-1 -1 $-1 98 27.5 19.75 0 0 -1 F -27.25 F -17.25 #
coedge $-1 -1 $-1 $4124 $4123 $4608 $4609 forward $4125 $-1 #
edge $-1 -1 $-1 $4610 0 $4126 20 $4123 $4611 forward @7 unknown #
edge $-1 -1 $-1 $4612 0 $4127 20 $4124 $4613 forward @7 unknown #
face $4614 -1 $-1 $4606 $4125 $25 $-1 $4615 forward single #
point $-1 -1 $-1 98 27.5 47 #
point $-1 -1 $-1 100 27.5 47 #
coedge $-1 -1 $-1 $4415 $4616 $4129 $4367 forward $4617 $-1 #
edge $-1 -1 $-1 $4376 -15.85000000000000142 $4368 -12.75 $4129 $4618 forward @7 unknown #
vertex $-1 -1 $-1 $4131 $4619 #
straight-curve $-1 -1 $-1 23.75 27.5 27 1 0 0 F 50.75 F 76.25 #
coedge $-1 -1 $-1 $4133 $4132 $4422 $4620 reversed $4134 $-1 #
edge $-1 -1 $-1 $4423 0 $4135 24.5 $4183 $4621 forward @7 unknown #
face $4622 -1 $-1 $4623 $4134 $25 $-1 $4624 forward single #
point $-1 -1 $-1 100 27.5 27 #
coedge $-1 -1 $-1 $4407 $4137 $4616 $4625 reversed $4171 $-1 #
coedge $-1 -1 $-1 $4137 $4405 $4139 $4379 forward $4171 $-1 #
vertex $-1 -1 $-1 $4367 $4626 #
straight-curve $-1 -1 $-1 25 27.5 30.10000000000000142 1 0 0 F 49.5 F 69.70000000000000284 #
coedge $-1 -1 $-1 $4140 $4139 $4627 $4628 reversed $4141 $-1 #
edge $-1 -1 $-1 $4629 0 $4142 18.19999999999999574 $4375 $4630 forward @7 unknown #
face $4631 -1 $-1 $4372 $4141 $25 $-1 $4632 forward single #
point $-1 -1 $-1 94.70000000000000284 27.5 30.10000000000000142 #
coedge $-1 -1 $-1 $4627 $4633 $4144 $4383 forward $4634 $-1 #
edge $-1 -1 $-1 $4635 0 $4384 47.20000000000000284 $4144 $4636 forward @7 unknown #
vertex $-1 -1 $-1 $4145 $4637 #
straight-curve $-1 -1 $-1 94.70000000000000284 9.300000000000000711 29.00000000000000355 0 1 0 F 0 F 18.19999999999999574 #
edge $-1 -1 $-1 $4190 0 $4387 55 $4146 $4638 forward @7 unknown #
vertex $-1 -1 $-1 $4386 $4639 #
straight-curve $-1 -1 $-1 100 3.000000000000000444 29.00000000000000355 0 1 0 F 0 F 24.5 #
DXID-attrib $-1 -1 $-1 $-1 $4148 @10 ASM ENTITY @2 89 #
face $4640 -1 $-1 $4641 $4171 $25 $-1 $4642 forward single #
plane-surface $-1 -1 $-1 45 3.000000000000000444 29.00000000000000355 0 0 1 1 0 0 forward_v I I I I #
coedge $-1 -1 $-1 $4643 $4151 $4154 $4396 reversed $4394 $-1 #
coedge $-1 -1 $-1 $4151 $4643 $4169 $4406 forward $4394 $-1 #
loop $-1 -1 $-1 $-1 $4393 $4641 #
straight-curve $-1 -1 $-1 47.5 27.5 15.75000000000000178 0 0 -1 F -14.34999999999999964 F -13.25000000000000178 #
edge $-1 -1 $-1 $4635 0 $4155 18.19999999999999574 $4154 $4644 forward @7 unknown #
point $-1 -1 $-1 47.5 27.5 29.00000000000000355 #
edge $-1 -1 $-1 $4399 0 $4163 2.999999999999998224 $4157 $4645 forward @7 unknown #
vertex $-1 -1 $-1 $4398 $4646 #
straight-curve $-1 -1 $-1 45.70000000000000284 7.5 29.00000000000000355 0 1 0 F 0 F 20 #
DXID-attrib $-1 -1 $-1 $-1 $4159 @10 ASM ENTITY @2 87 #
plane-surface $-1 -1 $-1 45.70000000000000284 7.5 29.00000000000000355 1 0 0 0 0 1 forward_v I I I I #
straight-curve $-1 -1 $-1 43 7.5 32 1 0 0 F 0 F 2.700000000000004619 #
point $-1 -1 $-1 45.70000000000000284 7.5 32 #
coedge $-1 -1 $-1 $4375 $4169 $4647 $4648 forward $4171 $-1 #
edge $-1 -1 $-1 $4649 0 $4172 18.19999999999999574 $4169 $4650 forward @7 unknown #
coedge $-1 -1 $-1 $4170 $4374 $4651 $4652 forward $4171 $-1 #
point $-1 -1 $-1 47.5 27.5 30.10000000000000142 #
coedge $-1 -1 $-1 $4651 $4179 $4174 $4410 forward $4418 $-1 #
edge $-1 -1 $-1 $4181 1.000000000000000888 $4411 4.100000000000001421 $4174 $4653 forward @7 unknown #
vertex $-1 -1 $-1 $4410 $4654 #
straight-curve $-1 -1 $-1 66.5 11.80000000000000071 30.10000000000000142 0 1 0 F 2.5 F 15.69999999999999751 #
DXID-attrib $-1 -1 $-1 $-1 $4176 @10 ASM ENTITY @2 88 #
plane-surface $-1 -1 $-1 66.5 14.30000000000000071 26 1 0 0 0 0 1 forward_v I I I I #
coedge $-1 -1 $-1 $4655 $4366 $4178 $4416 reversed $4617 $-1 #
edge $-1 -1 $-1 $4419 5.650000000000000355 $4368 18.84999999999999787 $4178 $4656 forward @7 unknown #
coedge $-1 -1 $-1 $4179 $4651 $4655 $4657 reversed $4418 $-1 #
loop $-1 -1 $-1 $-1 $4417 $4658 #
vertex $-1 -1 $-1 $4180 $4659 #
straight-curve $-1 -1 $-1 55.75 14.30000000000000071 27 -1 0 0 F -18.75 F -10.75000000000000178 #
point $-1 -1 $-1 66.5 14.30000000000000071 27 #
coedge $-1 -1 $-1 $4188 $4184 $4370 $4620 forward $4189 $-1 #
vertex $-1 -1 $-1 $4371 $4660 #
straight-curve $-1 -1 $-1 45 3.000000000000000444 27 1 0 0 F 0 F 55 #
face $4661 -1 $-1 $4658 $4189 $25 $-1 $4662 reversed single #
point $-1 -1 $-1 45 3.000000000000000444 29.00000000000000355 #
straight-curve $-1 -1 $-1 43 7.5 29.00000000000000355 1 0 0 F 2.000000000000001776 F 2.700000000000004619 #
DXID-attrib $-1 -1 $-1 $-1 $4197 @10 ASM ENTITY @3 131 #
plane-surface $-1 -1 $-1 43 7.5 29.00000000000000355 0 1 0 0 0 1 forward_v I I I I #
coedge $-1 -1 $-1 $4200 $4199 $4663 $4664 forward $3779 $-1 #
coedge $-1 -1 $-1 $4214 $4213 $4199 $4432 reversed $4215 $-1 #
edge $-1 -1 $-1 $4435 0.5000000000000004441 $4665 2.5 $4199 $4666 forward @7 unknown #
coedge $-1 -1 $-1 $4209 $4208 $4200 $4434 forward $4210 $-1 #
edge $-1 -1 $-1 $4436 0.5000000000000004441 $4667 2.5 $4200 $4668 forward @7 unknown #
vertex $-1 -1 $-1 $4202 $4669 #
vertex $-1 -1 $-1 $4202 $4670 #
straight-curve $-1 -1 $-1 5.5 10.5 35 -1 0 0 F -6.500000000000000888 F -0.999999999999999778 #
DXID-attrib $-1 -1 $-1 $-1 $4204 @10 ASM ENTITY @3 127 #
face $4671 -1 $-1 $4446 $4215 $25 $-1 $4672 reversed single #
plane-surface $-1 -1 $-1 6.5 10.5 34 0 1 0 0 0 1 forward_v I I I I #
coedge $-1 -1 $-1 $4663 $4206 $4209 $4445 reversed $4443 $-1 #
coedge $-1 -1 $-1 $4206 $4663 $4213 $4448 forward $4443 $-1 #
loop $-1 -1 $-1 $-1 $4442 $4673 #
straight-curve $-1 -1 $-1 5.5 12.5 49 -1 0 0 F -6.500000000000000888 F -0.999999999999999778 #
edge $-1 -1 $-1 $4667 0.9999999999999964473 $4211 15 $4209 $4674 forward @7 unknown #
face $4675 -1 $-1 $4673 $4210 $25 $-1 $4676 forward single #
point $-1 -1 $-1 6.5 12.5 49 #
edge $-1 -1 $-1 $4665 0.9999999999999964473 $4216 15 $4213 $4677 forward @7 unknown #
point $-1 -1 $-1 12.00000000000000178 12.5 49 #
straight-curve $-1 -1 $-1 12.00000000000000178 10.5 34 0 0 1 F 0.9999999999999964473 F 15 #
straight-curve $-1 -1 $-1 6.5 10.5 34 0 0 1 F 0.9999999999999964473 F 15 #
loop $-1 -1 $-1 $4678 $4679 $216 #
coedge $-1 -1 $-1 $4680 $4681 $4682 $4683 reversed $4222 $-1 #
coedge $-1 -1 $-1 $4684 $4223 $4685 $4686 forward $4010 $-1 #
coedge $-1 -1 $-1 $4223 $4684 $4687 $4688 reversed $4010 $-1 #
coedge $-1 -1 $-1 $4689 $4690 $4223 $4457 reversed $4691 $-1 #
edge $-1 -1 $-1 $4692 1.746111618101025664 $4693 2.264689420248819918 $4223 $4694 forward @7 unknown #
loop $-1 -1 $-1 $4695 $4224 $4696 #
vertex $-1 -1 $-1 $4225 $4697 #
ellipse-curve $-1 -1 $-1 60 0 74.5 0 1 0 0 0 1.750000000000000222 1 I I #
coedge $-1 -1 $-1 $4698 $4699 $4226 $4462 reversed $4700 $-1 #
edge $-1 -1 $-1 $4466 5.984087859267999576 $4471 52.01591214073200575 $4226 $4701 forward @7 unknown #
coedge $-1 -1 $-1 $4702 $4227 $4232 $4475 forward $4465 $-1 #
coedge $-1 -1 $-1 $4227 $4702 $4698 $4703 reversed $4465 $-1 #
loop $-1 -1 $-1 $-1 $4463 $4704 #
vertex $-1 -1 $-1 $4228 $4705 #
ellipse-curve $-1 -1 $-1 5.5 0 74.5 0 1 0 0 0 4.299999999999999822 1 F 0.8769032333409727542 F 1.395481035488767896 #
coedge $-1 -1 $-1 $4706 $4229 $4699 $4707 forward $4470 $-1 #
coedge $-1 -1 $-1 $4229 $4706 $4231 $4474 reversed $4470 $-1 #
loop $-1 -1 $-1 $-1 $4468 $4708 #
vertex $-1 -1 $-1 $4462 $4709 #
ellipse-curve $-1 -1 $-1 60 0 74.5 0 1 0 0 0 4.299999999999999822 1 F -1.395481035488765897 F -0.8769032333409705338 #
coedge $-1 -1 $-1 $4232 $4231 $4710 $4711 reversed $4233 $-1 #
edge $-1 -1 $-1 $4235 1 $4712 5 $4231 $4713 forward @7 unknown #
edge $-1 -1 $-1 $4234 1 $4714 5 $4232 $4715 forward @7 unknown #
face $4716 -1 $-1 $4704 $4233 $27 $-1 $4717 forward single #
point $-1 -1 $-1 8.805676935213000434 0 77.25 #
point $-1 -1 $-1 56.69432306478700667 0 77.25 #
coedge $-1 -1 $-1 $4718 $4237 $4240 $4484 reversed $4481 $-1 #
coedge $-1 -1 $-1 $4237 $4718 $4244 $4488 forward $4481 $-1 #
loop $-1 -1 $-1 $-1 $4237 $4719 #
straight-curve $-1 -1 $-1 46.70000000000000995 0 53.70000000000000995 0 0 -1 F 0 F 7.60000000000000675 #
coedge $-1 -1 $-1 $4240 $4239 $4539 $4720 forward $4241 $-1 #
edge $-1 -1 $-1 $4721 0 $4242 2.600000000000000089 $4240 $4722 forward @7 unknown #
face $4723 -1 $-1 $4719 $4241 $27 $-1 $4724 reversed single #
point $-1 -1 $-1 46.70000000000000995 0 53.70000000000000995 #
coedge $-1 -1 $-1 $4245 $4244 $4725 $4726 forward $4246 $-1 #
edge $-1 -1 $-1 $4727 0 $4247 2.600000000000000089 $4244 $4728 forward @7 unknown #
face $4729 -1 $-1 $4485 $4246 $27 $-1 $4730 forward single #
point $-1 -1 $-1 46.70000000000000995 0 46.10000000000000142 #
coedge $-1 -1 $-1 $4731 $4249 $4732 $4733 forward $4023 $-1 #
coedge $-1 -1 $-1 $4725 $4734 $4249 $4493 reversed $4299 $-1 #
edge $-1 -1 $-1 $4494 0 $4735 0.8000000000000007105 $4249 $4736 forward @7 unknown #
vertex $-1 -1 $-1 $4250 $4737 #
straight-curve $-1 -1 $-1 57.5 -2.600000000000000089 46.10000000000000142 0 1 0 F 0 F 2.600000000000000089 #
coedge $-1 -1 $-1 $4251 $4731 $4738 $4739 reversed $4023 $-1 #
coedge $-1 -1 $-1 $4740 $4539 $4251 $4498 reversed $4299 $-1 #
edge $-1 -1 $-1 $4741 0 $4499 0.8000000000000095923 $4251 $4742 forward @7 unknown #
vertex $-1 -1 $-1 $4252 $4743 #
straight-curve $-1 -1 $-1 57.5 -2.600000000000000089 53.70000000000000995 0 1 0 F 0 F 2.600000000000000089 #
DXID-attrib $-1 -1 $-1 $-1 $4253 @10 ASM ENTITY @2 43 #
plane-surface $-1 -1 $-1 57.5 -2.600000000000000089 52.89999999999999858 1 0 0 0 0 1 forward_v I I I I #
coedge $-1 -1 $-1 $4261 $4265 $4259 $4504 forward $4271 $-1 #
edge $-1 -1 $-1 $4267 -66.51591214073199865 $4263 -42.25 $4259 $4744 forward @7 unknown #
DXID-attrib $-1 -1 $-1 $-1 $4260 @10 ASM ENTITY @2 41 #
plane-surface $-1 -1 $-1 4.75 -1 4.75 1 0 0 0 0 1 forward_v I I I I #
straight-curve $-1 -1 $-1 0.875000000000000111 4 46.00000000000000711 1 0 0 F 1.875 F 3.875 #
point $-1 -1 $-1 4.75 4 46.00000000000000711 #
ellipse-curve $-1 -1 $-1 5.5 4 74.5 0 1 0 0 0 4.299999999999999822 1 F -2.966277362283664232 F -2.4476995601358702 #
point $-1 -1 $-1 4.75 4 70.26591214073199865 #
point $-1 -1 $-1 54.10000000000000142 -2.5 35.5 #
DXID-attrib $-1 -1 $-1 $-1 $4279 @10 ASM ENTITY @2 95 #
plane-surface $-1 -1 $-1 2.75 4 2.75 0 1 0 0 0 1 forward_v I I I I #
loop $-1 -1 $-1 $-1 $4745 $4291 #
point $-1 -1 $-1 114.5000000000000142 -2.990000000000000213 77.70000000000000284 #
coedge $-1 -1 $-1 $4516 $4516 $4746 $4747 forward $4284 $-1 #
coedge $-1 -1 $-1 $4287 $4286 $4748 $4749 forward $3852 $-1 #
coedge $-1 -1 $-1 $4750 $4751 $4286 $4519 reversed $4752 $-1 #
edge $-1 -1 $-1 $4525 -30.39999999999999858 $4753 -0.4000000000000003553 $4286 $4754 forward @7 unknown #
coedge $-1 -1 $-1 $4755 $4756 $4287 $4521 forward $4757 $-1 #
edge $-1 -1 $-1 $4526 -30.39999999999999858 $4758 -0.4000000000000003553 $4287 $4759 forward @7 unknown #
coedge $-1 -1 $-1 $4760 $4288 $4756 $4761 forward $4524 $-1 #
coedge $-1 -1 $-1 $4288 $4760 $4750 $4762 reversed $4524 $-1 #
loop $-1 -1 $-1 $-1 $4522 $4763 #
vertex $-1 -1 $-1 $4289 $4764 #
vertex $-1 -1 $-1 $4289 $4765 #
straight-curve $-1 -1 $-1 92.30000000000001137 -2.200000000000000178 34.10000000000000142 0 0 1 F 0.4000000000000003553 F 16.40000000000000568 #
DXID-attrib $-1 -1 $-1 $-1 $4291 @10 ASM ENTITY @2 88 #
plane-surface $-1 -1 $-1 114.5000000000000142 -2.990000000000000213 74.5 0 1 0 0 0 1 forward_v I I I I #
loop $-1 -1 $-1 $4766 $4293 $4767 #
vertex $-1 -1 $-1 $4294 $4768 #
ellipse-curve $-1 -1 $-1 114.5000000000000142 -2.990000000000000213 5.5 0 1 0 0 0 3.191470588235000072 1 I I #
vertex $-1 -1 $-1 $4296 $4769 #
ellipse-curve $-1 -1 $-1 5.5 -1.300000000000000044 74.5 0 1 0 0 0 1.750000000000000222 1 I I #
DXID-attrib $-1 -1 $-1 $-1 $4298 @10 ASM ENTITY @2 98 #
face $4770 -1 $-1 $4771 $4772 $27 $-1 $4773 forward single #
loop $-1 -1 $-1 $-1 $4774 $4298 #
plane-surface $-1 -1 $-1 46.70000000000000995 -2.600000000000000089 52.89999999999999858 0 0 1 1 0 0 forward_v I I I I #
coedge $-1 -1 $-1 $4497 $4775 $4483 $4720 reversed $4299 $-1 #
coedge $-1 -1 $-1 $4540 $4540 $4776 $4777 forward $4303 $-1 #
DXID-attrib $-1 -1 $-1 $-1 $4304 @10 ASM ENTITY @3 125 #
cone-surface $-1 -1 $-1 114.5000000000000142 6.690000000000000391 74.5 0 1 0 0 0 1.399999999999999911 1 I I 0 1 1.399999999999999911 forward I I I I #
coedge $-1 -1 $-1 $4543 $4543 $4306 $4544 reversed $4778 $-1 #
edge $-1 -1 $-1 $4779 0 $4779 6.283185307179586232 $4306 $4780 forward @7 unknown #
loop $-1 -1 $-1 $-1 $4309 $4781 #
vertex $-1 -1 $-1 $4310 $4782 #
ellipse-curve $-1 -1 $-1 114.5000000000000142 11.69999999999999929 5.5 0 1 0 0 0 1.399999999999999911 1 I I #
face $4783 -1 $-1 $4781 $4311 $25 $-1 $4784 reversed single #
point $-1 -1 $-1 60 11.69999999999999929 6.900000000000000355 #
DXID-attrib $-1 -1 $-1 $-1 $4314 @10 ASM ENTITY @3 147 #
plane-surface $-1 -1 $-1 5.5 11.69999999999999929 74.5 0 1 0 0 0 1 forward_v I I I I #
coedge $-1 -1 $-1 $4785 $4318 $4321 $4557 reversed $4554 $-1 #
coedge $-1 -1 $-1 $4318 $4785 $4325 $4562 forward $4554 $-1 #
loop $-1 -1 $-1 $-1 $4553 $4786 #
straight-curve $-1 -1 $-1 51.75000000000000711 27.5 59 1 0 0 F 49.25000000000000711 F 57.24999999999999289 #
coedge $-1 -1 $-1 $4321 $4320 $4787 $4788 reversed $4322 $-1 #
edge $-1 -1 $-1 $4789 0 $4323 6.999999999999997335 $4321 $4790 forward @7 unknown #
loop $-1 -1 $-1 $-1 $4791 $4559 #
face $4792 -1 $-1 $4786 $4322 $25 $-1 $4793 forward single #
point $-1 -1 $-1 109 27.5 59 #
coedge $-1 -1 $-1 $4326 $4325 $4794 $4795 forward $4327 $-1 #
edge $-1 -1 $-1 $4796 0 $4328 6.999999999999997335 $4325 $4797 forward @7 unknown #
loop $-1 -1 $-1 $-1 $4798 $4564 #
face $4799 -1 $-1 $4559 $4327 $25 $-1 $4800 reversed single #
point $-1 -1 $-1 101.0000000000000142 27.5 59 #
coedge $-1 -1 $-1 $4794 $4787 $4330 $4567 reversed $4801 $-1 #
edge $-1 -1 $-1 $4568 0 $4570 7.999999999999989342 $4330 $4802 forward @7 unknown #
vertex $-1 -1 $-1 $4331 $4803 #
straight-curve $-1 -1 $-1 101.0000000000000142 20.50000000000000355 65 0 1 0 F 0 F 6.999999999999997335 #
vertex $-1 -1 $-1 $4567 $4804 #
straight-curve $-1 -1 $-1 109 20.50000000000000355 65 0 1 0 F 0 F 6.999999999999997335 #
DXID-attrib $-1 -1 $-1 $-1 $4333 @10 ASM ENTITY @3 116 #
plane-surface $-1 -1 $-1 101.0000000000000142 20.50000000000000355 65 0 0 1 1 0 0 forward_v I I I I #
coedge $-1 -1 $-1 $4805 $4336 $4806 $4807 forward $3739 $-1 #
coedge $-1 -1 $-1 $4808 $4809 $4336 $4576 forward $4810 $-1 #
edge $-1 -1 $-1 $4811 70.95000000000000284 $4580 76.25 $4336 $4812 forward @7 unknown #
coedge $-1 -1 $-1 $4813 $4337 $4343 $4592 reversed $4579 $-1 #
coedge $-1 -1 $-1 $4337 $4813 $4808 $4814 forward $4579 $-1 #
loop $-1 -1 $-1 $-1 $4577 $4815 #
vertex $-1 -1 $-1 $4338 $4816 #
straight-curve $-1 -1 $-1 100 27.5 28.75 0 0 -1 F -28.25 F -26.25 #
coedge $-1 -1 $-1 $4339 $4817 $4818 $4819 reversed $3739 $-1 #
coedge $-1 -1 $-1 $4820 $4821 $4339 $4584 reversed $4822 $-1 #
edge $-1 -1 $-1 $4823 20.24999999999999645 $4588 22.25 $4339 $4824 forward @7 unknown #
coedge $-1 -1 $-1 $4825 $4340 $4821 $4826 reversed $4587 $-1 #
coedge $-1 -1 $-1 $4340 $4827 $4342 $4591 forward $4587 $-1 #
loop $-1 -1 $-1 $-1 $4586 $4828 #
vertex $-1 -1 $-1 $4584 $4829 #
straight-curve $-1 -1 $-1 45 27.5 28.75 0 0 -1 F -28.25 F -26.25 #
coedge $-1 -1 $-1 $4343 $4342 $4830 $4831 forward $4344 $-1 #
edge $-1 -1 $-1 $4832 0 $4345 24.5 $4342 $4833 forward @7 unknown #
edge $-1 -1 $-1 $4834 0 $4346 24.5 $4343 $4835 forward @7 unknown #
face $4836 -1 $-1 $4828 $4344 $25 $-1 $4837 forward single #
point $-1 -1 $-1 45 27.5 57 #
point $-1 -1 $-1 100 27.5 57 #
coedge $-1 -1 $-1 $4838 $4348 $4351 $4601 reversed $4598 $-1 #
coedge $-1 -1 $-1 $4348 $4838 $4355 $4605 forward $4598 $-1 #
loop $-1 -1 $-1 $-1 $4597 $4839 #
straight-curve $-1 -1 $-1 50.25 27.5 37 1 0 0 F 47.75 F 49.74999999999999289 #
coedge $-1 -1 $-1 $4351 $4350 $4840 $4841 reversed $4352 $-1 #
edge $-1 -1 $-1 $4842 0 $4353 20 $4351 $4843 forward @7 unknown #
face $4844 -1 $-1 $4839 $4352 $25 $-1 $4845 forward single #
point $-1 -1 $-1 100 27.5 37 #
coedge $-1 -1 $-1 $4356 $4355 $4846 $4847 forward $4357 $-1 #
edge $-1 -1 $-1 $4848 0 $4358 20 $4355 $4849 forward @7 unknown #
face $4850 -1 $-1 $4602 $4357 $25 $-1 $4851 reversed single #
point $-1 -1 $-1 98 27.5 37 #
coedge $-1 -1 $-1 $4846 $4840 $4360 $4609 reversed $4852 $-1 #
edge $-1 -1 $-1 $4610 0 $4612 1.999999999999992895 $4360 $4853 forward @7 unknown #
vertex $-1 -1 $-1 $4361 $4854 #
straight-curve $-1 -1 $-1 98 7.5 47 0 1 0 F 0 F 20 #
vertex $-1 -1 $-1 $4609 $4855 #
straight-curve $-1 -1 $-1 100 7.5 47 0 1 0 F 0 F 20 #
DXID-attrib $-1 -1 $-1 $-1 $4363 @10 ASM ENTITY @2 95 #
plane-surface $-1 -1 $-1 98 7.5 47 0 0 1 1 0 0 forward_v I I I I #
coedge $-1 -1 $-1 $4366 $4655 $4374 $4625 forward $4617 $-1 #
loop $-1 -1 $-1 $-1 $4655 $4623 #
straight-curve $-1 -1 $-1 74.5 27.5 14.25 0 0 -1 F -15.85000000000000142 F -12.75 #
point $-1 -1 $-1 74.5 27.5 27 #
edge $-1 -1 $-1 $4423 0 $4387 2.000000000000001776 $4370 $4856 forward @7 unknown #
straight-curve $-1 -1 $-1 100 3.000000000000000444 27 0 1 0 F 0 F 24.5 #
DXID-attrib $-1 -1 $-1 $-1 $4372 @10 ASM ENTITY @2 93 #
face $4857 -1 $-1 $4363 $4617 $25 $-1 $4858 reversed single #
plane-surface $-1 -1 $-1 100 3.000000000000000444 27 1 0 0 0 0 1 forward_v I I I I #
edge $-1 -1 $-1 $4859 2.5 $4376 15.69999999999999751 $4374 $4860 forward @7 unknown #
point $-1 -1 $-1 74.5 27.5 30.10000000000000142 #
coedge $-1 -1 $-1 $4647 $4382 $4378 $4628 forward $4634 $-1 #
edge $-1 -1 $-1 $4384 0 $4629 1.099999999999998757 $4378 $4861 forward @7 unknown #
vertex $-1 -1 $-1 $4648 $4862 #
straight-curve $-1 -1 $-1 94.70000000000000284 9.300000000000000711 30.10000000000000142 0 1 0 F 0 F 18.19999999999999574 #
DXID-attrib $-1 -1 $-1 $-1 $4380 @10 ASM ENTITY @2 92 #
plane-surface $-1 -1 $-1 94.70000000000000284 9.300000000000000711 29.00000000000000355 1 0 0 0 0 1 forward_v I I I I #
coedge $-1 -1 $-1 $4382 $4647 $4643 $4863 reversed $4634 $-1 #
loop $-1 -1 $-1 $-1 $4382 $4864 #
vertex $-1 -1 $-1 $4383 $4865 #
straight-curve $-1 -1 $-1 47.5 9.300000000000000711 29.00000000000000355 1 0 0 F 0 F 47.20000000000000284 #
point $-1 -1 $-1 94.70000000000000284 9.300000000000000711 29.00000000000000355 #
straight-curve $-1 -1 $-1 45 3.000000000000000444 29.00000000000000355 1 0 0 F 0 F 55 #
point $-1 -1 $-1 100 3.000000000000000444 29.00000000000000355 #
DXID-attrib $-1 -1 $-1 $-1 $4390 @10 ASM ENTITY @2 90 #
face $4866 -1 $-1 $4380 $4394 $25 $-1 $4867 reversed single #
plane-surface $-1 -1 $-1 47.5 9.300000000000000711 30.10000000000000142 0 0 1 1 0 0 forward_v I I I I #
coedge $-1 -1 $-1 $4393 $4392 $4633 $4863 forward $4394 $-1 #
straight-curve $-1 -1 $-1 47.5 9.300000000000000711 29.00000000000000355 0 1 0 F 0 F 18.19999999999999574 #
straight-curve $-1 -1 $-1 45.70000000000000284 7.5 29.00000000000000355 0 0 1 F 0 F 2.999999999999998224 #
point $-1 -1 $-1 45.70000000000000284 7.5 29.00000000000000355 #
coedge $-1 -1 $-1 $4633 $4627 $4405 $4648 reversed $4634 $-1 #
edge $-1 -1 $-1 $4649 0 $4629 47.20000000000000284 $4405 $4868 forward @7 unknown #
vertex $-1 -1 $-1 $4406 $4869 #
straight-curve $-1 -1 $-1 47.5 9.300000000000000711 30.10000000000000142 0 1 0 F 0 F 18.19999999999999574 #
coedge $-1 -1 $-1 $4417 $4409 $4407 $4652 reversed $4418 $-1 #
edge $-1 -1 $-1 $4859 -17.5 $4411 -9.500000000000001776 $4407 $4870 forward @7 unknown #
straight-curve $-1 -1 $-1 66.5 14.30000000000000071 26 0 0 1 F 1.000000000000000888 F 4.100000000000001421 #
point $-1 -1 $-1 66.5 14.30000000000000071 30.10000000000000142 #
coedge $-1 -1 $-1 $4616 $4415 $4417 $4657 forward $4617 $-1 #
straight-curve $-1 -1 $-1 74.5 8.650000000000000355 27 0 1 0 F 5.650000000000000355 F 18.84999999999999787 #
edge $-1 -1 $-1 $4419 1.000000000000000888 $4859 4.100000000000001421 $4655 $4871 forward @7 unknown #
face $4872 -1 $-1 $4864 $4418 $25 $-1 $4873 forward single #
point $-1 -1 $-1 74.5 14.30000000000000071 27 #
point $-1 -1 $-1 100 3.000000000000000444 27 #
DXID-attrib $-1 -1 $-1 $-1 $4425 @10 ASM ENTITY @3 132 #
plane-surface $-1 -1 $-1 45 3.000000000000000444 27 0 1 0 0 0 1 forward_v I I I I #
coedge $-1 -1 $-1 $4442 $4441 $4430 $4664 reversed $4443 $-1 #
edge $-1 -1 $-1 $4665 -6.500000000000000888 $4667 -0.999999999999999778 $4430 $4874 forward @7 unknown #
vertex $-1 -1 $-1 $4432 $4875 #
straight-curve $-1 -1 $-1 12.00000000000000178 10 35 0 1 0 F 0.5000000000000004441 F 2.5 #
vertex $-1 -1 $-1 $4664 $4876 #
straight-curve $-1 -1 $-1 6.5 10 35 0 1 0 F 0.5000000000000004441 F 2.5 #
point $-1 -1 $-1 12.00000000000000178 10.5 35 #
point $-1 -1 $-1 6.5 10.5 35 #
DXID-attrib $-1 -1 $-1 $-1 $4439 @10 ASM ENTITY @3 128 #
plane-surface $-1 -1 $-1 12.00000000000000178 10.5 34 1 0 0 0 0 1 forward_v I I I I #
face $4877 -1 $-1 $4197 $4443 $25 $-1 $4878 reversed single #
straight-curve $-1 -1 $-1 6.5 12.5 34 0 0 1 F 0.9999999999999964473 F 15 #
DXID-attrib $-1 -1 $-1 $-1 $4446 @10 ASM ENTITY @3 129 #
plane-surface $-1 -1 $-1 6.5 10.5 34 1 0 0 0 0 1 forward_v I I I I #
straight-curve $-1 -1 $-1 12.00000000000000178 12.5 34 0 0 1 F 0.9999999999999964473 F 15 #
loop $-1 -1 $-1 $4879 $4880 $216 #
coedge $-1 -1 $-1 $4679 $4679 $4881 $4882 reversed $4452 $-1 #
coedge $-1 -1 $-1 $4883 $4453 $4884 $4885 forward $4222 $-1 #
coedge $-1 -1 $-1 $4453 $4883 $4886 $4887 reversed $4222 $-1 #
coedge $-1 -1 $-1 $4888 $4889 $4453 $4683 forward $4890 $-1 #
edge $-1 -1 $-1 $4891 25.5 $4892 64.49999999999998579 $4453 $4893 forward @7 unknown #
coedge $-1 -1 $-1 $4455 $4454 $4894 $4895 forward $4010 $-1 #
coedge $-1 -1 $-1 $4896 $4897 $4454 $4686 reversed $4898 $-1 #
edge $-1 -1 $-1 $4693 60.55567693521299333 $4899 108.4443230647799936 $4454 $4900 forward @7 unknown #
coedge $-1 -1 $-1 $4901 $4902 $4455 $4688 forward $4903 $-1 #
edge $-1 -1 $-1 $4692 60.48408785926800135 $4904 106.5159121407300091 $4455 $4905 forward @7 unknown #
coedge $-1 -1 $-1 $4906 $4456 $4902 $4907 forward $4691 $-1 #
coedge $-1 -1 $-1 $4456 $4906 $4896 $4908 reversed $4691 $-1 #
loop $-1 -1 $-1 $-1 $4689 $4909 #
vertex $-1 -1 $-1 $4457 $4910 #
vertex $-1 -1 $-1 $4457 $4911 #
ellipse-curve $-1 -1 $-1 60 0 5.5 0 1 0 0 0 4.299999999999999822 1 F 1.746111618101025664 F 2.264689420248819918 #
loop $-1 -1 $-1 $-1 $4912 $4696 #
face $4913 -1 $-1 $4909 $4458 $27 $-1 $4914 reversed single #
point $-1 -1 $-1 60 0 76.25 #
coedge $-1 -1 $-1 $4915 $4461 $4464 $4703 forward $4700 $-1 #
coedge $-1 -1 $-1 $4461 $4915 $4468 $4707 reversed $4700 $-1 #
loop $-1 -1 $-1 $-1 $4915 $4916 #
straight-curve $-1 -1 $-1 3.75 0 75.25 1 0 0 F 5.984087859267999576 F 52.01591214073200575 #
coedge $-1 -1 $-1 $4464 $4463 $4917 $4918 forward $4465 $-1 #
edge $-1 -1 $-1 $4466 1 $4919 5 $4464 $4920 forward @7 unknown #
face $4921 -1 $-1 $4708 $4465 $27 $-1 $4922 reversed single #
point $-1 -1 $-1 9.734087859267999576 0 75.25 #
coedge $-1 -1 $-1 $4469 $4468 $4923 $4924 forward $4470 $-1 #
edge $-1 -1 $-1 $4471 1 $4925 5 $4468 $4926 forward @7 unknown #
face $4927 -1 $-1 $4916 $4470 $27 $-1 $4928 reversed single #
point $-1 -1 $-1 55.76591214073200575 0 75.25 #
coedge $-1 -1 $-1 $4923 $4917 $4473 $4711 forward $4929 $-1 #
edge $-1 -1 $-1 $4714 6.055676935212999545 $4712 53.94432306478699957 $4473 $4930 forward @7 unknown #
vertex $-1 -1 $-1 $4711 $4931 #
straight-curve $-1 -1 $-1 56.69432306478700667 -1 77.25 0 1 0 F 1 F 5 #
vertex $-1 -1 $-1 $4711 $4932 #
straight-curve $-1 -1 $-1 8.805676935213000434 -1 77.25 0 1 0 F 1 F 5 #
DXID-attrib $-1 -1 $-1 $-1 $4476 @10 ASM ENTITY @2 47 #
plane-surface $-1 -1 $-1 2.75 0 77.25 0 0 1 1 0 0 forward_v I I I I #
coedge $-1 -1 $-1 $4480 $4479 $4775 $4933 forward $4481 $-1 #
face $4934 -1 $-1 $4476 $4481 $27 $-1 $4935 forward single #
edge $-1 -1 $-1 $4499 0 $4721 10.79999999999999183 $4483 $4936 forward @7 unknown #
vertex $-1 -1 $-1 $4484 $4937 #
straight-curve $-1 -1 $-1 46.70000000000000995 -2.600000000000000089 53.70000000000000995 0 1 0 F 0 F 2.600000000000000089 #
DXID-attrib $-1 -1 $-1 $-1 $4485 @10 ASM ENTITY @2 45 #
plane-surface $-1 -1 $-1 46.70000000000000995 -2.600000000000000089 53.70000000000000995 0 0 1 1 0 0 forward_v I I I I #
coedge $-1 -1 $-1 $4775 $4492 $4487 $4726 reversed $4299 $-1 #
edge $-1 -1 $-1 $4727 0 $4494 10.79999999999999183 $4487 $4938 forward @7 unknown #
vertex $-1 -1 $-1 $4488 $4939 #
straight-curve $-1 -1 $-1 46.70000000000000995 -2.600000000000000089 46.10000000000000142 0 1 0 F 0 F 2.600000000000000089 #
DXID-attrib $-1 -1 $-1 $-1 $4489 @10 ASM ENTITY @2 44 #
plane-surface $-1 -1 $-1 46.70000000000000995 -2.600000000000000089 46.10000000000000142 0 0 1 1 0 0 forward_v I I I I #
coedge $-1 -1 $-1 $4496 $4491 $4940 $4941 forward $4023 $-1 #
coedge $-1 -1 $-1 $4942 $4943 $4491 $4733 reversed $4944 $-1 #
edge $-1 -1 $-1 $4735 0 $4945 0.5999999999999999778 $4491 $4946 forward @7 unknown #
coedge $-1 -1 $-1 $4492 $4947 $4942 $4948 forward $4299 $-1 #
vertex $-1 -1 $-1 $4493 $4949 #
straight-curve $-1 -1 $-1 57.5 -2.600000000000000089 46.10000000000000142 0 0 1 F 0 F 0.8000000000000007105 #
point $-1 -1 $-1 57.5 -2.600000000000000089 46.10000000000000142 #
coedge $-1 -1 $-1 $4774 $4950 $4496 $4739 forward $4537 $-1 #
edge $-1 -1 $-1 $4741 0 $4951 0.5999999999999999778 $4496 $4952 forward @7 unknown #
coedge $-1 -1 $-1 $4947 $4497 $4950 $4953 reversed $4299 $-1 #
vertex $-1 -1 $-1 $4739 $4954 #
straight-curve $-1 -1 $-1 57.5 -2.600000000000000089 52.89999999999999858 0 0 1 F 0 F 0.8000000000000095923 #
point $-1 -1 $-1 57.5 -2.600000000000000089 53.70000000000000995 #
straight-curve $-1 -1 $-1 4.75 4 3.75 0 0 -1 F -66.51591214073199865 F -42.25 #
coedge $-1 -1 $-1 $4745 $4745 $4955 $4956 forward $4514 $-1 #
coedge $-1 -1 $-1 $4746 $4746 $4516 $4747 reversed $4957 $-1 #
edge $-1 -1 $-1 $4958 0 $4958 6.283185307179586232 $4516 $4959 forward @7 unknown #
coedge $-1 -1 $-1 $4960 $4961 $4517 $4749 reversed $4962 $-1 #
edge $-1 -1 $-1 $4753 0.4000000000000003553 $4758 16.40000000000000568 $4517 $4963 forward @7 unknown #
coedge $-1 -1 $-1 $4964 $4518 $4523 $4762 forward $4752 $-1 #
coedge $-1 -1 $-1 $4518 $4964 $4960 $4965 reversed $4752 $-1 #
loop $-1 -1 $-1 $-1 $4751 $4966 #
vertex $-1 -1 $-1 $4519 $4967 #
straight-curve $-1 -1 $-1 61.90000000000000568 -2.200000000000000178 34.5 -1 0 0 F -30.39999999999999858 F -0.4000000000000003553 #
coedge $-1 -1 $-1 $4968 $4520 $4961 $4969 forward $4757 $-1 #
coedge $-1 -1 $-1 $4520 $4968 $4522 $4761 reversed $4757 $-1 #
loop $-1 -1 $-1 $-1 $4755 $4970 #
vertex $-1 -1 $-1 $4749 $4971 #
straight-curve $-1 -1 $-1 61.90000000000000568 -2.200000000000000178 50.50000000000000711 -1 0 0 F -30.39999999999999858 F -0.4000000000000003553 #
coedge $-1 -1 $-1 $4523 $4522 $4972 $4973 reversed $4524 $-1 #
edge $-1 -1 $-1 $4526 1.799999999999999822 $4974 2.700000000000000178 $4522 $4975 forward @7 unknown #
edge $-1 -1 $-1 $4525 1.799999999999999822 $4976 2.700000000000000178 $4523 $4977 forward @7 unknown #
face $4978 -1 $-1 $4966 $4524 $27 $-1 $4979 reversed single #
point $-1 -1 $-1 92.30000000000001137 -2.200000000000000178 34.5 #
point $-1 -1 $-1 92.30000000000001137 -2.200000000000000178 50.50000000000000711 #
loop $-1 -1 $-1 $-1 $4980 $4767 #
face $4981 -1 $-1 $4982 $4530 $27 $-1 $4983 reversed single #
point $-1 -1 $-1 114.5000000000000142 -2.990000000000000213 8.691470588234999184 #
point $-1 -1 $-1 5.5 -1.300000000000000044 76.25 #
DXID-attrib $-1 -1 $-1 $-1 $4536 @10 ASM ENTITY @2 99 #
face $4984 -1 $-1 $4985 $4944 $27 $-1 $4986 reversed single #
loop $-1 -1 $-1 $4987 $4988 $4536 #
plane-surface $-1 -1 $-1 47.5 -2 46.90000000000000568 0 1 0 0 0 1 forward_v I I I I #
coedge $-1 -1 $-1 $4989 $4738 $4990 $4991 reversed $4537 $-1 #
coedge $-1 -1 $-1 $4539 $4725 $4718 $4933 reversed $4299 $-1 #
coedge $-1 -1 $-1 $4776 $4776 $4540 $4777 reversed $4992 $-1 #
edge $-1 -1 $-1 $4993 0 $4993 6.283185307179586232 $4540 $4994 forward @7 unknown #
loop $-1 -1 $-1 $-1 $4543 $4995 #
vertex $-1 -1 $-1 $4544 $4996 #
ellipse-curve $-1 -1 $-1 60 11.69999999999999929 74.5 0 1 0 0 0 1.399999999999999911 1 I I #
face $4997 -1 $-1 $4995 $4545 $25 $-1 $4998 reversed single #
point $-1 -1 $-1 114.5000000000000142 11.69999999999999929 6.900000000000000355 #
DXID-attrib $-1 -1 $-1 $-1 $4548 @10 ASM ENTITY @3 148 #
plane-surface $-1 -1 $-1 60 11.69999999999999929 5.5 0 1 0 0 0 1 forward_v I I I I #
coedge $-1 -1 $-1 $4553 $4552 $4999 $5000 reversed $4554 $-1 #
face $5001 -1 $-1 $3133 $4554 $25 $-1 $5002 reversed single #
coedge $-1 -1 $-1 $4566 $4999 $4556 $4788 forward $4801 $-1 #
edge $-1 -1 $-1 $4789 0 $4570 5.999999999999996447 $4556 $5003 forward @7 unknown #
vertex $-1 -1 $-1 $4788 $5004 #
straight-curve $-1 -1 $-1 109 20.50000000000000355 59 0 1 0 F 0 F 6.999999999999997335 #
coedge $-1 -1 $-1 $5005 $5006 $5007 $5008 forward $4558 $-1 #
DXID-attrib $-1 -1 $-1 $-1 $4559 @10 ASM ENTITY @3 118 #
plane-surface $-1 -1 $-1 109 20.50000000000000355 59 1 0 0 0 0 1 forward_v I I I I #
coedge $-1 -1 $-1 $4999 $4566 $4561 $4795 reversed $4801 $-1 #
edge $-1 -1 $-1 $4796 0 $4568 5.999999999999996447 $4561 $5009 forward @7 unknown #
vertex $-1 -1 $-1 $4562 $5010 #
straight-curve $-1 -1 $-1 101.0000000000000142 20.50000000000000355 59 0 1 0 F 0 F 6.999999999999997335 #
coedge $-1 -1 $-1 $5011 $5012 $5013 $5014 reversed $4563 $-1 #
DXID-attrib $-1 -1 $-1 $-1 $4564 @10 ASM ENTITY @3 117 #
plane-surface $-1 -1 $-1 101.0000000000000142 20.50000000000000355 59 1 0 0 0 0 1 forward_v I I I I #
loop $-1 -1 $-1 $-1 $4999 $5015 #
straight-curve $-1 -1 $-1 101.0000000000000142 20.50000000000000355 65 1 0 0 F 0 F 7.999999999999989342 #
point $-1 -1 $-1 101.0000000000000142 20.50000000000000355 65 #
point $-1 -1 $-1 109 20.50000000000000355 65 #
coedge $-1 -1 $-1 $5016 $4574 $5017 $5018 reversed $3739 $-1 #
coedge $-1 -1 $-1 $5019 $5020 $4574 $4807 reversed $5021 $-1 #
edge $-1 -1 $-1 $4811 -26.79999999999999716 $5022 -25.70000000000000284 $4574 $5023 forward @7 unknown #
coedge $-1 -1 $-1 $5024 $4575 $4578 $4814 reversed $4810 $-1 #
coedge $-1 -1 $-1 $4575 $5025 $5019 $5026 forward $4810 $-1 #
loop $-1 -1 $-1 $-1 $5027 $5028 #
vertex $-1 -1 $-1 $4576 $5029 #
straight-curve $-1 -1 $-1 23.75 27.5 55 1 0 0 F 70.95000000000000284 F 76.25 #
coedge $-1 -1 $-1 $4578 $4577 $5030 $5031 reversed $4579 $-1 #
edge $-1 -1 $-1 $5032 0 $4580 24.5 $4578 $5033 forward @7 unknown #
face $5034 -1 $-1 $5035 $4579 $25 $-1 $5036 forward single #
point $-1 -1 $-1 100 27.5 55 #
coedge $-1 -1 $-1 $4582 $5037 $5038 $5039 reversed $3739 $-1 #
coedge $-1 -1 $-1 $5040 $5041 $4582 $4819 forward $5042 $-1 #
edge $-1 -1 $-1 $4823 -27.74999999999999645 $5043 -24.75 $4582 $5044 forward @7 unknown #
coedge $-1 -1 $-1 $5045 $4583 $5041 $5046 reversed $4822 $-1 #
coedge $-1 -1 $-1 $4583 $5045 $4585 $4826 forward $4822 $-1 #
loop $-1 -1 $-1 $-1 $4583 $5035 #
vertex $-1 -1 $-1 $4819 $5047 #
straight-curve $-1 -1 $-1 22.75 27.5 55 1 0 0 F 20.24999999999999645 F 22.25 #
coedge $-1 -1 $-1 $4827 $4585 $5048 $5049 reversed $4587 $-1 #
edge $-1 -1 $-1 $5050 4.499999999999999112 $4588 24.5 $4585 $5051 forward @7 unknown #
coedge $-1 -1 $-1 $4586 $4825 $5052 $5053 forward $4587 $-1 #
face $5054 -1 $-1 $4815 $4587 $25 $-1 $5055 reversed single #
point $-1 -1 $-1 45 27.5 55 #
coedge $-1 -1 $-1 $5052 $5030 $4590 $4831 reversed $5056 $-1 #
edge $-1 -1 $-1 $4832 0 $4834 55 $4590 $5057 forward @7 unknown #
vertex $-1 -1 $-1 $4591 $5058 #
straight-curve $-1 -1 $-1 45 3.000000000000000444 57 0 1 0 F 0 F 24.5 #
vertex $-1 -1 $-1 $4831 $5059 #
straight-curve $-1 -1 $-1 100 3.000000000000000444 57 0 1 0 F 0 F 24.5 #
DXID-attrib $-1 -1 $-1 $-1 $4593 @10 ASM ENTITY @2 99 #
plane-surface $-1 -1 $-1 45 3.000000000000000444 57 0 0 1 1 0 0 forward_v I I I I #
coedge $-1 -1 $-1 $4597 $4596 $5060 $5061 reversed $4598 $-1 #
face $5062 -1 $-1 $4593 $4598 $25 $-1 $5063 reversed single #
coedge $-1 -1 $-1 $4608 $5060 $4600 $4841 forward $4852 $-1 #
edge $-1 -1 $-1 $4842 0 $4612 10 $4600 $5064 forward @7 unknown #
vertex $-1 -1 $-1 $4841 $5065 #
straight-curve $-1 -1 $-1 100 7.5 37 0 1 0 F 0 F 20 #
DXID-attrib $-1 -1 $-1 $-1 $4602 @10 ASM ENTITY @2 97 #
plane-surface $-1 -1 $-1 100 7.5 37 1 0 0 0 0 1 forward_v I I I I #
coedge $-1 -1 $-1 $5060 $4608 $4604 $4847 reversed $4852 $-1 #
edge $-1 -1 $-1 $4848 0 $4610 10 $4604 $5066 forward @7 unknown #
vertex $-1 -1 $-1 $4605 $5067 #
straight-curve $-1 -1 $-1 98 7.5 37 0 1 0 F 0 F 20 #
DXID-attrib $-1 -1 $-1 $-1 $4606 @10 ASM ENTITY @2 96 #
plane-surface $-1 -1 $-1 98 7.5 37 1 0 0 0 0 1 forward_v I I I I #
loop $-1 -1 $-1 $-1 $5060 $5068 #
straight-curve $-1 -1 $-1 98 7.5 47 1 0 0 F 0 F 1.999999999999992895 #
point $-1 -1 $-1 98 7.5 47 #
point $-1 -1 $-1 100 7.5 47 #
straight-curve $-1 -1 $-1 100 3.000000000000000444 27 0 0 1 F 0 F 2.000000000000001776 #
DXID-attrib $-1 -1 $-1 $-1 $4623 @10 ASM ENTITY @2 94 #
plane-surface $-1 -1 $-1 74.5 14.30000000000000071 26 1 0 0 0 0 1 forward_v I I I I #
vertex $-1 -1 $-1 $4625 $5069 #
straight-curve $-1 -1 $-1 74.5 11.80000000000000071 30.10000000000000142 0 1 0 F 2.5 F 15.69999999999999751 #
straight-curve $-1 -1 $-1 94.70000000000000284 9.300000000000000711 29.00000000000000355 0 0 1 F 0 F 1.099999999999998757 #
point $-1 -1 $-1 94.70000000000000284 9.300000000000000711 30.10000000000000142 #
edge $-1 -1 $-1 $4635 0 $4649 1.099999999999998757 $4643 $5070 forward @7 unknown #
face $5071 -1 $-1 $5068 $4634 $25 $-1 $5072 reversed single #
point $-1 -1 $-1 47.5 9.300000000000000711 29.00000000000000355 #
DXID-attrib $-1 -1 $-1 $-1 $4641 @10 ASM ENTITY @2 91 #
plane-surface $-1 -1 $-1 47.5 9.300000000000000711 29.00000000000000355 1 0 0 0 0 1 forward_v I I I I #
straight-curve $-1 -1 $-1 47.5 9.300000000000000711 30.10000000000000142 1 0 0 F 0 F 47.20000000000000284 #
point $-1 -1 $-1 47.5 9.300000000000000711 30.10000000000000142 #
straight-curve $-1 -1 $-1 57 14.30000000000000071 30.10000000000000142 -1 0 0 F -17.5 F -9.500000000000001776 #
straight-curve $-1 -1 $-1 74.5 14.30000000000000071 26 0 0 1 F 1.000000000000000888 F 4.100000000000001421 #
DXID-attrib $-1 -1 $-1 $-1 $4658 @10 ASM ENTITY @3 133 #
plane-surface $-1 -1 $-1 66.5 14.30000000000000071 26 0 1 0 0 0 1 forward_v I I I I #
straight-curve $-1 -1 $-1 5.5 12.5 35 -1 0 0 F -6.500000000000000888 F -0.999999999999999778 #
point $-1 -1 $-1 12.00000000000000178 12.5 35 #
point $-1 -1 $-1 6.5 12.5 35 #
DXID-attrib $-1 -1 $-1 $-1 $4673 @10 ASM ENTITY @3 130 #
plane-surface $-1 -1 $-1 6.5 12.5 34 0 1 0 0 0 1 forward_v I I I I #
loop $-1 -1 $-1 $5073 $5074 $216 #
coedge $-1 -1 $-1 $5075 $5076 $5077 $5078 forward $4678 $-1 #
coedge $-1 -1 $-1 $4881 $4881 $4679 $4882 forward $5079 $-1 #
edge $-1 -1 $-1 $5080 0 $5080 6.283185307179586232 $4679 $5081 forward @7 unknown #
coedge $-1 -1 $-1 $4681 $4680 $5082 $5083 forward $4222 $-1 #
coedge $-1 -1 $-1 $5084 $5085 $4680 $4885 reversed $5086 $-1 #
edge $-1 -1 $-1 $4891 -16.55000000000000071 $5087 -14.65000000000000036 $4680 $5088 forward @7 unknown #
coedge $-1 -1 $-1 $5089 $5090 $4681 $4887 forward $5091 $-1 #
edge $-1 -1 $-1 $4892 -16.55000000000000071 $5092 -14.65000000000000036 $4681 $5093 forward @7 unknown #
coedge $-1 -1 $-1 $5094 $4682 $5090 $5095 forward $4890 $-1 #
coedge $-1 -1 $-1 $4682 $5094 $5084 $5096 reversed $4890 $-1 #
loop $-1 -1 $-1 $-1 $4889 $5097 #
vertex $-1 -1 $-1 $4683 $5098 #
vertex $-1 -1 $-1 $4683 $5099 #
straight-curve $-1 -1 $-1 25.50000000000000355 0 31.20000000000000284 1 0 0 F 25.5 F 64.49999999999998579 #
coedge $-1 -1 $-1 $5100 $5101 $4684 $4895 reversed $5102 $-1 #
edge $-1 -1 $-1 $4899 -2.264689420247777196 $4904 -1.74611161810094484 $4684 $5103 forward @7 unknown #
coedge $-1 -1 $-1 $5104 $4685 $4690 $4908 forward $4898 $-1 #
coedge $-1 -1 $-1 $4685 $5104 $5100 $5105 reversed $4898 $-1 #
loop $-1 -1 $-1 $-1 $5104 $5106 #
vertex $-1 -1 $-1 $4686 $5107 #
straight-curve $-1 -1 $-1 2.75 0 2.75 1 0 0 F 60.55567693521299333 F 108.4443230647799936 #
coedge $-1 -1 $-1 $5108 $4687 $5101 $5109 forward $4903 $-1 #
coedge $-1 -1 $-1 $4687 $5108 $4689 $4907 reversed $4903 $-1 #
loop $-1 -1 $-1 $-1 $5108 $5110 #
vertex $-1 -1 $-1 $4895 $5111 #
straight-curve $-1 -1 $-1 3.75 0 4.75 1 0 0 F 60.48408785926800135 F 106.5159121407300091 #
coedge $-1 -1 $-1 $4690 $4689 $5112 $5113 forward $4691 $-1 #
edge $-1 -1 $-1 $4692 1 $5114 5 $4689 $5115 forward @7 unknown #
edge $-1 -1 $-1 $4693 1 $5116 5 $4690 $5117 forward @7 unknown #
face $5118 -1 $-1 $5110 $4691 $27 $-1 $5119 reversed single #
point $-1 -1 $-1 64.23408785926800135 0 4.75 #
point $-1 -1 $-1 63.30567693521300043 0 2.75 #
coedge $-1 -1 $-1 $4912 $4912 $5120 $5121 reversed $4695 $-1 #
DXID-attrib $-1 -1 $-1 $-1 $4696 @10 ASM ENTITY @2 51 #
cone-surface $-1 -1 $-1 60 -4 74.5 0 1 0 0 0 1.750000000000000222 1 I I 0 1 1.750000000000000222 forward I I I I #
coedge $-1 -1 $-1 $4699 $4698 $5122 $5123 forward $4700 $-1 #
face $5124 -1 $-1 $4696 $4700 $27 $-1 $5125 reversed single #
coedge $-1 -1 $-1 $4710 $5122 $4702 $4918 reversed $4929 $-1 #
edge $-1 -1 $-1 $4714 0.8769032333409727542 $4919 1.395481035488767896 $4702 $5126 forward @7 unknown #
vertex $-1 -1 $-1 $4918 $5127 #
straight-curve $-1 -1 $-1 9.734087859267999576 -1 75.25 0 1 0 F 1 F 5 #
DXID-attrib $-1 -1 $-1 $-1 $4704 @10 ASM ENTITY @2 48 #
cone-surface $-1 -1 $-1 5.5 -1 74.5 0 1 0 0 0 4.299999999999999822 1 I I 0 1 4.299999999999999822 forward I I I I #
coedge $-1 -1 $-1 $5122 $4710 $4706 $4924 reversed $4929 $-1 #
edge $-1 -1 $-1 $4925 -1.395481035488765897 $4712 -0.8769032333409705338 $4706 $5128 forward @7 unknown #
vertex $-1 -1 $-1 $4707 $5129 #
straight-curve $-1 -1 $-1 55.76591214073200575 -1 75.25 0 1 0 F 1 F 5 #
DXID-attrib $-1 -1 $-1 $-1 $4708 @10 ASM ENTITY @2 49 #
cone-surface $-1 -1 $-1 60 -1 74.5 0 1 0 0 0 4.299999999999999822 1 I I 0 1 4.299999999999999822 forward I I I I #
loop $-1 -1 $-1 $-1 $4917 $4985 #
straight-curve $-1 -1 $-1 2.75 4 77.25 1 0 0 F 6.055676935212999545 F 53.94432306478699957 #
point $-1 -1 $-1 56.69432306478700667 4 77.25 #
point $-1 -1 $-1 8.805676935213000434 4 77.25 #
edge $-1 -1 $-1 $4721 0 $4727 7.60000000000000675 $4718 $5130 forward @7 unknown #
DXID-attrib $-1 -1 $-1 $-1 $4719 @10 ASM ENTITY @2 46 #
plane-surface $-1 -1 $-1 46.70000000000000995 -2.600000000000000089 46.10000000000000142 1 0 0 0 0 1 forward_v I I I I #
straight-curve $-1 -1 $-1 57.5 -2.600000000000000089 53.70000000000000995 -1 0 0 F 0 F 10.79999999999999183 #
point $-1 -1 $-1 46.70000000000000995 -2.600000000000000089 53.70000000000000995 #
straight-curve $-1 -1 $-1 46.70000000000000995 -2.600000000000000089 46.10000000000000142 1 0 0 F 0 F 10.79999999999999183 #
point $-1 -1 $-1 46.70000000000000995 -2.600000000000000089 46.10000000000000142 #
coedge $-1 -1 $-1 $4988 $4990 $4731 $4941 reversed $4772 $-1 #
edge $-1 -1 $-1 $4945 0 $4951 5.999999999999996447 $4731 $5131 forward @7 unknown #
coedge $-1 -1 $-1 $5132 $4732 $4734 $4948 reversed $4944 $-1 #
coedge $-1 -1 $-1 $4732 $5132 $4988 $5133 forward $4944 $-1 #
loop $-1 -1 $-1 $-1 $4943 $4771 #
vertex $-1 -1 $-1 $4733 $5134 #
straight-curve $-1 -1 $-1 57.5 -2.600000000000000089 46.90000000000000568 0 1 0 F 0 F 0.5999999999999999778 #
coedge $-1 -1 $-1 $4734 $4740 $5135 $5136 reversed $4299 $-1 #
edge $-1 -1 $-1 $5137 0.7999999999999918288 $4735 10.79999999999999183 $4734 $5138 forward @7 unknown #
point $-1 -1 $-1 57.5 -2.600000000000000089 46.90000000000000568 #
coedge $-1 -1 $-1 $4738 $4989 $4740 $4953 forward $4537 $-1 #
vertex $-1 -1 $-1 $4941 $5139 #
straight-curve $-1 -1 $-1 57.5 -2.600000000000000089 52.89999999999999858 0 1 0 F 0 F 0.5999999999999999778 #
edge $-1 -1 $-1 $5140 0.7999999999999918288 $4741 10.79999999999999183 $4740 $5141 forward @7 unknown #
point $-1 -1 $-1 57.5 -2.600000000000000089 52.89999999999999858 #
coedge $-1 -1 $-1 $4955 $4955 $4745 $4956 reversed $5142 $-1 #
edge $-1 -1 $-1 $5143 0 $5143 6.283185307179586232 $4745 $5144 forward @7 unknown #
loop $-1 -1 $-1 $5145 $4746 $5146 #
vertex $-1 -1 $-1 $4747 $5147 #
ellipse-curve $-1 -1 $-1 60 -2.990000000000000213 74.5 0 1 0 0 0 3.191470588235000072 1 I I #
coedge $-1 -1 $-1 $5148 $4748 $4751 $4965 forward $4962 $-1 #
coedge $-1 -1 $-1 $4748 $5148 $4755 $4969 reversed $4962 $-1 #
loop $-1 -1 $-1 $-1 $4961 $5149 #
straight-curve $-1 -1 $-1 62.30000000000000426 -2.200000000000000178 34.10000000000000142 0 0 1 F 0.4000000000000003553 F 16.40000000000000568 #
coedge $-1 -1 $-1 $4751 $4750 $5150 $5151 forward $4752 $-1 #
edge $-1 -1 $-1 $4753 1.799999999999999822 $5152 2.700000000000000178 $4751 $5153 forward @7 unknown #
face $5154 -1 $-1 $5149 $4752 $27 $-1 $5155 forward single #
point $-1 -1 $-1 62.30000000000000426 -2.200000000000000178 34.5 #
coedge $-1 -1 $-1 $4756 $4755 $5156 $5157 reversed $4757 $-1 #
edge $-1 -1 $-1 $4758 1.799999999999999822 $5158 2.700000000000000178 $4961 $5159 forward @7 unknown #
face $5160 -1 $-1 $5161 $4757 $27 $-1 $5162 reversed single #
point $-1 -1 $-1 62.30000000000000426 -2.200000000000000178 50.50000000000000711 #
coedge $-1 -1 $-1 $5156 $5150 $4760 $4973 forward $5163 $-1 #
edge $-1 -1 $-1 $4976 0.8749999999999991118 $4974 16.87500000000000355 $4972 $5164 forward @7 unknown #
vertex $-1 -1 $-1 $4973 $5165 #
straight-curve $-1 -1 $-1 92.30000000000001137 -4 50.50000000000000711 0 1 0 F 1.799999999999999822 F 2.700000000000000178 #
vertex $-1 -1 $-1 $4973 $5166 #
straight-curve $-1 -1 $-1 92.30000000000001137 -4 34.5 0 1 0 F 1.799999999999999822 F 2.700000000000000178 #
DXID-attrib $-1 -1 $-1 $-1 $4763 @10 ASM ENTITY @3 119 #
plane-surface $-1 -1 $-1 92.30000000000001137 -4 34.5 1 0 0 0 0 1 forward_v I I I I #
coedge $-1 -1 $-1 $4980 $4980 $5167 $5168 forward $4766 $-1 #
DXID-attrib $-1 -1 $-1 $-1 $4767 @10 ASM ENTITY @3 105 #
face $5169 -1 $-1 $5170 $5171 $27 $-1 $5172 forward single #
cone-surface $-1 -1 $-1 114.5000000000000142 -3.000000000000000444 5.5 -0 -1 -0 0 0 3.200000000000000622 1 I I 0.6489466060827521199 0.7608339519590837652 3.200000000000000622 forward I I I I #
DXID-attrib $-1 -1 $-1 $-1 $4771 @10 ASM ENTITY @3 100 #
face $5173 -1 $-1 $5146 $4929 $27 $-1 $5174 forward single #
plane-surface $-1 -1 $-1 46.70000000000000995 -2.600000000000000089 46.90000000000000568 0 0 1 1 0 0 forward_v I I I I #
loop $-1 -1 $-1 $-1 $5175 $4536 #
coedge $-1 -1 $-1 $5176 $4940 $4943 $5133 reversed $4772 $-1 #
coedge $-1 -1 $-1 $4950 $4774 $5177 $5178 forward $4537 $-1 #
coedge $-1 -1 $-1 $4940 $5176 $4774 $4991 forward $4772 $-1 #
edge $-1 -1 $-1 $5179 0 $4951 10 $4774 $5180 forward @7 unknown #
loop $-1 -1 $-1 $-1 $4776 $5181 #
vertex $-1 -1 $-1 $4777 $5182 #
ellipse-curve $-1 -1 $-1 114.5000000000000142 11.69999999999999929 74.5 0 1 0 0 0 1.399999999999999911 1 I I #
face $5183 -1 $-1 $5181 $4778 $25 $-1 $5184 reversed single #
point $-1 -1 $-1 60 11.69999999999999929 75.90000000000000568 #
DXID-attrib $-1 -1 $-1 $-1 $4781 @10 ASM ENTITY @3 149 #
plane-surface $-1 -1 $-1 114.5000000000000142 11.69999999999999929 5.5 0 1 0 0 0 1 forward_v I I I I #
coedge $-1 -1 $-1 $4787 $4794 $4785 $5000 forward $4801 $-1 #
edge $-1 -1 $-1 $4796 0 $4789 7.999999999999989342 $4785 $5185 forward @7 unknown #
DXID-attrib $-1 -1 $-1 $-1 $4786 @10 ASM ENTITY @3 119 #
plane-surface $-1 -1 $-1 101.0000000000000142 20.50000000000000355 59 0 0 1 1 0 0 forward_v I I I I #
straight-curve $-1 -1 $-1 109 20.50000000000000355 59 0 0 1 F 0 F 5.999999999999996447 #
point $-1 -1 $-1 109 20.50000000000000355 59 #
coedge $-1 -1 $-1 $5186 $4791 $5187 $5188 forward $4558 $-1 #
coedge $-1 -1 $-1 $4791 $5186 $5189 $5190 reversed $4558 $-1 #
coedge $-1 -1 $-1 $5191 $5192 $4791 $5008 reversed $5193 $-1 #
edge $-1 -1 $-1 $5194 -3.000000000000002665 $5195 -1.000000000000000888 $4791 $5196 forward @7 unknown #
straight-curve $-1 -1 $-1 101.0000000000000142 20.50000000000000355 59 0 0 1 F 0 F 5.999999999999996447 #
point $-1 -1 $-1 101.0000000000000142 20.50000000000000355 59 #
coedge $-1 -1 $-1 $5197 $4798 $5198 $5199 forward $4563 $-1 #
coedge $-1 -1 $-1 $4798 $5197 $5200 $5201 reversed $4563 $-1 #
coedge $-1 -1 $-1 $5192 $5191 $4798 $5014 forward $5193 $-1 #
edge $-1 -1 $-1 $5202 -3.000000000000002665 $5203 -1.000000000000000888 $4798 $5204 forward @7 unknown #
face $5205 -1 $-1 $5206 $4801 $25 $-1 $5207 reversed single #
coedge $-1 -1 $-1 $5208 $4805 $5209 $5210 reversed $3739 $-1 #
coedge $-1 -1 $-1 $5211 $5212 $4805 $5018 forward $5213 $-1 #
edge $-1 -1 $-1 $5214 44.88499999999999801 $5022 47.31500000000000483 $4805 $5215 forward @7 unknown #
coedge $-1 -1 $-1 $5216 $4806 $4809 $5026 reversed $5021 $-1 #
coedge $-1 -1 $-1 $4806 $5216 $5211 $5217 forward $5021 $-1 #
loop $-1 -1 $-1 $-1 $5019 $5218 #
vertex $-1 -1 $-1 $4807 $5219 #
straight-curve $-1 -1 $-1 94.70000000000000284 27.5 28.20000000000000284 0 0 -1 F -26.79999999999999716 F -25.70000000000000284 #
coedge $-1 -1 $-1 $5048 $4808 $5220 $5221 reversed $4810 $-1 #
coedge $-1 -1 $-1 $4809 $5222 $5223 $5224 forward $4810 $-1 #
edge $-1 -1 $-1 $5225 0 $4811 18.19999999999999574 $4809 $5226 forward @7 unknown #
coedge $-1 -1 $-1 $5227 $5228 $5229 $5230 forward $4810 $-1 #
face $5231 -1 $-1 $5232 $4810 $25 $-1 $5233 reversed single #
point $-1 -1 $-1 94.70000000000000284 27.5 55 #
coedge $-1 -1 $-1 $4830 $5220 $4813 $5031 forward $5056 $-1 #
edge $-1 -1 $-1 $5032 0 $4834 2.000000000000001776 $4813 $5234 forward @7 unknown #
vertex $-1 -1 $-1 $5031 $5235 #
straight-curve $-1 -1 $-1 100 3.000000000000000444 55 0 1 0 F 0 F 24.5 #
DXID-attrib $-1 -1 $-1 $-1 $4815 @10 ASM ENTITY @3 101 #
face $5236 -1 $-1 $5028 $4822 $25 $-1 $5237 forward single #
plane-surface $-1 -1 $-1 100 3.000000000000000444 55 1 0 0 0 0 1 forward_v I I I I #
coedge $-1 -1 $-1 $4817 $5229 $5238 $5239 forward $3739 $-1 #
coedge $-1 -1 $-1 $5240 $5241 $4817 $5039 forward $5242 $-1 #
edge $-1 -1 $-1 $5043 20.24999999999999645 $5243 22.95000000000000284 $4817 $5244 forward @7 unknown #
coedge $-1 -1 $-1 $5245 $4818 $5241 $5246 reversed $5042 $-1 #
coedge $-1 -1 $-1 $4818 $5245 $4820 $5046 forward $5042 $-1 #
loop $-1 -1 $-1 $-1 $5041 $5232 #
vertex $-1 -1 $-1 $5039 $5247 #
straight-curve $-1 -1 $-1 43 27.5 27.25 0 0 -1 F -27.74999999999999645 F -24.75 #
coedge $-1 -1 $-1 $4821 $4820 $5248 $5249 forward $4822 $-1 #
edge $-1 -1 $-1 $5250 0 $4823 20 $4820 $5251 forward @7 unknown #
point $-1 -1 $-1 43 27.5 55 #
coedge $-1 -1 $-1 $5252 $5024 $4825 $5049 forward $4810 $-1 #
edge $-1 -1 $-1 $5253 0 $5050 4.499999999999999112 $4825 $5254 forward @7 unknown #
vertex $-1 -1 $-1 $4826 $5255 #
straight-curve $-1 -1 $-1 45 3.000000000000000444 55 0 1 0 F 4.499999999999999112 F 24.5 #
coedge $-1 -1 $-1 $5220 $4830 $4827 $5053 reversed $5056 $-1 #
edge $-1 -1 $-1 $5253 0 $4832 2.000000000000001776 $4827 $5256 forward @7 unknown #
DXID-attrib $-1 -1 $-1 $-1 $4828 @10 ASM ENTITY @3 100 #
plane-surface $-1 -1 $-1 45 3.000000000000000444 55 1 0 0 0 0 1 forward_v I I I I #
loop $-1 -1 $-1 $-1 $5220 $5257 #
straight-curve $-1 -1 $-1 45 3.000000000000000444 57 1 0 0 F 0 F 55 #
point $-1 -1 $-1 45 3.000000000000000444 57 #
point $-1 -1 $-1 100 3.000000000000000444 57 #
coedge $-1 -1 $-1 $4840 $4846 $4838 $5061 forward $4852 $-1 #
edge $-1 -1 $-1 $4848 0 $4842 1.999999999999992895 $4838 $5258 forward @7 unknown #
DXID-attrib $-1 -1 $-1 $-1 $4839 @10 ASM ENTITY @2 98 #
plane-surface $-1 -1 $-1 98 7.5 37 0 0 1 1 0 0 forward_v I I I I #
straight-curve $-1 -1 $-1 100 7.5 37 0 0 1 F 0 F 10 #
point $-1 -1 $-1 100 7.5 37 #
straight-curve $-1 -1 $-1 98 7.5 37 0 0 1 F 0 F 10 #
point $-1 -1 $-1 98 7.5 37 #
face $5259 -1 $-1 $5257 $4852 $25 $-1 $5260 reversed single #
point $-1 -1 $-1 74.5 14.30000000000000071 30.10000000000000142 #
straight-curve $-1 -1 $-1 47.5 9.300000000000000711 29.00000000000000355 0 0 1 F 0 F 1.099999999999998757 #
DXID-attrib $-1 -1 $-1 $-1 $4864 @10 ASM ENTITY @3 134 #
plane-surface $-1 -1 $-1 47.5 9.300000000000000711 29.00000000000000355 0 1 0 0 0 1 forward_v I I I I #
loop $-1 -1 $-1 $5261 $5262 $216 #
coedge $-1 -1 $-1 $5263 $5264 $5265 $5266 reversed $4879 $-1 #
coedge $-1 -1 $-1 $5267 $4880 $5268 $5269 forward $4678 $-1 #
coedge $-1 -1 $-1 $4880 $5267 $5270 $5271 forward $4678 $-1 #
coedge $-1 -1 $-1 $5272 $5273 $4880 $5078 reversed $5274 $-1 #
edge $-1 -1 $-1 $5275 0.1753152913061265528 $5276 0.6938930934539238038 $4880 $5277 forward @7 unknown #
loop $-1 -1 $-1 $5278 $4881 $5279 #
vertex $-1 -1 $-1 $4882 $5280 #
ellipse-curve $-1 -1 $-1 114.5000000000000142 0 5.5 0 1 0 0 0 1.750000000000000222 1 I I #
coedge $-1 -1 $-1 $5281 $5282 $4883 $5083 reversed $5283 $-1 #
edge $-1 -1 $-1 $5087 25.5 $5092 64.49999999999998579 $4883 $5284 forward @7 unknown #
coedge $-1 -1 $-1 $5285 $4884 $4889 $5096 forward $5086 $-1 #
coedge $-1 -1 $-1 $4884 $5285 $5281 $5286 reversed $5086 $-1 #
loop $-1 -1 $-1 $-1 $5084 $5287 #
vertex $-1 -1 $-1 $4885 $5288 #
straight-curve $-1 -1 $-1 51.00000000000000711 0 14.65000000000000036 0 0 -1 F -16.55000000000000071 F -14.65000000000000036 #
coedge $-1 -1 $-1 $5289 $4886 $5282 $5290 forward $5091 $-1 #
coedge $-1 -1 $-1 $4886 $5289 $4888 $5095 reversed $5091 $-1 #
loop $-1 -1 $-1 $-1 $5090 $5291 #
vertex $-1 -1 $-1 $5083 $5292 #
straight-curve $-1 -1 $-1 90 0 14.65000000000000036 0 0 -1 F -16.55000000000000071 F -14.65000000000000036 #
coedge $-1 -1 $-1 $4889 $4888 $5293 $5294 reversed $4890 $-1 #
edge $-1 -1 $-1 $4892 0.01000000000000000021 $5295 7.210000000000000853 $4888 $5296 forward @7 unknown #
edge $-1 -1 $-1 $4891 0.01000000000000000021 $5297 7.210000000000000853 $4889 $5298 forward @7 unknown #
face $5299 -1 $-1 $5287 $4890 $27 $-1 $5300 forward single #
point $-1 -1 $-1 51.00000000000000711 0 31.20000000000000284 #
point $-1 -1 $-1 90 0 31.20000000000000284 #
coedge $-1 -1 $-1 $5301 $4894 $4897 $5105 forward $5102 $-1 #
coedge $-1 -1 $-1 $4894 $5301 $4901 $5109 reversed $5102 $-1 #
loop $-1 -1 $-1 $-1 $5100 $5302 #
ellipse-curve $-1 -1 $-1 114.5000000000000142 0 5.5 0 1 0 0 0 4.299999999999999822 1 F -2.264689420247777196 F -1.74611161810094484 #
coedge $-1 -1 $-1 $4897 $4896 $5303 $5304 forward $4898 $-1 #
edge $-1 -1 $-1 $4899 1 $5305 5 $4897 $5306 forward @7 unknown #
face $5307 -1 $-1 $5302 $4898 $27 $-1 $5308 reversed single #
point $-1 -1 $-1 111.1943230647800078 0 2.75 #
coedge $-1 -1 $-1 $4902 $4901 $5309 $5310 reversed $4903 $-1 #
edge $-1 -1 $-1 $4904 1 $5311 5 $4901 $5312 forward @7 unknown #
face $5313 -1 $-1 $5106 $4903 $27 $-1 $5314 forward single #
point $-1 -1 $-1 110.2659121407300091 0 4.75 #
coedge $-1 -1 $-1 $5309 $5303 $4906 $5113 reversed $5315 $-1 #
edge $-1 -1 $-1 $5114 1.746111618101025664 $5116 2.264689420248819918 $4906 $5316 forward @7 unknown #
vertex $-1 -1 $-1 $4907 $5317 #
straight-curve $-1 -1 $-1 64.23408785926800135 -1 4.75 0 1 0 F 1 F 5 #
vertex $-1 -1 $-1 $5113 $5318 #
straight-curve $-1 -1 $-1 63.30567693521300043 -1 2.75 0 1 0 F 1 F 5 #
DXID-attrib $-1 -1 $-1 $-1 $4909 @10 ASM ENTITY @2 52 #
cone-surface $-1 -1 $-1 60 -1 5.5 0 1 0 0 0 4.299999999999999822 1 I I 0 1 4.299999999999999822 forward I I I I #
coedge $-1 -1 $-1 $5120 $5120 $4912 $5121 forward $5145 $-1 #
edge $-1 -1 $-1 $5319 0 $5319 6.283185307179586232 $4912 $5320 forward @7 unknown #
coedge $-1 -1 $-1 $4917 $4923 $4915 $5123 reversed $4929 $-1 #
edge $-1 -1 $-1 $4919 5.984087859267999576 $4925 52.01591214073200575 $4915 $5321 forward @7 unknown #
DXID-attrib $-1 -1 $-1 $-1 $4916 @10 ASM ENTITY @2 50 #
plane-surface $-1 -1 $-1 4.75 -1 75.25 0 0 1 1 0 0 forward_v I I I I #
ellipse-curve $-1 -1 $-1 5.5 4 74.5 0 1 0 0 0 4.299999999999999822 1 F 0.8769032333409727542 F 1.395481035488767896 #
point $-1 -1 $-1 9.734087859267999576 4 75.25 #
ellipse-curve $-1 -1 $-1 60 4 74.5 0 1 0 0 0 4.299999999999999822 1 F -1.395481035488765897 F -0.8769032333409705338 #
point $-1 -1 $-1 55.76591214073200575 4 75.25 #
straight-curve $-1 -1 $-1 46.70000000000000995 -2.600000000000000089 53.70000000000000995 0 0 -1 F 0 F 7.60000000000000675 #
straight-curve $-1 -1 $-1 57.5 -2 46.90000000000000568 0 0 1 F 0 F 5.999999999999996447 #
coedge $-1 -1 $-1 $4943 $4942 $5322 $5323 reversed $4944 $-1 #
edge $-1 -1 $-1 $5324 0 $4945 10 $4988 $5325 forward @7 unknown #
point $-1 -1 $-1 57.5 -2 46.90000000000000568 #
coedge $-1 -1 $-1 $5177 $5322 $4947 $5136 forward $5326 $-1 #
edge $-1 -1 $-1 $5137 0.8000000000000007105 $5140 6.799999999999997158 $4947 $5327 forward @7 unknown #
vertex $-1 -1 $-1 $5136 $5328 #
straight-curve $-1 -1 $-1 46.70000000000000995 -2.600000000000000089 46.90000000000000568 1 0 0 F 0.7999999999999918288 F 10.79999999999999183 #
point $-1 -1 $-1 57.5 -2 52.89999999999999858 #
vertex $-1 -1 $-1 $4953 $5329 #
straight-curve $-1 -1 $-1 46.70000000000000995 -2.600000000000000089 52.89999999999999858 1 0 0 F 0.7999999999999918288 F 10.79999999999999183 #
loop $-1 -1 $-1 $5330 $4955 $5331 #
vertex $-1 -1 $-1 $4956 $5332 #
ellipse-curve $-1 -1 $-1 114.5000000000000142 -2.990000000000000213 74.5 0 1 0 0 0 3.191470588235000072 1 I I #
loop $-1 -1 $-1 $-1 $5120 $5146 #
face $5333 -1 $-1 $5334 $4957 $27 $-1 $5335 reversed single #
point $-1 -1 $-1 60 -2.990000000000000213 77.69147058823500629 #
coedge $-1 -1 $-1 $4961 $4960 $5336 $5337 forward $4962 $-1 #
face $5338 -1 $-1 $4970 $4962 $27 $-1 $5339 forward single #
coedge $-1 -1 $-1 $4972 $5336 $4964 $5151 reversed $5163 $-1 #
edge $-1 -1 $-1 $4976 -31.50000000000000355 $5152 -1.500000000000003553 $5150 $5340 forward @7 unknown #
vertex $-1 -1 $-1 $5337 $5341 #
straight-curve $-1 -1 $-1 62.30000000000000426 -4 34.5 0 1 0 F 1.799999999999999822 F 2.700000000000000178 #
DXID-attrib $-1 -1 $-1 $-1 $4966 @10 ASM ENTITY @3 120 #
plane-surface $-1 -1 $-1 62.30000000000000426 -4 34.5 0 0 1 1 0 0 forward_v I I I I #
coedge $-1 -1 $-1 $5336 $4972 $4968 $5157 forward $5163 $-1 #
edge $-1 -1 $-1 $4974 -31.50000000000000355 $5158 -1.500000000000003553 $5156 $5342 forward @7 unknown #
vertex $-1 -1 $-1 $5157 $5343 #
straight-curve $-1 -1 $-1 62.30000000000000426 -4 50.50000000000000711 0 1 0 F 1.799999999999999822 F 2.700000000000000178 #
DXID-attrib $-1 -1 $-1 $-1 $4970 @10 ASM ENTITY @3 122 #
face $5344 -1 $-1 $5345 $5326 $27 $-1 $5346 reversed single #
plane-surface $-1 -1 $-1 62.30000000000000426 -4 50.50000000000000711 0 0 1 1 0 0 forward_v I I I I #
loop $-1 -1 $-1 $-1 $4972 $5347 #
straight-curve $-1 -1 $-1 92.30000000000001137 -1.300000000000000044 33.625 0 0 1 F 0.8749999999999991118 F 16.87500000000000355 #
point $-1 -1 $-1 92.30000000000001137 -1.300000000000000044 50.50000000000000711 #
point $-1 -1 $-1 92.30000000000001137 -1.300000000000000044 34.5 #
coedge $-1 -1 $-1 $5167 $5167 $4980 $5168 reversed $5278 $-1 #
edge $-1 -1 $-1 $5348 0 $5348 6.283185307179586232 $5167 $5349 forward @7 unknown #
DXID-attrib $-1 -1 $-1 $-1 $4982 @10 ASM ENTITY @3 106 #
face $5350 -1 $-1 $5347 $5351 $27 $-1 $5352 forward single #
loop $-1 -1 $-1 $-1 $5353 $4982 #
plane-surface $-1 -1 $-1 2.75 4 2.75 0 1 0 0 0 1 forward_v I I I I #
DXID-attrib $-1 -1 $-1 $-1 $4985 @10 ASM ENTITY @3 101 #
plane-surface $-1 -1 $-1 2.75 4 2.75 0 1 0 0 0 1 forward_v I I I I #
coedge $-1 -1 $-1 $5175 $5175 $5354 $5355 reversed $4987 $-1 #
coedge $-1 -1 $-1 $4990 $4988 $5356 $5357 forward $4772 $-1 #
coedge $-1 -1 $-1 $5356 $5135 $4989 $5178 reversed $5326 $-1 #
edge $-1 -1 $-1 $5179 -0.5999999999999999778 $5140 0 $4989 $5358 forward @7 unknown #
vertex $-1 -1 $-1 $4991 $5359 #
straight-curve $-1 -1 $-1 47.5 -2 52.89999999999999858 1 0 0 F 0 F 10 #
face $5360 -1 $-1 $-1 $4992 $25 $-1 $5361 reversed single #
point $-1 -1 $-1 114.5000000000000142 11.69999999999999929 75.90000000000000568 #
DXID-attrib $-1 -1 $-1 $-1 $4995 @10 ASM ENTITY @3 150 #
plane-surface $-1 -1 $-1 60 11.69999999999999929 74.5 0 1 0 0 0 1 forward_v I I I I #
straight-curve $-1 -1 $-1 101.0000000000000142 20.50000000000000355 59 1 0 0 F 0 F 7.999999999999989342 #
coedge $-1 -1 $-1 $5006 $5005 $5362 $5363 reversed $4558 $-1 #
coedge $-1 -1 $-1 $5364 $5365 $5005 $5188 reversed $5366 $-1 #
edge $-1 -1 $-1 $5195 0.1250000000000017764 $5367 5.625 $5005 $5368 forward @7 unknown #
coedge $-1 -1 $-1 $5369 $5370 $5006 $5190 forward $5371 $-1 #
edge $-1 -1 $-1 $5194 0.1250000000000017764 $5372 5.625 $5006 $5373 forward @7 unknown #
coedge $-1 -1 $-1 $5013 $5007 $5370 $5374 reversed $5193 $-1 #
coedge $-1 -1 $-1 $5007 $5013 $5364 $5375 forward $5193 $-1 #
loop $-1 -1 $-1 $-1 $5191 $5206 #
vertex $-1 -1 $-1 $5008 $5376 #
vertex $-1 -1 $-1 $5008 $5377 #
straight-curve $-1 -1 $-1 109 21.5 59.25000000000000711 0 -1 0 F -3.000000000000002665 F -1.000000000000000888 #
coedge $-1 -1 $-1 $5012 $5011 $5378 $5379 forward $4563 $-1 #
coedge $-1 -1 $-1 $5370 $5369 $5011 $5199 reversed $5371 $-1 #
edge $-1 -1 $-1 $5202 0.1250000000000017764 $5380 5.625 $5011 $5381 forward @7 unknown #
coedge $-1 -1 $-1 $5365 $5364 $5012 $5201 forward $5366 $-1 #
edge $-1 -1 $-1 $5203 0.1250000000000017764 $5382 5.625 $5012 $5383 forward @7 unknown #
vertex $-1 -1 $-1 $5014 $5384 #
vertex $-1 -1 $-1 $5014 $5385 #
straight-curve $-1 -1 $-1 101.0000000000000142 21.5 59.25000000000000711 0 -1 0 F -3.000000000000002665 F -1.000000000000000888 #
DXID-attrib $-1 -1 $-1 $-1 $5015 @10 ASM ENTITY @3 141 #
face $5386 -1 $-1 $5387 $5193 $25 $-1 $5388 forward single #
plane-surface $-1 -1 $-1 101.0000000000000142 20.50000000000000355 59 0 1 0 0 0 1 forward_v I I I I #
coedge $-1 -1 $-1 $5389 $5016 $5390 $5391 reversed $3739 $-1 #
coedge $-1 -1 $-1 $5392 $5393 $5016 $5210 forward $5394 $-1 #
edge $-1 -1 $-1 $5395 -26.79999999999999716 $5214 -25.70000000000000284 $5016 $5396 forward @7 unknown #
coedge $-1 -1 $-1 $5397 $5017 $5020 $5217 reversed $5213 $-1 #
coedge $-1 -1 $-1 $5017 $5397 $5392 $5398 forward $5213 $-1 #
loop $-1 -1 $-1 $-1 $5212 $5399 #
vertex $-1 -1 $-1 $5018 $5400 #
straight-curve $-1 -1 $-1 47.38500000000000512 27.5 53.90000000000000568 1 0 0 F 44.88499999999999801 F 47.31500000000000483 #
coedge $-1 -1 $-1 $5020 $5019 $5401 $5402 reversed $5021 $-1 #
edge $-1 -1 $-1 $5403 0 $5022 18.19999999999999574 $5020 $5404 forward @7 unknown #
face $5405 -1 $-1 $5406 $5021 $25 $-1 $5407 forward single #
point $-1 -1 $-1 94.70000000000000284 27.5 53.90000000000000568 #
coedge $-1 -1 $-1 $5030 $5052 $5024 $5221 forward $5056 $-1 #
edge $-1 -1 $-1 $5253 0 $5032 55 $5024 $5408 forward @7 unknown #
coedge $-1 -1 $-1 $5025 $5390 $5393 $5409 reversed $4810 $-1 #
coedge $-1 -1 $-1 $5410 $5401 $5025 $5224 reversed $5411 $-1 #
edge $-1 -1 $-1 $5412 0 $5225 2.430000000000003268 $5025 $5413 forward @7 unknown #
vertex $-1 -1 $-1 $5224 $5414 #
straight-curve $-1 -1 $-1 94.70000000000000284 9.300000000000000711 55 0 1 0 F 0 F 18.19999999999999574 #
coedge $-1 -1 $-1 $5415 $5027 $5416 $5417 reversed $4810 $-1 #
coedge $-1 -1 $-1 $5027 $5252 $5418 $5419 forward $4810 $-1 #
coedge $-1 -1 $-1 $5037 $5420 $5027 $5230 reversed $3739 $-1 #
edge $-1 -1 $-1 $5421 21.95000000000000284 $5422 32.96000000000000085 $5229 $5423 forward @7 unknown #
DXID-attrib $-1 -1 $-1 $-1 $5028 @10 ASM ENTITY @3 103 #
face $5424 -1 $-1 $5218 $5042 $25 $-1 $5425 reversed single #
plane-surface $-1 -1 $-1 45 3.000000000000000444 55 0 0 1 1 0 0 forward_v I I I I #
straight-curve $-1 -1 $-1 100 3.000000000000000444 55 0 0 1 F 0 F 2.000000000000001776 #
point $-1 -1 $-1 100 3.000000000000000444 55 #
DXID-attrib $-1 -1 $-1 $-1 $5035 @10 ASM ENTITY @3 102 #
plane-surface $-1 -1 $-1 43 7.5 55 0 0 1 1 0 0 forward_v I I I I #
coedge $-1 -1 $-1 $5418 $5426 $5037 $5239 reversed $5427 $-1 #
edge $-1 -1 $-1 $5421 -27.74999999999999645 $5243 -24.75 $5037 $5428 forward @7 unknown #
coedge $-1 -1 $-1 $5429 $5038 $5426 $5430 reversed $5242 $-1 #
coedge $-1 -1 $-1 $5038 $5429 $5040 $5246 forward $5242 $-1 #
loop $-1 -1 $-1 $-1 $5241 $5406 #
vertex $-1 -1 $-1 $5239 $5431 #
straight-curve $-1 -1 $-1 22.75 27.5 52 1 0 0 F 20.24999999999999645 F 22.95000000000000284 #
coedge $-1 -1 $-1 $5041 $5040 $5432 $5433 forward $5042 $-1 #
edge $-1 -1 $-1 $5434 0 $5043 20 $5040 $5435 forward @7 unknown #
point $-1 -1 $-1 43 27.5 52 #
coedge $-1 -1 $-1 $5432 $5436 $5045 $5249 reversed $5437 $-1 #
edge $-1 -1 $-1 $5250 0 $5050 2.000000000000001776 $5045 $5438 forward @7 unknown #
vertex $-1 -1 $-1 $5046 $5439 #
straight-curve $-1 -1 $-1 43 7.5 55 0 1 0 F 0 F 20 #
coedge $-1 -1 $-1 $5228 $5048 $5436 $5440 forward $4810 $-1 #
vertex $-1 -1 $-1 $5049 $5441 #
straight-curve $-1 -1 $-1 45 3.000000000000000444 55 0 1 0 F 0 F 4.499999999999999112 #
point $-1 -1 $-1 45 7.5 55 #
straight-curve $-1 -1 $-1 45 3.000000000000000444 55 0 0 1 F 0 F 2.000000000000001776 #
face $5442 -1 $-1 $5443 $5056 $25 $-1 $5444 reversed single #
straight-curve $-1 -1 $-1 98 7.5 37 1 0 0 F 0 F 1.999999999999992895 #
DXID-attrib $-1 -1 $-1 $-1 $5068 @10 ASM ENTITY @3 135 #
plane-surface $-1 -1 $-1 98 7.5 37 0 1 0 0 0 1 forward_v I I I I #
loop $-1 -1 $-1 $5445 $5446 $216 #
coedge $-1 -1 $-1 $5447 $5448 $5449 $5450 reversed $5073 $-1 #
coedge $-1 -1 $-1 $5451 $5074 $5452 $5453 forward $4879 $-1 #
coedge $-1 -1 $-1 $5074 $5451 $5454 $5455 reversed $4879 $-1 #
coedge $-1 -1 $-1 $5456 $5457 $5074 $5266 forward $5458 $-1 #
edge $-1 -1 $-1 $5459 29.5 $5460 50.49999999999999289 $5074 $5461 forward @7 unknown #
coedge $-1 -1 $-1 $5076 $5075 $5462 $5463 forward $4678 $-1 #
coedge $-1 -1 $-1 $5464 $5465 $5075 $5269 reversed $5466 $-1 #
edge $-1 -1 $-1 $5276 6.055676935212999545 $5467 68.44432306478698536 $5075 $5468 forward @7 unknown #
coedge $-1 -1 $-1 $5469 $5470 $5076 $5271 reversed $5471 $-1 #
edge $-1 -1 $-1 $5472 -66.51591214073199865 $5275 -5.984087859267999576 $5076 $5473 forward @7 unknown #
coedge $-1 -1 $-1 $5474 $5077 $5470 $5475 forward $5274 $-1 #
coedge $-1 -1 $-1 $5077 $5474 $5464 $5476 reversed $5274 $-1 #
loop $-1 -1 $-1 $-1 $5272 $5477 #
vertex $-1 -1 $-1 $5078 $5478 #
vertex $-1 -1 $-1 $5078 $5479 #
ellipse-curve $-1 -1 $-1 114.5000000000000142 0 5.5 0 1 0 0 0 4.299999999999999822 1 F 0.1753152913061265528 F 0.6938930934539238038 #
loop $-1 -1 $-1 $-1 $5167 $5279 #
face $5480 -1 $-1 $5477 $5079 $27 $-1 $5481 reversed single #
point $-1 -1 $-1 114.5000000000000142 0 7.250000000000000888 #
coedge $-1 -1 $-1 $5482 $5082 $5085 $5286 forward $5283 $-1 #
coedge $-1 -1 $-1 $5082 $5482 $5089 $5290 reversed $5283 $-1 #
loop $-1 -1 $-1 $-1 $5281 $5483 #
straight-curve $-1 -1 $-1 25.50000000000000355 0 29.30000000000000071 1 0 0 F 25.5 F 64.49999999999998579 #
coedge $-1 -1 $-1 $5085 $5084 $5484 $5485 reversed $5086 $-1 #
edge $-1 -1 $-1 $5087 0.01000000000000000021 $5486 7.210000000000000853 $5085 $5487 forward @7 unknown #
face $5488 -1 $-1 $5291 $5086 $27 $-1 $5489 reversed single #
point $-1 -1 $-1 51.00000000000000711 0 29.30000000000000071 #
coedge $-1 -1 $-1 $5090 $5089 $5490 $5491 forward $5091 $-1 #
edge $-1 -1 $-1 $5092 0.01000000000000000021 $5492 7.210000000000000853 $5089 $5493 forward @7 unknown #
face $5494 -1 $-1 $5483 $5091 $27 $-1 $5495 forward single #
point $-1 -1 $-1 90 0 29.30000000000000071 #
coedge $-1 -1 $-1 $5490 $5484 $5094 $5294 forward $5496 $-1 #
edge $-1 -1 $-1 $5297 0 $5295 38.99999999999999289 $5094 $5497 forward @7 unknown #
vertex $-1 -1 $-1 $5095 $5498 #
straight-curve $-1 -1 $-1 90 -0.01000000000000000021 31.20000000000000284 0 1 0 F 0.01000000000000000021 F 7.210000000000000853 #
vertex $-1 -1 $-1 $5096 $5499 #
straight-curve $-1 -1 $-1 51.00000000000000711 -0.01000000000000000021 31.20000000000000284 0 1 0 F 0.01000000000000000021 F 7.210000000000000853 #
DXID-attrib $-1 -1 $-1 $-1 $5097 @10 ASM ENTITY @2 56 #
plane-surface $-1 -1 $-1 51.00000000000000711 -0.01000000000000000021 31.20000000000000284 0 0 1 1 0 0 forward_v I I I I #
coedge $-1 -1 $-1 $5101 $5100 $5500 $5501 forward $5102 $-1 #
face $5502 -1 $-1 $5097 $5102 $27 $-1 $5503 reversed single #
coedge $-1 -1 $-1 $5112 $5500 $5104 $5304 reversed $5315 $-1 #
edge $-1 -1 $-1 $5116 60.55567693521299333 $5305 108.4443230647799936 $5104 $5504 forward @7 unknown #
vertex $-1 -1 $-1 $5304 $5505 #
straight-curve $-1 -1 $-1 111.1943230647800078 -1 2.75 0 1 0 F 1 F 5 #
DXID-attrib $-1 -1 $-1 $-1 $5106 @10 ASM ENTITY @2 54 #
plane-surface $-1 -1 $-1 2.75 0 2.75 0 0 1 1 0 0 forward_v I I I I #
coedge $-1 -1 $-1 $5500 $5112 $5108 $5310 forward $5315 $-1 #
edge $-1 -1 $-1 $5114 60.48408785926800135 $5311 106.5159121407300091 $5108 $5506 forward @7 unknown #
vertex $-1 -1 $-1 $5310 $5507 #
straight-curve $-1 -1 $-1 110.2659121407300091 -1 4.75 0 1 0 F 1 F 5 #
DXID-attrib $-1 -1 $-1 $-1 $5110 @10 ASM ENTITY @2 53 #
plane-surface $-1 -1 $-1 4.75 -1 4.75 0 0 1 1 0 0 forward_v I I I I #
loop $-1 -1 $-1 $-1 $5303 $5334 #
ellipse-curve $-1 -1 $-1 60 4 5.5 0 1 0 0 0 4.299999999999999822 1 F 1.746111618101025664 F 2.264689420248819918 #
point $-1 -1 $-1 64.23408785926800135 4 4.75 #
point $-1 -1 $-1 63.30567693521300043 4 2.75 #
vertex $-1 -1 $-1 $5121 $5508 #
ellipse-curve $-1 -1 $-1 60 -1.300000000000000044 74.5 0 1 0 0 0 1.750000000000000222 1 I I #
straight-curve $-1 -1 $-1 3.75 4 75.25 1 0 0 F 5.984087859267999576 F 52.01591214073200575 #
coedge $-1 -1 $-1 $5135 $5356 $5132 $5323 forward $5326 $-1 #
edge $-1 -1 $-1 $5324 -0.5999999999999999778 $5137 0 $5132 $5509 forward @7 unknown #
vertex $-1 -1 $-1 $5133 $5510 #
straight-curve $-1 -1 $-1 47.5 -2 46.90000000000000568 1 0 0 F 0 F 10 #
loop $-1 -1 $-1 $-1 $5356 $5161 #
straight-curve $-1 -1 $-1 47.5 -2.600000000000000089 46.10000000000000142 0 0 1 F 0.8000000000000007105 F 6.799999999999997158 #
point $-1 -1 $-1 47.5 -2.600000000000000089 46.90000000000000568 #
point $-1 -1 $-1 47.5 -2.600000000000000089 52.89999999999999858 #
loop $-1 -1 $-1 $-1 $5511 $5331 #
face $5512 -1 $-1 $4763 $5142 $27 $-1 $5513 reversed single #
point $-1 -1 $-1 114.5000000000000142 -2.990000000000000213 77.69147058823500629 #
DXID-attrib $-1 -1 $-1 $-1 $5146 @10 ASM ENTITY @3 102 #
face $5514 -1 $-1 $5515 $5315 $27 $-1 $5516 forward single #
cone-surface $-1 -1 $-1 60 -3.000000000000000444 74.5 -0 -1 -0 0 0 3.200000000000000622 1 I I 0.6489466060827521199 0.7608339519590837652 3.200000000000000622 forward I I I I #
coedge $-1 -1 $-1 $5150 $5156 $5148 $5337 reversed $5163 $-1 #
edge $-1 -1 $-1 $5152 0.8749999999999991118 $5158 16.87500000000000355 $5336 $5517 forward @7 unknown #
DXID-attrib $-1 -1 $-1 $-1 $5149 @10 ASM ENTITY @3 121 #
plane-surface $-1 -1 $-1 62.30000000000000426 -4 34.5 1 0 0 0 0 1 forward_v I I I I #
straight-curve $-1 -1 $-1 60.79999999999999716 -1.300000000000000044 34.5 -1 0 0 F -31.50000000000000355 F -1.500000000000003553 #
point $-1 -1 $-1 62.30000000000000426 -1.300000000000000044 34.5 #
straight-curve $-1 -1 $-1 60.79999999999999716 -1.300000000000000044 50.50000000000000711 -1 0 0 F -31.50000000000000355 F -1.500000000000003553 #
point $-1 -1 $-1 62.30000000000000426 -1.300000000000000044 50.50000000000000711 #
DXID-attrib $-1 -1 $-1 $-1 $5161 @10 ASM ENTITY @3 123 #
face $5518 -1 $-1 $5519 $5520 $27 $-1 $5521 forward single #
plane-surface $-1 -1 $-1 47.5 -2.600000000000000089 46.10000000000000142 1 0 0 0 0 1 forward_v I I I I #
face $5522 -1 $-1 $5523 $5524 $27 $-1 $5525 forward single #
vertex $-1 -1 $-1 $5168 $5526 #
ellipse-curve $-1 -1 $-1 114.5000000000000142 -1.300000000000000044 5.5 0 1 0 0 0 1.750000000000000222 1 I I #
DXID-attrib $-1 -1 $-1 $-1 $5170 @10 ASM ENTITY @3 107 #
loop $-1 -1 $-1 $-1 $5527 $5170 #
plane-surface $-1 -1 $-1 59 7.200000000000001066 52.80000000000000426 0 1 0 0 0 1 forward_v I I I I #
coedge $-1 -1 $-1 $5528 $5529 $5530 $5531 reversed $5171 $-1 #
coedge $-1 -1 $-1 $5354 $5354 $5175 $5355 forward $5532 $-1 #
edge $-1 -1 $-1 $5533 0 $5533 6.283185307179586232 $5175 $5534 forward @7 unknown #
coedge $-1 -1 $-1 $5322 $5177 $5176 $5357 reversed $5326 $-1 #
edge $-1 -1 $-1 $5324 0 $5179 5.999999999999996447 $5176 $5535 forward @7 unknown #
straight-curve $-1 -1 $-1 47.5 -2.600000000000000089 52.89999999999999858 0 -1 0 F -0.5999999999999999778 F 0 #
point $-1 -1 $-1 47.5 -2 52.89999999999999858 #
DXID-attrib $-1 -1 $-1 $-1 $5181 @10 ASM ENTITY @3 151 #
plane-surface $-1 -1 $-1 114.5000000000000142 11.69999999999999929 74.5 0 1 0 0 0 1 forward_v I I I I #
coedge $-1 -1 $-1 $5536 $5537 $5186 $5363 forward $5538 $-1 #
edge $-1 -1 $-1 $5372 -3.000000000000002665 $5367 -1.000000000000000888 $5186 $5539 forward @7 unknown #
coedge $-1 -1 $-1 $5200 $5187 $5192 $5375 reversed $5366 $-1 #
coedge $-1 -1 $-1 $5187 $5200 $5536 $5540 forward $5366 $-1 #
loop $-1 -1 $-1 $-1 $5364 $5541 #
vertex $-1 -1 $-1 $5188 $5542 #
straight-curve $-1 -1 $-1 109 22.5 59.12500000000000711 0 0 1 F 0.1250000000000017764 F 5.625 #
coedge $-1 -1 $-1 $5198 $5189 $5537 $5543 reversed $5371 $-1 #
coedge $-1 -1 $-1 $5189 $5198 $5191 $5374 forward $5371 $-1 #
loop $-1 -1 $-1 $-1 $5370 $5387 #
vertex $-1 -1 $-1 $5363 $5544 #
straight-curve $-1 -1 $-1 109 24.5 59.12500000000000711 0 0 1 F 0.1250000000000017764 F 5.625 #
edge $-1 -1 $-1 $5202 1.000000000000014211 $5194 9.000000000000003553 $5191 $5545 forward @7 unknown #
edge $-1 -1 $-1 $5203 1.000000000000014211 $5195 9.000000000000003553 $5192 $5546 forward @7 unknown #
point $-1 -1 $-1 109 24.5 59.25000000000000711 #
point $-1 -1 $-1 109 22.5 59.25000000000000711 #
coedge $-1 -1 $-1 $5537 $5536 $5197 $5379 reversed $5538 $-1 #
edge $-1 -1 $-1 $5380 -3.000000000000002665 $5382 -1.000000000000000888 $5197 $5547 forward @7 unknown #
vertex $-1 -1 $-1 $5199 $5548 #
straight-curve $-1 -1 $-1 101.0000000000000142 24.5 59.12500000000000711 0 0 1 F 0.1250000000000017764 F 5.625 #
vertex $-1 -1 $-1 $5379 $5549 #
straight-curve $-1 -1 $-1 101.0000000000000142 22.5 59.12500000000000711 0 0 1 F 0.1250000000000017764 F 5.625 #
point $-1 -1 $-1 101.0000000000000142 24.5 59.25000000000000711 #
point $-1 -1 $-1 101.0000000000000142 22.5 59.25000000000000711 #
DXID-attrib $-1 -1 $-1 $-1 $5206 @10 ASM ENTITY @3 142 #
face $5550 -1 $-1 $5541 $5371 $25 $-1 $5551 reversed single #
plane-surface $-1 -1 $-1 100 22.5 59.25000000000000711 0 0 1 1 0 0 forward_v I I I I #
coedge $-1 -1 $-1 $5552 $5208 $5553 $5554 forward $3739 $-1 #
coedge $-1 -1 $-1 $5222 $5555 $5208 $5391 forward $4810 $-1 #
edge $-1 -1 $-1 $5556 64.12000000000000455 $5395 68.51999999999999602 $5208 $5557 forward @7 unknown #
coedge $-1 -1 $-1 $5558 $5209 $5212 $5398 reversed $5394 $-1 #
coedge $-1 -1 $-1 $5209 $5558 $5222 $5409 forward $5394 $-1 #
loop $-1 -1 $-1 $-1 $5393 $5559 #
vertex $-1 -1 $-1 $5210 $5560 #
straight-curve $-1 -1 $-1 92.27000000000001023 27.5 28.20000000000000284 0 0 -1 F -26.79999999999999716 F -25.70000000000000284 #
coedge $-1 -1 $-1 $5212 $5211 $5561 $5562 reversed $5213 $-1 #
edge $-1 -1 $-1 $5563 0 $5214 18.19999999999999574 $5212 $5564 forward @7 unknown #
face $5565 -1 $-1 $5566 $5213 $25 $-1 $5567 reversed single #
point $-1 -1 $-1 92.27000000000001023 27.5 53.90000000000000568 #
coedge $-1 -1 $-1 $5223 $5561 $5216 $5402 forward $5411 $-1 #
edge $-1 -1 $-1 $5403 0 $5225 1.099999999999994316 $5216 $5568 forward @7 unknown #
vertex $-1 -1 $-1 $5402 $5569 #
straight-curve $-1 -1 $-1 94.70000000000000284 9.300000000000000711 53.90000000000000568 0 1 0 F 0 F 18.19999999999999574 #
DXID-attrib $-1 -1 $-1 $-1 $5218 @10 ASM ENTITY @3 105 #
face $5570 -1 $-1 $5399 $5242 $25 $-1 $5571 reversed single #
plane-surface $-1 -1 $-1 94.70000000000000284 9.300000000000000711 53.90000000000000568 1 0 0 0 0 1 forward_v I I I I #
straight-curve $-1 -1 $-1 45 3.000000000000000444 55 1 0 0 F 0 F 55 #
edge $-1 -1 $-1 $5412 0 $5395 18.19999999999999574 $5222 $5572 forward @7 unknown #
coedge $-1 -1 $-1 $5561 $5223 $5558 $5573 reversed $5411 $-1 #
loop $-1 -1 $-1 $-1 $5561 $5574 #
vertex $-1 -1 $-1 $5409 $5575 #
straight-curve $-1 -1 $-1 92.27000000000001023 9.300000000000000711 55 1 0 0 F 0 F 2.430000000000003268 #
point $-1 -1 $-1 94.70000000000000284 9.300000000000000711 55 #
coedge $-1 -1 $-1 $5576 $5227 $5577 $5578 forward $4810 $-1 #
coedge $-1 -1 $-1 $5579 $5580 $5227 $5417 forward $5581 $-1 #
edge $-1 -1 $-1 $5582 0 $5422 18.19999999999999574 $5227 $5583 forward @7 unknown #
coedge $-1 -1 $-1 $5584 $5238 $5228 $5419 reversed $5427 $-1 #
edge $-1 -1 $-1 $5585 0 $5421 20 $5228 $5586 forward @7 unknown #
coedge $-1 -1 $-1 $5229 $5587 $5579 $5588 reversed $3739 $-1 #
vertex $-1 -1 $-1 $5230 $5589 #
vertex $-1 -1 $-1 $5588 $5590 #
straight-curve $-1 -1 $-1 23.75 27.5 55 1 0 0 F 21.95000000000000284 F 32.96000000000000085 #
DXID-attrib $-1 -1 $-1 $-1 $5232 @10 ASM ENTITY @3 104 #
plane-surface $-1 -1 $-1 43 7.5 52 1 0 0 0 0 1 forward_v I I I I #
coedge $-1 -1 $-1 $5238 $5584 $5240 $5430 forward $5427 $-1 #
loop $-1 -1 $-1 $-1 $5418 $5566 #
straight-curve $-1 -1 $-1 45.70000000000000284 27.5 27.25 0 0 -1 F -27.74999999999999645 F -24.75 #
coedge $-1 -1 $-1 $5241 $5240 $5591 $5592 reversed $5242 $-1 #
edge $-1 -1 $-1 $5593 0 $5243 20 $5240 $5594 forward @7 unknown #
point $-1 -1 $-1 45.70000000000000284 27.5 52 #
coedge $-1 -1 $-1 $5591 $5248 $5245 $5433 reversed $5437 $-1 #
edge $-1 -1 $-1 $5434 0 $5250 2.999999999999998224 $5245 $5595 forward @7 unknown #
vertex $-1 -1 $-1 $5246 $5596 #
straight-curve $-1 -1 $-1 43 7.5 52 0 1 0 F 0 F 20 #
coedge $-1 -1 $-1 $5248 $5597 $5252 $5440 reversed $5437 $-1 #
loop $-1 -1 $-1 $-1 $5591 $5443 #
straight-curve $-1 -1 $-1 43 7.5 55 1 0 0 F 0 F 2.000000000000001776 #
point $-1 -1 $-1 43 7.5 55 #
edge $-1 -1 $-1 $5050 2.000000000000001776 $5585 2.700000000000004619 $5252 $5598 forward @7 unknown #
point $-1 -1 $-1 45 3.000000000000000444 55 #
DXID-attrib $-1 -1 $-1 $-1 $5257 @10 ASM ENTITY @3 136 #
face $5599 -1 $-1 $5600 $5437 $25 $-1 $5601 reversed single #
plane-surface $-1 -1 $-1 45 3.000000000000000444 55 0 1 0 0 0 1 forward_v I I I I #
loop $-1 -1 $-1 $-1 $5602 $216 #
coedge $-1 -1 $-1 $5603 $5604 $5605 $5606 reversed $5261 $-1 #
coedge $-1 -1 $-1 $5607 $5262 $5608 $5609 forward $5073 $-1 #
coedge $-1 -1 $-1 $5262 $5610 $5611 $5612 reversed $5073 $-1 #
coedge $-1 -1 $-1 $5613 $5614 $5262 $5450 forward $5615 $-1 #
edge $-1 -1 $-1 $5616 29.64999999999999858 $5617 65.64999999999999147 $5262 $5618 forward @7 unknown #
coedge $-1 -1 $-1 $5264 $5263 $5619 $5620 forward $4879 $-1 #
coedge $-1 -1 $-1 $5621 $5622 $5263 $5453 reversed $5623 $-1 #
edge $-1 -1 $-1 $5459 -28.30000000000000426 $5624 -26.39999999999999858 $5263 $5625 forward @7 unknown #
coedge $-1 -1 $-1 $5626 $5627 $5264 $5455 forward $5628 $-1 #
edge $-1 -1 $-1 $5460 -28.30000000000000426 $5629 -26.39999999999999858 $5264 $5630 forward @7 unknown #
coedge $-1 -1 $-1 $5631 $5265 $5627 $5632 forward $5458 $-1 #
coedge $-1 -1 $-1 $5265 $5631 $5621 $5633 reversed $5458 $-1 #
loop $-1 -1 $-1 $-1 $5457 $5634 #
vertex $-1 -1 $-1 $5266 $5635 #
vertex $-1 -1 $-1 $5266 $5636 #
straight-curve $-1 -1 $-1 29.5 0 54.70000000000000284 1 0 0 F 29.5 F 50.49999999999999289 #
coedge $-1 -1 $-1 $5637 $5638 $5267 $5463 reversed $5639 $-1 #
edge $-1 -1 $-1 $5467 2.4476995601358702 $5472 2.966277362283666896 $5267 $5640 forward @7 unknown #
coedge $-1 -1 $-1 $5530 $5268 $5273 $5476 forward $5466 $-1 #
coedge $-1 -1 $-1 $5268 $5530 $5637 $5641 reversed $5466 $-1 #
loop $-1 -1 $-1 $-1 $5268 $5642 #
vertex $-1 -1 $-1 $5269 $5643 #
straight-curve $-1 -1 $-1 117.2500000000000142 0 2.75 0 0 1 F 6.055676935212999545 F 68.44432306478698536 #
coedge $-1 -1 $-1 $5644 $5270 $5638 $5645 forward $5471 $-1 #
coedge $-1 -1 $-1 $5270 $5644 $5272 $5475 reversed $5471 $-1 #
loop $-1 -1 $-1 $-1 $5469 $5646 #
vertex $-1 -1 $-1 $5463 $5647 #
straight-curve $-1 -1 $-1 115.25 0 3.75 0 0 -1 F -66.51591214073199865 F -5.984087859267999576 #
coedge $-1 -1 $-1 $5273 $5272 $5528 $5648 forward $5274 $-1 #
edge $-1 -1 $-1 $5275 1 $5649 5 $5272 $5650 forward @7 unknown #
edge $-1 -1 $-1 $5276 1 $5651 5 $5273 $5652 forward @7 unknown #
face $5653 -1 $-1 $5646 $5274 $27 $-1 $5654 reversed single #
point $-1 -1 $-1 115.25 0 9.734087859267999576 #
point $-1 -1 $-1 117.2500000000000142 0 8.805676935213000434 #
DXID-attrib $-1 -1 $-1 $-1 $5279 @10 ASM ENTITY @2 60 #
cone-surface $-1 -1 $-1 114.5000000000000142 -4 5.5 0 1 0 0 0 1.750000000000000222 1 I I 0 1 1.750000000000000222 forward I I I I #
coedge $-1 -1 $-1 $5282 $5281 $5655 $5656 forward $5283 $-1 #
face $5657 -1 $-1 $5279 $5283 $27 $-1 $5658 reversed single #
coedge $-1 -1 $-1 $5293 $5655 $5285 $5485 forward $5496 $-1 #
edge $-1 -1 $-1 $5486 0 $5297 1.899999999999999467 $5285 $5659 forward @7 unknown #
vertex $-1 -1 $-1 $5485 $5660 #
straight-curve $-1 -1 $-1 51.00000000000000711 -0.01000000000000000021 29.30000000000000071 0 1 0 F 0.01000000000000000021 F 7.210000000000000853 #
DXID-attrib $-1 -1 $-1 $-1 $5287 @10 ASM ENTITY @2 57 #
plane-surface $-1 -1 $-1 51.00000000000000711 -0.01000000000000000021 29.30000000000000071 1 0 0 0 0 1 forward_v I I I I #
coedge $-1 -1 $-1 $5655 $5293 $5289 $5491 reversed $5496 $-1 #
edge $-1 -1 $-1 $5492 0 $5295 1.899999999999999467 $5289 $5661 forward @7 unknown #
vertex $-1 -1 $-1 $5290 $5662 #
straight-curve $-1 -1 $-1 90 -0.01000000000000000021 29.30000000000000071 0 1 0 F 0.01000000000000000021 F 7.210000000000000853 #
DXID-attrib $-1 -1 $-1 $-1 $5291 @10 ASM ENTITY @2 58 #
plane-surface $-1 -1 $-1 90 -0.01000000000000000021 29.30000000000000071 1 0 0 0 0 1 forward_v I I I I #
loop $-1 -1 $-1 $-1 $5655 $5515 #
straight-curve $-1 -1 $-1 51.00000000000000711 7.200000000000001066 31.20000000000000284 1 0 0 F 0 F 38.99999999999999289 #
point $-1 -1 $-1 90 7.200000000000001066 31.20000000000000284 #
point $-1 -1 $-1 51.00000000000000711 7.200000000000001066 31.20000000000000284 #
coedge $-1 -1 $-1 $5303 $5309 $5301 $5501 reversed $5315 $-1 #
edge $-1 -1 $-1 $5305 -2.264689420247777196 $5311 -1.74611161810094484 $5301 $5663 forward @7 unknown #
DXID-attrib $-1 -1 $-1 $-1 $5302 @10 ASM ENTITY @2 55 #
cone-surface $-1 -1 $-1 114.5000000000000142 -1 5.5 0 1 0 0 0 4.299999999999999822 1 I I 0 1 4.299999999999999822 forward I I I I #
straight-curve $-1 -1 $-1 2.75 4 2.75 1 0 0 F 60.55567693521299333 F 108.4443230647799936 #
point $-1 -1 $-1 111.1943230647800078 4 2.75 #
straight-curve $-1 -1 $-1 3.75 4 4.75 1 0 0 F 60.48408785926800135 F 106.5159121407300091 #
point $-1 -1 $-1 110.2659121407300091 4 4.75 #
point $-1 -1 $-1 60 -1.300000000000000044 76.25 #
straight-curve $-1 -1 $-1 47.5 -2.600000000000000089 46.90000000000000568 0 -1 0 F -0.5999999999999999778 F 0 #
point $-1 -1 $-1 47.5 -2 46.90000000000000568 #
coedge $-1 -1 $-1 $5511 $5511 $5664 $5665 forward $5330 $-1 #
DXID-attrib $-1 -1 $-1 $-1 $5331 @10 ASM ENTITY @3 118 #
cone-surface $-1 -1 $-1 114.5000000000000142 -3.000000000000000444 74.5 -0 -1 -0 0 0 3.200000000000000622 1 I I 0.6489466060827521199 0.7608339519590837652 3.200000000000000622 forward I I I I #
DXID-attrib $-1 -1 $-1 $-1 $5334 @10 ASM ENTITY @3 103 #
face $5666 -1 $-1 $4767 $5496 $27 $-1 $5667 forward single #
plane-surface $-1 -1 $-1 2.75 4 2.75 0 1 0 0 0 1 forward_v I I I I #
straight-curve $-1 -1 $-1 62.30000000000000426 -1.300000000000000044 33.625 0 0 1 F 0.8749999999999991118 F 16.87500000000000355 #
DXID-attrib $-1 -1 $-1 $-1 $5345 @10 ASM ENTITY @3 124 #
face $5668 -1 $-1 $5669 $5670 $27 $-1 $5671 forward single #
loop $-1 -1 $-1 $5532 $5672 $5345 #
cone-surface $-1 -1 $-1 49.40000000000000568 -2.009999999999999787 49.90000000000000568 0 1 0 0 0 1.25 1 I I 0 1 1.25 forward I I I I #
DXID-attrib $-1 -1 $-1 $-1 $5347 @10 ASM ENTITY @3 108 #
face $5673 -1 $-1 $5674 $5675 $27 $-1 $5676 forward single #
loop $-1 -1 $-1 $5163 $5677 $5347 #
plane-surface $-1 -1 $-1 59.29999999999999716 -1.300000000000000044 32.75 0 1 0 0 0 1 forward_v I I I I #
point $-1 -1 $-1 114.5000000000000142 -1.300000000000000044 7.250000000000000888 #
coedge $-1 -1 $-1 $5678 $5679 $5680 $5681 reversed $5351 $-1 #
coedge $-1 -1 $-1 $5682 $5353 $5474 $5648 reversed $5171 $-1 #
coedge $-1 -1 $-1 $5353 $5682 $5683 $5684 reversed $5171 $-1 #
coedge $-1 -1 $-1 $5465 $5464 $5353 $5531 forward $5466 $-1 #
edge $-1 -1 $-1 $5651 6.055676935212999545 $5685 68.44432306478698536 $5530 $5686 forward @7 unknown #
loop $-1 -1 $-1 $-1 $5354 $5345 #
vertex $-1 -1 $-1 $5355 $5687 #
ellipse-curve $-1 -1 $-1 49.40000000000000568 -2 49.90000000000000568 0 1 0 0 0 1.25 1 I I #
straight-curve $-1 -1 $-1 47.5 -2 46.90000000000000568 0 0 1 F 0 F 5.999999999999996447 #
coedge $-1 -1 $-1 $5378 $5362 $5365 $5540 reversed $5538 $-1 #
coedge $-1 -1 $-1 $5362 $5378 $5369 $5543 forward $5538 $-1 #
loop $-1 -1 $-1 $-1 $5537 $5688 #
straight-curve $-1 -1 $-1 109 21.5 64.75 0 -1 0 F -3.000000000000002665 F -1.000000000000000888 #
edge $-1 -1 $-1 $5382 1.000000000000014211 $5367 9.000000000000003553 $5365 $5689 forward @7 unknown #
face $5690 -1 $-1 $5688 $5366 $25 $-1 $5691 forward single #
point $-1 -1 $-1 109 22.5 64.75 #
edge $-1 -1 $-1 $5380 1.000000000000014211 $5372 9.000000000000003553 $5369 $5692 forward @7 unknown #
point $-1 -1 $-1 109 24.5 64.75 #
straight-curve $-1 -1 $-1 100 24.5 59.25000000000000711 1 0 0 F 1.000000000000014211 F 9.000000000000003553 #
straight-curve $-1 -1 $-1 100 22.5 59.25000000000000711 1 0 0 F 1.000000000000014211 F 9.000000000000003553 #
straight-curve $-1 -1 $-1 101.0000000000000142 21.5 64.75 0 -1 0 F -3.000000000000002665 F -1.000000000000000888 #
point $-1 -1 $-1 101.0000000000000142 24.5 64.75 #
point $-1 -1 $-1 101.0000000000000142 22.5 64.75 #
DXID-attrib $-1 -1 $-1 $-1 $5387 @10 ASM ENTITY @3 143 #
plane-surface $-1 -1 $-1 100 24.5 59.25000000000000711 0 1 0 0 0 1 forward_v I I I I #
coedge $-1 -1 $-1 $5693 $5389 $5694 $5695 reversed $3739 $-1 #
coedge $-1 -1 $-1 $5696 $5697 $5389 $5554 reversed $5698 $-1 #
edge $-1 -1 $-1 $5556 -26.79999999999999716 $5699 -25.70000000000000284 $5389 $5700 forward @7 unknown #
coedge $-1 -1 $-1 $5390 $5701 $5696 $5702 forward $4810 $-1 #
vertex $-1 -1 $-1 $5391 $5703 #
straight-curve $-1 -1 $-1 23.75 27.5 55 1 0 0 F 64.12000000000000455 F 68.51999999999999602 #
coedge $-1 -1 $-1 $5393 $5392 $5410 $5573 forward $5394 $-1 #
face $5704 -1 $-1 $5705 $5394 $25 $-1 $5706 reversed single #
point $-1 -1 $-1 92.27000000000001023 27.5 55 #
coedge $-1 -1 $-1 $5401 $5410 $5397 $5562 forward $5411 $-1 #
edge $-1 -1 $-1 $5563 0 $5403 2.430000000000003268 $5397 $5707 forward @7 unknown #
vertex $-1 -1 $-1 $5398 $5708 #
straight-curve $-1 -1 $-1 92.27000000000001023 9.300000000000000711 53.90000000000000568 0 1 0 F 0 F 18.19999999999999574 #
DXID-attrib $-1 -1 $-1 $-1 $5399 @10 ASM ENTITY @3 107 #
face $5709 -1 $-1 $5559 $5427 $25 $-1 $5710 forward single #
plane-surface $-1 -1 $-1 92.27000000000001023 9.300000000000000711 53.90000000000000568 0 0 1 1 0 0 forward_v I I I I #
straight-curve $-1 -1 $-1 94.70000000000000284 9.300000000000000711 53.90000000000000568 0 0 1 F 0 F 1.099999999999994316 #
point $-1 -1 $-1 94.70000000000000284 9.300000000000000711 53.90000000000000568 #
DXID-attrib $-1 -1 $-1 $-1 $5406 @10 ASM ENTITY @3 106 #
plane-surface $-1 -1 $-1 43 7.5 52 0 0 1 1 0 0 forward_v I I I I #
straight-curve $-1 -1 $-1 92.27000000000001023 9.300000000000000711 55 0 1 0 F 0 F 18.19999999999999574 #
edge $-1 -1 $-1 $5563 0 $5412 1.099999999999994316 $5558 $5711 forward @7 unknown #
face $5712 -1 $-1 $5015 $5411 $25 $-1 $5713 reversed single #
point $-1 -1 $-1 92.27000000000001023 9.300000000000000711 55 #
coedge $-1 -1 $-1 $5714 $5415 $5715 $5716 forward $4810 $-1 #
coedge $-1 -1 $-1 $5717 $5718 $5415 $5578 reversed $5719 $-1 #
edge $-1 -1 $-1 $5582 0 $5720 23.53999999999999915 $5415 $5721 forward @7 unknown #
coedge $-1 -1 $-1 $5722 $5416 $5420 $5588 forward $5581 $-1 #
coedge $-1 -1 $-1 $5416 $5722 $5717 $5723 forward $5581 $-1 #
loop $-1 -1 $-1 $-1 $5416 $5705 #
vertex $-1 -1 $-1 $5417 $5724 #
straight-curve $-1 -1 $-1 56.71000000000000085 9.300000000000000711 55 0 1 0 F 0 F 18.19999999999999574 #
coedge $-1 -1 $-1 $5426 $5418 $5597 $5725 reversed $5427 $-1 #
vertex $-1 -1 $-1 $5440 $5726 #
straight-curve $-1 -1 $-1 45.70000000000000284 7.5 55 0 1 0 F 0 F 20 #
coedge $-1 -1 $-1 $5420 $5727 $5728 $5729 reversed $3739 $-1 #
edge $-1 -1 $-1 $5422 -26.79999999999999716 $5730 -25.70000000000000284 $5420 $5731 forward @7 unknown #
point $-1 -1 $-1 45.70000000000000284 27.5 55 #
point $-1 -1 $-1 56.71000000000000085 27.5 55 #
coedge $-1 -1 $-1 $5597 $5432 $5429 $5592 forward $5437 $-1 #
edge $-1 -1 $-1 $5434 0 $5593 2.700000000000004619 $5429 $5732 forward @7 unknown #
vertex $-1 -1 $-1 $5430 $5733 #
straight-curve $-1 -1 $-1 45.70000000000000284 7.5 52 0 1 0 F 0 F 20 #
straight-curve $-1 -1 $-1 43 7.5 52 0 0 1 F 0 F 2.999999999999998224 #
point $-1 -1 $-1 43 7.5 52 #
coedge $-1 -1 $-1 $5436 $5591 $5584 $5725 forward $5437 $-1 #
straight-curve $-1 -1 $-1 43 7.5 55 1 0 0 F 2.000000000000001776 F 2.700000000000004619 #
DXID-attrib $-1 -1 $-1 $-1 $5443 @10 ASM ENTITY @3 137 #
face $5734 -1 $-1 $5735 $5719 $25 $-1 $5736 reversed single #
plane-surface $-1 -1 $-1 43 7.5 52 0 1 0 0 0 1 forward_v I I I I #
coedge $-1 -1 $-1 $5602 $5602 $5737 $5738 reversed $5445 $-1 #
coedge $-1 -1 $-1 $5739 $5446 $5740 $5741 forward $5261 $-1 #
coedge $-1 -1 $-1 $5446 $5739 $5742 $5743 forward $5261 $-1 #
coedge $-1 -1 $-1 $5744 $5745 $5446 $5606 forward $5746 $-1 #
edge $-1 -1 $-1 $5747 60.55567693521299333 $5748 108.4443230647799936 $5446 $5749 forward @7 unknown #
coedge $-1 -1 $-1 $5750 $5447 $5751 $5752 forward $5073 $-1 #
coedge $-1 -1 $-1 $5753 $5754 $5447 $5609 reversed $5755 $-1 #
edge $-1 -1 $-1 $5616 -35.875 $5756 -30.125 $5447 $5757 forward @7 unknown #
coedge $-1 -1 $-1 $5448 $5758 $5759 $5760 reversed $5073 $-1 #
coedge $-1 -1 $-1 $5761 $5762 $5448 $5612 forward $5763 $-1 #
edge $-1 -1 $-1 $5617 -35.875 $5764 -30.125 $5448 $5765 forward @7 unknown #
coedge $-1 -1 $-1 $5766 $5449 $5762 $5767 reversed $5615 $-1 #
coedge $-1 -1 $-1 $5449 $5766 $5753 $5768 forward $5615 $-1 #
loop $-1 -1 $-1 $-1 $5614 $5769 #
vertex $-1 -1 $-1 $5450 $5770 #
vertex $-1 -1 $-1 $5450 $5771 #
straight-curve $-1 -1 $-1 29.64999999999999858 0 52.25000000000000711 1 0 0 F 29.64999999999999858 F 65.64999999999999147 #
coedge $-1 -1 $-1 $5772 $5773 $5451 $5620 reversed $5774 $-1 #
edge $-1 -1 $-1 $5624 29.5 $5629 50.49999999999999289 $5451 $5775 forward @7 unknown #
coedge $-1 -1 $-1 $5776 $5452 $5457 $5633 forward $5623 $-1 #
coedge $-1 -1 $-1 $5452 $5776 $5772 $5777 reversed $5623 $-1 #
loop $-1 -1 $-1 $-1 $5621 $5778 #
vertex $-1 -1 $-1 $5453 $5779 #
straight-curve $-1 -1 $-1 59 0 26.40000000000000213 0 0 -1 F -28.30000000000000426 F -26.39999999999999858 #
coedge $-1 -1 $-1 $5780 $5454 $5773 $5781 forward $5628 $-1 #
coedge $-1 -1 $-1 $5454 $5780 $5456 $5632 reversed $5628 $-1 #
loop $-1 -1 $-1 $-1 $5627 $5782 #
vertex $-1 -1 $-1 $5620 $5783 #
straight-curve $-1 -1 $-1 80 0 26.40000000000000213 0 0 -1 F -28.30000000000000426 F -26.39999999999999858 #
coedge $-1 -1 $-1 $5457 $5456 $5784 $5785 reversed $5458 $-1 #
edge $-1 -1 $-1 $5460 0.01000000000000000021 $5786 7.210000000000000853 $5456 $5787 forward @7 unknown #
edge $-1 -1 $-1 $5459 0.01000000000000000021 $5788 7.210000000000000853 $5457 $5789 forward @7 unknown #
face $5790 -1 $-1 $5778 $5458 $27 $-1 $5791 forward single #
point $-1 -1 $-1 59 0 54.70000000000000284 #
point $-1 -1 $-1 80 0 54.70000000000000284 #
coedge $-1 -1 $-1 $5683 $5462 $5465 $5641 forward $5639 $-1 #
coedge $-1 -1 $-1 $5462 $5683 $5469 $5645 reversed $5639 $-1 #
loop $-1 -1 $-1 $-1 $5637 $5792 #
ellipse-curve $-1 -1 $-1 114.5000000000000142 0 74.5 0 1 0 0 0 4.299999999999999822 1 F 2.4476995601358702 F 2.966277362283666896 #
edge $-1 -1 $-1 $5467 1 $5685 5 $5465 $5793 forward @7 unknown #
face $5794 -1 $-1 $5792 $5466 $27 $-1 $5795 forward single #
point $-1 -1 $-1 117.2500000000000142 0 71.19432306478699957 #
coedge $-1 -1 $-1 $5470 $5469 $5682 $5796 forward $5471 $-1 #
edge $-1 -1 $-1 $5472 1 $5797 5 $5469 $5798 forward @7 unknown #
face $5799 -1 $-1 $5642 $5471 $27 $-1 $5800 reversed single #
point $-1 -1 $-1 115.25 0 70.26591214073199865 #
edge $-1 -1 $-1 $5649 0.1753152913061265528 $5651 0.6938930934539238038 $5474 $5801 forward @7 unknown #
vertex $-1 -1 $-1 $5475 $5802 #
straight-curve $-1 -1 $-1 115.25 -1 9.734087859267999576 0 1 0 F 1 F 5 #
vertex $-1 -1 $-1 $5648 $5803 #
straight-curve $-1 -1 $-1 117.2500000000000142 -1 8.805676935213000434 0 1 0 F 1 F 5 #
DXID-attrib $-1 -1 $-1 $-1 $5477 @10 ASM ENTITY @2 61 #
cone-surface $-1 -1 $-1 114.5000000000000142 -1 5.5 0 1 0 0 0 4.299999999999999822 1 I I 0 1 4.299999999999999822 forward I I I I #
coedge $-1 -1 $-1 $5484 $5490 $5482 $5656 reversed $5496 $-1 #
edge $-1 -1 $-1 $5486 0 $5492 38.99999999999999289 $5482 $5804 forward @7 unknown #
DXID-attrib $-1 -1 $-1 $-1 $5483 @10 ASM ENTITY @2 59 #
plane-surface $-1 -1 $-1 51.00000000000000711 -0.01000000000000000021 29.30000000000000071 0 0 1 1 0 0 forward_v I I I I #
straight-curve $-1 -1 $-1 51.00000000000000711 7.200000000000001066 29.30000000000000071 0 0 1 F 0 F 1.899999999999999467 #
point $-1 -1 $-1 51.00000000000000711 7.200000000000001066 29.30000000000000071 #
straight-curve $-1 -1 $-1 90 7.200000000000001066 29.30000000000000071 0 0 1 F 0 F 1.899999999999999467 #
point $-1 -1 $-1 90 7.200000000000001066 29.30000000000000071 #
ellipse-curve $-1 -1 $-1 114.5000000000000142 4 5.5 0 1 0 0 0 4.299999999999999822 1 F -2.264689420247777196 F -1.74611161810094484 #
coedge $-1 -1 $-1 $5664 $5664 $5511 $5665 reversed $5805 $-1 #
edge $-1 -1 $-1 $5806 0 $5806 6.283185307179586232 $5664 $5807 forward @7 unknown #
DXID-attrib $-1 -1 $-1 $-1 $5515 @10 ASM ENTITY @3 104 #
plane-surface $-1 -1 $-1 51.00000000000000711 7.200000000000001066 29.30000000000000071 0 1 0 0 0 1 forward_v I I I I #
DXID-attrib $-1 -1 $-1 $-1 $5519 @10 ASM ENTITY @3 125 #
face $5808 -1 $-1 $5809 $5810 $27 $-1 $5811 reversed single #
loop $-1 -1 $-1 $-1 $5812 $5519 #
plane-surface $-1 -1 $-1 59.90000000000000568 -0.1000000000000000194 38.5 1 0 0 0 0 1 forward_v I I I I #
coedge $-1 -1 $-1 $5672 $5672 $5813 $5814 reversed $5520 $-1 #
DXID-attrib $-1 -1 $-1 $-1 $5523 @10 ASM ENTITY @3 109 #
face $5815 -1 $-1 $5816 $5817 $27 $-1 $5818 reversed single #
loop $-1 -1 $-1 $-1 $5819 $5523 #
plane-surface $-1 -1 $-1 59.29999999999999716 -0.1000000000000000194 46.5 0 0 1 1 0 0 forward_v I I I I #
coedge $-1 -1 $-1 $5820 $5821 $5822 $5823 reversed $5524 $-1 #
coedge $-1 -1 $-1 $5784 $5527 $5776 $5824 forward $5351 $-1 #
coedge $-1 -1 $-1 $5527 $5784 $5780 $5825 reversed $5351 $-1 #
coedge $-1 -1 $-1 $5773 $5772 $5527 $5681 forward $5774 $-1 #
edge $-1 -1 $-1 $5826 0 $5827 20.99999999999999645 $5680 $5828 forward @7 unknown #
coedge $-1 -1 $-1 $5529 $5528 $5644 $5796 reversed $5171 $-1 #
coedge $-1 -1 $-1 $5638 $5637 $5529 $5684 forward $5639 $-1 #
edge $-1 -1 $-1 $5685 2.4476995601358702 $5797 2.966277362283666896 $5683 $5829 forward @7 unknown #
vertex $-1 -1 $-1 $5531 $5830 #
straight-curve $-1 -1 $-1 117.2500000000000142 4 2.75 0 0 1 F 6.055676935212999545 F 68.44432306478698536 #
point $-1 -1 $-1 49.40000000000000568 -2 51.15000000000000568 #
face $5831 -1 $-1 $4098 $5538 $25 $-1 $5832 reversed single #
straight-curve $-1 -1 $-1 100 22.5 64.75 1 0 0 F 1.000000000000014211 F 9.000000000000003553 #
DXID-attrib $-1 -1 $-1 $-1 $5541 @10 ASM ENTITY @3 144 #
plane-surface $-1 -1 $-1 100 22.5 59.25000000000000711 0 1 0 0 0 1 forward_v I I I I #
straight-curve $-1 -1 $-1 100 24.5 64.75 1 0 0 F 1.000000000000014211 F 9.000000000000003553 #
coedge $-1 -1 $-1 $5833 $5552 $5834 $5835 reversed $3739 $-1 #
coedge $-1 -1 $-1 $5836 $5837 $5552 $5695 forward $5838 $-1 #
edge $-1 -1 $-1 $5839 41.07500000000000284 $5699 44.2949999999999946 $5552 $5840 forward @7 unknown #
coedge $-1 -1 $-1 $5841 $5553 $5555 $5702 reversed $5698 $-1 #
coedge $-1 -1 $-1 $5553 $5841 $5836 $5842 forward $5698 $-1 #
loop $-1 -1 $-1 $-1 $5696 $5843 #
vertex $-1 -1 $-1 $5554 $5844 #
straight-curve $-1 -1 $-1 87.87000000000000455 27.5 28.20000000000000284 0 0 -1 F -26.79999999999999716 F -25.70000000000000284 #
coedge $-1 -1 $-1 $5555 $5845 $5846 $5847 forward $4810 $-1 #
edge $-1 -1 $-1 $5848 0 $5556 18.19999999999999574 $5555 $5849 forward @7 unknown #
point $-1 -1 $-1 87.87000000000000455 27.5 55 #
DXID-attrib $-1 -1 $-1 $-1 $5559 @10 ASM ENTITY @3 109 #
face $5850 -1 $-1 $5843 $5581 $25 $-1 $5851 reversed single #
plane-surface $-1 -1 $-1 92.27000000000001023 9.300000000000000711 53.90000000000000568 1 0 0 0 0 1 forward_v I I I I #
straight-curve $-1 -1 $-1 92.27000000000001023 9.300000000000000711 53.90000000000000568 1 0 0 F 0 F 2.430000000000003268 #
point $-1 -1 $-1 92.27000000000001023 9.300000000000000711 53.90000000000000568 #
DXID-attrib $-1 -1 $-1 $-1 $5566 @10 ASM ENTITY @3 108 #
plane-surface $-1 -1 $-1 45.70000000000000284 7.5 52 1 0 0 0 0 1 forward_v I I I I #
straight-curve $-1 -1 $-1 92.27000000000001023 9.300000000000000711 53.90000000000000568 0 0 1 F 0 F 1.099999999999994316 #
DXID-attrib $-1 -1 $-1 $-1 $5574 @10 ASM ENTITY @3 140 #
plane-surface $-1 -1 $-1 92.27000000000001023 9.300000000000000711 53.90000000000000568 0 1 0 0 0 1 forward_v I I I I #
coedge $-1 -1 $-1 $5845 $5576 $5833 $5852 forward $4810 $-1 #
coedge $-1 -1 $-1 $5853 $5854 $5576 $5716 reversed $5855 $-1 #
edge $-1 -1 $-1 $5720 0 $5856 18.19999999999999574 $5576 $5857 forward @7 unknown #
coedge $-1 -1 $-1 $5858 $5577 $5580 $5723 reversed $5719 $-1 #
coedge $-1 -1 $-1 $5577 $5858 $5853 $5859 forward $5719 $-1 #
loop $-1 -1 $-1 $-1 $5858 $5600 #
vertex $-1 -1 $-1 $5578 $5860 #
straight-curve $-1 -1 $-1 56.71000000000000085 9.300000000000000711 55 1 0 0 F 0 F 23.53999999999999915 #
coedge $-1 -1 $-1 $5580 $5579 $5861 $5862 reversed $5581 $-1 #
edge $-1 -1 $-1 $5863 0 $5582 1.099999999999994316 $5580 $5864 forward @7 unknown #
point $-1 -1 $-1 56.71000000000000085 9.300000000000000711 55 #
edge $-1 -1 $-1 $5593 0 $5585 2.999999999999998224 $5584 $5865 forward @7 unknown #
point $-1 -1 $-1 45.70000000000000284 7.5 55 #
coedge $-1 -1 $-1 $5587 $5833 $5854 $5866 forward $3739 $-1 #
coedge $-1 -1 $-1 $5867 $5861 $5587 $5729 forward $5868 $-1 #
edge $-1 -1 $-1 $5730 27.10500000000000043 $5869 50.64500000000000313 $5587 $5870 forward @7 unknown #
vertex $-1 -1 $-1 $5729 $5871 #
straight-curve $-1 -1 $-1 56.71000000000000085 27.5 28.20000000000000284 0 0 -1 F -26.79999999999999716 F -25.70000000000000284 #
straight-curve $-1 -1 $-1 43 7.5 52 1 0 0 F 0 F 2.700000000000004619 #
point $-1 -1 $-1 45.70000000000000284 7.5 52 #
DXID-attrib $-1 -1 $-1 $-1 $5600 @10 ASM ENTITY @3 138 #
face $5872 -1 $-1 $5574 $5873 $25 $-1 $5874 reversed single #
plane-surface $-1 -1 $-1 56.71000000000000085 9.300000000000000711 53.90000000000000568 0 1 0 0 0 1 forward_v I I I I #
coedge $-1 -1 $-1 $5737 $5737 $5602 $5738 forward $5875 $-1 #
edge $-1 -1 $-1 $5876 0 $5876 6.283185307179586232 $5602 $5877 forward @7 unknown #
coedge $-1 -1 $-1 $5604 $5603 $5878 $5879 forward $5261 $-1 #
coedge $-1 -1 $-1 $5880 $5881 $5603 $5741 reversed $5882 $-1 #
edge $-1 -1 $-1 $5747 0.8769032333409720881 $5883 1.395481035488768118 $5603 $5884 forward @7 unknown #
coedge $-1 -1 $-1 $5885 $5886 $5604 $5743 reversed $5887 $-1 #
edge $-1 -1 $-1 $5888 -1.39548103548884761 $5748 -0.8769032333420161418 $5604 $5889 forward @7 unknown #
coedge $-1 -1 $-1 $5890 $5605 $5886 $5891 forward $5746 $-1 #
coedge $-1 -1 $-1 $5605 $5890 $5880 $5892 reversed $5746 $-1 #
loop $-1 -1 $-1 $-1 $5890 $5893 #
vertex $-1 -1 $-1 $5606 $5894 #
vertex $-1 -1 $-1 $5606 $5895 #
straight-curve $-1 -1 $-1 2.75 0 77.25 1 0 0 F 60.55567693521299333 F 108.4443230647799936 #
coedge $-1 -1 $-1 $5896 $5607 $5897 $5898 forward $5073 $-1 #
coedge $-1 -1 $-1 $5899 $5900 $5607 $5752 reversed $5901 $-1 #
edge $-1 -1 $-1 $5756 -30.125 $5902 -22.12499999999999645 $5607 $5903 forward @7 unknown #
coedge $-1 -1 $-1 $5904 $5608 $5614 $5768 reversed $5755 $-1 #
coedge $-1 -1 $-1 $5608 $5905 $5819 $5906 forward $5755 $-1 #
loop $-1 -1 $-1 $-1 $5753 $5907 #
vertex $-1 -1 $-1 $5609 $5908 #
straight-curve $-1 -1 $-1 59.29999999999999716 0 16.375 0 0 -1 F -35.875 F -30.125 #
coedge $-1 -1 $-1 $5610 $5896 $5909 $5910 reversed $5073 $-1 #
coedge $-1 -1 $-1 $5911 $5912 $5610 $5760 forward $5913 $-1 #
edge $-1 -1 $-1 $5764 -30.125 $5914 -22.12499999999999645 $5610 $5915 forward @7 unknown #
coedge $-1 -1 $-1 $5916 $5611 $5917 $5918 reversed $5763 $-1 #
coedge $-1 -1 $-1 $5611 $5919 $5613 $5767 forward $5763 $-1 #
loop $-1 -1 $-1 $-1 $5762 $5920 #
vertex $-1 -1 $-1 $5760 $5921 #
straight-curve $-1 -1 $-1 95.29999999999999716 0 16.375 0 0 -1 F -35.875 F -30.125 #
coedge $-1 -1 $-1 $5614 $5613 $5922 $5923 reversed $5615 $-1 #
edge $-1 -1 $-1 $5924 0 $5617 1.300000000000000044 $5613 $5925 forward @7 unknown #
edge $-1 -1 $-1 $5926 0 $5616 1.300000000000000044 $5614 $5927 forward @7 unknown #
face $5928 -1 $-1 $5907 $5615 $27 $-1 $5929 reversed single #
point $-1 -1 $-1 59.29999999999999716 0 52.25000000000000711 #
point $-1 -1 $-1 95.29999999999999716 0 52.25000000000000711 #
coedge $-1 -1 $-1 $5680 $5619 $5622 $5777 forward $5774 $-1 #
coedge $-1 -1 $-1 $5619 $5680 $5626 $5781 reversed $5774 $-1 #
loop $-1 -1 $-1 $-1 $5772 $5930 #
straight-curve $-1 -1 $-1 29.5 0 52.80000000000000426 1 0 0 F 29.5 F 50.49999999999999289 #
coedge $-1 -1 $-1 $5622 $5621 $5678 $5824 reversed $5623 $-1 #
edge $-1 -1 $-1 $5624 0.01000000000000000021 $5826 7.210000000000000853 $5622 $5931 forward @7 unknown #
face $5932 -1 $-1 $5782 $5623 $27 $-1 $5933 reversed single #
point $-1 -1 $-1 59 0 52.80000000000000426 #
coedge $-1 -1 $-1 $5627 $5626 $5679 $5825 forward $5628 $-1 #
edge $-1 -1 $-1 $5629 0.01000000000000000021 $5827 7.210000000000000853 $5626 $5934 forward @7 unknown #
face $5935 -1 $-1 $5930 $5628 $27 $-1 $5936 forward single #
point $-1 -1 $-1 80 0 52.80000000000000426 #
coedge $-1 -1 $-1 $5679 $5678 $5631 $5785 forward $5351 $-1 #
edge $-1 -1 $-1 $5788 0 $5786 20.99999999999999645 $5631 $5937 forward @7 unknown #
vertex $-1 -1 $-1 $5632 $5938 #
straight-curve $-1 -1 $-1 80 -0.01000000000000000021 54.70000000000000284 0 1 0 F 0.01000000000000000021 F 7.210000000000000853 #
vertex $-1 -1 $-1 $5633 $5939 #
straight-curve $-1 -1 $-1 59 -0.01000000000000000021 54.70000000000000284 0 1 0 F 0.01000000000000000021 F 7.210000000000000853 #
DXID-attrib $-1 -1 $-1 $-1 $5634 @10 ASM ENTITY @2 65 #
plane-surface $-1 -1 $-1 59 -0.01000000000000000021 54.70000000000000284 0 0 1 1 0 0 forward_v I I I I #
face $5940 -1 $-1 $5634 $5639 $27 $-1 $5941 reversed single #
straight-curve $-1 -1 $-1 117.2500000000000142 -1 71.19432306478699957 0 1 0 F 1 F 5 #
DXID-attrib $-1 -1 $-1 $-1 $5642 @10 ASM ENTITY @2 63 #
plane-surface $-1 -1 $-1 117.2500000000000142 0 2.75 1 0 0 0 0 1 forward_v I I I I #
edge $-1 -1 $-1 $5797 -66.51591214073199865 $5649 -5.984087859267999576 $5644 $5942 forward @7 unknown #
vertex $-1 -1 $-1 $5645 $5943 #
straight-curve $-1 -1 $-1 115.25 -1 70.26591214073199865 0 1 0 F 1 F 5 #
DXID-attrib $-1 -1 $-1 $-1 $5646 @10 ASM ENTITY @2 62 #
plane-surface $-1 -1 $-1 115.25 -1 4.75 1 0 0 0 0 1 forward_v I I I I #
ellipse-curve $-1 -1 $-1 114.5000000000000142 4 5.5 0 1 0 0 0 4.299999999999999822 1 F 0.1753152913061265528 F 0.6938930934539238038 #
point $-1 -1 $-1 115.25 4 9.734087859267999576 #
point $-1 -1 $-1 117.2500000000000142 4 8.805676935213000434 #
straight-curve $-1 -1 $-1 51.00000000000000711 7.200000000000001066 29.30000000000000071 1 0 0 F 0 F 38.99999999999999289 #
loop $-1 -1 $-1 $-1 $5664 $5944 #
vertex $-1 -1 $-1 $5665 $5945 #
ellipse-curve $-1 -1 $-1 114.5000000000000142 -1.300000000000000044 74.5 0 1 0 0 0 1.750000000000000222 1 I I #
DXID-attrib $-1 -1 $-1 $-1 $5669 @10 ASM ENTITY @3 126 #
face $5946 -1 $-1 $-1 $5947 $27 $-1 $5948 forward single #
loop $-1 -1 $-1 $-1 $5949 $5669 #
plane-surface $-1 -1 $-1 94.70000000000000284 -0.1000000000000000194 38.5 1 0 0 0 0 1 forward_v I I I I #
coedge $-1 -1 $-1 $5950 $5951 $5952 $5953 reversed $5670 $-1 #
coedge $-1 -1 $-1 $5813 $5813 $5672 $5814 forward $5947 $-1 #
edge $-1 -1 $-1 $5954 0 $5954 6.283185307179586232 $5672 $5955 forward @7 unknown #
DXID-attrib $-1 -1 $-1 $-1 $5674 @10 ASM ENTITY @3 110 #
face $5956 -1 $-1 $5957 $5958 $27 $-1 $5959 reversed single #
loop $-1 -1 $-1 $-1 $5960 $5674 #
plane-surface $-1 -1 $-1 59.29999999999999716 -0.1000000000000000194 38.5 0 1 0 0 0 1 forward_v I I I I #
coedge $-1 -1 $-1 $5961 $5962 $5754 $5906 reversed $5675 $-1 #
coedge $-1 -1 $-1 $5922 $5677 $5904 $5963 forward $5524 $-1 #
coedge $-1 -1 $-1 $5677 $5922 $5919 $5964 reversed $5524 $-1 #
coedge $-1 -1 $-1 $5965 $5966 $5677 $5823 forward $5967 $-1 #
edge $-1 -1 $-1 $5968 0 $5969 35.99999999999999289 $5822 $5970 forward @7 unknown #
edge $-1 -1 $-1 $5826 0 $5788 1.900000000000003908 $5776 $5971 forward @7 unknown #
edge $-1 -1 $-1 $5827 0 $5786 1.900000000000003908 $5780 $5972 forward @7 unknown #
vertex $-1 -1 $-1 $5824 $5973 #
vertex $-1 -1 $-1 $5781 $5974 #
straight-curve $-1 -1 $-1 59 7.200000000000001066 52.80000000000000426 1 0 0 F 0 F 20.99999999999999645 #
ellipse-curve $-1 -1 $-1 114.5000000000000142 4 74.5 0 1 0 0 0 4.299999999999999822 1 F 2.4476995601358702 F 2.966277362283666896 #
point $-1 -1 $-1 117.2500000000000142 4 71.19432306478699957 #
DXID-attrib $-1 -1 $-1 $-1 $5688 @10 ASM ENTITY @3 145 #
plane-surface $-1 -1 $-1 100 22.5 64.75 0 0 1 1 0 0 forward_v I I I I #
coedge $-1 -1 $-1 $5727 $5693 $5714 $5852 reversed $3739 $-1 #
coedge $-1 -1 $-1 $5975 $5976 $5693 $5835 forward $5977 $-1 #
edge $-1 -1 $-1 $5978 -26.79999999999999716 $5839 -25.70000000000000284 $5693 $5979 forward @7 unknown #
coedge $-1 -1 $-1 $5980 $5694 $5697 $5842 reversed $5838 $-1 #
coedge $-1 -1 $-1 $5694 $5980 $5975 $5981 forward $5838 $-1 #
loop $-1 -1 $-1 $-1 $5837 $5982 #
vertex $-1 -1 $-1 $5695 $5983 #
straight-curve $-1 -1 $-1 43.57500000000000995 27.5 53.90000000000000568 1 0 0 F 41.07500000000000284 F 44.2949999999999946 #
coedge $-1 -1 $-1 $5697 $5696 $5984 $5985 reversed $5698 $-1 #
edge $-1 -1 $-1 $5986 0 $5699 18.19999999999999574 $5697 $5987 forward @7 unknown #
face $5988 -1 $-1 $5989 $5698 $25 $-1 $5990 forward single #
point $-1 -1 $-1 87.87000000000000455 27.5 53.90000000000000568 #
coedge $-1 -1 $-1 $5701 $5714 $5976 $5991 reversed $4810 $-1 #
coedge $-1 -1 $-1 $5992 $5984 $5701 $5847 reversed $5873 $-1 #
edge $-1 -1 $-1 $5993 0 $5848 3.219999999999991758 $5701 $5994 forward @7 unknown #
vertex $-1 -1 $-1 $5847 $5995 #
straight-curve $-1 -1 $-1 87.87000000000000455 9.300000000000000711 55 0 1 0 F 0 F 18.19999999999999574 #
DXID-attrib $-1 -1 $-1 $-1 $5705 @10 ASM ENTITY @3 110 #
plane-surface $-1 -1 $-1 56.71000000000000085 9.300000000000000711 53.90000000000000568 1 0 0 0 0 1 forward_v I I I I #
edge $-1 -1 $-1 $5856 56.5 $5978 60.90000000000001279 $5833 $5996 forward @7 unknown #
coedge $-1 -1 $-1 $5997 $5715 $5718 $5859 reversed $5855 $-1 #
coedge $-1 -1 $-1 $5715 $5997 $5727 $5866 reversed $5855 $-1 #
loop $-1 -1 $-1 $-1 $5715 $5998 #
vertex $-1 -1 $-1 $5852 $5999 #
straight-curve $-1 -1 $-1 80.25 9.300000000000000711 55 0 1 0 F 0 F 18.19999999999999574 #
coedge $-1 -1 $-1 $5718 $5717 $6000 $6001 forward $5719 $-1 #
edge $-1 -1 $-1 $6002 0 $5720 1.099999999999994316 $5853 $6003 forward @7 unknown #
point $-1 -1 $-1 80.25 9.300000000000000711 55 #
coedge $-1 -1 $-1 $5728 $6000 $5722 $5862 forward $5868 $-1 #
edge $-1 -1 $-1 $5863 0 $5730 18.19999999999999574 $5722 $6004 forward @7 unknown #
vertex $-1 -1 $-1 $5862 $6005 #
straight-curve $-1 -1 $-1 56.71000000000000085 9.300000000000000711 53.90000000000000568 0 0 1 F 0 F 1.099999999999994316 #
straight-curve $-1 -1 $-1 45.70000000000000284 7.5 52 0 0 1 F 0 F 2.999999999999998224 #
edge $-1 -1 $-1 $5856 -26.79999999999999716 $5869 -25.70000000000000284 $5727 $6006 forward @7 unknown #
coedge $-1 -1 $-1 $6000 $5728 $5997 $6007 reversed $5868 $-1 #
loop $-1 -1 $-1 $-1 $5861 $5989 #
vertex $-1 -1 $-1 $5866 $6008 #
straight-curve $-1 -1 $-1 29.60500000000000043 27.5 53.90000000000000568 1 0 0 F 27.10500000000000043 F 50.64500000000000313 #
point $-1 -1 $-1 56.71000000000000085 27.5 53.90000000000000568 #
DXID-attrib $-1 -1 $-1 $-1 $5735 @10 ASM ENTITY @3 139 #
loop $-1 -1 $-1 $-1 $6009 $5735 #
plane-surface $-1 -1 $-1 84.6500000000000199 9.300000000000000711 53.90000000000000568 0 1 0 0 0 1 forward_v I I I I #
loop $-1 -1 $-1 $5805 $5737 $5944 #
vertex $-1 -1 $-1 $5738 $6010 #
ellipse-curve $-1 -1 $-1 114.5000000000000142 0 74.5 0 1 0 0 0 1.750000000000000222 1 I I #
coedge $-1 -1 $-1 $6011 $6012 $5739 $5879 reversed $6013 $-1 #
edge $-1 -1 $-1 $5883 60.48408785926800135 $5888 106.5159121407300091 $5739 $6014 forward @7 unknown #
coedge $-1 -1 $-1 $6015 $5740 $5745 $5892 forward $5882 $-1 #
coedge $-1 -1 $-1 $5740 $6015 $6011 $6016 reversed $5882 $-1 #
loop $-1 -1 $-1 $-1 $5880 $6017 #
vertex $-1 -1 $-1 $5741 $6018 #
ellipse-curve $-1 -1 $-1 60 0 74.5 0 1 0 0 0 4.299999999999999822 1 F 0.8769032333409720881 F 1.395481035488768118 #
coedge $-1 -1 $-1 $6019 $5742 $6012 $6020 forward $5887 $-1 #
coedge $-1 -1 $-1 $5742 $6019 $5744 $5891 reversed $5887 $-1 #
loop $-1 -1 $-1 $-1 $5885 $6021 #
vertex $-1 -1 $-1 $5879 $6022 #
ellipse-curve $-1 -1 $-1 114.5000000000000142 0 74.5 0 1 0 0 0 4.299999999999999822 1 F -1.39548103548884761 F -0.8769032333420161418 #
coedge $-1 -1 $-1 $5745 $5744 $6023 $6024 reversed $5746 $-1 #
edge $-1 -1 $-1 $5748 1 $6025 5 $5744 $6026 forward @7 unknown #
edge $-1 -1 $-1 $5747 1 $6027 5 $5745 $6028 forward @7 unknown #
face $6029 -1 $-1 $6017 $5746 $27 $-1 $6030 forward single #
point $-1 -1 $-1 63.30567693521300043 0 77.25 #
point $-1 -1 $-1 111.1943230647800078 0 77.25 #
coedge $-1 -1 $-1 $5758 $5750 $6031 $6032 forward $5073 $-1 #
coedge $-1 -1 $-1 $6033 $6034 $5750 $5898 reversed $5755 $-1 #
edge $-1 -1 $-1 $5902 -22.12499999999999645 $6035 -16.375 $5750 $6036 forward @7 unknown #
coedge $-1 -1 $-1 $6037 $5751 $5962 $6038 forward $5901 $-1 #
coedge $-1 -1 $-1 $5751 $6037 $6039 $6040 reversed $5901 $-1 #
loop $-1 -1 $-1 $-1 $5899 $6041 #
vertex $-1 -1 $-1 $5752 $6042 #
straight-curve $-1 -1 $-1 59.29999999999999716 0 16.375 0 0 -1 F -30.125 F -22.12499999999999645 #
coedge $-1 -1 $-1 $6034 $5753 $5820 $5963 reversed $5755 $-1 #
coedge $-1 -1 $-1 $5754 $6033 $6043 $6044 forward $5755 $-1 #
edge $-1 -1 $-1 $6045 0 $5756 0.1000000000000000194 $5754 $6046 forward @7 unknown #
face $6047 -1 $-1 $5920 $5755 $27 $-1 $6048 forward single #
point $-1 -1 $-1 59.29999999999999716 0 46.5 #
coedge $-1 -1 $-1 $6049 $6050 $5758 $5910 forward $5763 $-1 #
edge $-1 -1 $-1 $5914 -22.12499999999999645 $6051 -16.375 $5758 $6052 forward @7 unknown #
coedge $-1 -1 $-1 $6053 $5759 $6054 $6055 forward $5913 $-1 #
coedge $-1 -1 $-1 $5759 $6053 $6056 $6057 reversed $5913 $-1 #
loop $-1 -1 $-1 $-1 $5912 $6058 #
vertex $-1 -1 $-1 $5910 $6059 #
straight-curve $-1 -1 $-1 95.29999999999999716 0 16.375 0 0 -1 F -30.125 F -22.12499999999999645 #
coedge $-1 -1 $-1 $6050 $5761 $6060 $6061 reversed $5763 $-1 #
coedge $-1 -1 $-1 $6056 $6062 $5761 $5918 forward $6063 $-1 #
edge $-1 -1 $-1 $6064 0 $5764 0.1000000000000000194 $5761 $6065 forward @7 unknown #
coedge $-1 -1 $-1 $5762 $6049 $5821 $5964 forward $5763 $-1 #
face $6066 -1 $-1 $6041 $5763 $27 $-1 $6067 reversed single #
point $-1 -1 $-1 95.29999999999999716 0 46.5 #
coedge $-1 -1 $-1 $5821 $5820 $5766 $5923 forward $5524 $-1 #
edge $-1 -1 $-1 $5926 0 $5924 35.99999999999999289 $5766 $6068 forward @7 unknown #
vertex $-1 -1 $-1 $5767 $6069 #
straight-curve $-1 -1 $-1 95.29999999999999716 -1.300000000000000044 52.25000000000000711 0 1 0 F 0 F 1.300000000000000044 #
vertex $-1 -1 $-1 $5768 $6070 #
straight-curve $-1 -1 $-1 59.29999999999999716 -1.300000000000000044 52.25000000000000711 0 1 0 F 0 F 1.300000000000000044 #
DXID-attrib $-1 -1 $-1 $-1 $5769 @10 ASM ENTITY @2 69 #
plane-surface $-1 -1 $-1 59.29999999999999716 -1.300000000000000044 52.25000000000000711 0 0 1 1 0 0 forward_v I I I I #
face $6071 -1 $-1 $5769 $5774 $27 $-1 $6072 reversed single #
straight-curve $-1 -1 $-1 59 -0.01000000000000000021 52.80000000000000426 0 1 0 F 0.01000000000000000021 F 7.210000000000000853 #
DXID-attrib $-1 -1 $-1 $-1 $5778 @10 ASM ENTITY @2 66 #
plane-surface $-1 -1 $-1 59 -0.01000000000000000021 52.80000000000000426 1 0 0 0 0 1 forward_v I I I I #
straight-curve $-1 -1 $-1 80 -0.01000000000000000021 52.80000000000000426 0 1 0 F 0.01000000000000000021 F 7.210000000000000853 #
DXID-attrib $-1 -1 $-1 $-1 $5782 @10 ASM ENTITY @2 67 #
plane-surface $-1 -1 $-1 80 -0.01000000000000000021 52.80000000000000426 1 0 0 0 0 1 forward_v I I I I #
straight-curve $-1 -1 $-1 59 7.200000000000001066 54.70000000000000284 1 0 0 F 0 F 20.99999999999999645 #
point $-1 -1 $-1 80 7.200000000000001066 54.70000000000000284 #
point $-1 -1 $-1 59 7.200000000000001066 54.70000000000000284 #
DXID-attrib $-1 -1 $-1 $-1 $5792 @10 ASM ENTITY @2 64 #
cone-surface $-1 -1 $-1 114.5000000000000142 -1 74.5 0 1 0 0 0 4.299999999999999822 1 I I 0 1 4.299999999999999822 forward I I I I #
straight-curve $-1 -1 $-1 115.25 4 3.75 0 0 -1 F -66.51591214073199865 F -5.984087859267999576 #
point $-1 -1 $-1 115.25 4 70.26591214073199865 #
face $6073 -1 $-1 $1907 $5875 $27 $-1 $6074 reversed single #
point $-1 -1 $-1 114.5000000000000142 -1.300000000000000044 76.25 #
DXID-attrib $-1 -1 $-1 $-1 $5809 @10 ASM ENTITY @3 127 #
loop $-1 -1 $-1 $-1 $5813 $5809 #
plane-surface $-1 -1 $-1 49.40000000000000568 5.200000000000000178 49.90000000000000568 0 1 0 0 0 1 forward_v I I I I #
coedge $-1 -1 $-1 $6075 $6076 $6077 $6078 forward $5810 $-1 #
coedge $-1 -1 $-1 $6079 $5812 $6080 $6081 forward $5670 $-1 #
coedge $-1 -1 $-1 $5812 $6079 $6082 $6083 reversed $5670 $-1 #
coedge $-1 -1 $-1 $6084 $5960 $5812 $5953 forward $5817 $-1 #
edge $-1 -1 $-1 $6085 0 $6086 8.000000000000001776 $5952 $6087 forward @7 unknown #
vertex $-1 -1 $-1 $5814 $6088 #
ellipse-curve $-1 -1 $-1 49.40000000000000568 5.200000000000000178 49.90000000000000568 0 1 0 0 0 1.25 1 I I #
DXID-attrib $-1 -1 $-1 $-1 $5816 @10 ASM ENTITY @3 111 #
face $6089 -1 $-1 $6090 $6063 $27 $-1 $6091 forward single #
loop $-1 -1 $-1 $-1 $6092 $5816 #
plane-surface $-1 -1 $-1 59.29999999999999716 -0.1000000000000000194 38.5 0 0 1 1 0 0 forward_v I I I I #
coedge $-1 -1 $-1 $5952 $6043 $6093 $6094 forward $5817 $-1 #
coedge $-1 -1 $-1 $6082 $5819 $6084 $6095 forward $5675 $-1 #
coedge $-1 -1 $-1 $5819 $6096 $5899 $6038 reversed $5675 $-1 #
edge $-1 -1 $-1 $5968 0 $5926 19.5 $5904 $6097 forward @7 unknown #
edge $-1 -1 $-1 $5969 0 $5924 19.5 $5919 $6098 forward @7 unknown #
coedge $-1 -1 $-1 $6031 $5822 $6049 $6099 forward $5967 $-1 #
coedge $-1 -1 $-1 $5822 $6031 $6034 $6100 reversed $5967 $-1 #
loop $-1 -1 $-1 $-1 $5966 $6101 #
vertex $-1 -1 $-1 $5963 $6102 #
vertex $-1 -1 $-1 $6099 $6103 #
straight-curve $-1 -1 $-1 59.29999999999999716 -1.300000000000000044 32.75 1 0 0 F 0 F 35.99999999999999289 #
straight-curve $-1 -1 $-1 59 7.200000000000001066 52.80000000000000426 0 0 1 F 0 F 1.900000000000003908 #
straight-curve $-1 -1 $-1 80 7.200000000000001066 52.80000000000000426 0 0 1 F 0 F 1.900000000000003908 #
point $-1 -1 $-1 59 7.200000000000001066 52.80000000000000426 #
point $-1 -1 $-1 80 7.200000000000001066 52.80000000000000426 #
coedge $-1 -1 $-1 $6104 $5834 $5837 $5981 reversed $5977 $-1 #
coedge $-1 -1 $-1 $5834 $6104 $5845 $5991 forward $5977 $-1 #
loop $-1 -1 $-1 $-1 $5976 $6105 #
vertex $-1 -1 $-1 $5835 $6106 #
straight-curve $-1 -1 $-1 84.6500000000000199 27.5 28.20000000000000284 0 0 -1 F -26.79999999999999716 F -25.70000000000000284 #
coedge $-1 -1 $-1 $5837 $5836 $6009 $6107 reversed $5838 $-1 #
edge $-1 -1 $-1 $6108 0 $5839 18.19999999999999574 $5837 $6109 forward @7 unknown #
face $6110 -1 $-1 $5998 $5838 $25 $-1 $6111 reversed single #
point $-1 -1 $-1 84.6500000000000199 27.5 53.90000000000000568 #
coedge $-1 -1 $-1 $5846 $6009 $5841 $5985 forward $5873 $-1 #
edge $-1 -1 $-1 $5986 0 $5848 1.099999999999994316 $5841 $6112 forward @7 unknown #
vertex $-1 -1 $-1 $5985 $6113 #
straight-curve $-1 -1 $-1 87.87000000000000455 9.300000000000000711 53.90000000000000568 0 1 0 F 0 F 18.19999999999999574 #
DXID-attrib $-1 -1 $-1 $-1 $5843 @10 ASM ENTITY @3 111 #
face $6114 -1 $-1 $5982 $5868 $25 $-1 $6115 reversed single #
plane-surface $-1 -1 $-1 87.87000000000000455 9.300000000000000711 53.90000000000000568 1 0 0 0 0 1 forward_v I I I I #
edge $-1 -1 $-1 $5993 0 $5978 18.19999999999999574 $5845 $6116 forward @7 unknown #
coedge $-1 -1 $-1 $6009 $5846 $6104 $6117 reversed $5873 $-1 #
vertex $-1 -1 $-1 $5991 $6118 #
straight-curve $-1 -1 $-1 84.6500000000000199 9.300000000000000711 55 1 0 0 F 0 F 3.219999999999991758 #
point $-1 -1 $-1 87.87000000000000455 9.300000000000000711 55 #
straight-curve $-1 -1 $-1 23.75 27.5 55 1 0 0 F 56.5 F 60.90000000000001279 #
coedge $-1 -1 $-1 $5854 $5853 $5867 $6007 forward $5855 $-1 #
face $6119 -1 $-1 $6105 $5855 $25 $-1 $6120 forward single #
point $-1 -1 $-1 80.25 27.5 55 #
coedge $-1 -1 $-1 $5861 $5867 $5858 $6001 reversed $5868 $-1 #
edge $-1 -1 $-1 $5863 0 $6002 23.53999999999999915 $6000 $6121 forward @7 unknown #
vertex $-1 -1 $-1 $6007 $6122 #
straight-curve $-1 -1 $-1 80.25 9.300000000000000711 53.90000000000000568 0 0 1 F 0 F 1.099999999999994316 #
straight-curve $-1 -1 $-1 56.71000000000000085 9.300000000000000711 53.90000000000000568 0 1 0 F 0 F 18.19999999999999574 #
point $-1 -1 $-1 56.71000000000000085 9.300000000000000711 53.90000000000000568 #
straight-curve $-1 -1 $-1 80.25 27.5 28.20000000000000284 0 0 -1 F -26.79999999999999716 F -25.70000000000000284 #
edge $-1 -1 $-1 $6002 0 $5869 18.19999999999999574 $5867 $6123 forward @7 unknown #
point $-1 -1 $-1 80.25 27.5 53.90000000000000568 #
coedge $-1 -1 $-1 $5984 $5992 $5980 $6107 forward $5873 $-1 #
point $-1 -1 $-1 114.5000000000000142 0 76.25 #
coedge $-1 -1 $-1 $6124 $5878 $5881 $6016 forward $6013 $-1 #
coedge $-1 -1 $-1 $5878 $6124 $5885 $6020 reversed $6013 $-1 #
loop $-1 -1 $-1 $-1 $6124 $6125 #
straight-curve $-1 -1 $-1 3.75 0 75.25 1 0 0 F 60.48408785926800135 F 106.5159121407300091 #
coedge $-1 -1 $-1 $5881 $5880 $6126 $6127 forward $5882 $-1 #
edge $-1 -1 $-1 $5883 1 $6128 5 $5881 $6129 forward @7 unknown #
face $6130 -1 $-1 $6021 $5882 $27 $-1 $6131 reversed single #
point $-1 -1 $-1 64.23408785926800135 0 75.25 #
coedge $-1 -1 $-1 $5886 $5885 $6132 $6133 forward $5887 $-1 #
edge $-1 -1 $-1 $5888 1 $6134 5 $5885 $6135 forward @7 unknown #
face $6136 -1 $-1 $6125 $5887 $27 $-1 $6137 reversed single #
point $-1 -1 $-1 110.2659121407300091 0 75.25 #
coedge $-1 -1 $-1 $6132 $6126 $5890 $6024 forward $6138 $-1 #
edge $-1 -1 $-1 $6027 60.55567693521299333 $6025 108.4443230647799936 $5890 $6139 forward @7 unknown #
vertex $-1 -1 $-1 $6024 $6140 #
straight-curve $-1 -1 $-1 111.1943230647800078 -1 77.25 0 1 0 F 1 F 5 #
vertex $-1 -1 $-1 $6024 $6141 #
straight-curve $-1 -1 $-1 63.30567693521300043 -1 77.25 0 1 0 F 1 F 5 #
DXID-attrib $-1 -1 $-1 $-1 $5893 @10 ASM ENTITY @2 75 #
plane-surface $-1 -1 $-1 2.75 0 77.25 0 0 1 1 0 0 forward_v I I I I #
coedge $-1 -1 $-1 $5966 $5965 $5896 $6032 reversed $5967 $-1 #
edge $-1 -1 $-1 $6035 29.64999999999999858 $6051 65.64999999999999147 $5896 $6142 forward @7 unknown #
coedge $-1 -1 $-1 $5905 $5897 $6092 $6143 reversed $5755 $-1 #
coedge $-1 -1 $-1 $5897 $5904 $5966 $6100 forward $5755 $-1 #
vertex $-1 -1 $-1 $5898 $6144 #
straight-curve $-1 -1 $-1 59.29999999999999716 0 16.375 0 0 -1 F -22.12499999999999645 F -16.375 #
coedge $-1 -1 $-1 $5900 $5899 $6145 $6146 reversed $5901 $-1 #
edge $-1 -1 $-1 $5756 0.1000000000000000194 $6147 0.7000000000000000666 $5899 $6148 forward @7 unknown #
coedge $-1 -1 $-1 $6149 $6092 $5900 $6040 forward $5958 $-1 #
edge $-1 -1 $-1 $5902 0.1000000000000000194 $6150 0.7000000000000000666 $5900 $6151 forward @7 unknown #
face $6152 -1 $-1 $6058 $5901 $27 $-1 $6153 reversed single #
point $-1 -1 $-1 59.29999999999999716 0 38.5 #
coedge $-1 -1 $-1 $5960 $6084 $5905 $6044 reversed $5817 $-1 #
edge $-1 -1 $-1 $6154 0 $6045 8.000000000000001776 $5905 $6155 forward @7 unknown #
vertex $-1 -1 $-1 $6044 $6156 #
straight-curve $-1 -1 $-1 59.29999999999999716 -0.1000000000000000194 46.5 0 1 0 F 0 F 0.1000000000000000194 #
DXID-attrib $-1 -1 $-1 $-1 $5907 @10 ASM ENTITY @2 70 #
plane-surface $-1 -1 $-1 59.29999999999999716 -1.300000000000000044 32.75 1 0 0 0 0 1 forward_v I I I I #
coedge $-1 -1 $-1 $5919 $5909 $5965 $6099 reversed $5763 $-1 #
coedge $-1 -1 $-1 $5909 $5916 $6157 $6158 forward $5763 $-1 #
vertex $-1 -1 $-1 $6032 $6159 #
straight-curve $-1 -1 $-1 95.29999999999999716 0 16.375 0 0 -1 F -22.12499999999999645 F -16.375 #
coedge $-1 -1 $-1 $5912 $5911 $6160 $6161 forward $5913 $-1 #
coedge $-1 -1 $-1 $6157 $6162 $5911 $6055 reversed $6163 $-1 #
edge $-1 -1 $-1 $5914 0.1000000000000000194 $6164 0.7000000000000000666 $5911 $6165 forward @7 unknown #
coedge $-1 -1 $-1 $6166 $5917 $5912 $6057 forward $6063 $-1 #
edge $-1 -1 $-1 $5764 0.1000000000000000194 $6167 0.7000000000000000666 $5912 $6168 forward @7 unknown #
face $6169 -1 $-1 $6101 $5913 $27 $-1 $6170 forward single #
point $-1 -1 $-1 95.29999999999999716 0 38.5 #
coedge $-1 -1 $-1 $6171 $6172 $5916 $6061 forward $6173 $-1 #
edge $-1 -1 $-1 $6174 0 $6064 8.000000000000001776 $5916 $6175 forward @7 unknown #
coedge $-1 -1 $-1 $5917 $6176 $6171 $6177 forward $6063 $-1 #
loop $-1 -1 $-1 $-1 $6176 $5957 #
vertex $-1 -1 $-1 $5918 $6178 #
straight-curve $-1 -1 $-1 95.29999999999999716 -0.1000000000000000194 46.5 0 1 0 F 0 F 0.1000000000000000194 #
DXID-attrib $-1 -1 $-1 $-1 $5920 @10 ASM ENTITY @2 71 #
plane-surface $-1 -1 $-1 95.29999999999999716 -1.300000000000000044 32.75 1 0 0 0 0 1 forward_v I I I I #
straight-curve $-1 -1 $-1 59.29999999999999716 -1.300000000000000044 52.25000000000000711 1 0 0 F 0 F 35.99999999999999289 #
point $-1 -1 $-1 95.29999999999999716 -1.300000000000000044 52.25000000000000711 #
point $-1 -1 $-1 59.29999999999999716 -1.300000000000000044 52.25000000000000711 #
DXID-attrib $-1 -1 $-1 $-1 $5930 @10 ASM ENTITY @2 68 #
plane-surface $-1 -1 $-1 59 -0.01000000000000000021 52.80000000000000426 0 0 1 1 0 0 forward_v I I I I #
DXID-attrib $-1 -1 $-1 $-1 $5944 @10 ASM ENTITY @2 79 #
cone-surface $-1 -1 $-1 114.5000000000000142 -4 74.5 0 1 0 0 0 1.750000000000000222 1 I I 0 1 1.750000000000000222 forward I I I I #
coedge $-1 -1 $-1 $6179 $5949 $6176 $6180 forward $5810 $-1 #
coedge $-1 -1 $-1 $5949 $6179 $6181 $6182 reversed $5810 $-1 #
coedge $-1 -1 $-1 $6172 $6171 $5949 $6078 reversed $6173 $-1 #
edge $-1 -1 $-1 $6183 0 $6184 8.000000000000001776 $6077 $6185 forward @7 unknown #
coedge $-1 -1 $-1 $5951 $5950 $6186 $6187 forward $5670 $-1 #
coedge $-1 -1 $-1 $6093 $6149 $5950 $6081 reversed $5958 $-1 #
edge $-1 -1 $-1 $6085 0 $6188 0.7000000000000000666 $6080 $6189 forward @7 unknown #
coedge $-1 -1 $-1 $6096 $5961 $5951 $6083 forward $5675 $-1 #
edge $-1 -1 $-1 $6086 0 $6190 0.7000000000000000666 $6082 $6191 forward @7 unknown #
coedge $-1 -1 $-1 $6043 $5952 $5961 $6095 reversed $5817 $-1 #
vertex $-1 -1 $-1 $6094 $6192 #
vertex $-1 -1 $-1 $6095 $6193 #
straight-curve $-1 -1 $-1 59.90000000000000568 -0.1000000000000000194 38.5 0 0 1 F 0 F 8.000000000000001776 #
point $-1 -1 $-1 49.40000000000000568 5.200000000000000178 51.15000000000000568 #
DXID-attrib $-1 -1 $-1 $-1 $5957 @10 ASM ENTITY @3 112 #
face $6194 -1 $-1 $6195 $6173 $27 $-1 $6196 reversed single #
plane-surface $-1 -1 $-1 94.70000000000000284 -0.1000000000000000194 46.5 0 0 1 1 0 0 forward_v I I I I #
coedge $-1 -1 $-1 $6039 $6093 $6033 $6143 forward $5958 $-1 #
coedge $-1 -1 $-1 $6092 $6080 $5960 $6094 reversed $5958 $-1 #
edge $-1 -1 $-1 $6154 0 $6085 0.6000000000000049738 $5960 $6197 forward @7 unknown #
edge $-1 -1 $-1 $6045 0 $6086 0.6000000000000049738 $5961 $6198 forward @7 unknown #
coedge $-1 -1 $-1 $5962 $6082 $6199 $6200 reversed $5675 $-1 #
straight-curve $-1 -1 $-1 59.29999999999999716 -1.300000000000000044 32.75 0 0 1 F 0 F 19.5 #
straight-curve $-1 -1 $-1 95.29999999999999716 -1.300000000000000044 32.75 0 0 1 F 0 F 19.5 #
edge $-1 -1 $-1 $5969 0 $6051 1.300000000000000044 $6049 $6201 forward @7 unknown #
edge $-1 -1 $-1 $5968 0 $6035 1.300000000000000044 $6034 $6202 forward @7 unknown #
face $6203 -1 $-1 $5893 $5967 $27 $-1 $6204 forward single #
point $-1 -1 $-1 59.29999999999999716 -1.300000000000000044 32.75 #
point $-1 -1 $-1 95.29999999999999716 -1.300000000000000044 32.75 #
coedge $-1 -1 $-1 $5976 $5975 $5992 $6117 forward $5977 $-1 #
face $6205 -1 $-1 $4333 $5977 $25 $-1 $6206 reversed single #
point $-1 -1 $-1 84.6500000000000199 27.5 55 #
edge $-1 -1 $-1 $6108 0 $5986 3.219999999999991758 $5980 $6207 forward @7 unknown #
vertex $-1 -1 $-1 $5981 $6208 #
straight-curve $-1 -1 $-1 84.6500000000000199 9.300000000000000711 53.90000000000000568 0 1 0 F 0 F 18.19999999999999574 #
DXID-attrib $-1 -1 $-1 $-1 $5982 @10 ASM ENTITY @3 113 #
plane-surface $-1 -1 $-1 84.6500000000000199 9.300000000000000711 53.90000000000000568 0 0 1 1 0 0 forward_v I I I I #
straight-curve $-1 -1 $-1 87.87000000000000455 9.300000000000000711 53.90000000000000568 0 0 1 F 0 F 1.099999999999994316 #
point $-1 -1 $-1 87.87000000000000455 9.300000000000000711 53.90000000000000568 #
DXID-attrib $-1 -1 $-1 $-1 $5989 @10 ASM ENTITY @3 112 #
plane-surface $-1 -1 $-1 56.71000000000000085 9.300000000000000711 53.90000000000000568 0 0 1 1 0 0 forward_v I I I I #
straight-curve $-1 -1 $-1 84.6500000000000199 9.300000000000000711 55 0 1 0 F 0 F 18.19999999999999574 #
edge $-1 -1 $-1 $6108 0 $5993 1.099999999999994316 $6104 $6209 forward @7 unknown #
point $-1 -1 $-1 84.6500000000000199 9.300000000000000711 55 #
DXID-attrib $-1 -1 $-1 $-1 $5998 @10 ASM ENTITY @3 114 #
plane-surface $-1 -1 $-1 80.25 9.300000000000000711 53.90000000000000568 1 0 0 0 0 1 forward_v I I I I #
straight-curve $-1 -1 $-1 56.71000000000000085 9.300000000000000711 53.90000000000000568 1 0 0 F 0 F 23.53999999999999915 #
point $-1 -1 $-1 80.25 9.300000000000000711 53.90000000000000568 #
straight-curve $-1 -1 $-1 80.25 9.300000000000000711 53.90000000000000568 0 1 0 F 0 F 18.19999999999999574 #
coedge $-1 -1 $-1 $6012 $6011 $6210 $6211 forward $6013 $-1 #
face $6212 -1 $-1 $5944 $6013 $27 $-1 $6213 reversed single #
coedge $-1 -1 $-1 $6023 $6210 $6015 $6127 reversed $6138 $-1 #
edge $-1 -1 $-1 $6027 0.8769032333409720881 $6128 1.395481035488768118 $6015 $6214 forward @7 unknown #
vertex $-1 -1 $-1 $6127 $6215 #
straight-curve $-1 -1 $-1 64.23408785926800135 -1 75.25 0 1 0 F 1 F 5 #
DXID-attrib $-1 -1 $-1 $-1 $6017 @10 ASM ENTITY @2 76 #
cone-surface $-1 -1 $-1 60 -1 74.5 0 1 0 0 0 4.299999999999999822 1 I I 0 1 4.299999999999999822 forward I I I I #
coedge $-1 -1 $-1 $6210 $6023 $6019 $6133 reversed $6138 $-1 #
edge $-1 -1 $-1 $6134 -1.39548103548884761 $6025 -0.8769032333420161418 $6019 $6216 forward @7 unknown #
vertex $-1 -1 $-1 $6020 $6217 #
straight-curve $-1 -1 $-1 110.2659121407300091 -1 75.25 0 1 0 F 1 F 5 #
DXID-attrib $-1 -1 $-1 $-1 $6021 @10 ASM ENTITY @2 77 #
cone-surface $-1 -1 $-1 114.5000000000000142 -1 74.5 0 1 0 0 0 4.299999999999999822 1 I I 0 1 4.299999999999999822 forward I I I I #
loop $-1 -1 $-1 $-1 $6126 $6218 #
straight-curve $-1 -1 $-1 2.75 4 77.25 1 0 0 F 60.55567693521299333 F 108.4443230647799936 #
point $-1 -1 $-1 111.1943230647800078 4 77.25 #
point $-1 -1 $-1 63.30567693521300043 4 77.25 #
straight-curve $-1 -1 $-1 29.64999999999999858 0 32.75 1 0 0 F 29.64999999999999858 F 65.64999999999999147 #
edge $-1 -1 $-1 $6154 0 $5902 0.1000000000000000194 $6033 $6219 forward @7 unknown #
point $-1 -1 $-1 59.29999999999999716 0 32.75 #
coedge $-1 -1 $-1 $6199 $6220 $6037 $6146 forward $6221 $-1 #
edge $-1 -1 $-1 $6150 0 $6147 8.000000000000001776 $6037 $6222 forward @7 unknown #
vertex $-1 -1 $-1 $6038 $6223 #
straight-curve $-1 -1 $-1 59.29999999999999716 -0.1000000000000000194 46.5 0 1 0 F 0.1000000000000000194 F 0.7000000000000000666 #
coedge $-1 -1 $-1 $6080 $6039 $6220 $6224 forward $5958 $-1 #
vertex $-1 -1 $-1 $6146 $6225 #
straight-curve $-1 -1 $-1 59.29999999999999716 -0.1000000000000000194 38.5 0 1 0 F 0.1000000000000000194 F 0.7000000000000000666 #
DXID-attrib $-1 -1 $-1 $-1 $6041 @10 ASM ENTITY @2 72 #
plane-surface $-1 -1 $-1 59.29999999999999716 -0.1000000000000000194 38.5 1 0 0 0 0 1 forward_v I I I I #
vertex $-1 -1 $-1 $6143 $6226 #
straight-curve $-1 -1 $-1 59.29999999999999716 -0.1000000000000000194 38.5 0 0 1 F 0 F 8.000000000000001776 #
point $-1 -1 $-1 59.29999999999999716 -0.1000000000000000194 46.5 #
coedge $-1 -1 $-1 $6227 $6054 $6050 $6158 reversed $6163 $-1 #
edge $-1 -1 $-1 $6174 0 $5914 0.1000000000000000194 $6050 $6228 forward @7 unknown #
point $-1 -1 $-1 95.29999999999999716 0 32.75 #
coedge $-1 -1 $-1 $6229 $6230 $6053 $6161 reversed $6231 $-1 #
edge $-1 -1 $-1 $6164 0 $6167 8.000000000000001776 $6053 $6232 forward @7 unknown #
coedge $-1 -1 $-1 $6054 $6181 $6229 $6233 forward $6163 $-1 #
loop $-1 -1 $-1 $-1 $6181 $6195 #
vertex $-1 -1 $-1 $6055 $6234 #
straight-curve $-1 -1 $-1 95.29999999999999716 -0.1000000000000000194 38.5 0 1 0 F 0.1000000000000000194 F 0.7000000000000000666 #
coedge $-1 -1 $-1 $6176 $6056 $6230 $6235 reversed $6063 $-1 #
vertex $-1 -1 $-1 $6057 $6236 #
straight-curve $-1 -1 $-1 95.29999999999999716 -0.1000000000000000194 46.5 0 1 0 F 0.1000000000000000194 F 0.7000000000000000666 #
DXID-attrib $-1 -1 $-1 $-1 $6058 @10 ASM ENTITY @2 73 #
plane-surface $-1 -1 $-1 95.29999999999999716 -0.1000000000000000194 38.5 1 0 0 0 0 1 forward_v I I I I #
coedge $-1 -1 $-1 $6077 $6060 $6062 $6177 reversed $6173 $-1 #
coedge $-1 -1 $-1 $6060 $6077 $6227 $6237 forward $6173 $-1 #
loop $-1 -1 $-1 $-1 $6172 $6090 #
vertex $-1 -1 $-1 $6061 $6238 #
straight-curve $-1 -1 $-1 95.29999999999999716 -0.1000000000000000194 38.5 0 0 1 F 0 F 8.000000000000001776 #
coedge $-1 -1 $-1 $6062 $6166 $6075 $6180 reversed $6063 $-1 #
edge $-1 -1 $-1 $6184 0 $6064 0.5999999999999872102 $6062 $6239 forward @7 unknown #
point $-1 -1 $-1 95.29999999999999716 -0.1000000000000000194 46.5 #
coedge $-1 -1 $-1 $6076 $6075 $6240 $6241 reversed $5810 $-1 #
edge $-1 -1 $-1 $6184 0 $6242 0.7000000000000000666 $6176 $6243 forward @7 unknown #
coedge $-1 -1 $-1 $6162 $6227 $6076 $6182 forward $6163 $-1 #
edge $-1 -1 $-1 $6183 0 $6244 0.7000000000000000666 $6181 $6245 forward @7 unknown #
vertex $-1 -1 $-1 $6237 $6246 #
vertex $-1 -1 $-1 $6180 $6247 #
straight-curve $-1 -1 $-1 94.70000000000000284 -0.1000000000000000194 38.5 0 0 1 F 0 F 8.000000000000001776 #
coedge $-1 -1 $-1 $6220 $6199 $6079 $6187 reversed $6221 $-1 #
edge $-1 -1 $-1 $6188 0 $6190 8.000000000000001776 $6186 $6248 forward @7 unknown #
vertex $-1 -1 $-1 $6224 $6249 #
straight-curve $-1 -1 $-1 59.90000000000000568 -0.1000000000000000194 38.5 0 1 0 F 0 F 0.7000000000000000666 #
vertex $-1 -1 $-1 $6083 $6250 #
straight-curve $-1 -1 $-1 59.90000000000000568 -0.1000000000000000194 46.5 0 1 0 F 0 F 0.7000000000000000666 #
point $-1 -1 $-1 59.90000000000000568 -0.1000000000000000194 38.5 #
point $-1 -1 $-1 59.90000000000000568 -0.1000000000000000194 46.5 #
DXID-attrib $-1 -1 $-1 $-1 $6090 @10 ASM ENTITY @3 113 #
face $6251 -1 $-1 $6252 $6163 $27 $-1 $6253 reversed single #
plane-surface $-1 -1 $-1 94.70000000000000284 -0.1000000000000000194 38.5 0 1 0 0 0 1 forward_v I I I I #
straight-curve $-1 -1 $-1 59.29999999999999716 -0.1000000000000000194 38.5 1 0 0 F 0 F 0.6000000000000049738 #
straight-curve $-1 -1 $-1 59.29999999999999716 -0.1000000000000000194 46.5 1 0 0 F 0 F 0.6000000000000049738 #
coedge $-1 -1 $-1 $6186 $6145 $6096 $6200 forward $6221 $-1 #
edge $-1 -1 $-1 $6147 0 $6190 0.6000000000000049738 $6096 $6254 forward @7 unknown #
straight-curve $-1 -1 $-1 95.29999999999999716 -1.300000000000000044 32.75 0 1 0 F 0 F 1.300000000000000044 #
straight-curve $-1 -1 $-1 59.29999999999999716 -1.300000000000000044 32.75 0 1 0 F 0 F 1.300000000000000044 #
DXID-attrib $-1 -1 $-1 $-1 $6101 @10 ASM ENTITY @2 74 #
plane-surface $-1 -1 $-1 59.29999999999999716 -1.300000000000000044 32.75 0 0 1 1 0 0 forward_v I I I I #
DXID-attrib $-1 -1 $-1 $-1 $6105 @10 ASM ENTITY @3 115 #
plane-surface $-1 -1 $-1 84.6500000000000199 9.300000000000000711 53.90000000000000568 1 0 0 0 0 1 forward_v I I I I #
straight-curve $-1 -1 $-1 84.6500000000000199 9.300000000000000711 53.90000000000000568 1 0 0 F 0 F 3.219999999999991758 #
point $-1 -1 $-1 84.6500000000000199 9.300000000000000711 53.90000000000000568 #
straight-curve $-1 -1 $-1 84.6500000000000199 9.300000000000000711 53.90000000000000568 0 0 1 F 0 F 1.099999999999994316 #
coedge $-1 -1 $-1 $6126 $6132 $6124 $6211 reversed $6138 $-1 #
edge $-1 -1 $-1 $6128 60.48408785926800135 $6134 106.5159121407300091 $6124 $6255 forward @7 unknown #
DXID-attrib $-1 -1 $-1 $-1 $6125 @10 ASM ENTITY @2 78 #
plane-surface $-1 -1 $-1 4.75 -1 75.25 0 0 1 1 0 0 forward_v I I I I #
ellipse-curve $-1 -1 $-1 60 4 74.5 0 1 0 0 0 4.299999999999999822 1 F 0.8769032333409720881 F 1.395481035488768118 #
point $-1 -1 $-1 64.23408785926800135 4 75.25 #
ellipse-curve $-1 -1 $-1 114.5000000000000142 4 74.5 0 1 0 0 0 4.299999999999999822 1 F -1.39548103548884761 F -0.8769032333420161418 #
point $-1 -1 $-1 110.2659121407300091 4 75.25 #
face $6256 -1 $-1 $5331 $6138 $27 $-1 $6257 forward single #
straight-curve $-1 -1 $-1 59.29999999999999716 -0.1000000000000000194 38.5 0 1 0 F 0 F 0.1000000000000000194 #
coedge $-1 -1 $-1 $6145 $6186 $6149 $6224 reversed $6221 $-1 #
loop $-1 -1 $-1 $-1 $6220 $6252 #
straight-curve $-1 -1 $-1 59.29999999999999716 0.5999999999999999778 38.5 0 0 1 F 0 F 8.000000000000001776 #
point $-1 -1 $-1 59.29999999999999716 0.5999999999999999778 46.5 #
edge $-1 -1 $-1 $6150 0 $6188 0.6000000000000049738 $6149 $6258 forward @7 unknown #
point $-1 -1 $-1 59.29999999999999716 0.5999999999999999778 38.5 #
point $-1 -1 $-1 59.29999999999999716 -0.1000000000000000194 38.5 #
coedge $-1 -1 $-1 $6181 $6157 $6172 $6237 reversed $6163 $-1 #
straight-curve $-1 -1 $-1 95.29999999999999716 -0.1000000000000000194 38.5 0 1 0 F 0 F 0.1000000000000000194 #
coedge $-1 -1 $-1 $6240 $6160 $6162 $6233 reversed $6231 $-1 #
coedge $-1 -1 $-1 $6160 $6240 $6166 $6235 forward $6231 $-1 #
loop $-1 -1 $-1 $-1 $6229 $6259 #
straight-curve $-1 -1 $-1 95.29999999999999716 0.5999999999999999778 38.5 0 0 1 F 0 F 8.000000000000001776 #
edge $-1 -1 $-1 $6244 0 $6164 0.5999999999999872102 $6162 $6260 forward @7 unknown #
point $-1 -1 $-1 95.29999999999999716 0.5999999999999999778 38.5 #
edge $-1 -1 $-1 $6242 0 $6167 0.5999999999999872102 $6166 $6261 forward @7 unknown #
point $-1 -1 $-1 95.29999999999999716 0.5999999999999999778 46.5 #
edge $-1 -1 $-1 $6183 0 $6174 0.5999999999999872102 $6172 $6262 forward @7 unknown #
point $-1 -1 $-1 95.29999999999999716 -0.1000000000000000194 38.5 #
straight-curve $-1 -1 $-1 94.70000000000000284 -0.1000000000000000194 46.5 1 0 0 F 0 F 0.5999999999999872102 #
coedge $-1 -1 $-1 $6230 $6229 $6179 $6241 forward $6231 $-1 #
edge $-1 -1 $-1 $6244 0 $6242 8.000000000000001776 $6240 $6263 forward @7 unknown #
vertex $-1 -1 $-1 $6180 $6264 #
straight-curve $-1 -1 $-1 94.70000000000000284 -0.1000000000000000194 46.5 0 1 0 F 0 F 0.7000000000000000666 #
vertex $-1 -1 $-1 $6182 $6265 #
straight-curve $-1 -1 $-1 94.70000000000000284 -0.1000000000000000194 38.5 0 1 0 F 0 F 0.7000000000000000666 #
point $-1 -1 $-1 94.70000000000000284 -0.1000000000000000194 38.5 #
point $-1 -1 $-1 94.70000000000000284 -0.1000000000000000194 46.5 #
straight-curve $-1 -1 $-1 59.90000000000000568 0.5999999999999999778 38.5 0 0 1 F 0 F 8.000000000000001776 #
point $-1 -1 $-1 59.90000000000000568 0.5999999999999999778 38.5 #
point $-1 -1 $-1 59.90000000000000568 0.5999999999999999778 46.5 #
DXID-attrib $-1 -1 $-1 $-1 $6195 @10 ASM ENTITY @3 114 #
face $6266 -1 $-1 $6259 $6221 $27 $-1 $6267 forward single #
plane-surface $-1 -1 $-1 94.70000000000000284 -0.1000000000000000194 38.5 0 0 1 1 0 0 forward_v I I I I #
straight-curve $-1 -1 $-1 59.29999999999999716 0.5999999999999999778 46.5 1 0 0 F 0 F 0.6000000000000049738 #
straight-curve $-1 -1 $-1 3.75 4 75.25 1 0 0 F 60.48408785926800135 F 106.5159121407300091 #
DXID-attrib $-1 -1 $-1 $-1 $6218 @10 ASM ENTITY @3 117 #
plane-surface $-1 -1 $-1 2.75 4 2.75 0 1 0 0 0 1 forward_v I I I I #
straight-curve $-1 -1 $-1 59.29999999999999716 0.5999999999999999778 38.5 1 0 0 F 0 F 0.6000000000000049738 #
face $6268 -1 $-1 $6218 $6231 $27 $-1 $6269 forward single #
straight-curve $-1 -1 $-1 94.70000000000000284 0.5999999999999999778 38.5 1 0 0 F 0 F 0.5999999999999872102 #
straight-curve $-1 -1 $-1 94.70000000000000284 0.5999999999999999778 46.5 1 0 0 F 0 F 0.5999999999999872102 #
straight-curve $-1 -1 $-1 94.70000000000000284 -0.1000000000000000194 38.5 1 0 0 F 0 F 0.5999999999999872102 #
straight-curve $-1 -1 $-1 94.70000000000000284 0.5999999999999999778 38.5 0 0 1 F 0 F 8.000000000000001776 #
point $-1 -1 $-1 94.70000000000000284 0.5999999999999999778 46.5 #
point $-1 -1 $-1 94.70000000000000284 0.5999999999999999778 38.5 #
DXID-attrib $-1 -1 $-1 $-1 $6252 @10 ASM ENTITY @3 115 #
plane-surface $-1 -1 $-1 59.29999999999999716 0.5999999999999999778 38.5 0 1 0 0 0 1 forward_v I I I I #
DXID-attrib $-1 -1 $-1 $-1 $6259 @10 ASM ENTITY @3 116 #
plane-surface $-1 -1 $-1 94.70000000000000284 0.5999999999999999778 38.5 0 1 0 0 0 1 forward_v I I I I #
End-of-ACIS-data 