700 0 1 0           
30 Autodesk Translation Framework 21 ASM 232.4.0.65535 OSX 24 Fri Sep  4 00:39:00 2026 
1 9.999999999999999547e-07 1.000000000000000036e-10 
body $1 -1 $-1 $2 $-1 $-1 #
rgb_color-st-attrib $-1 -1 $3 $-1 $0 0.627450980392156854 0.627450980392156854 0.627450980392156854 #
lump $-1 -1 $-1 $-1 $4 $0 #
ATTRIB_CUSTOM-attrib $-1 -1 $-1 $1 $0 @20 Timestamp_attrib_def 1 1788478740650081 #
shell $-1 -1 $-1 $-1 $-1 $5 $-1 $2 #
face $6 -1 $-1 $7 $8 $4 $-1 $9 reversed single #
DXID-attrib $-1 -1 $-1 $-1 $5 @10 ASM ENTITY @1 0 #
face $10 -1 $-1 $11 $12 $4 $-1 $13 reversed single #
loop $-1 -1 $-1 $-1 $14 $5 #
plane-surface $-1 -1 $-1 0 -3.000000000000000444 0 1 0 0 0 0 1 forward_v I I I I #
DXID-attrib $-1 -1 $-1 $-1 $7 @10 ASM ENTITY @1 1 #
face $15 -1 $-1 $16 $17 $4 $-1 $18 forward single #
loop $-1 -1 $-1 $19 $20 $7 #
plane-surface $-1 -1 $-1 0 -3.000000000000000444 0 0 1 0 0 0 1 forward_v I I I I #
coedge $-1 -1 $-1 $21 $22 $23 $24 forward $8 $-1 #
DXID-attrib $-1 -1 $-1 $-1 $11 @10 ASM ENTITY @1 2 #
face $25 -1 $-1 $26 $27 $4 $-1 $28 forward single #
loop $-1 -1 $-1 $-1 $29 $11 #
cone-surface $-1 -1 $-1 5 -3.000000000000000444 5 0 1 0 -5 0 0 1 I I 0 1 5 forward I I I I #
loop $-1 -1 $-1 $30 $31 $7 #
coedge $-1 -1 $-1 $32 $33 $34 $35 forward $12 $-1 #
coedge $-1 -1 $-1 $36 $14 $37 $38 forward $8 $-1 #
coedge $-1 -1 $-1 $14 $36 $39 $40 reversed $8 $-1 #
coedge $-1 -1 $-1 $33 $41 $14 $24 reversed $12 $-1 #
edge $-1 -1 $-1 $42 5 $43 125 $14 $44 forward @7 unknown #
DXID-attrib $-1 -1 $-1 $-1 $16 @10 ASM ENTITY @1 3 #
face $45 -1 $-1 $46 $47 $4 $-1 $48 forward single #
loop $-1 -1 $-1 $-1 $49 $16 #
cone-surface $-1 -1 $-1 5 -3.000000000000000444 125 0 1 0 -5 0 0 1 I I 0 1 5 forward I I I I #
coedge $-1 -1 $-1 $39 $50 $33 $51 reversed $17 $-1 #
loop $-1 -1 $-1 $52 $53 $7 #
coedge $-1 -1 $-1 $31 $31 $54 $55 forward $19 $-1 #
coedge $-1 -1 $-1 $56 $20 $57 $58 reversed $12 $-1 #
coedge $-1 -1 $-1 $20 $23 $29 $51 forward $12 $-1 #
coedge $-1 -1 $-1 $59 $60 $20 $35 reversed $61 $-1 #
edge $-1 -1 $-1 $62 5 $63 95 $20 $64 forward @7 unknown #
coedge $-1 -1 $-1 $22 $21 $65 $66 reversed $8 $-1 #
coedge $-1 -1 $-1 $49 $67 $21 $38 reversed $27 $-1 #
edge $-1 -1 $-1 $43 0 $68 3.000000000000000444 $21 $69 forward @14 tangent_not_g2 #
coedge $-1 -1 $-1 $70 $29 $22 $40 forward $17 $-1 #
edge $-1 -1 $-1 $42 0 $71 3.000000000000000444 $22 $72 forward @14 tangent_not_g2 #
coedge $-1 -1 $-1 $23 $73 $49 $74 reversed $12 $-1 #
vertex $-1 -1 $-1 $24 $75 #
vertex $-1 -1 $-1 $24 $76 #
straight-curve $-1 -1 $-1 0 -3.000000000000000444 0 0 0 1 F 5 F 125 #
DXID-attrib $-1 -1 $-1 $-1 $26 @10 ASM ENTITY @1 4 #
face $77 -1 $-1 $78 $61 $4 $-1 $79 reversed single #
loop $-1 -1 $-1 $80 $81 $26 #
plane-surface $-1 -1 $-1 0 0 0 0 1 0 0 0 1 forward_v I I I I #
coedge $-1 -1 $-1 $82 $37 $41 $74 forward $27 $-1 #
coedge $-1 -1 $-1 $29 $70 $59 $83 reversed $17 $-1 #
edge $-1 -1 $-1 $42 1.570796326794896558 $62 3.141592653589793116 $33 $84 forward @7 unknown #
loop $-1 -1 $-1 $85 $86 $7 #
coedge $-1 -1 $-1 $53 $53 $87 $88 forward $30 $-1 #
coedge $-1 -1 $-1 $54 $54 $31 $55 reversed $89 $-1 #
edge $-1 -1 $-1 $90 0 $90 6.283185307179586232 $31 $91 forward @7 unknown #
coedge $-1 -1 $-1 $92 $32 $93 $94 forward $12 $-1 #
coedge $-1 -1 $-1 $95 $96 $32 $58 forward $97 $-1 #
edge $-1 -1 $-1 $98 1.570796326794896558 $63 3.141592653589793116 $32 $99 forward @7 unknown #
coedge $-1 -1 $-1 $100 $34 $50 $83 forward $61 $-1 #
coedge $-1 -1 $-1 $34 $100 $95 $101 reversed $61 $-1 #
loop $-1 -1 $-1 $-1 $100 $46 #
vertex $-1 -1 $-1 $35 $102 #
vertex $-1 -1 $-1 $35 $103 #
straight-curve $-1 -1 $-1 0 -3.000000000000000444 0 1 0 0 F 5 F 95 #
coedge $-1 -1 $-1 $104 $105 $36 $66 forward $47 $-1 #
edge $-1 -1 $-1 $71 5 $68 125 $36 $106 forward @7 unknown #
coedge $-1 -1 $-1 $37 $82 $104 $107 reversed $27 $-1 #
vertex $-1 -1 $-1 $38 $108 #
straight-curve $-1 -1 $-1 -8.881784197000999888e-16 -3.000000000000000444 125 0 1 0 F 0 F 3.000000000000000444 #
coedge $-1 -1 $-1 $50 $39 $105 $109 forward $17 $-1 #
vertex $-1 -1 $-1 $66 $110 #
straight-curve $-1 -1 $-1 -8.881784197000999888e-16 -3.000000000000000444 5 0 1 0 F 0 F 3.000000000000000444 #
coedge $-1 -1 $-1 $41 $92 $111 $112 reversed $12 $-1 #
edge $-1 -1 $-1 $43 -1.570796326794896558 $113 0 $41 $114 forward @7 unknown #
point $-1 -1 $-1 -8.881784197000999888e-16 -3.000000000000000444 5 #
point $-1 -1 $-1 -8.881784197000999888e-16 -3.000000000000000444 125 #
DXID-attrib $-1 -1 $-1 $-1 $46 @10 ASM ENTITY @1 5 #
face $115 -1 $-1 $116 $97 $4 $-1 $117 forward single #
plane-surface $-1 -1 $-1 0 -3.000000000000000444 0 0 0 1 1 0 0 forward_v I I I I #
loop $-1 -1 $-1 $118 $119 $26 #
coedge $-1 -1 $-1 $105 $120 $100 $121 reversed $47 $-1 #
coedge $-1 -1 $-1 $67 $49 $122 $123 forward $27 $-1 #
edge $-1 -1 $-1 $62 0 $124 3.000000000000000444 $50 $125 forward @14 tangent_not_g2 #
ellipse-curve $-1 -1 $-1 5 -3.000000000000000444 5 0 -1 0 0 0 5 1 F 1.570796326794896558 F 3.141592653589793116 #
loop $-1 -1 $-1 $126 $127 $7 #
coedge $-1 -1 $-1 $86 $86 $128 $129 forward $52 $-1 #
coedge $-1 -1 $-1 $87 $87 $53 $88 reversed $130 $-1 #
edge $-1 -1 $-1 $131 0 $131 6.283185307179586232 $53 $132 forward @7 unknown #
loop $-1 -1 $-1 $133 $54 $134 #
vertex $-1 -1 $-1 $55 $135 #
ellipse-curve $-1 -1 $-1 5.5 -3.000000000000000444 5.5 0 1 0 0 0 3.200000000000000622 1 I I #
coedge $-1 -1 $-1 $73 $56 $136 $137 forward $12 $-1 #
coedge $-1 -1 $-1 $138 $139 $56 $94 reversed $140 $-1 #
edge $-1 -1 $-1 $98 5 $141 125 $56 $142 forward @7 unknown #
coedge $-1 -1 $-1 $143 $57 $60 $101 forward $97 $-1 #
coedge $-1 -1 $-1 $57 $143 $138 $144 reversed $97 $-1 #
loop $-1 -1 $-1 $-1 $57 $78 #
vertex $-1 -1 $-1 $58 $145 #
ellipse-curve $-1 -1 $-1 95 -3.000000000000000444 5 0 1 0 0 0 5 1 F 1.570796326794896558 F 3.141592653589793116 #
coedge $-1 -1 $-1 $60 $59 $81 $121 forward $61 $-1 #
edge $-1 -1 $-1 $63 0 $146 3.000000000000000444 $60 $147 forward @14 tangent_not_g2 #
point $-1 -1 $-1 5 -3.000000000000000444 -8.881784197000999888e-16 #
point $-1 -1 $-1 95 -3.000000000000000444 -8.881784197000999888e-16 #
coedge $-1 -1 $-1 $148 $65 $67 $107 forward $47 $-1 #
coedge $-1 -1 $-1 $65 $81 $70 $109 reversed $47 $-1 #
straight-curve $-1 -1 $-1 0 0 0 0 0 1 F 5 F 125 #
edge $-1 -1 $-1 $68 -1.570796326794896558 $149 0 $67 $150 forward @7 unknown #
point $-1 -1 $-1 -8.881784197000999888e-16 0 125 #
edge $-1 -1 $-1 $71 1.570796326794896558 $124 3.141592653589793116 $70 $151 forward @7 unknown #
point $-1 -1 $-1 -8.881784197000999888e-16 0 5 #
coedge $-1 -1 $-1 $152 $122 $73 $112 forward $153 $-1 #
edge $-1 -1 $-1 $113 5 $154 95 $73 $155 forward @7 unknown #
vertex $-1 -1 $-1 $112 $156 #
ellipse-curve $-1 -1 $-1 5 -3.000000000000000444 125 0 1 0 0 0 5 1 F -1.570796326794896558 F 0 #
DXID-attrib $-1 -1 $-1 $-1 $78 @10 ASM ENTITY @1 6 #
face $157 -1 $-1 $158 $140 $4 $-1 $159 forward single #
cone-surface $-1 -1 $-1 95 -3.000000000000000444 5 0 1 0 5 0 0 1 I I 0 1 5 forward I I I I #
loop $-1 -1 $-1 $160 $161 $26 #
coedge $-1 -1 $-1 $119 $119 $162 $163 reversed $80 $-1 #
coedge $-1 -1 $-1 $81 $164 $143 $165 forward $47 $-1 #
edge $-1 -1 $-1 $124 5 $146 95 $81 $166 forward @7 unknown #
coedge $-1 -1 $-1 $111 $167 $82 $123 reversed $153 $-1 #
edge $-1 -1 $-1 $113 0 $149 3.000000000000000444 $82 $168 forward @14 tangent_not_g2 #
vertex $-1 -1 $-1 $109 $169 #
straight-curve $-1 -1 $-1 5 -3.000000000000000444 -8.881784197000999888e-16 0 1 0 F 0 F 3.000000000000000444 #
loop $-1 -1 $-1 $170 $171 $7 #
coedge $-1 -1 $-1 $127 $127 $172 $173 forward $85 $-1 #
coedge $-1 -1 $-1 $128 $128 $86 $129 reversed $174 $-1 #
edge $-1 -1 $-1 $175 0 $175 6.283185307179586232 $86 $176 forward @7 unknown #
loop $-1 -1 $-1 $177 $87 $178 #
vertex $-1 -1 $-1 $88 $179 #
ellipse-curve $-1 -1 $-1 6.900000000000000355 -3.000000000000000444 96.09999999999999432 0 1 0 0 0 1 1 I I #
loop $-1 -1 $-1 $-1 $180 $134 #
face $181 -1 $-1 $178 $89 $4 $-1 $182 reversed single #
point $-1 -1 $-1 5.5 -3.000000000000000444 8.699999999999999289 #
coedge $-1 -1 $-1 $183 $184 $92 $137 reversed $185 $-1 #
edge $-1 -1 $-1 $141 -1.570796326794896558 $154 0 $92 $186 forward @7 unknown #
coedge $-1 -1 $-1 $187 $93 $96 $144 forward $140 $-1 #
coedge $-1 -1 $-1 $93 $187 $183 $188 reversed $140 $-1 #
loop $-1 -1 $-1 $-1 $93 $116 #
vertex $-1 -1 $-1 $94 $189 #
straight-curve $-1 -1 $-1 100 -3.000000000000000444 0 0 0 1 F 5 F 125 #
coedge $-1 -1 $-1 $96 $95 $120 $165 reversed $97 $-1 #
edge $-1 -1 $-1 $98 0 $190 3.000000000000000444 $96 $191 forward @14 tangent_not_g2 #
point $-1 -1 $-1 100 -3.000000000000000444 5 #
vertex $-1 -1 $-1 $121 $192 #
straight-curve $-1 -1 $-1 95 -3.000000000000000444 -8.881784197000999888e-16 0 1 0 F 0 F 3.000000000000000444 #
coedge $-1 -1 $-1 $193 $104 $167 $194 forward $47 $-1 #
vertex $-1 -1 $-1 $123 $195 #
ellipse-curve $-1 -1 $-1 5 0 125 0 1 0 0 0 5 1 F -1.570796326794896558 F 0 #
ellipse-curve $-1 -1 $-1 5 0 5 0 -1 0 0 0 5 1 F 1.570796326794896558 F 3.141592653589793116 #
coedge $-1 -1 $-1 $167 $111 $184 $196 forward $153 $-1 #
loop $-1 -1 $-1 $-1 $167 $197 #
vertex $-1 -1 $-1 $137 $198 #
straight-curve $-1 -1 $-1 0 -3.000000000000000444 130 1 0 0 F 5 F 95 #
point $-1 -1 $-1 5 -3.000000000000000444 130 #
DXID-attrib $-1 -1 $-1 $-1 $116 @10 ASM ENTITY @1 7 #
face $199 -1 $-1 $197 $185 $4 $-1 $200 forward single #
plane-surface $-1 -1 $-1 100 -3.000000000000000444 0 1 0 0 0 0 1 forward_v I I I I #
loop $-1 -1 $-1 $201 $202 $26 #
coedge $-1 -1 $-1 $203 $204 $205 $206 reversed $118 $-1 #
coedge $-1 -1 $-1 $162 $162 $119 $163 forward $207 $-1 #
edge $-1 -1 $-1 $208 0 $208 6.283185307179586232 $119 $209 forward @7 unknown #
coedge $-1 -1 $-1 $120 $193 $187 $210 reversed $47 $-1 #
edge $-1 -1 $-1 $190 1.570796326794896558 $146 3.141592653589793116 $120 $211 forward @7 unknown #
straight-curve $-1 -1 $-1 0 0 0 1 0 0 F 5 F 95 #
coedge $-1 -1 $-1 $122 $152 $148 $194 reversed $153 $-1 #
straight-curve $-1 -1 $-1 5 -3.000000000000000444 130 0 1 0 F 0 F 3.000000000000000444 #
point $-1 -1 $-1 5 0 -8.881784197000999888e-16 #
loop $-1 -1 $-1 $212 $213 $7 #
coedge $-1 -1 $-1 $214 $215 $216 $217 forward $126 $-1 #
coedge $-1 -1 $-1 $172 $172 $127 $173 reversed $218 $-1 #
edge $-1 -1 $-1 $219 0 $219 6.283185307179586232 $127 $220 forward @7 unknown #
loop $-1 -1 $-1 $221 $128 $222 #
vertex $-1 -1 $-1 $129 $223 #
ellipse-curve $-1 -1 $-1 6.900000000000000355 -3.000000000000000444 111.9000000000000057 0 1 0 0 0 1.500000000000000222 1 I I #
loop $-1 -1 $-1 $-1 $224 $178 #
face $225 -1 $-1 $222 $130 $4 $-1 $226 reversed single #
point $-1 -1 $-1 6.900000000000000355 -3.000000000000000444 97.10000000000000853 #
coedge $-1 -1 $-1 $180 $180 $227 $228 forward $133 $-1 #
DXID-attrib $-1 -1 $-1 $-1 $134 @10 ASM ENTITY @2 10 #
cone-surface $-1 -1 $-1 5.5 -4 5.5 0 1 0 0 0 3.200000000000000622 1 I I 0 1 3.200000000000000622 forward I I I I #
coedge $-1 -1 $-1 $229 $136 $139 $188 forward $185 $-1 #
coedge $-1 -1 $-1 $136 $229 $152 $196 reversed $185 $-1 #
loop $-1 -1 $-1 $-1 $136 $158 #
ellipse-curve $-1 -1 $-1 95 -3.000000000000000444 125 0 -1 0 0 0 5 1 F -1.570796326794896558 F 0 #
coedge $-1 -1 $-1 $139 $138 $164 $210 forward $140 $-1 #
edge $-1 -1 $-1 $141 0 $230 3.000000000000000444 $139 $231 forward @14 tangent_not_g2 #
point $-1 -1 $-1 100 -3.000000000000000444 125 #
vertex $-1 -1 $-1 $210 $232 #
straight-curve $-1 -1 $-1 100 -3.000000000000000444 5 0 1 0 F 0 F 3.000000000000000444 #
point $-1 -1 $-1 95 0 -8.881784197000999888e-16 #
coedge $-1 -1 $-1 $164 $148 $229 $233 reversed $47 $-1 #
edge $-1 -1 $-1 $149 5 $234 95 $148 $235 forward @7 unknown #
point $-1 -1 $-1 5 0 130 #
edge $-1 -1 $-1 $154 0 $234 3.000000000000000444 $184 $236 forward @14 tangent_not_g2 #
face $237 -1 $-1 $134 $153 $4 $-1 $238 forward single #
point $-1 -1 $-1 95 -3.000000000000000444 130 #
DXID-attrib $-1 -1 $-1 $-1 $158 @10 ASM ENTITY @1 8 #
cone-surface $-1 -1 $-1 95 -3.000000000000000444 125 0 1 0 5 0 0 1 I I 0 1 5 forward I I I I #
loop $-1 -1 $-1 $239 $240 $26 #
coedge $-1 -1 $-1 $241 $242 $243 $244 forward $160 $-1 #
coedge $-1 -1 $-1 $245 $161 $246 $247 forward $118 $-1 #
coedge $-1 -1 $-1 $161 $245 $248 $249 reversed $118 $-1 #
coedge $-1 -1 $-1 $250 $251 $161 $206 forward $252 $-1 #
edge $-1 -1 $-1 $253 6.055676935212999545 $254 30.75 $161 $255 forward @7 unknown #
loop $-1 -1 $-1 $256 $162 $257 #
vertex $-1 -1 $-1 $163 $258 #
ellipse-curve $-1 -1 $-1 5.5 0 5.5 0 1 0 0 0 1.750000000000000222 1 I I #
edge $-1 -1 $-1 $190 5 $230 125 $164 $259 forward @7 unknown #
ellipse-curve $-1 -1 $-1 95 0 5 0 1 0 0 0 5 1 F 1.570796326794896558 F 3.141592653589793116 #
loop $-1 -1 $-1 $260 $261 $7 #
coedge $-1 -1 $-1 $213 $213 $262 $263 forward $170 $-1 #
coedge $-1 -1 $-1 $264 $171 $265 $266 forward $126 $-1 #
coedge $-1 -1 $-1 $171 $264 $267 $268 reversed $126 $-1 #
coedge $-1 -1 $-1 $269 $270 $171 $217 reversed $271 $-1 #
edge $-1 -1 $-1 $272 9.5 $273 41.10000000000000142 $171 $274 forward @7 unknown #
loop $-1 -1 $-1 $275 $172 $276 #
vertex $-1 -1 $-1 $173 $277 #
ellipse-curve $-1 -1 $-1 5.5 -3.000000000000000444 124.5000000000000142 0 1 0 0 0 3.200000000000000622 1 I I #
loop $-1 -1 $-1 $-1 $278 $222 #
face $279 -1 $-1 $276 $174 $4 $-1 $280 reversed single #
point $-1 -1 $-1 6.900000000000000355 -3.000000000000000444 113.4000000000000199 #
coedge $-1 -1 $-1 $224 $224 $281 $282 forward $177 $-1 #
DXID-attrib $-1 -1 $-1 $-1 $178 @10 ASM ENTITY @2 11 #
cone-surface $-1 -1 $-1 6.900000000000000355 -4 96.09999999999999432 0 1 0 0 0 1 1 I I 0 1 1 forward I I I I #
coedge $-1 -1 $-1 $227 $227 $180 $228 reversed $283 $-1 #
edge $-1 -1 $-1 $284 0 $284 6.283185307179586232 $180 $285 forward @7 unknown #
coedge $-1 -1 $-1 $184 $183 $193 $233 forward $185 $-1 #
vertex $-1 -1 $-1 $233 $286 #
straight-curve $-1 -1 $-1 100 -3.000000000000000444 125 0 1 0 F 0 F 3.000000000000000444 #
point $-1 -1 $-1 100 0 5 #
edge $-1 -1 $-1 $230 -1.570796326794896558 $234 0 $193 $287 forward @7 unknown #
vertex $-1 -1 $-1 $194 $288 #
straight-curve $-1 -1 $-1 0 0 130 1 0 0 F 5 F 95 #
straight-curve $-1 -1 $-1 95 -3.000000000000000444 130 0 1 0 F 0 F 3.000000000000000444 #
DXID-attrib $-1 -1 $-1 $-1 $197 @10 ASM ENTITY @1 9 #
plane-surface $-1 -1 $-1 0 -3.000000000000000444 130 0 0 1 1 0 0 forward_v I I I I #
loop $-1 -1 $-1 $289 $281 $26 #
coedge $-1 -1 $-1 $290 $291 $292 $293 reversed $201 $-1 #
coedge $-1 -1 $-1 $294 $202 $295 $296 forward $160 $-1 #
coedge $-1 -1 $-1 $202 $294 $297 $298 reversed $160 $-1 #
coedge $-1 -1 $-1 $299 $300 $202 $244 reversed $301 $-1 #
edge $-1 -1 $-1 $302 1.746111618101025664 $303 2.264689420248820806 $202 $304 forward @7 unknown #
coedge $-1 -1 $-1 $204 $203 $305 $306 reversed $118 $-1 #
coedge $-1 -1 $-1 $307 $308 $203 $247 reversed $309 $-1 #
edge $-1 -1 $-1 $253 -0.6938930934539240258 $310 -0.175315291306129134 $203 $311 forward @7 unknown #
coedge $-1 -1 $-1 $312 $313 $204 $249 forward $314 $-1 #
edge $-1 -1 $-1 $254 1.875 $315 3.875 $204 $316 forward @7 unknown #
coedge $-1 -1 $-1 $317 $205 $313 $318 reversed $252 $-1 #
coedge $-1 -1 $-1 $205 $317 $307 $319 reversed $252 $-1 #
loop $-1 -1 $-1 $-1 $205 $320 #
vertex $-1 -1 $-1 $206 $321 #
vertex $-1 -1 $-1 $206 $322 #
straight-curve $-1 -1 $-1 2.75 0 2.75 0 0 1 F 6.055676935212999545 F 30.75 #
loop $-1 -1 $-1 $-1 $323 $257 #
face $324 -1 $-1 $320 $207 $4 $-1 $325 reversed single #
point $-1 -1 $-1 5.5 0 7.250000000000000888 #
straight-curve $-1 -1 $-1 100 0 0 0 0 1 F 5 F 125 #
loop $-1 -1 $-1 $-1 $326 $7 #
coedge $-1 -1 $-1 $327 $328 $329 $330 forward $212 $-1 #
coedge $-1 -1 $-1 $262 $262 $213 $263 reversed $331 $-1 #
edge $-1 -1 $-1 $332 0 $332 6.283185307179586232 $213 $333 forward @7 unknown #
coedge $-1 -1 $-1 $215 $214 $334 $335 reversed $126 $-1 #
coedge $-1 -1 $-1 $336 $337 $214 $266 reversed $338 $-1 #
edge $-1 -1 $-1 $273 -65.44999999999998863 $339 -47.85000000000000142 $214 $340 forward @7 unknown #
coedge $-1 -1 $-1 $341 $342 $215 $268 forward $343 $-1 #
edge $-1 -1 $-1 $272 -65.44999999999998863 $344 -47.85000000000000142 $215 $345 forward @7 unknown #
coedge $-1 -1 $-1 $346 $216 $342 $347 forward $271 $-1 #
coedge $-1 -1 $-1 $216 $346 $336 $348 reversed $271 $-1 #
loop $-1 -1 $-1 $-1 $269 $349 #
vertex $-1 -1 $-1 $217 $350 #
vertex $-1 -1 $-1 $217 $351 #
straight-curve $-1 -1 $-1 9.5 -3.000000000000000444 113.2999999999999972 1 0 0 F 9.5 F 41.10000000000000142 #
loop $-1 -1 $-1 $-1 $352 $276 #
face $353 -1 $-1 $349 $218 $4 $-1 $354 reversed single #
point $-1 -1 $-1 5.5 -3.000000000000000444 127.7000000000000171 #
coedge $-1 -1 $-1 $278 $278 $355 $356 forward $221 $-1 #
DXID-attrib $-1 -1 $-1 $-1 $222 @10 ASM ENTITY @2 12 #
cone-surface $-1 -1 $-1 6.900000000000000355 -4 111.9000000000000057 0 1 0 0 0 1.500000000000000222 1 I I 0 1 1.500000000000000222 forward I I I I #
coedge $-1 -1 $-1 $281 $281 $224 $282 reversed $239 $-1 #
edge $-1 -1 $-1 $357 0 $357 6.283185307179586232 $281 $358 forward @7 unknown #
loop $-1 -1 $-1 $359 $227 $360 #
vertex $-1 -1 $-1 $228 $361 #
ellipse-curve $-1 -1 $-1 5.5 -2.990000000000000213 5.5 0 1 0 0 0 3.200000000000000622 1 I I #
point $-1 -1 $-1 100 0 125 #
ellipse-curve $-1 -1 $-1 95 0 125 0 -1 0 0 0 5 1 F -1.570796326794896558 F 0 #
point $-1 -1 $-1 95 0 130 #
loop $-1 -1 $-1 $362 $363 $26 #
coedge $-1 -1 $-1 $364 $240 $365 $366 forward $201 $-1 #
coedge $-1 -1 $-1 $240 $364 $367 $368 reversed $201 $-1 #
coedge $-1 -1 $-1 $369 $370 $240 $293 forward $371 $-1 #
edge $-1 -1 $-1 $372 43.75 $373 94 $240 $374 forward @7 unknown #
coedge $-1 -1 $-1 $242 $241 $375 $376 forward $160 $-1 #
coedge $-1 -1 $-1 $377 $378 $241 $296 reversed $379 $-1 #
edge $-1 -1 $-1 $303 6.055676935212999545 $380 88.44432306478698536 $241 $381 forward @7 unknown #
coedge $-1 -1 $-1 $382 $383 $242 $298 forward $384 $-1 #
edge $-1 -1 $-1 $302 5.984087859267999576 $385 86.51591214073199865 $242 $386 forward @7 unknown #
coedge $-1 -1 $-1 $387 $243 $383 $388 forward $301 $-1 #
coedge $-1 -1 $-1 $243 $387 $377 $389 reversed $301 $-1 #
loop $-1 -1 $-1 $-1 $299 $390 #
vertex $-1 -1 $-1 $244 $391 #
vertex $-1 -1 $-1 $244 $392 #
ellipse-curve $-1 -1 $-1 5.5 0 5.5 0 1 0 0 0 4.299999999999999822 1 F 1.746111618101025664 F 2.264689420248820806 #
coedge $-1 -1 $-1 $393 $394 $245 $306 forward $395 $-1 #
edge $-1 -1 $-1 $315 -29.75 $310 -5.984087859267999576 $245 $396 forward @7 unknown #
coedge $-1 -1 $-1 $397 $246 $251 $319 forward $309 $-1 #
coedge $-1 -1 $-1 $246 $397 $393 $398 reversed $309 $-1 #
loop $-1 -1 $-1 $-1 $307 $399 #
vertex $-1 -1 $-1 $247 $400 #
ellipse-curve $-1 -1 $-1 5.5 0 5.5 0 1 0 0 0 4.299999999999999822 1 F -0.6938930934539240258 F -0.175315291306129134 #
coedge $-1 -1 $-1 $401 $248 $394 $402 reversed $314 $-1 #
coedge $-1 -1 $-1 $248 $401 $250 $318 forward $314 $-1 #
loop $-1 -1 $-1 $-1 $401 $403 #
vertex $-1 -1 $-1 $306 $404 #
straight-curve $-1 -1 $-1 0.875000000000000111 0 33.5 1 0 0 F 1.875 F 3.875 #
coedge $-1 -1 $-1 $251 $250 $405 $406 reversed $252 $-1 #
edge $-1 -1 $-1 $407 -4.5 $254 -0.5 $250 $408 forward @7 unknown #
edge $-1 -1 $-1 $253 1 $409 5 $251 $410 forward @7 unknown #
face $411 -1 $-1 $399 $252 $4 $-1 $412 reversed single #
point $-1 -1 $-1 2.75 0 8.805676935213000434 #
point $-1 -1 $-1 2.75 0 33.5 #
coedge $-1 -1 $-1 $323 $323 $413 $414 reversed $256 $-1 #
DXID-attrib $-1 -1 $-1 $-1 $257 @10 ASM ENTITY @2 24 #
cone-surface $-1 -1 $-1 5.5 -4 5.5 0 1 0 0 0 1.750000000000000222 1 I I 0 1 1.750000000000000222 forward I I I I #
coedge $-1 -1 $-1 $326 $326 $415 $416 forward $260 $-1 #
coedge $-1 -1 $-1 $417 $261 $418 $419 forward $212 $-1 #
coedge $-1 -1 $-1 $261 $417 $420 $421 reversed $212 $-1 #
coedge $-1 -1 $-1 $422 $423 $261 $330 reversed $424 $-1 #
edge $-1 -1 $-1 $425 28 $426 61.99999999999999289 $261 $427 forward @7 unknown #
loop $-1 -1 $-1 $428 $262 $429 #
vertex $-1 -1 $-1 $263 $430 #
ellipse-curve $-1 -1 $-1 94.50000000000001421 -3.000000000000000444 5.5 0 1 0 0 0 3.200000000000000622 1 I I #
coedge $-1 -1 $-1 $431 $432 $264 $335 forward $433 $-1 #
edge $-1 -1 $-1 $344 9.5 $339 41.10000000000000142 $264 $434 forward @7 unknown #
coedge $-1 -1 $-1 $435 $265 $270 $348 forward $338 $-1 #
coedge $-1 -1 $-1 $265 $435 $431 $436 reversed $338 $-1 #
loop $-1 -1 $-1 $-1 $336 $437 #
vertex $-1 -1 $-1 $266 $438 #
straight-curve $-1 -1 $-1 50.60000000000000853 -3.000000000000000444 47.85000000000000142 0 0 -1 F -65.44999999999998863 F -47.85000000000000142 #
coedge $-1 -1 $-1 $439 $267 $432 $440 forward $343 $-1 #
coedge $-1 -1 $-1 $267 $439 $269 $347 reversed $343 $-1 #
loop $-1 -1 $-1 $-1 $342 $441 #
vertex $-1 -1 $-1 $335 $442 #
straight-curve $-1 -1 $-1 19 -3.000000000000000444 47.85000000000000142 0 0 -1 F -65.44999999999998863 F -47.85000000000000142 #
coedge $-1 -1 $-1 $270 $269 $443 $444 forward $271 $-1 #
edge $-1 -1 $-1 $272 0.999999999999999778 $445 1.799999999999999822 $269 $446 forward @7 unknown #
edge $-1 -1 $-1 $273 0.999999999999999778 $447 1.799999999999999822 $270 $448 forward @7 unknown #
face $449 -1 $-1 $441 $271 $4 $-1 $450 reversed single #
point $-1 -1 $-1 19 -3.000000000000000444 113.2999999999999972 #
point $-1 -1 $-1 50.60000000000000853 -3.000000000000000444 113.2999999999999972 #
coedge $-1 -1 $-1 $352 $352 $451 $452 forward $275 $-1 #
DXID-attrib $-1 -1 $-1 $-1 $276 @10 ASM ENTITY @2 13 #
cone-surface $-1 -1 $-1 5.5 -4 124.5000000000000142 0 1 0 0 0 3.200000000000000622 1 I I 0 1 3.200000000000000622 forward I I I I #
coedge $-1 -1 $-1 $355 $355 $278 $356 reversed $453 $-1 #
edge $-1 -1 $-1 $454 0 $454 6.283185307179586232 $278 $455 forward @7 unknown #
vertex $-1 -1 $-1 $282 $456 #
ellipse-curve $-1 -1 $-1 6.900000000000000355 0 96.09999999999999432 0 1 0 0 0 1 1 I I #
loop $-1 -1 $-1 $-1 $457 $360 #
face $458 -1 $-1 $459 $283 $4 $-1 $460 reversed single #
point $-1 -1 $-1 5.5 -2.990000000000000213 8.699999999999999289 #
loop $-1 -1 $-1 $461 $462 $26 #
coedge $-1 -1 $-1 $363 $363 $463 $464 reversed $289 $-1 #
coedge $-1 -1 $-1 $291 $290 $465 $466 reversed $201 $-1 #
coedge $-1 -1 $-1 $467 $468 $290 $366 reversed $469 $-1 #
edge $-1 -1 $-1 $372 1.875 $470 3.875 $290 $471 forward @7 unknown #
coedge $-1 -1 $-1 $472 $473 $291 $368 forward $474 $-1 #
edge $-1 -1 $-1 $373 1.875 $475 3.875 $291 $476 forward @7 unknown #
coedge $-1 -1 $-1 $477 $292 $473 $478 reversed $371 $-1 #
coedge $-1 -1 $-1 $292 $477 $467 $479 forward $371 $-1 #
loop $-1 -1 $-1 $-1 $292 $480 #
vertex $-1 -1 $-1 $293 $481 #
vertex $-1 -1 $-1 $293 $482 #
straight-curve $-1 -1 $-1 2.75 0 2.75 0 0 1 F 43.75 F 94 #
coedge $-1 -1 $-1 $483 $484 $294 $376 reversed $485 $-1 #
edge $-1 -1 $-1 $380 -2.264689420248817697 $385 -1.74611161810102522 $294 $486 forward @7 unknown #
coedge $-1 -1 $-1 $487 $295 $300 $389 forward $379 $-1 #
coedge $-1 -1 $-1 $295 $487 $483 $488 reversed $379 $-1 #
loop $-1 -1 $-1 $-1 $487 $489 #
vertex $-1 -1 $-1 $296 $490 #
straight-curve $-1 -1 $-1 2.75 0 2.75 1 0 0 F 6.055676935212999545 F 88.44432306478698536 #
coedge $-1 -1 $-1 $491 $297 $484 $492 forward $384 $-1 #
coedge $-1 -1 $-1 $297 $491 $299 $388 reversed $384 $-1 #
loop $-1 -1 $-1 $-1 $491 $493 #
vertex $-1 -1 $-1 $376 $494 #
straight-curve $-1 -1 $-1 3.75 0 4.75 1 0 0 F 5.984087859267999576 F 86.51591214073199865 #
coedge $-1 -1 $-1 $300 $299 $495 $496 forward $301 $-1 #
edge $-1 -1 $-1 $302 1 $497 5 $299 $498 forward @7 unknown #
edge $-1 -1 $-1 $303 1 $499 5 $300 $500 forward @7 unknown #
face $501 -1 $-1 $493 $301 $4 $-1 $502 reversed single #
point $-1 -1 $-1 9.734087859267999576 0 4.75 #
point $-1 -1 $-1 8.805676935213000434 0 2.75 #
coedge $-1 -1 $-1 $503 $305 $308 $398 forward $395 $-1 #
coedge $-1 -1 $-1 $305 $503 $312 $402 forward $395 $-1 #
loop $-1 -1 $-1 $-1 $394 $504 #
straight-curve $-1 -1 $-1 4.75 0 3.75 0 0 -1 F -29.75 F -5.984087859267999576 #
coedge $-1 -1 $-1 $308 $307 $505 $506 forward $309 $-1 #
edge $-1 -1 $-1 $310 1 $507 5 $308 $508 forward @7 unknown #
face $509 -1 $-1 $403 $309 $4 $-1 $510 reversed single #
point $-1 -1 $-1 4.75 0 9.734087859267999576 #
coedge $-1 -1 $-1 $313 $312 $511 $512 reversed $314 $-1 #
edge $-1 -1 $-1 $513 -5 $315 -1 $312 $514 forward @7 unknown #
face $515 -1 $-1 $504 $314 $4 $-1 $516 forward single #
point $-1 -1 $-1 4.75 0 33.5 #
coedge $-1 -1 $-1 $511 $505 $317 $406 forward $517 $-1 #
edge $-1 -1 $-1 $409 6.055676935212999545 $407 30.75 $317 $518 forward @7 unknown #
vertex $-1 -1 $-1 $318 $519 #
straight-curve $-1 -1 $-1 2.75 -0.5 33.5 0 -1 0 F -4.5 F -0.5 #
vertex $-1 -1 $-1 $406 $520 #
straight-curve $-1 -1 $-1 2.75 -1 8.805676935213000434 0 1 0 F 1 F 5 #
DXID-attrib $-1 -1 $-1 $-1 $320 @10 ASM ENTITY @2 25 #
plane-surface $-1 -1 $-1 2.75 0 2.75 1 0 0 0 0 1 forward_v I I I I #
coedge $-1 -1 $-1 $413 $413 $323 $414 forward $521 $-1 #
edge $-1 -1 $-1 $522 0 $522 6.283185307179586232 $323 $523 forward @7 unknown #
coedge $-1 -1 $-1 $415 $415 $326 $416 reversed $524 $-1 #
edge $-1 -1 $-1 $525 0 $525 6.283185307179586232 $326 $526 forward @7 unknown #
coedge $-1 -1 $-1 $328 $327 $527 $528 reversed $212 $-1 #
coedge $-1 -1 $-1 $529 $530 $327 $419 reversed $531 $-1 #
edge $-1 -1 $-1 $426 -72 $532 -46 $327 $533 forward @7 unknown #
coedge $-1 -1 $-1 $534 $535 $328 $421 forward $536 $-1 #
edge $-1 -1 $-1 $425 -72 $537 -46 $328 $538 forward @7 unknown #
coedge $-1 -1 $-1 $539 $329 $535 $540 forward $424 $-1 #
coedge $-1 -1 $-1 $329 $539 $529 $541 reversed $424 $-1 #
loop $-1 -1 $-1 $-1 $422 $542 #
vertex $-1 -1 $-1 $330 $543 #
vertex $-1 -1 $-1 $330 $544 #
straight-curve $-1 -1 $-1 28.00000000000000355 -3.000000000000000444 118 1 0 0 F 28 F 61.99999999999999289 #
loop $-1 -1 $-1 $-1 $545 $429 #
face $546 -1 $-1 $542 $331 $4 $-1 $547 reversed single #
point $-1 -1 $-1 94.50000000000001421 -3.000000000000000444 8.699999999999999289 #
coedge $-1 -1 $-1 $548 $334 $337 $436 forward $433 $-1 #
coedge $-1 -1 $-1 $334 $548 $341 $440 reversed $433 $-1 #
loop $-1 -1 $-1 $-1 $432 $549 #
straight-curve $-1 -1 $-1 9.5 -3.000000000000000444 95.70000000000000284 1 0 0 F 9.5 F 41.10000000000000142 #
coedge $-1 -1 $-1 $337 $336 $550 $551 reversed $338 $-1 #
edge $-1 -1 $-1 $339 0.999999999999999778 $552 1.799999999999999822 $337 $553 forward @7 unknown #
face $554 -1 $-1 $549 $338 $4 $-1 $555 reversed single #
point $-1 -1 $-1 50.60000000000000853 -3.000000000000000444 95.70000000000000284 #
coedge $-1 -1 $-1 $342 $341 $556 $557 forward $343 $-1 #
edge $-1 -1 $-1 $344 0.999999999999999778 $558 1.799999999999999822 $341 $559 forward @7 unknown #
face $560 -1 $-1 $437 $343 $4 $-1 $561 forward single #
point $-1 -1 $-1 19 -3.000000000000000444 95.70000000000000284 #
coedge $-1 -1 $-1 $556 $550 $346 $444 reversed $562 $-1 #
edge $-1 -1 $-1 $445 0 $447 31.60000000000000142 $346 $563 forward @7 unknown #
vertex $-1 -1 $-1 $347 $564 #
straight-curve $-1 -1 $-1 19 -4 113.2999999999999972 0 1 0 F 0.999999999999999778 F 1.799999999999999822 #
vertex $-1 -1 $-1 $444 $565 #
straight-curve $-1 -1 $-1 50.60000000000000853 -4 113.2999999999999972 0 1 0 F 0.999999999999999778 F 1.799999999999999822 #
DXID-attrib $-1 -1 $-1 $-1 $349 @10 ASM ENTITY @2 14 #
plane-surface $-1 -1 $-1 19 -4 113.2999999999999972 0 0 1 1 0 0 forward_v I I I I #
coedge $-1 -1 $-1 $451 $451 $352 $452 reversed $566 $-1 #
edge $-1 -1 $-1 $567 0 $567 6.283185307179586232 $352 $568 forward @7 unknown #
loop $-1 -1 $-1 $-1 $355 $459 #
vertex $-1 -1 $-1 $356 $569 #
ellipse-curve $-1 -1 $-1 6.900000000000000355 -2.700000000000000178 111.9000000000000057 0 1 0 0 0 1.500000000000000222 1 I I #
point $-1 -1 $-1 6.900000000000000355 0 97.10000000000000853 #
coedge $-1 -1 $-1 $457 $457 $570 $571 forward $359 $-1 #
DXID-attrib $-1 -1 $-1 $-1 $360 @10 ASM ENTITY @2 75 #
face $572 -1 $-1 $573 $453 $4 $-1 $574 reversed single #
plane-surface $-1 -1 $-1 5.5 -2.990000000000000213 5.5 0 1 0 0 0 1 forward_v I I I I #
loop $-1 -1 $-1 $575 $576 $26 #
coedge $-1 -1 $-1 $462 $462 $577 $578 reversed $362 $-1 #
coedge $-1 -1 $-1 $463 $463 $363 $464 forward $579 $-1 #
edge $-1 -1 $-1 $580 0 $580 6.283185307179586232 $363 $581 forward @7 unknown #
coedge $-1 -1 $-1 $582 $583 $364 $466 forward $584 $-1 #
edge $-1 -1 $-1 $475 -93 $470 -42.75 $364 $585 forward @7 unknown #
coedge $-1 -1 $-1 $586 $365 $370 $479 reversed $469 $-1 #
coedge $-1 -1 $-1 $365 $586 $582 $587 forward $469 $-1 #
loop $-1 -1 $-1 $-1 $586 $588 #
vertex $-1 -1 $-1 $366 $589 #
straight-curve $-1 -1 $-1 0.875000000000000111 0 46.5 1 0 0 F 1.875 F 3.875 #
coedge $-1 -1 $-1 $590 $367 $583 $591 reversed $474 $-1 #
coedge $-1 -1 $-1 $367 $590 $369 $478 forward $474 $-1 #
loop $-1 -1 $-1 $-1 $590 $592 #
vertex $-1 -1 $-1 $466 $593 #
straight-curve $-1 -1 $-1 0.875000000000000111 0 96.75 1 0 0 F 1.875 F 3.875 #
coedge $-1 -1 $-1 $370 $369 $594 $595 reversed $371 $-1 #
edge $-1 -1 $-1 $596 -4.5 $373 -0.5 $369 $597 forward @7 unknown #
edge $-1 -1 $-1 $598 -4.5 $372 -0.5 $370 $599 forward @7 unknown #
face $600 -1 $-1 $588 $371 $4 $-1 $601 reversed single #
point $-1 -1 $-1 2.75 0 46.5 #
point $-1 -1 $-1 2.75 0 96.75 #
coedge $-1 -1 $-1 $602 $375 $378 $488 forward $485 $-1 #
coedge $-1 -1 $-1 $375 $602 $382 $492 reversed $485 $-1 #
loop $-1 -1 $-1 $-1 $483 $603 #
ellipse-curve $-1 -1 $-1 94.50000000000001421 0 5.5 0 1 0 0 0 4.299999999999999822 1 F -2.264689420248817697 F -1.74611161810102522 #
coedge $-1 -1 $-1 $378 $377 $604 $605 forward $379 $-1 #
edge $-1 -1 $-1 $380 1 $606 5 $378 $607 forward @7 unknown #
face $608 -1 $-1 $603 $379 $4 $-1 $609 reversed single #
point $-1 -1 $-1 91.19432306478699957 0 2.75 #
coedge $-1 -1 $-1 $383 $382 $610 $611 reversed $384 $-1 #
edge $-1 -1 $-1 $385 1 $612 5 $382 $613 forward @7 unknown #
face $614 -1 $-1 $489 $384 $4 $-1 $615 forward single #
point $-1 -1 $-1 90.26591214073199865 0 4.75 #
coedge $-1 -1 $-1 $610 $604 $387 $496 reversed $616 $-1 #
edge $-1 -1 $-1 $497 1.746111618101025664 $499 2.264689420248820806 $387 $617 forward @7 unknown #
vertex $-1 -1 $-1 $388 $618 #
straight-curve $-1 -1 $-1 9.734087859267999576 -1 4.75 0 1 0 F 1 F 5 #
vertex $-1 -1 $-1 $496 $619 #
straight-curve $-1 -1 $-1 8.805676935213000434 -1 2.75 0 1 0 F 1 F 5 #
DXID-attrib $-1 -1 $-1 $-1 $390 @10 ASM ENTITY @2 29 #
cone-surface $-1 -1 $-1 5.5 -1 5.5 0 1 0 0 0 4.299999999999999822 1 I I 0 1 4.299999999999999822 forward I I I I #
coedge $-1 -1 $-1 $394 $393 $620 $621 reversed $395 $-1 #
face $622 -1 $-1 $390 $395 $4 $-1 $623 forward single #
coedge $-1 -1 $-1 $405 $620 $397 $506 reversed $517 $-1 #
edge $-1 -1 $-1 $409 -0.6938930934539240258 $507 -0.175315291306129134 $397 $624 forward @7 unknown #
vertex $-1 -1 $-1 $506 $625 #
straight-curve $-1 -1 $-1 4.75 -1 9.734087859267999576 0 1 0 F 1 F 5 #
DXID-attrib $-1 -1 $-1 $-1 $399 @10 ASM ENTITY @2 26 #
cone-surface $-1 -1 $-1 5.5 -1 5.5 0 1 0 0 0 4.299999999999999822 1 I I 0 1 4.299999999999999822 forward I I I I #
coedge $-1 -1 $-1 $620 $405 $401 $512 forward $517 $-1 #
edge $-1 -1 $-1 $407 1.875 $513 3.875 $401 $626 forward @7 unknown #
vertex $-1 -1 $-1 $512 $627 #
straight-curve $-1 -1 $-1 4.75 -1 33.5 0 -1 0 F -5 F -1 #
DXID-attrib $-1 -1 $-1 $-1 $403 @10 ASM ENTITY @2 27 #
plane-surface $-1 -1 $-1 -1 -1 33.5 0 0 1 1 0 0 forward_v I I I I #
loop $-1 -1 $-1 $-1 $505 $628 #
straight-curve $-1 -1 $-1 2.75 4 2.75 0 0 1 F 6.055676935212999545 F 30.75 #
point $-1 -1 $-1 2.75 4 33.5 #
point $-1 -1 $-1 2.75 4 8.805676935213000434 #
loop $-1 -1 $-1 $-1 $413 $629 #
vertex $-1 -1 $-1 $414 $630 #
ellipse-curve $-1 -1 $-1 5.5 -1.300000000000000044 5.5 0 1 0 0 0 1.750000000000000222 1 I I #
loop $-1 -1 $-1 $631 $415 $632 #
vertex $-1 -1 $-1 $416 $633 #
ellipse-curve $-1 -1 $-1 94.50000000000001421 -3.000000000000000444 124.5000000000000142 0 1 0 0 0 3.200000000000000622 1 I I #
coedge $-1 -1 $-1 $634 $635 $417 $528 forward $636 $-1 #
edge $-1 -1 $-1 $537 28 $532 61.99999999999999289 $417 $637 forward @7 unknown #
coedge $-1 -1 $-1 $638 $418 $423 $541 forward $531 $-1 #
coedge $-1 -1 $-1 $418 $638 $634 $639 reversed $531 $-1 #
loop $-1 -1 $-1 $-1 $529 $640 #
vertex $-1 -1 $-1 $419 $641 #
straight-curve $-1 -1 $-1 90 -3.000000000000000444 46.00000000000000711 0 0 -1 F -72 F -46 #
coedge $-1 -1 $-1 $642 $420 $635 $643 forward $536 $-1 #
coedge $-1 -1 $-1 $420 $642 $422 $540 reversed $536 $-1 #
loop $-1 -1 $-1 $-1 $535 $644 #
vertex $-1 -1 $-1 $528 $645 #
straight-curve $-1 -1 $-1 56.00000000000000711 -3.000000000000000444 46.00000000000000711 0 0 -1 F -72 F -46 #
coedge $-1 -1 $-1 $423 $422 $646 $647 forward $424 $-1 #
edge $-1 -1 $-1 $425 0.999999999999999778 $648 1.500000000000000222 $422 $649 forward @7 unknown #
edge $-1 -1 $-1 $426 0.999999999999999778 $650 1.500000000000000222 $423 $651 forward @7 unknown #
face $652 -1 $-1 $640 $424 $4 $-1 $653 reversed single #
point $-1 -1 $-1 56.00000000000000711 -3.000000000000000444 118 #
point $-1 -1 $-1 90 -3.000000000000000444 118 #
coedge $-1 -1 $-1 $545 $545 $654 $655 forward $428 $-1 #
DXID-attrib $-1 -1 $-1 $-1 $429 @10 ASM ENTITY @2 18 #
cone-surface $-1 -1 $-1 94.50000000000001421 -4 5.5 0 1 0 0 0 3.200000000000000622 1 I I 0 1 3.200000000000000622 forward I I I I #
coedge $-1 -1 $-1 $432 $431 $656 $657 reversed $433 $-1 #
face $658 -1 $-1 $429 $433 $4 $-1 $659 forward single #
coedge $-1 -1 $-1 $443 $656 $435 $551 forward $562 $-1 #
edge $-1 -1 $-1 $552 0 $447 17.59999999999999787 $435 $660 forward @7 unknown #
vertex $-1 -1 $-1 $551 $661 #
straight-curve $-1 -1 $-1 50.60000000000000853 -4 95.70000000000000284 0 1 0 F 0.999999999999999778 F 1.799999999999999822 #
DXID-attrib $-1 -1 $-1 $-1 $437 @10 ASM ENTITY @2 16 #
plane-surface $-1 -1 $-1 50.60000000000000853 -4 95.70000000000000284 1 0 0 0 0 1 forward_v I I I I #
coedge $-1 -1 $-1 $656 $443 $439 $557 reversed $562 $-1 #
edge $-1 -1 $-1 $558 0 $445 17.59999999999999787 $439 $662 forward @7 unknown #
vertex $-1 -1 $-1 $440 $663 #
straight-curve $-1 -1 $-1 19 -4 95.70000000000000284 0 1 0 F 0.999999999999999778 F 1.799999999999999822 #
DXID-attrib $-1 -1 $-1 $-1 $441 @10 ASM ENTITY @2 15 #
plane-surface $-1 -1 $-1 19 -4 95.70000000000000284 1 0 0 0 0 1 forward_v I I I I #
loop $-1 -1 $-1 $664 $656 $665 #
straight-curve $-1 -1 $-1 19 -2.200000000000000178 113.2999999999999972 1 0 0 F 0 F 31.60000000000000142 #
point $-1 -1 $-1 19 -2.200000000000000178 113.2999999999999972 #
point $-1 -1 $-1 50.60000000000000853 -2.200000000000000178 113.2999999999999972 #
loop $-1 -1 $-1 $666 $451 $573 #
vertex $-1 -1 $-1 $452 $667 #
ellipse-curve $-1 -1 $-1 5.5 -2.990000000000000213 124.5000000000000142 0 1 0 0 0 3.200000000000000622 1 I I #
point $-1 -1 $-1 6.900000000000000355 -2.700000000000000178 113.4000000000000199 #
coedge $-1 -1 $-1 $570 $570 $457 $571 reversed $668 $-1 #
edge $-1 -1 $-1 $669 0 $669 6.283185307179586232 $457 $670 forward @7 unknown #
DXID-attrib $-1 -1 $-1 $-1 $459 @10 ASM ENTITY @2 76 #
face $671 -1 $-1 $665 $566 $4 $-1 $672 reversed single #
plane-surface $-1 -1 $-1 6.900000000000000355 -2.700000000000000178 111.9000000000000057 0 1 0 0 0 1 forward_v I I I I #
loop $-1 -1 $-1 $673 $674 $26 #
coedge $-1 -1 $-1 $675 $676 $677 $678 reversed $461 $-1 #
coedge $-1 -1 $-1 $577 $577 $462 $578 forward $679 $-1 #
edge $-1 -1 $-1 $680 0 $680 6.283185307179586232 $462 $681 forward @7 unknown #
loop $-1 -1 $-1 $-1 $463 $682 #
vertex $-1 -1 $-1 $464 $683 #
ellipse-curve $-1 -1 $-1 11.59999999999999964 0 96.00000000000001421 0 1 0 0 0 1.500000000000000222 1 I I #
coedge $-1 -1 $-1 $684 $465 $468 $587 reversed $584 $-1 #
coedge $-1 -1 $-1 $465 $684 $472 $591 forward $584 $-1 #
loop $-1 -1 $-1 $-1 $583 $685 #
straight-curve $-1 -1 $-1 4.75 0 3.75 0 0 -1 F -93 F -42.75 #
coedge $-1 -1 $-1 $468 $467 $686 $687 forward $469 $-1 #
edge $-1 -1 $-1 $688 -5 $470 -1 $468 $689 forward @7 unknown #
face $690 -1 $-1 $592 $469 $4 $-1 $691 reversed single #
point $-1 -1 $-1 4.75 0 46.5 #
coedge $-1 -1 $-1 $473 $472 $692 $693 reversed $474 $-1 #
edge $-1 -1 $-1 $694 -5 $475 -1 $472 $695 forward @7 unknown #
face $696 -1 $-1 $685 $474 $4 $-1 $697 forward single #
point $-1 -1 $-1 4.75 0 96.75 #
coedge $-1 -1 $-1 $692 $686 $477 $595 forward $698 $-1 #
edge $-1 -1 $-1 $598 43.75 $596 94 $477 $699 forward @7 unknown #
vertex $-1 -1 $-1 $478 $700 #
straight-curve $-1 -1 $-1 2.75 -0.5 96.75 0 -1 0 F -4.5 F -0.5 #
vertex $-1 -1 $-1 $595 $701 #
straight-curve $-1 -1 $-1 2.75 -0.5 46.5 0 -1 0 F -4.5 F -0.5 #
DXID-attrib $-1 -1 $-1 $-1 $480 @10 ASM ENTITY @2 33 #
plane-surface $-1 -1 $-1 2.75 0 2.75 1 0 0 0 0 1 forward_v I I I I #
coedge $-1 -1 $-1 $484 $483 $702 $703 forward $485 $-1 #
face $704 -1 $-1 $480 $485 $4 $-1 $705 reversed single #
coedge $-1 -1 $-1 $495 $702 $487 $605 reversed $616 $-1 #
edge $-1 -1 $-1 $499 6.055676935212999545 $606 88.44432306478698536 $487 $706 forward @7 unknown #
vertex $-1 -1 $-1 $605 $707 #
straight-curve $-1 -1 $-1 91.19432306478699957 -1 2.75 0 1 0 F 1 F 5 #
DXID-attrib $-1 -1 $-1 $-1 $489 @10 ASM ENTITY @2 31 #
plane-surface $-1 -1 $-1 2.75 0 2.75 0 0 1 1 0 0 forward_v I I I I #
coedge $-1 -1 $-1 $702 $495 $491 $611 forward $616 $-1 #
edge $-1 -1 $-1 $497 5.984087859267999576 $612 86.51591214073199865 $491 $708 forward @7 unknown #
vertex $-1 -1 $-1 $611 $709 #
straight-curve $-1 -1 $-1 90.26591214073199865 -1 4.75 0 1 0 F 1 F 5 #
DXID-attrib $-1 -1 $-1 $-1 $493 @10 ASM ENTITY @2 30 #
plane-surface $-1 -1 $-1 4.75 -1 4.75 0 0 1 1 0 0 forward_v I I I I #
loop $-1 -1 $-1 $-1 $604 $710 #
ellipse-curve $-1 -1 $-1 5.5 4 5.5 0 1 0 0 0 4.299999999999999822 1 F 1.746111618101025664 F 2.264689420248820806 #
point $-1 -1 $-1 9.734087859267999576 4 4.75 #
point $-1 -1 $-1 8.805676935213000434 4 2.75 #
coedge $-1 -1 $-1 $505 $511 $503 $621 forward $517 $-1 #
edge $-1 -1 $-1 $513 -29.75 $507 -5.984087859267999576 $503 $711 forward @7 unknown #
DXID-attrib $-1 -1 $-1 $-1 $504 @10 ASM ENTITY @2 28 #
plane-surface $-1 -1 $-1 4.75 -1 4.75 1 0 0 0 0 1 forward_v I I I I #
ellipse-curve $-1 -1 $-1 5.5 4 5.5 0 1 0 0 0 4.299999999999999822 1 F -0.6938930934539240258 F -0.175315291306129134 #
point $-1 -1 $-1 4.75 4 9.734087859267999576 #
straight-curve $-1 -1 $-1 0.875000000000000111 4 33.5 1 0 0 F 1.875 F 3.875 #
point $-1 -1 $-1 4.75 4 33.5 #
face $712 -1 $-1 $710 $517 $4 $-1 $713 forward single #
face $714 -1 $-1 $628 $668 $4 $-1 $715 reversed single #
point $-1 -1 $-1 5.5 -1.300000000000000044 7.250000000000000888 #
loop $-1 -1 $-1 $-1 $716 $632 #
face $717 -1 $-1 $257 $524 $4 $-1 $718 reversed single #
point $-1 -1 $-1 94.50000000000001421 -3.000000000000000444 127.7000000000000171 #
coedge $-1 -1 $-1 $719 $527 $530 $639 forward $636 $-1 #
coedge $-1 -1 $-1 $527 $719 $534 $643 reversed $636 $-1 #
loop $-1 -1 $-1 $-1 $635 $720 #
straight-curve $-1 -1 $-1 28.00000000000000355 -3.000000000000000444 92.00000000000001421 1 0 0 F 28 F 61.99999999999999289 #
coedge $-1 -1 $-1 $530 $529 $721 $722 reversed $531 $-1 #
edge $-1 -1 $-1 $532 0.999999999999999778 $723 1.500000000000000222 $530 $724 forward @7 unknown #
face $725 -1 $-1 $720 $531 $4 $-1 $726 reversed single #
point $-1 -1 $-1 90 -3.000000000000000444 92.00000000000001421 #
coedge $-1 -1 $-1 $535 $534 $727 $728 forward $536 $-1 #
edge $-1 -1 $-1 $537 0.999999999999999778 $729 1.500000000000000222 $635 $730 forward @7 unknown #
face $731 -1 $-1 $632 $536 $4 $-1 $732 forward single #
point $-1 -1 $-1 56.00000000000000711 -3.000000000000000444 92.00000000000001421 #
coedge $-1 -1 $-1 $727 $721 $539 $647 reversed $733 $-1 #
edge $-1 -1 $-1 $648 0 $650 33.99999999999999289 $539 $734 forward @7 unknown #
vertex $-1 -1 $-1 $540 $735 #
straight-curve $-1 -1 $-1 56.00000000000000711 -4 118 0 1 0 F 0.999999999999999778 F 1.500000000000000222 #
vertex $-1 -1 $-1 $647 $736 #
straight-curve $-1 -1 $-1 90 -4 118 0 1 0 F 0.999999999999999778 F 1.500000000000000222 #
DXID-attrib $-1 -1 $-1 $-1 $542 @10 ASM ENTITY @2 19 #
plane-surface $-1 -1 $-1 56.00000000000000711 -4 118 0 0 1 1 0 0 forward_v I I I I #
coedge $-1 -1 $-1 $654 $654 $545 $655 reversed $737 $-1 #
edge $-1 -1 $-1 $738 0 $738 6.283185307179586232 $545 $739 forward @7 unknown #
coedge $-1 -1 $-1 $550 $556 $548 $657 forward $562 $-1 #
edge $-1 -1 $-1 $558 0 $552 31.60000000000000142 $548 $740 forward @7 unknown #
DXID-attrib $-1 -1 $-1 $-1 $549 @10 ASM ENTITY @2 17 #
plane-surface $-1 -1 $-1 19 -4 95.70000000000000284 0 0 1 1 0 0 forward_v I I I I #
straight-curve $-1 -1 $-1 50.60000000000000853 -2.200000000000000178 95.70000000000000284 0 0 1 F 0 F 17.59999999999999787 #
point $-1 -1 $-1 50.60000000000000853 -2.200000000000000178 95.70000000000000284 #
straight-curve $-1 -1 $-1 19 -2.200000000000000178 95.70000000000000284 0 0 1 F 0 F 17.59999999999999787 #
point $-1 -1 $-1 19 -2.200000000000000178 95.70000000000000284 #
loop $-1 -1 $-1 $-1 $741 $665 #
face $742 -1 $-1 $743 $562 $4 $-1 $744 reversed single #
loop $-1 -1 $-1 $-1 $745 $573 #
point $-1 -1 $-1 5.5 -2.990000000000000213 127.7000000000000171 #
loop $-1 -1 $-1 $521 $570 $629 #
vertex $-1 -1 $-1 $571 $746 #
ellipse-curve $-1 -1 $-1 5.5 -2.990000000000000213 5.5 0 1 0 0 0 3.191470588235000072 1 I I #
DXID-attrib $-1 -1 $-1 $-1 $573 @10 ASM ENTITY @2 77 #
plane-surface $-1 -1 $-1 5.5 -2.990000000000000213 124.5000000000000142 0 1 0 0 0 1 forward_v I I I I #
loop $-1 -1 $-1 $747 $748 $26 #
coedge $-1 -1 $-1 $749 $750 $751 $752 reversed $575 $-1 #
coedge $-1 -1 $-1 $753 $576 $754 $755 forward $461 $-1 #
coedge $-1 -1 $-1 $576 $756 $757 $758 forward $461 $-1 #
coedge $-1 -1 $-1 $759 $760 $576 $678 forward $761 $-1 #
edge $-1 -1 $-1 $762 108.4999999999999858 $763 118.4443230647799936 $576 $764 forward @7 unknown #
loop $-1 -1 $-1 $765 $577 $766 #
vertex $-1 -1 $-1 $578 $767 #
ellipse-curve $-1 -1 $-1 5.5 0 124.5000000000000142 0 1 0 0 0 1.750000000000000222 1 I I #
face $768 -1 $-1 $766 $769 $4 $-1 $770 reversed single #
point $-1 -1 $-1 11.59999999999999964 0 97.5 #
coedge $-1 -1 $-1 $583 $582 $771 $772 reversed $584 $-1 #
face $773 -1 $-1 $682 $584 $4 $-1 $774 forward single #
coedge $-1 -1 $-1 $594 $771 $586 $687 reversed $698 $-1 #
edge $-1 -1 $-1 $598 1.875 $688 3.875 $586 $775 forward @7 unknown #
vertex $-1 -1 $-1 $687 $776 #
straight-curve $-1 -1 $-1 4.75 -1 46.5 0 -1 0 F -5 F -1 #
DXID-attrib $-1 -1 $-1 $-1 $588 @10 ASM ENTITY @2 34 #
plane-surface $-1 -1 $-1 -1 -1 46.5 0 0 1 1 0 0 forward_v I I I I #
coedge $-1 -1 $-1 $771 $594 $590 $693 forward $698 $-1 #
edge $-1 -1 $-1 $596 1.875 $694 3.875 $590 $777 forward @7 unknown #
vertex $-1 -1 $-1 $693 $778 #
straight-curve $-1 -1 $-1 4.75 -1 96.75 0 -1 0 F -5 F -1 #
DXID-attrib $-1 -1 $-1 $-1 $592 @10 ASM ENTITY @2 35 #
plane-surface $-1 -1 $-1 -1 -1 96.75 0 0 1 1 0 0 forward_v I I I I #
loop $-1 -1 $-1 $-1 $686 $779 #
straight-curve $-1 -1 $-1 2.75 4 2.75 0 0 1 F 43.75 F 94 #
point $-1 -1 $-1 2.75 4 96.75 #
point $-1 -1 $-1 2.75 4 46.5 #
coedge $-1 -1 $-1 $604 $610 $602 $703 reversed $616 $-1 #
edge $-1 -1 $-1 $606 -2.264689420248817697 $612 -1.74611161810102522 $602 $780 forward @7 unknown #
DXID-attrib $-1 -1 $-1 $-1 $603 @10 ASM ENTITY @2 32 #
cone-surface $-1 -1 $-1 94.50000000000001421 -1 5.5 0 1 0 0 0 4.299999999999999822 1 I I 0 1 4.299999999999999822 forward I I I I #
straight-curve $-1 -1 $-1 2.75 4 2.75 1 0 0 F 6.055676935212999545 F 88.44432306478698536 #
point $-1 -1 $-1 91.19432306478699957 4 2.75 #
straight-curve $-1 -1 $-1 3.75 4 4.75 1 0 0 F 5.984087859267999576 F 86.51591214073199865 #
point $-1 -1 $-1 90.26591214073199865 4 4.75 #
face $781 -1 $-1 $779 $616 $4 $-1 $782 forward single #
straight-curve $-1 -1 $-1 4.75 4 3.75 0 0 -1 F -29.75 F -5.984087859267999576 #
DXID-attrib $-1 -1 $-1 $-1 $628 @10 ASM ENTITY @2 83 #
plane-surface $-1 -1 $-1 2.75 4 2.75 0 1 0 0 0 1 forward_v I I I I #
DXID-attrib $-1 -1 $-1 $-1 $629 @10 ASM ENTITY @2 82 #
cone-surface $-1 -1 $-1 5.5 -3.000000000000000444 5.5 -0 -1 -0 0 0 3.200000000000000622 1 I I 0.6489466060827521199 0.7608339519590837652 3.200000000000000622 forward I I I I #
coedge $-1 -1 $-1 $716 $716 $783 $784 forward $631 $-1 #
DXID-attrib $-1 -1 $-1 $-1 $632 @10 ASM ENTITY @2 23 #
cone-surface $-1 -1 $-1 94.50000000000001421 -4 124.5000000000000142 0 1 0 0 0 3.200000000000000622 1 I I 0 1 3.200000000000000622 forward I I I I #
coedge $-1 -1 $-1 $635 $634 $785 $786 reversed $636 $-1 #
face $787 -1 $-1 $644 $636 $4 $-1 $788 forward single #
coedge $-1 -1 $-1 $646 $785 $638 $722 forward $733 $-1 #
edge $-1 -1 $-1 $723 0 $650 25.99999999999999645 $638 $789 forward @7 unknown #
vertex $-1 -1 $-1 $722 $790 #
straight-curve $-1 -1 $-1 90 -4 92.00000000000001421 0 1 0 F 0.999999999999999778 F 1.500000000000000222 #
DXID-attrib $-1 -1 $-1 $-1 $640 @10 ASM ENTITY @2 20 #
plane-surface $-1 -1 $-1 90 -4 92.00000000000001421 1 0 0 0 0 1 forward_v I I I I #
coedge $-1 -1 $-1 $785 $646 $642 $728 reversed $733 $-1 #
edge $-1 -1 $-1 $729 0 $648 25.99999999999999645 $642 $791 forward @7 unknown #
vertex $-1 -1 $-1 $643 $792 #
straight-curve $-1 -1 $-1 56.00000000000000711 -4 92.00000000000001421 0 1 0 F 0.999999999999999778 F 1.500000000000000222 #
DXID-attrib $-1 -1 $-1 $-1 $644 @10 ASM ENTITY @2 22 #
plane-surface $-1 -1 $-1 56.00000000000000711 -4 92.00000000000001421 1 0 0 0 0 1 forward_v I I I I #
loop $-1 -1 $-1 $-1 $785 $793 #
straight-curve $-1 -1 $-1 56.00000000000000711 -2.5 118 1 0 0 F 0 F 33.99999999999999289 #
point $-1 -1 $-1 56.00000000000000711 -2.5 118 #
point $-1 -1 $-1 90 -2.5 118 #
loop $-1 -1 $-1 $794 $654 $743 #
vertex $-1 -1 $-1 $655 $795 #
ellipse-curve $-1 -1 $-1 94.50000000000001421 -2.990000000000000213 5.5 0 1 0 0 0 3.200000000000000622 1 I I #
straight-curve $-1 -1 $-1 19 -2.200000000000000178 95.70000000000000284 1 0 0 F 0 F 31.60000000000000142 #
coedge $-1 -1 $-1 $796 $797 $798 $799 reversed $664 $-1 #
DXID-attrib $-1 -1 $-1 $-1 $665 @10 ASM ENTITY @2 78 #
face $800 -1 $-1 $793 $737 $4 $-1 $801 reversed single #
plane-surface $-1 -1 $-1 19 -2.200000000000000178 95.70000000000000284 0 1 0 0 0 1 forward_v I I I I #
coedge $-1 -1 $-1 $745 $745 $802 $803 forward $666 $-1 #
point $-1 -1 $-1 5.5 -2.990000000000000213 8.691470588234999184 #
loop $-1 -1 $-1 $804 $805 $26 #
coedge $-1 -1 $-1 $806 $807 $808 $809 reversed $673 $-1 #
coedge $-1 -1 $-1 $810 $674 $811 $812 forward $575 $-1 #
coedge $-1 -1 $-1 $674 $810 $813 $814 reversed $575 $-1 #
coedge $-1 -1 $-1 $815 $816 $674 $752 forward $817 $-1 #
edge $-1 -1 $-1 $818 4.25 $819 43.25 $674 $820 forward @7 unknown #
coedge $-1 -1 $-1 $821 $675 $822 $823 forward $461 $-1 #
coedge $-1 -1 $-1 $824 $825 $675 $755 reversed $826 $-1 #
edge $-1 -1 $-1 $762 1.875 $827 3.325000000000000178 $675 $828 forward @7 unknown #
coedge $-1 -1 $-1 $676 $829 $830 $831 reversed $461 $-1 #
coedge $-1 -1 $-1 $832 $833 $676 $758 reversed $834 $-1 #
edge $-1 -1 $-1 $835 -2.966277362283745056 $763 -2.447699560136912478 $676 $836 forward @7 unknown #
coedge $-1 -1 $-1 $837 $677 $833 $838 forward $761 $-1 #
coedge $-1 -1 $-1 $677 $837 $824 $839 forward $761 $-1 #
loop $-1 -1 $-1 $-1 $677 $840 #
vertex $-1 -1 $-1 $678 $841 #
vertex $-1 -1 $-1 $678 $842 #
straight-curve $-1 -1 $-1 2.75 0 2.75 0 0 1 F 108.4999999999999858 F 118.4443230647799936 #
loop $-1 -1 $-1 $-1 $843 $766 #
face $844 -1 $-1 $840 $679 $4 $-1 $845 reversed single #
point $-1 -1 $-1 5.5 0 126.25 #
DXID-attrib $-1 -1 $-1 $-1 $682 @10 ASM ENTITY @2 37 #
loop $-1 -1 $-1 $579 $846 $682 #
cone-surface $-1 -1 $-1 11.59999999999999964 -2.5 96.00000000000001421 0 1 0 0 0 1.500000000000000222 1 I I 0 1 1.500000000000000222 forward I I I I #
coedge $-1 -1 $-1 $686 $692 $684 $772 forward $698 $-1 #
edge $-1 -1 $-1 $694 -93 $688 -42.75 $684 $847 forward @7 unknown #
DXID-attrib $-1 -1 $-1 $-1 $685 @10 ASM ENTITY @2 36 #
plane-surface $-1 -1 $-1 4.75 -1 4.75 1 0 0 0 0 1 forward_v I I I I #
straight-curve $-1 -1 $-1 0.875000000000000111 4 46.5 1 0 0 F 1.875 F 3.875 #
point $-1 -1 $-1 4.75 4 46.5 #
straight-curve $-1 -1 $-1 0.875000000000000111 4 96.75 1 0 0 F 1.875 F 3.875 #
point $-1 -1 $-1 4.75 4 96.75 #
face $848 -1 $-1 $849 $698 $4 $-1 $850 forward single #
ellipse-curve $-1 -1 $-1 94.50000000000001421 4 5.5 0 1 0 0 0 4.299999999999999822 1 F -2.264689420248817697 F -1.74611161810102522 #
DXID-attrib $-1 -1 $-1 $-1 $710 @10 ASM ENTITY @2 84 #
plane-surface $-1 -1 $-1 2.75 4 2.75 0 1 0 0 0 1 forward_v I I I I #
coedge $-1 -1 $-1 $783 $783 $716 $784 reversed $851 $-1 #
edge $-1 -1 $-1 $852 0 $852 6.283185307179586232 $716 $853 forward @7 unknown #
coedge $-1 -1 $-1 $721 $727 $719 $786 forward $733 $-1 #
edge $-1 -1 $-1 $729 0 $723 33.99999999999999289 $719 $854 forward @7 unknown #
DXID-attrib $-1 -1 $-1 $-1 $720 @10 ASM ENTITY @2 21 #
plane-surface $-1 -1 $-1 56.00000000000000711 -4 92.00000000000001421 0 0 1 1 0 0 forward_v I I I I #
straight-curve $-1 -1 $-1 90 -2.5 92.00000000000001421 0 0 1 F 0 F 25.99999999999999645 #
point $-1 -1 $-1 90 -2.5 92.00000000000001421 #
straight-curve $-1 -1 $-1 56.00000000000000711 -2.5 92.00000000000001421 0 0 1 F 0 F 25.99999999999999645 #
point $-1 -1 $-1 56.00000000000000711 -2.5 92.00000000000001421 #
face $855 -1 $-1 $856 $733 $4 $-1 $857 reversed single #
loop $-1 -1 $-1 $-1 $858 $743 #
point $-1 -1 $-1 94.50000000000001421 -2.990000000000000213 8.699999999999999289 #
coedge $-1 -1 $-1 $859 $741 $860 $861 forward $664 $-1 #
coedge $-1 -1 $-1 $741 $859 $862 $863 reversed $664 $-1 #
coedge $-1 -1 $-1 $864 $865 $741 $799 forward $866 $-1 #
edge $-1 -1 $-1 $867 0.4000000000000092371 $868 16.40000000000000568 $741 $869 forward @7 unknown #
DXID-attrib $-1 -1 $-1 $-1 $743 @10 ASM ENTITY @2 79 #
plane-surface $-1 -1 $-1 94.50000000000001421 -2.990000000000000213 5.5 0 1 0 0 0 1 forward_v I I I I #
coedge $-1 -1 $-1 $802 $802 $745 $803 reversed $870 $-1 #
edge $-1 -1 $-1 $871 0 $871 6.283185307179586232 $745 $872 forward @7 unknown #
loop $-1 -1 $-1 $873 $874 $26 #
coedge $-1 -1 $-1 $875 $876 $877 $878 reversed $747 $-1 #
coedge $-1 -1 $-1 $879 $748 $880 $881 forward $673 $-1 #
coedge $-1 -1 $-1 $748 $882 $883 $884 reversed $673 $-1 #
coedge $-1 -1 $-1 $885 $886 $748 $809 forward $887 $-1 #
edge $-1 -1 $-1 $888 8.400000000000000355 $889 44.39999999999999858 $748 $890 forward @7 unknown #
coedge $-1 -1 $-1 $750 $749 $891 $892 forward $575 $-1 #
coedge $-1 -1 $-1 $893 $894 $749 $812 reversed $895 $-1 #
edge $-1 -1 $-1 $818 -47.54999999999999716 $896 -45.64999999999999858 $749 $897 forward @7 unknown #
coedge $-1 -1 $-1 $898 $899 $750 $814 forward $900 $-1 #
edge $-1 -1 $-1 $819 -47.54999999999999716 $901 -45.64999999999999858 $750 $902 forward @7 unknown #
coedge $-1 -1 $-1 $903 $751 $899 $904 forward $817 $-1 #
coedge $-1 -1 $-1 $751 $903 $893 $905 reversed $817 $-1 #
loop $-1 -1 $-1 $-1 $816 $906 #
vertex $-1 -1 $-1 $752 $907 #
vertex $-1 -1 $-1 $752 $908 #
straight-curve $-1 -1 $-1 4.25 0 93.20000000000000284 1 0 0 F 4.25 F 43.25 #
coedge $-1 -1 $-1 $909 $753 $910 $911 forward $461 $-1 #
coedge $-1 -1 $-1 $912 $913 $753 $823 reversed $914 $-1 #
edge $-1 -1 $-1 $827 0 $915 3.149999999999995026 $753 $916 forward @7 unknown #
coedge $-1 -1 $-1 $917 $754 $760 $839 reversed $826 $-1 #
coedge $-1 -1 $-1 $754 $918 $912 $919 reversed $826 $-1 #
loop $-1 -1 $-1 $-1 $917 $920 #
vertex $-1 -1 $-1 $755 $921 #
straight-curve $-1 -1 $-1 0.875000000000000111 0 111.25 1 0 0 F 1.875 F 3.325000000000000178 #
coedge $-1 -1 $-1 $756 $909 $922 $923 forward $461 $-1 #
coedge $-1 -1 $-1 $924 $925 $756 $831 forward $926 $-1 #
edge $-1 -1 $-1 $835 -116.5159121407300091 $927 -111.9500000000000028 $756 $928 forward @7 unknown #
coedge $-1 -1 $-1 $929 $757 $925 $930 forward $834 $-1 #
coedge $-1 -1 $-1 $757 $929 $759 $838 reversed $834 $-1 #
loop $-1 -1 $-1 $-1 $757 $931 #
vertex $-1 -1 $-1 $831 $932 #
ellipse-curve $-1 -1 $-1 5.5 0 124.5000000000000142 0 1 0 0 0 4.299999999999999822 1 F -2.966277362283745056 F -2.447699560136912478 #
coedge $-1 -1 $-1 $760 $759 $933 $934 reversed $761 $-1 #
edge $-1 -1 $-1 $763 1 $935 5 $759 $936 forward @7 unknown #
edge $-1 -1 $-1 $937 -4.5 $762 -0.5 $760 $938 forward @7 unknown #
face $939 -1 $-1 $920 $761 $4 $-1 $940 reversed single #
point $-1 -1 $-1 2.75 0 111.25 #
point $-1 -1 $-1 2.75 0 121.1943230647800078 #
coedge $-1 -1 $-1 $843 $843 $941 $942 reversed $765 $-1 #
DXID-attrib $-1 -1 $-1 $-1 $766 @10 ASM ENTITY @2 38 #
cone-surface $-1 -1 $-1 5.5 -4 124.5000000000000142 0 1 0 0 0 1.750000000000000222 1 I I 0 1 1.750000000000000222 forward I I I I #
coedge $-1 -1 $-1 $846 $846 $943 $944 reversed $769 $-1 #
straight-curve $-1 -1 $-1 4.75 4 3.75 0 0 -1 F -93 F -42.75 #
DXID-attrib $-1 -1 $-1 $-1 $779 @10 ASM ENTITY @2 85 #
face $945 -1 $-1 $946 $947 $4 $-1 $948 forward single #
plane-surface $-1 -1 $-1 2.75 4 2.75 0 1 0 0 0 1 forward_v I I I I #
loop $-1 -1 $-1 $949 $783 $856 #
vertex $-1 -1 $-1 $784 $950 #
ellipse-curve $-1 -1 $-1 94.50000000000001421 -2.990000000000000213 124.5000000000000142 0 1 0 0 0 3.200000000000000622 1 I I #
straight-curve $-1 -1 $-1 56.00000000000000711 -2.5 92.00000000000001421 1 0 0 F 0 F 33.99999999999999289 #
DXID-attrib $-1 -1 $-1 $-1 $793 @10 ASM ENTITY @2 80 #
face $951 -1 $-1 $629 $851 $4 $-1 $952 reversed single #
plane-surface $-1 -1 $-1 56.00000000000000711 -2.5 92.00000000000001421 0 1 0 0 0 1 forward_v I I I I #
coedge $-1 -1 $-1 $858 $858 $953 $954 forward $794 $-1 #
coedge $-1 -1 $-1 $797 $796 $955 $956 forward $664 $-1 #
coedge $-1 -1 $-1 $957 $958 $796 $861 reversed $959 $-1 #
edge $-1 -1 $-1 $867 -30.40000000000000213 $960 -0.4000000000000025757 $796 $961 forward @7 unknown #
coedge $-1 -1 $-1 $962 $963 $797 $863 forward $964 $-1 #
edge $-1 -1 $-1 $868 -30.40000000000000213 $965 -0.4000000000000025757 $797 $966 forward @7 unknown #
coedge $-1 -1 $-1 $967 $798 $963 $968 forward $866 $-1 #
coedge $-1 -1 $-1 $798 $967 $957 $969 reversed $866 $-1 #
loop $-1 -1 $-1 $-1 $864 $970 #
vertex $-1 -1 $-1 $799 $971 #
vertex $-1 -1 $-1 $799 $972 #
straight-curve $-1 -1 $-1 49.80000000000000426 -2.200000000000000178 96.09999999999999432 0 0 1 F 0.4000000000000092371 F 16.40000000000000568 #
loop $-1 -1 $-1 $973 $802 $946 #
vertex $-1 -1 $-1 $803 $974 #
ellipse-curve $-1 -1 $-1 5.5 -2.990000000000000213 124.5000000000000142 0 1 0 0 0 3.191470588235000072 1 I I #
loop $-1 -1 $-1 $975 $976 $26 #
coedge $-1 -1 $-1 $977 $978 $979 $980 reversed $804 $-1 #
coedge $-1 -1 $-1 $981 $805 $982 $983 forward $747 $-1 #
coedge $-1 -1 $-1 $805 $981 $984 $985 reversed $747 $-1 #
coedge $-1 -1 $-1 $986 $987 $805 $878 forward $988 $-1 #
edge $-1 -1 $-1 $989 8.25 $990 29.24999999999999645 $805 $991 forward @7 unknown #
coedge $-1 -1 $-1 $992 $806 $993 $994 forward $673 $-1 #
coedge $-1 -1 $-1 $995 $996 $806 $881 reversed $997 $-1 #
edge $-1 -1 $-1 $888 -66.875 $998 -61.12500000000001421 $806 $999 forward @7 unknown #
coedge $-1 -1 $-1 $807 $1000 $1001 $1002 reversed $673 $-1 #
coedge $-1 -1 $-1 $1003 $1004 $807 $884 forward $1005 $-1 #
edge $-1 -1 $-1 $889 -66.875 $1006 -61.12500000000001421 $807 $1007 forward @7 unknown #
coedge $-1 -1 $-1 $1008 $808 $1004 $1009 reversed $887 $-1 #
coedge $-1 -1 $-1 $808 $1008 $995 $1010 forward $887 $-1 #
loop $-1 -1 $-1 $-1 $886 $1011 #
vertex $-1 -1 $-1 $809 $1012 #
vertex $-1 -1 $-1 $809 $1013 #
straight-curve $-1 -1 $-1 8.400000000000000355 0 114.25 1 0 0 F 8.400000000000000355 F 44.39999999999999858 #
coedge $-1 -1 $-1 $1014 $1015 $810 $892 reversed $1016 $-1 #
edge $-1 -1 $-1 $896 4.25 $901 43.25 $810 $1017 forward @7 unknown #
coedge $-1 -1 $-1 $1018 $811 $816 $905 forward $895 $-1 #
coedge $-1 -1 $-1 $811 $1018 $1014 $1019 reversed $895 $-1 #
loop $-1 -1 $-1 $-1 $893 $1020 #
vertex $-1 -1 $-1 $812 $1021 #
straight-curve $-1 -1 $-1 8.5 0 45.65000000000000568 0 0 -1 F -47.54999999999999716 F -45.64999999999999858 #
coedge $-1 -1 $-1 $1022 $813 $1015 $1023 forward $900 $-1 #
coedge $-1 -1 $-1 $813 $1022 $815 $904 reversed $900 $-1 #
loop $-1 -1 $-1 $-1 $899 $1024 #
vertex $-1 -1 $-1 $892 $1025 #
straight-curve $-1 -1 $-1 47.5 0 45.65000000000000568 0 0 -1 F -47.54999999999999716 F -45.64999999999999858 #
coedge $-1 -1 $-1 $816 $815 $1026 $1027 reversed $817 $-1 #
edge $-1 -1 $-1 $819 0.01000000000000000021 $1028 7.210000000000000853 $815 $1029 forward @7 unknown #
edge $-1 -1 $-1 $818 0.01000000000000000021 $1030 7.210000000000000853 $816 $1031 forward @7 unknown #
face $1032 -1 $-1 $1020 $817 $4 $-1 $1033 forward single #
point $-1 -1 $-1 8.5 0 93.20000000000000284 #
point $-1 -1 $-1 47.5 0 93.20000000000000284 #
coedge $-1 -1 $-1 $829 $821 $1034 $1035 forward $461 $-1 #
coedge $-1 -1 $-1 $1036 $1037 $821 $911 reversed $1038 $-1 #
edge $-1 -1 $-1 $915 0 $1039 10.80000000000000071 $821 $1040 forward @7 unknown #
coedge $-1 -1 $-1 $1041 $822 $825 $919 forward $914 $-1 #
coedge $-1 -1 $-1 $822 $1042 $1036 $1043 forward $914 $-1 #
loop $-1 -1 $-1 $-1 $822 $1044 #
vertex $-1 -1 $-1 $823 $1045 #
straight-curve $-1 -1 $-1 4.200000000000000178 0 111.25 0 0 -1 F 0 F 3.149999999999995026 #
coedge $-1 -1 $-1 $1046 $824 $1047 $1048 forward $826 $-1 #
coedge $-1 -1 $-1 $825 $1046 $1049 $1050 forward $826 $-1 #
edge $-1 -1 $-1 $827 1.800000000000000044 $1051 2.800000000000000266 $825 $1052 forward @7 unknown #
face $1053 -1 $-1 $931 $826 $4 $-1 $1054 reversed single #
point $-1 -1 $-1 4.200000000000000178 0 111.25 #
coedge $-1 -1 $-1 $1055 $1056 $829 $923 reversed $1057 $-1 #
edge $-1 -1 $-1 $1058 0 $927 10.24999999999999822 $829 $1059 forward @7 unknown #
coedge $-1 -1 $-1 $1060 $830 $1056 $1061 reversed $926 $-1 #
coedge $-1 -1 $-1 $830 $1062 $832 $930 reversed $926 $-1 #
loop $-1 -1 $-1 $-1 $925 $1063 #
vertex $-1 -1 $-1 $923 $1064 #
straight-curve $-1 -1 $-1 4.75 0 3.75 0 0 -1 F -116.5159121407300091 F -111.9500000000000028 #
coedge $-1 -1 $-1 $833 $832 $1065 $1066 forward $834 $-1 #
edge $-1 -1 $-1 $835 1 $1067 5 $832 $1068 forward @7 unknown #
face $1069 -1 $-1 $1044 $834 $4 $-1 $1070 reversed single #
point $-1 -1 $-1 4.75 0 120.2659121407300091 #
coedge $-1 -1 $-1 $1065 $1047 $837 $934 forward $1071 $-1 #
edge $-1 -1 $-1 $937 108.4999999999999858 $935 118.4443230647799936 $837 $1072 forward @7 unknown #
vertex $-1 -1 $-1 $838 $1073 #
straight-curve $-1 -1 $-1 2.75 -1 121.1943230647800078 0 1 0 F 1 F 5 #
vertex $-1 -1 $-1 $934 $1074 #
straight-curve $-1 -1 $-1 2.75 -0.5 111.25 0 -1 0 F -4.5 F -0.5 #
DXID-attrib $-1 -1 $-1 $-1 $840 @10 ASM ENTITY @2 39 #
plane-surface $-1 -1 $-1 2.75 0 2.75 1 0 0 0 0 1 forward_v I I I I #
coedge $-1 -1 $-1 $941 $941 $843 $942 forward $973 $-1 #
edge $-1 -1 $-1 $1075 0 $1075 6.283185307179586232 $843 $1076 forward @7 unknown #
coedge $-1 -1 $-1 $943 $943 $846 $944 forward $947 $-1 #
edge $-1 -1 $-1 $1077 0 $1077 6.283185307179586232 $846 $1078 forward @7 unknown #
DXID-attrib $-1 -1 $-1 $-1 $849 @10 ASM ENTITY @2 86 #
face $1079 -1 $-1 $1080 $870 $4 $-1 $1081 reversed single #
loop $-1 -1 $-1 $-1 $943 $849 #
plane-surface $-1 -1 $-1 11.59999999999999964 -2.5 96.00000000000001421 0 1 0 0 0 1 forward_v I I I I #
loop $-1 -1 $-1 $-1 $1082 $856 #
point $-1 -1 $-1 94.50000000000001421 -2.990000000000000213 127.7000000000000171 #
DXID-attrib $-1 -1 $-1 $-1 $856 @10 ASM ENTITY @2 81 #
plane-surface $-1 -1 $-1 94.50000000000001421 -2.990000000000000213 124.5000000000000142 0 1 0 0 0 1 forward_v I I I I #
coedge $-1 -1 $-1 $953 $953 $858 $954 reversed $1083 $-1 #
edge $-1 -1 $-1 $1084 0 $1084 6.283185307179586232 $858 $1085 forward @7 unknown #
coedge $-1 -1 $-1 $1086 $1087 $859 $956 reversed $1088 $-1 #
edge $-1 -1 $-1 $960 0.4000000000000092371 $965 16.40000000000000568 $859 $1089 forward @7 unknown #
coedge $-1 -1 $-1 $1090 $860 $865 $969 forward $959 $-1 #
coedge $-1 -1 $-1 $860 $1090 $1086 $1091 reversed $959 $-1 #
loop $-1 -1 $-1 $-1 $958 $1092 #
vertex $-1 -1 $-1 $861 $1093 #
straight-curve $-1 -1 $-1 19.39999999999999858 -2.200000000000000178 96.5 -1 0 0 F -30.40000000000000213 F -0.4000000000000025757 #
coedge $-1 -1 $-1 $1094 $862 $1087 $1095 forward $964 $-1 #
coedge $-1 -1 $-1 $862 $1094 $864 $968 reversed $964 $-1 #
loop $-1 -1 $-1 $-1 $962 $1096 #
vertex $-1 -1 $-1 $956 $1097 #
straight-curve $-1 -1 $-1 19.39999999999999858 -2.200000000000000178 112.5 -1 0 0 F -30.40000000000000213 F -0.4000000000000025757 #
coedge $-1 -1 $-1 $865 $864 $1098 $1099 reversed $866 $-1 #
edge $-1 -1 $-1 $868 1.799999999999999822 $1100 2.700000000000000178 $864 $1101 forward @7 unknown #
edge $-1 -1 $-1 $867 1.799999999999999822 $1102 2.700000000000000178 $865 $1103 forward @7 unknown #
face $1104 -1 $-1 $1092 $866 $4 $-1 $1105 reversed single #
point $-1 -1 $-1 49.80000000000000426 -2.200000000000000178 96.5 #
point $-1 -1 $-1 49.80000000000000426 -2.200000000000000178 112.5 #
loop $-1 -1 $-1 $-1 $941 $946 #
point $-1 -1 $-1 5.5 -2.990000000000000213 127.6914705882300183 #
loop $-1 -1 $-1 $1106 $1107 $26 #
coedge $-1 -1 $-1 $976 $976 $1108 $1109 reversed $873 $-1 #
coedge $-1 -1 $-1 $1110 $874 $1111 $1112 forward $804 $-1 #
coedge $-1 -1 $-1 $874 $1110 $1113 $1114 forward $804 $-1 #
coedge $-1 -1 $-1 $1115 $1116 $874 $980 forward $1117 $-1 #
edge $-1 -1 $-1 $1118 6.055676935212999545 $1119 88.4443230647859906 $874 $1120 forward @7 unknown #
coedge $-1 -1 $-1 $876 $875 $1121 $1122 forward $747 $-1 #
coedge $-1 -1 $-1 $1123 $1124 $875 $983 reversed $1125 $-1 #
edge $-1 -1 $-1 $989 -59.30000000000001137 $1126 -57.39999999999999858 $875 $1127 forward @7 unknown #
coedge $-1 -1 $-1 $1128 $1129 $876 $985 forward $1130 $-1 #
edge $-1 -1 $-1 $990 -59.30000000000001137 $1131 -57.39999999999999858 $876 $1132 forward @7 unknown #
coedge $-1 -1 $-1 $1133 $877 $1129 $1134 forward $988 $-1 #
coedge $-1 -1 $-1 $877 $1133 $1123 $1135 reversed $988 $-1 #
loop $-1 -1 $-1 $-1 $987 $1136 #
vertex $-1 -1 $-1 $878 $1137 #
vertex $-1 -1 $-1 $878 $1138 #
straight-curve $-1 -1 $-1 8.25 0 116.7000000000000171 1 0 0 F 8.25 F 29.24999999999999645 #
coedge $-1 -1 $-1 $1139 $879 $1140 $1141 forward $673 $-1 #
coedge $-1 -1 $-1 $1142 $1143 $879 $994 reversed $1144 $-1 #
edge $-1 -1 $-1 $998 -61.12500000000001421 $1145 -53.12500000000000711 $879 $1146 forward @7 unknown #
coedge $-1 -1 $-1 $1147 $880 $886 $1010 reversed $997 $-1 #
coedge $-1 -1 $-1 $880 $1148 $1149 $1150 forward $997 $-1 #
loop $-1 -1 $-1 $-1 $995 $1151 #
vertex $-1 -1 $-1 $881 $1152 #
straight-curve $-1 -1 $-1 16.80000000000000071 0 47.375 0 0 -1 F -66.875 F -61.12500000000001421 #
coedge $-1 -1 $-1 $882 $1139 $1153 $1154 reversed $673 $-1 #
coedge $-1 -1 $-1 $1155 $1156 $882 $1002 forward $1157 $-1 #
edge $-1 -1 $-1 $1006 -61.12500000000001421 $1158 -53.12500000000000711 $882 $1159 forward @7 unknown #
coedge $-1 -1 $-1 $1160 $883 $1161 $1162 reversed $1005 $-1 #
coedge $-1 -1 $-1 $883 $1163 $885 $1009 forward $1005 $-1 #
loop $-1 -1 $-1 $-1 $1004 $1164 #
vertex $-1 -1 $-1 $1002 $1165 #
straight-curve $-1 -1 $-1 52.80000000000000426 0 47.375 0 0 -1 F -66.875 F -61.12500000000001421 #
coedge $-1 -1 $-1 $886 $885 $1166 $1167 reversed $887 $-1 #
edge $-1 -1 $-1 $1168 0 $889 1.300000000000000044 $885 $1169 forward @7 unknown #
edge $-1 -1 $-1 $1170 0 $888 1.300000000000000044 $886 $1171 forward @7 unknown #
face $1172 -1 $-1 $1151 $887 $4 $-1 $1173 reversed single #
point $-1 -1 $-1 16.80000000000000071 0 114.25 #
point $-1 -1 $-1 52.80000000000000426 0 114.25 #
coedge $-1 -1 $-1 $1174 $891 $894 $1019 forward $1016 $-1 #
coedge $-1 -1 $-1 $891 $1174 $898 $1023 reversed $1016 $-1 #
loop $-1 -1 $-1 $-1 $1014 $1175 #
straight-curve $-1 -1 $-1 4.25 0 91.30000000000001137 1 0 0 F 4.25 F 43.25 #
coedge $-1 -1 $-1 $894 $893 $1176 $1177 reversed $895 $-1 #
edge $-1 -1 $-1 $896 0.01000000000000000021 $1178 7.210000000000000853 $894 $1179 forward @7 unknown #
face $1180 -1 $-1 $1024 $895 $4 $-1 $1181 reversed single #
point $-1 -1 $-1 8.5 0 91.30000000000001137 #
coedge $-1 -1 $-1 $899 $898 $1182 $1183 forward $900 $-1 #
edge $-1 -1 $-1 $901 0.01000000000000000021 $1184 7.210000000000000853 $898 $1185 forward @7 unknown #
face $1186 -1 $-1 $1175 $900 $4 $-1 $1187 forward single #
point $-1 -1 $-1 47.5 0 91.30000000000001137 #
coedge $-1 -1 $-1 $1182 $1176 $903 $1027 forward $1188 $-1 #
edge $-1 -1 $-1 $1030 0 $1028 39 $903 $1189 forward @7 unknown #
vertex $-1 -1 $-1 $904 $1190 #
straight-curve $-1 -1 $-1 47.5 -0.01000000000000000021 93.20000000000000284 0 1 0 F 0.01000000000000000021 F 7.210000000000000853 #
vertex $-1 -1 $-1 $905 $1191 #
straight-curve $-1 -1 $-1 8.5 -0.01000000000000000021 93.20000000000000284 0 1 0 F 0.01000000000000000021 F 7.210000000000000853 #
DXID-attrib $-1 -1 $-1 $-1 $906 @10 ASM ENTITY @2 47 #
plane-surface $-1 -1 $-1 8.5 -0.01000000000000000021 93.20000000000000284 0 0 1 1 0 0 forward_v I I I I #
coedge $-1 -1 $-1 $1192 $1193 $909 $1035 reversed $1194 $-1 #
edge $-1 -1 $-1 $1039 0 $1058 7.599999999999997868 $909 $1195 forward @7 unknown #
coedge $-1 -1 $-1 $1196 $910 $913 $1043 reversed $1038 $-1 #
coedge $-1 -1 $-1 $910 $1196 $1192 $1197 forward $1038 $-1 #
loop $-1 -1 $-1 $-1 $910 $1198 #
vertex $-1 -1 $-1 $911 $1199 #
straight-curve $-1 -1 $-1 4.200000000000000178 0 108.1000000000000085 1 0 0 F 0 F 10.80000000000000071 #
coedge $-1 -1 $-1 $1200 $912 $1201 $1202 forward $914 $-1 #
coedge $-1 -1 $-1 $913 $1200 $1203 $1204 forward $914 $-1 #
edge $-1 -1 $-1 $1205 0 $915 2.600000000000000089 $913 $1206 forward @7 unknown #
face $1207 -1 $-1 $1063 $914 $4 $-1 $1208 forward single #
point $-1 -1 $-1 4.200000000000000178 0 108.1000000000000085 #
coedge $-1 -1 $-1 $918 $917 $1209 $1210 forward $826 $-1 #
coedge $-1 -1 $-1 $933 $1211 $917 $1048 reversed $1071 $-1 #
edge $-1 -1 $-1 $937 1.875 $1212 3.875 $917 $1213 forward @7 unknown #
coedge $-1 -1 $-1 $1214 $1201 $918 $1050 reversed $1215 $-1 #
edge $-1 -1 $-1 $1216 -3.149999999999999911 $1051 -2.600000000000000089 $918 $1217 forward @7 unknown #
vertex $-1 -1 $-1 $1050 $1218 #
straight-curve $-1 -1 $-1 4.200000000000000178 -1.800000000000000266 111.25 0 1 0 F 1.800000000000000044 F 2.800000000000000266 #
DXID-attrib $-1 -1 $-1 $-1 $920 @10 ASM ENTITY @2 40 #
plane-surface $-1 -1 $-1 -1 -1 111.25 0 0 1 1 0 0 forward_v I I I I #
coedge $-1 -1 $-1 $1219 $922 $1193 $1220 reversed $1057 $-1 #
coedge $-1 -1 $-1 $922 $1221 $924 $1061 forward $1057 $-1 #
loop $-1 -1 $-1 $-1 $1221 $1222 #
vertex $-1 -1 $-1 $1035 $1223 #
straight-curve $-1 -1 $-1 15 0 115.7000000000000028 -1 0 0 F 0 F 10.24999999999999822 #
coedge $-1 -1 $-1 $1209 $924 $1214 $1224 forward $926 $-1 #
edge $-1 -1 $-1 $1225 -2.800000000000000266 $927 -1.800000000000000044 $924 $1226 forward @7 unknown #
coedge $-1 -1 $-1 $925 $1209 $1211 $1227 reversed $926 $-1 #
face $1228 -1 $-1 $1198 $926 $4 $-1 $1229 forward single #
point $-1 -1 $-1 4.75 0 115.7000000000000028 #
coedge $-1 -1 $-1 $1211 $933 $929 $1066 reversed $1071 $-1 #
edge $-1 -1 $-1 $1067 -2.966277362283745056 $935 -2.447699560136912478 $929 $1230 forward @7 unknown #
vertex $-1 -1 $-1 $930 $1231 #
straight-curve $-1 -1 $-1 4.75 -1 120.2659121407300091 0 1 0 F 1 F 5 #
DXID-attrib $-1 -1 $-1 $-1 $931 @10 ASM ENTITY @2 41 #
cone-surface $-1 -1 $-1 5.5 -1 124.5000000000000142 0 1 0 0 0 4.299999999999999822 1 I I 0 1 4.299999999999999822 forward I I I I #
loop $-1 -1 $-1 $-1 $1047 $1080 #
straight-curve $-1 -1 $-1 2.75 4 2.75 0 0 1 F 108.4999999999999858 F 118.4443230647799936 #
point $-1 -1 $-1 2.75 4 121.1943230647800078 #
point $-1 -1 $-1 2.75 4 111.25 #
vertex $-1 -1 $-1 $942 $1232 #
ellipse-curve $-1 -1 $-1 5.5 -1.300000000000000044 124.5000000000000142 0 1 0 0 0 1.750000000000000222 1 I I #
vertex $-1 -1 $-1 $944 $1233 #
ellipse-curve $-1 -1 $-1 11.59999999999999964 -2.5 96.00000000000001421 0 1 0 0 0 1.500000000000000222 1 I I #
DXID-attrib $-1 -1 $-1 $-1 $946 @10 ASM ENTITY @2 87 #
face $1234 -1 $-1 $1235 $1071 $4 $-1 $1236 forward single #
cone-surface $-1 -1 $-1 5.5 -3.000000000000000444 124.5000000000000142 -0 -1 -0 0 0 3.200000000000000622 1 I I 0.6489466060827521199 0.7608339519590837652 3.200000000000000622 forward I I I I #
coedge $-1 -1 $-1 $1082 $1082 $1237 $1238 forward $949 $-1 #
loop $-1 -1 $-1 $1239 $953 $1240 #
vertex $-1 -1 $-1 $954 $1241 #
ellipse-curve $-1 -1 $-1 94.50000000000001421 -2.990000000000000213 5.5 0 1 0 0 0 3.191470588235000072 1 I I #
coedge $-1 -1 $-1 $1242 $955 $958 $1091 forward $1088 $-1 #
coedge $-1 -1 $-1 $955 $1242 $962 $1095 reversed $1088 $-1 #
loop $-1 -1 $-1 $-1 $1087 $1243 #
straight-curve $-1 -1 $-1 19.80000000000000071 -2.200000000000000178 96.09999999999999432 0 0 1 F 0.4000000000000092371 F 16.40000000000000568 #
coedge $-1 -1 $-1 $958 $957 $1244 $1245 forward $959 $-1 #
edge $-1 -1 $-1 $960 1.799999999999999822 $1246 2.700000000000000178 $958 $1247 forward @7 unknown #
face $1248 -1 $-1 $1243 $959 $4 $-1 $1249 forward single #
point $-1 -1 $-1 19.80000000000000071 -2.200000000000000178 96.5 #
coedge $-1 -1 $-1 $963 $962 $1250 $1251 reversed $964 $-1 #
edge $-1 -1 $-1 $965 1.799999999999999822 $1252 2.700000000000000178 $1087 $1253 forward @7 unknown #
face $1254 -1 $-1 $1255 $964 $4 $-1 $1256 reversed single #
point $-1 -1 $-1 19.80000000000000071 -2.200000000000000178 112.5 #
coedge $-1 -1 $-1 $1250 $1244 $967 $1099 forward $1257 $-1 #
edge $-1 -1 $-1 $1102 0.8750000000000035527 $1100 16.875 $1098 $1258 forward @7 unknown #
vertex $-1 -1 $-1 $1099 $1259 #
straight-curve $-1 -1 $-1 49.80000000000000426 -4 112.5 0 1 0 F 1.799999999999999822 F 2.700000000000000178 #
vertex $-1 -1 $-1 $1099 $1260 #
straight-curve $-1 -1 $-1 49.80000000000000426 -4 96.5 0 1 0 F 1.799999999999999822 F 2.700000000000000178 #
DXID-attrib $-1 -1 $-1 $-1 $970 @10 ASM ENTITY @3 110 #
plane-surface $-1 -1 $-1 49.80000000000000426 -4 96.5 1 0 0 0 0 1 forward_v I I I I #
loop $-1 -1 $-1 $1261 $1262 $26 #
coedge $-1 -1 $-1 $1263 $1264 $1265 $1266 forward $975 $-1 #
coedge $-1 -1 $-1 $1108 $1108 $976 $1109 forward $1267 $-1 #
edge $-1 -1 $-1 $1268 0 $1268 6.283185307179586232 $976 $1269 forward @7 unknown #
coedge $-1 -1 $-1 $978 $977 $1270 $1271 forward $804 $-1 #
coedge $-1 -1 $-1 $1272 $1273 $977 $1112 reversed $1274 $-1 #
edge $-1 -1 $-1 $1118 0.8769032333409727542 $1275 1.395481035488770116 $977 $1276 forward @7 unknown #
coedge $-1 -1 $-1 $1277 $1278 $978 $1114 reversed $1279 $-1 #
edge $-1 -1 $-1 $1280 -1.395481035488808086 $1119 -0.8769032333411217461 $978 $1281 forward @7 unknown #
coedge $-1 -1 $-1 $1282 $979 $1278 $1283 forward $1117 $-1 #
coedge $-1 -1 $-1 $979 $1282 $1272 $1284 reversed $1117 $-1 #
loop $-1 -1 $-1 $-1 $1282 $1285 #
vertex $-1 -1 $-1 $980 $1286 #
vertex $-1 -1 $-1 $980 $1287 #
straight-curve $-1 -1 $-1 2.75 0 127.2500000000000142 1 0 0 F 6.055676935212999545 F 88.4443230647859906 #
coedge $-1 -1 $-1 $1288 $1289 $981 $1122 reversed $1290 $-1 #
edge $-1 -1 $-1 $1126 8.25 $1131 29.24999999999999645 $981 $1291 forward @7 unknown #
coedge $-1 -1 $-1 $1292 $982 $987 $1135 forward $1125 $-1 #
coedge $-1 -1 $-1 $982 $1292 $1288 $1293 reversed $1125 $-1 #
loop $-1 -1 $-1 $-1 $1123 $1294 #
vertex $-1 -1 $-1 $983 $1295 #
straight-curve $-1 -1 $-1 16.5 0 57.40000000000000568 0 0 -1 F -59.30000000000001137 F -57.39999999999999858 #
coedge $-1 -1 $-1 $1296 $984 $1289 $1297 forward $1130 $-1 #
coedge $-1 -1 $-1 $984 $1296 $986 $1134 reversed $1130 $-1 #
loop $-1 -1 $-1 $-1 $1129 $1298 #
vertex $-1 -1 $-1 $1122 $1299 #
straight-curve $-1 -1 $-1 37.5 0 57.40000000000000568 0 0 -1 F -59.30000000000001137 F -57.39999999999999858 #
coedge $-1 -1 $-1 $987 $986 $1300 $1301 reversed $988 $-1 #
edge $-1 -1 $-1 $990 0.01000000000000000021 $1302 7.210000000000000853 $986 $1303 forward @7 unknown #
edge $-1 -1 $-1 $989 0.01000000000000000021 $1304 7.210000000000000853 $987 $1305 forward @7 unknown #
face $1306 -1 $-1 $1294 $988 $4 $-1 $1307 forward single #
point $-1 -1 $-1 16.5 0 116.7000000000000171 #
point $-1 -1 $-1 37.5 0 116.7000000000000171 #
coedge $-1 -1 $-1 $1000 $992 $1308 $1309 forward $673 $-1 #
coedge $-1 -1 $-1 $1310 $1311 $992 $1141 reversed $997 $-1 #
edge $-1 -1 $-1 $1145 -53.12500000000000711 $1312 -47.37499999999999289 $992 $1313 forward @7 unknown #
coedge $-1 -1 $-1 $1314 $993 $1315 $1316 forward $1144 $-1 #
coedge $-1 -1 $-1 $993 $1314 $1317 $1318 reversed $1144 $-1 #
loop $-1 -1 $-1 $-1 $1142 $1319 #
vertex $-1 -1 $-1 $994 $1320 #
straight-curve $-1 -1 $-1 16.80000000000000071 0 47.375 0 0 -1 F -61.12500000000001421 F -53.12500000000000711 #
coedge $-1 -1 $-1 $1311 $995 $1321 $1322 reversed $997 $-1 #
coedge $-1 -1 $-1 $996 $1310 $1323 $1324 forward $997 $-1 #
coedge $-1 -1 $-1 $1325 $1315 $996 $1150 reversed $1326 $-1 #
edge $-1 -1 $-1 $1327 0 $998 0.1000000000000000194 $996 $1328 forward @7 unknown #
face $1329 -1 $-1 $1164 $997 $4 $-1 $1330 forward single #
point $-1 -1 $-1 16.80000000000000071 0 108.5000000000000142 #
coedge $-1 -1 $-1 $1331 $1332 $1000 $1154 forward $1005 $-1 #
edge $-1 -1 $-1 $1158 -53.12500000000000711 $1333 -47.37499999999999289 $1000 $1334 forward @7 unknown #
coedge $-1 -1 $-1 $1335 $1001 $1336 $1337 forward $1157 $-1 #
coedge $-1 -1 $-1 $1001 $1335 $1338 $1339 reversed $1157 $-1 #
loop $-1 -1 $-1 $-1 $1156 $1340 #
vertex $-1 -1 $-1 $1154 $1341 #
straight-curve $-1 -1 $-1 52.80000000000000426 0 47.375 0 0 -1 F -61.12500000000001421 F -53.12500000000000711 #
coedge $-1 -1 $-1 $1332 $1003 $1342 $1343 reversed $1005 $-1 #
coedge $-1 -1 $-1 $1338 $1344 $1003 $1162 forward $1345 $-1 #
edge $-1 -1 $-1 $1346 0 $1006 0.1000000000000000194 $1003 $1347 forward @7 unknown #
coedge $-1 -1 $-1 $1004 $1331 $1348 $1349 forward $1005 $-1 #
face $1350 -1 $-1 $1319 $1005 $4 $-1 $1351 reversed single #
point $-1 -1 $-1 52.80000000000000426 0 108.5000000000000142 #
coedge $-1 -1 $-1 $1348 $1321 $1008 $1167 forward $1352 $-1 #
edge $-1 -1 $-1 $1170 0 $1168 36 $1008 $1353 forward @7 unknown #
vertex $-1 -1 $-1 $1009 $1354 #
straight-curve $-1 -1 $-1 52.80000000000000426 -1.300000000000000044 114.25 0 1 0 F 0 F 1.300000000000000044 #
vertex $-1 -1 $-1 $1010 $1355 #
straight-curve $-1 -1 $-1 16.80000000000000071 -1.300000000000000044 114.25 0 1 0 F 0 F 1.300000000000000044 #
DXID-attrib $-1 -1 $-1 $-1 $1011 @10 ASM ENTITY @2 51 #
plane-surface $-1 -1 $-1 16.80000000000000071 -1.300000000000000044 114.25 0 0 1 1 0 0 forward_v I I I I #
coedge $-1 -1 $-1 $1015 $1014 $1356 $1357 forward $1016 $-1 #
face $1358 -1 $-1 $1011 $1016 $4 $-1 $1359 reversed single #
coedge $-1 -1 $-1 $1026 $1356 $1018 $1177 forward $1188 $-1 #
edge $-1 -1 $-1 $1178 0 $1030 1.899999999999995026 $1018 $1360 forward @7 unknown #
vertex $-1 -1 $-1 $1177 $1361 #
straight-curve $-1 -1 $-1 8.5 -0.01000000000000000021 91.30000000000001137 0 1 0 F 0.01000000000000000021 F 7.210000000000000853 #
DXID-attrib $-1 -1 $-1 $-1 $1020 @10 ASM ENTITY @2 48 #
plane-surface $-1 -1 $-1 8.5 -0.01000000000000000021 91.30000000000001137 1 0 0 0 0 1 forward_v I I I I #
coedge $-1 -1 $-1 $1356 $1026 $1022 $1183 reversed $1188 $-1 #
edge $-1 -1 $-1 $1184 0 $1028 1.899999999999995026 $1022 $1362 forward @7 unknown #
vertex $-1 -1 $-1 $1023 $1363 #
straight-curve $-1 -1 $-1 47.5 -0.01000000000000000021 91.30000000000001137 0 1 0 F 0.01000000000000000021 F 7.210000000000000853 #
DXID-attrib $-1 -1 $-1 $-1 $1024 @10 ASM ENTITY @2 49 #
plane-surface $-1 -1 $-1 47.5 -0.01000000000000000021 91.30000000000001137 1 0 0 0 0 1 forward_v I I I I #
loop $-1 -1 $-1 $-1 $1356 $1364 #
straight-curve $-1 -1 $-1 8.5 7.200000000000001066 93.20000000000000284 1 0 0 F 0 F 39 #
point $-1 -1 $-1 47.5 7.200000000000001066 93.20000000000000284 #
point $-1 -1 $-1 8.5 7.200000000000001066 93.20000000000000284 #
coedge $-1 -1 $-1 $1365 $1034 $1037 $1197 reversed $1194 $-1 #
coedge $-1 -1 $-1 $1034 $1366 $1055 $1220 forward $1194 $-1 #
loop $-1 -1 $-1 $-1 $1193 $1367 #
straight-curve $-1 -1 $-1 15 0 108.1000000000000085 0 0 1 F 0 F 7.599999999999997868 #
coedge $-1 -1 $-1 $1037 $1036 $1368 $1369 forward $1038 $-1 #
edge $-1 -1 $-1 $1370 0 $1039 2.600000000000000089 $1037 $1371 forward @7 unknown #
face $1372 -1 $-1 $1222 $1038 $4 $-1 $1373 forward single #
point $-1 -1 $-1 15 0 108.1000000000000085 #
coedge $-1 -1 $-1 $1042 $1041 $1374 $1375 reversed $914 $-1 #
coedge $-1 -1 $-1 $1049 $1376 $1041 $1202 reversed $1215 $-1 #
edge $-1 -1 $-1 $1051 0 $1377 4.450000000000002842 $1041 $1378 forward @7 unknown #
coedge $-1 -1 $-1 $1379 $1368 $1042 $1204 reversed $1380 $-1 #
edge $-1 -1 $-1 $1381 0 $1205 7.599999999999997868 $1042 $1382 forward @7 unknown #
vertex $-1 -1 $-1 $1204 $1383 #
straight-curve $-1 -1 $-1 4.200000000000000178 -2.600000000000000089 108.1000000000000085 0 1 0 F 0 F 2.600000000000000089 #
DXID-attrib $-1 -1 $-1 $-1 $1044 @10 ASM ENTITY @2 42 #
plane-surface $-1 -1 $-1 4.200000000000000178 -2.600000000000000089 108.1000000000000085 1 0 0 0 0 1 forward_v I I I I #
coedge $-1 -1 $-1 $1062 $1060 $1046 $1210 reversed $926 $-1 #
edge $-1 -1 $-1 $1212 -5 $1216 -2 $1046 $1384 forward @7 unknown #
coedge $-1 -1 $-1 $1047 $1065 $1062 $1227 forward $1071 $-1 #
vertex $-1 -1 $-1 $1048 $1385 #
straight-curve $-1 -1 $-1 0.875000000000000111 4 111.25 1 0 0 F 1.875 F 3.875 #
coedge $-1 -1 $-1 $1376 $1049 $1060 $1224 reversed $1215 $-1 #
loop $-1 -1 $-1 $-1 $1049 $1235 #
vertex $-1 -1 $-1 $1210 $1386 #
straight-curve $-1 -1 $-1 1.600000000000000311 1 111.25 -1 0 0 F -3.149999999999999911 F -2.600000000000000089 #
point $-1 -1 $-1 4.200000000000000178 1 111.25 #
coedge $-1 -1 $-1 $1374 $1055 $1379 $1387 forward $1057 $-1 #
edge $-1 -1 $-1 $1388 0 $1058 2.600000000000000089 $1055 $1389 forward @7 unknown #
coedge $-1 -1 $-1 $1056 $1374 $1376 $1390 forward $1057 $-1 #
face $1391 -1 $-1 $1367 $1057 $4 $-1 $1392 reversed single #
point $-1 -1 $-1 15 0 115.7000000000000028 #
edge $-1 -1 $-1 $1225 0 $1216 4.450000000000002842 $1060 $1393 forward @7 unknown #
vertex $-1 -1 $-1 $1061 $1394 #
straight-curve $-1 -1 $-1 4.75 -1.800000000000000266 115.7000000000000028 0 -1 0 F -2.800000000000000266 F -1.800000000000000044 #
edge $-1 -1 $-1 $1067 -116.5159121407300091 $1212 -107.5 $1062 $1395 forward @7 unknown #
DXID-attrib $-1 -1 $-1 $-1 $1063 @10 ASM ENTITY @2 43 #
plane-surface $-1 -1 $-1 4.75 -1 4.75 1 0 0 0 0 1 forward_v I I I I #
ellipse-curve $-1 -1 $-1 5.5 4 124.5000000000000142 0 1 0 0 0 4.299999999999999822 1 F -2.966277362283745056 F -2.447699560136912478 #
point $-1 -1 $-1 4.75 4 120.2659121407300091 #
point $-1 -1 $-1 5.5 -1.300000000000000044 126.25 #
point $-1 -1 $-1 11.59999999999999964 -2.5 97.5 #
DXID-attrib $-1 -1 $-1 $-1 $1080 @10 ASM ENTITY @2 88 #
face $1396 -1 $-1 $1397 $1215 $4 $-1 $1398 reversed single #
plane-surface $-1 -1 $-1 2.75 4 2.75 0 1 0 0 0 1 forward_v I I I I #
coedge $-1 -1 $-1 $1237 $1237 $1082 $1238 reversed $1399 $-1 #
edge $-1 -1 $-1 $1400 0 $1400 6.283185307179586232 $1082 $1401 forward @7 unknown #
loop $-1 -1 $-1 $-1 $1402 $1240 #
face $1403 -1 $-1 $1404 $1083 $4 $-1 $1405 reversed single #
point $-1 -1 $-1 94.50000000000001421 -2.990000000000000213 8.691470588234999184 #
coedge $-1 -1 $-1 $1087 $1086 $1406 $1407 forward $1088 $-1 #
face $1408 -1 $-1 $1096 $1088 $4 $-1 $1409 forward single #
coedge $-1 -1 $-1 $1098 $1406 $1090 $1245 reversed $1257 $-1 #
edge $-1 -1 $-1 $1102 -31.50000000000000355 $1246 -1.500000000000001332 $1244 $1410 forward @7 unknown #
vertex $-1 -1 $-1 $1407 $1411 #
straight-curve $-1 -1 $-1 19.80000000000000071 -4 96.5 0 1 0 F 1.799999999999999822 F 2.700000000000000178 #
DXID-attrib $-1 -1 $-1 $-1 $1092 @10 ASM ENTITY @3 111 #
plane-surface $-1 -1 $-1 19.80000000000000071 -4 96.5 0 0 1 1 0 0 forward_v I I I I #
coedge $-1 -1 $-1 $1406 $1098 $1094 $1251 forward $1257 $-1 #
edge $-1 -1 $-1 $1100 -31.50000000000000355 $1252 -1.500000000000001332 $1250 $1412 forward @7 unknown #
vertex $-1 -1 $-1 $1251 $1413 #
straight-curve $-1 -1 $-1 19.80000000000000071 -4 112.5 0 1 0 F 1.799999999999999822 F 2.700000000000000178 #
DXID-attrib $-1 -1 $-1 $-1 $1096 @10 ASM ENTITY @3 113 #
face $1414 -1 $-1 $1415 $1416 $4 $-1 $1417 reversed single #
plane-surface $-1 -1 $-1 19.80000000000000071 -4 112.5 0 0 1 1 0 0 forward_v I I I I #
loop $-1 -1 $-1 $-1 $1098 $1418 #
straight-curve $-1 -1 $-1 49.80000000000000426 -1.300000000000000044 95.625 0 0 1 F 0.8750000000000035527 F 16.875 #
point $-1 -1 $-1 49.80000000000000426 -1.300000000000000044 112.5 #
point $-1 -1 $-1 49.80000000000000426 -1.300000000000000044 96.5 #
loop $-1 -1 $-1 $-1 $1419 $26 #
coedge $-1 -1 $-1 $1420 $1421 $1422 $1423 forward $1106 $-1 #
coedge $-1 -1 $-1 $1424 $1107 $1425 $1426 forward $975 $-1 #
coedge $-1 -1 $-1 $1107 $1424 $1427 $1428 forward $975 $-1 #
coedge $-1 -1 $-1 $1429 $1430 $1107 $1266 reversed $1431 $-1 #
edge $-1 -1 $-1 $1432 0.1753152913061265528 $1433 0.6938930934539238038 $1107 $1434 forward @7 unknown #
loop $-1 -1 $-1 $1435 $1108 $1436 #
vertex $-1 -1 $-1 $1109 $1437 #
ellipse-curve $-1 -1 $-1 94.50000000000001421 0 5.5 0 1 0 0 0 1.750000000000000222 1 I I #
coedge $-1 -1 $-1 $1438 $1439 $1110 $1271 reversed $1440 $-1 #
edge $-1 -1 $-1 $1275 5.984087859267999576 $1280 86.51591214073100389 $1110 $1441 forward @7 unknown #
coedge $-1 -1 $-1 $1442 $1111 $1116 $1284 forward $1274 $-1 #
coedge $-1 -1 $-1 $1111 $1442 $1438 $1443 reversed $1274 $-1 #
loop $-1 -1 $-1 $-1 $1272 $1444 #
vertex $-1 -1 $-1 $1112 $1445 #
ellipse-curve $-1 -1 $-1 5.5 0 124.5000000000000142 0 1 0 0 0 4.299999999999999822 1 F 0.8769032333409727542 F 1.395481035488770116 #
coedge $-1 -1 $-1 $1446 $1113 $1439 $1447 forward $1279 $-1 #
coedge $-1 -1 $-1 $1113 $1446 $1115 $1283 reversed $1279 $-1 #
loop $-1 -1 $-1 $-1 $1277 $1448 #
vertex $-1 -1 $-1 $1271 $1449 #
ellipse-curve $-1 -1 $-1 94.50000000000001421 0 124.5000000000000142 0 1 0 0 0 4.299999999999999822 1 F -1.395481035488808086 F -0.8769032333411217461 #
coedge $-1 -1 $-1 $1116 $1115 $1450 $1451 reversed $1117 $-1 #
edge $-1 -1 $-1 $1119 1 $1452 5 $1115 $1453 forward @7 unknown #
edge $-1 -1 $-1 $1118 1 $1454 5 $1116 $1455 forward @7 unknown #
face $1456 -1 $-1 $1444 $1117 $4 $-1 $1457 forward single #
point $-1 -1 $-1 8.805676935213000434 0 127.2500000000000142 #
point $-1 -1 $-1 91.19432306478600481 0 127.2500000000000142 #
coedge $-1 -1 $-1 $1458 $1121 $1124 $1293 forward $1290 $-1 #
coedge $-1 -1 $-1 $1121 $1458 $1128 $1297 reversed $1290 $-1 #
loop $-1 -1 $-1 $-1 $1288 $1459 #
straight-curve $-1 -1 $-1 8.25 0 114.8000000000000114 1 0 0 F 8.25 F 29.24999999999999645 #
coedge $-1 -1 $-1 $1124 $1123 $1460 $1461 reversed $1125 $-1 #
edge $-1 -1 $-1 $1126 0.01000000000000000021 $1462 7.210000000000000853 $1124 $1463 forward @7 unknown #
face $1464 -1 $-1 $1298 $1125 $4 $-1 $1465 reversed single #
point $-1 -1 $-1 16.5 0 114.8000000000000114 #
coedge $-1 -1 $-1 $1129 $1128 $1466 $1467 forward $1130 $-1 #
edge $-1 -1 $-1 $1131 0.01000000000000000021 $1468 7.210000000000000853 $1128 $1469 forward @7 unknown #
face $1470 -1 $-1 $1459 $1130 $4 $-1 $1471 forward single #
point $-1 -1 $-1 37.5 0 114.8000000000000114 #
coedge $-1 -1 $-1 $1466 $1460 $1133 $1301 forward $1472 $-1 #
edge $-1 -1 $-1 $1304 0 $1302 20.99999999999999645 $1133 $1473 forward @7 unknown #
vertex $-1 -1 $-1 $1134 $1474 #
straight-curve $-1 -1 $-1 37.5 -0.01000000000000000021 116.7000000000000171 0 1 0 F 0.01000000000000000021 F 7.210000000000000853 #
vertex $-1 -1 $-1 $1135 $1475 #
straight-curve $-1 -1 $-1 16.5 -0.01000000000000000021 116.7000000000000171 0 1 0 F 0.01000000000000000021 F 7.210000000000000853 #
DXID-attrib $-1 -1 $-1 $-1 $1136 @10 ASM ENTITY @2 57 #
plane-surface $-1 -1 $-1 16.5 -0.01000000000000000021 116.7000000000000171 0 0 1 1 0 0 forward_v I I I I #
coedge $-1 -1 $-1 $1476 $1477 $1139 $1309 reversed $1478 $-1 #
edge $-1 -1 $-1 $1312 8.400000000000000355 $1333 44.39999999999999858 $1139 $1479 forward @7 unknown #
coedge $-1 -1 $-1 $1148 $1140 $1480 $1481 reversed $997 $-1 #
coedge $-1 -1 $-1 $1140 $1147 $1476 $1482 forward $997 $-1 #
vertex $-1 -1 $-1 $1141 $1483 #
straight-curve $-1 -1 $-1 16.80000000000000071 0 47.375 0 0 -1 F -53.12500000000000711 F -47.37499999999999289 #
coedge $-1 -1 $-1 $1143 $1142 $1484 $1485 reversed $1144 $-1 #
coedge $-1 -1 $-1 $1149 $1486 $1142 $1316 reversed $1326 $-1 #
edge $-1 -1 $-1 $998 0.1000000000000000194 $1487 0.7000000000000000666 $1142 $1488 forward @7 unknown #
coedge $-1 -1 $-1 $1489 $1480 $1143 $1318 forward $1490 $-1 #
edge $-1 -1 $-1 $1145 0.1000000000000000194 $1491 0.7000000000000000666 $1143 $1492 forward @7 unknown #
face $1493 -1 $-1 $1340 $1144 $4 $-1 $1494 reversed single #
point $-1 -1 $-1 16.80000000000000071 0 100.5 #
coedge $-1 -1 $-1 $1166 $1495 $1147 $1322 forward $1352 $-1 #
edge $-1 -1 $-1 $1496 0 $1170 19.50000000000001066 $1147 $1497 forward @7 unknown #
coedge $-1 -1 $-1 $1498 $1499 $1148 $1324 reversed $1500 $-1 #
edge $-1 -1 $-1 $1501 0 $1327 8.000000000000007105 $1148 $1502 forward @7 unknown #
coedge $-1 -1 $-1 $1503 $1149 $1499 $1504 forward $1326 $-1 #
loop $-1 -1 $-1 $-1 $1149 $1505 #
vertex $-1 -1 $-1 $1324 $1506 #
straight-curve $-1 -1 $-1 16.80000000000000071 -0.1000000000000000194 108.5000000000000142 0 1 0 F 0 F 0.1000000000000000194 #
DXID-attrib $-1 -1 $-1 $-1 $1151 @10 ASM ENTITY @2 52 #
plane-surface $-1 -1 $-1 16.80000000000000071 -1.300000000000000044 94.75 1 0 0 0 0 1 forward_v I I I I #
coedge $-1 -1 $-1 $1163 $1153 $1477 $1507 reversed $1005 $-1 #
coedge $-1 -1 $-1 $1153 $1160 $1508 $1509 forward $1005 $-1 #
vertex $-1 -1 $-1 $1309 $1510 #
straight-curve $-1 -1 $-1 52.80000000000000426 0 47.375 0 0 -1 F -53.12500000000000711 F -47.37499999999999289 #
coedge $-1 -1 $-1 $1156 $1155 $1511 $1512 forward $1157 $-1 #
coedge $-1 -1 $-1 $1508 $1513 $1155 $1337 reversed $1514 $-1 #
edge $-1 -1 $-1 $1158 0.1000000000000000194 $1515 0.7000000000000000666 $1155 $1516 forward @7 unknown #
coedge $-1 -1 $-1 $1517 $1161 $1156 $1339 forward $1345 $-1 #
edge $-1 -1 $-1 $1006 0.1000000000000000194 $1518 0.7000000000000000666 $1156 $1519 forward @7 unknown #
face $1520 -1 $-1 $1521 $1157 $4 $-1 $1522 forward single #
point $-1 -1 $-1 52.80000000000000426 0 100.5 #
coedge $-1 -1 $-1 $1523 $1524 $1160 $1343 forward $1525 $-1 #
edge $-1 -1 $-1 $1526 0 $1346 8.000000000000007105 $1160 $1527 forward @7 unknown #
coedge $-1 -1 $-1 $1161 $1528 $1523 $1529 forward $1345 $-1 #
loop $-1 -1 $-1 $-1 $1528 $1530 #
vertex $-1 -1 $-1 $1162 $1531 #
straight-curve $-1 -1 $-1 52.80000000000000426 -0.1000000000000000194 108.5000000000000142 0 1 0 F 0 F 0.1000000000000000194 #
coedge $-1 -1 $-1 $1495 $1166 $1163 $1349 reversed $1352 $-1 #
edge $-1 -1 $-1 $1532 0 $1168 19.50000000000001066 $1163 $1533 forward @7 unknown #
DXID-attrib $-1 -1 $-1 $-1 $1164 @10 ASM ENTITY @2 53 #
plane-surface $-1 -1 $-1 52.80000000000000426 -1.300000000000000044 94.75 1 0 0 0 0 1 forward_v I I I I #
loop $-1 -1 $-1 $1257 $1495 $1418 #
straight-curve $-1 -1 $-1 16.80000000000000071 -1.300000000000000044 114.25 1 0 0 F 0 F 36 #
point $-1 -1 $-1 52.80000000000000426 -1.300000000000000044 114.25 #
point $-1 -1 $-1 16.80000000000000071 -1.300000000000000044 114.25 #
coedge $-1 -1 $-1 $1176 $1182 $1174 $1357 reversed $1188 $-1 #
edge $-1 -1 $-1 $1178 0 $1184 39 $1174 $1534 forward @7 unknown #
DXID-attrib $-1 -1 $-1 $-1 $1175 @10 ASM ENTITY @2 50 #
plane-surface $-1 -1 $-1 8.5 -0.01000000000000000021 91.30000000000001137 0 0 1 1 0 0 forward_v I I I I #
straight-curve $-1 -1 $-1 8.5 7.200000000000001066 91.30000000000001137 0 0 1 F 0 F 1.899999999999995026 #
point $-1 -1 $-1 8.5 7.200000000000001066 91.30000000000001137 #
straight-curve $-1 -1 $-1 47.5 7.200000000000001066 91.30000000000001137 0 0 1 F 0 F 1.899999999999995026 #
point $-1 -1 $-1 47.5 7.200000000000001066 91.30000000000001137 #
face $1535 -1 $-1 $1418 $1188 $4 $-1 $1536 forward single #
coedge $-1 -1 $-1 $1537 $1192 $1538 $1539 forward $1194 $-1 #
coedge $-1 -1 $-1 $1193 $1540 $1541 $1542 forward $1194 $-1 #
face $1543 -1 $-1 $906 $1194 $4 $-1 $1544 reversed single #
coedge $-1 -1 $-1 $1203 $1538 $1196 $1369 reversed $1380 $-1 #
edge $-1 -1 $-1 $1205 0 $1370 10.80000000000000071 $1196 $1545 forward @7 unknown #
vertex $-1 -1 $-1 $1369 $1546 #
straight-curve $-1 -1 $-1 15 -2.600000000000000089 108.1000000000000085 0 1 0 F 0 F 2.600000000000000089 #
DXID-attrib $-1 -1 $-1 $-1 $1198 @10 ASM ENTITY @2 44 #
plane-surface $-1 -1 $-1 4.200000000000000178 -2.600000000000000089 108.1000000000000085 0 0 1 1 0 0 forward_v I I I I #
coedge $-1 -1 $-1 $1221 $1219 $1200 $1375 forward $1057 $-1 #
edge $-1 -1 $-1 $1381 0 $1377 3.599999999999999645 $1200 $1547 forward @7 unknown #
coedge $-1 -1 $-1 $1201 $1214 $1221 $1390 reversed $1215 $-1 #
vertex $-1 -1 $-1 $1202 $1548 #
straight-curve $-1 -1 $-1 4.200000000000000178 1 111.25 0 0 1 F 0 F 4.450000000000002842 #
coedge $-1 -1 $-1 $1541 $1203 $1219 $1387 reversed $1380 $-1 #
loop $-1 -1 $-1 $-1 $1379 $1397 #
vertex $-1 -1 $-1 $1375 $1549 #
straight-curve $-1 -1 $-1 4.200000000000000178 -2.600000000000000089 115.7000000000000028 0 0 -1 F 0 F 7.599999999999997868 #
point $-1 -1 $-1 4.200000000000000178 -2.600000000000000089 108.1000000000000085 #
straight-curve $-1 -1 $-1 4.75 -1 111.25 0 -1 0 F -5 F -2 #
point $-1 -1 $-1 4.75 4 111.25 #
point $-1 -1 $-1 4.75 1 111.25 #
edge $-1 -1 $-1 $1388 0 $1381 10.80000000000000071 $1219 $1550 forward @7 unknown #
vertex $-1 -1 $-1 $1220 $1551 #
straight-curve $-1 -1 $-1 15 -2.600000000000000089 115.7000000000000028 0 1 0 F 0 F 2.600000000000000089 #
edge $-1 -1 $-1 $1377 0 $1225 0.5499999999999999334 $1221 $1552 forward @7 unknown #
DXID-attrib $-1 -1 $-1 $-1 $1222 @10 ASM ENTITY @2 45 #
plane-surface $-1 -1 $-1 4.200000000000000178 -2.600000000000000089 115.7000000000000028 0 0 1 1 0 0 forward_v I I I I #
straight-curve $-1 -1 $-1 4.75 1 115.7000000000000028 0 0 -1 F 0 F 4.450000000000002842 #
point $-1 -1 $-1 4.75 1 115.7000000000000028 #
straight-curve $-1 -1 $-1 4.75 4 3.75 0 0 -1 F -116.5159121407300091 F -107.5 #
DXID-attrib $-1 -1 $-1 $-1 $1235 @10 ASM ENTITY @2 89 #
face $1553 -1 $-1 $1554 $1380 $4 $-1 $1555 forward single #
plane-surface $-1 -1 $-1 4.200000000000000178 1 108.1000000000000085 0 1 0 0 0 1 forward_v I I I I #
loop $-1 -1 $-1 $1556 $1237 $1557 #
vertex $-1 -1 $-1 $1238 $1558 #
ellipse-curve $-1 -1 $-1 94.50000000000001421 -2.990000000000000213 124.5000000000000142 0 1 0 0 0 3.191470588235000072 1 I I #
coedge $-1 -1 $-1 $1402 $1402 $1559 $1560 forward $1239 $-1 #
DXID-attrib $-1 -1 $-1 $-1 $1240 @10 ASM ENTITY @3 106 #
face $1561 -1 $-1 $1562 $1563 $4 $-1 $1564 forward single #
cone-surface $-1 -1 $-1 94.50000000000001421 -3.000000000000000444 5.5 -0 -1 -0 0 0 3.200000000000000622 1 I I 0.6489466060827521199 0.7608339519590837652 3.200000000000000622 forward I I I I #
coedge $-1 -1 $-1 $1244 $1250 $1242 $1407 reversed $1257 $-1 #
edge $-1 -1 $-1 $1246 0.8750000000000035527 $1252 16.875 $1406 $1565 forward @7 unknown #
DXID-attrib $-1 -1 $-1 $-1 $1243 @10 ASM ENTITY @3 112 #
plane-surface $-1 -1 $-1 19.80000000000000071 -4 96.5 1 0 0 0 0 1 forward_v I I I I #
straight-curve $-1 -1 $-1 18.30000000000000071 -1.300000000000000044 96.5 -1 0 0 F -31.50000000000000355 F -1.500000000000001332 #
point $-1 -1 $-1 19.80000000000000071 -1.300000000000000044 96.5 #
straight-curve $-1 -1 $-1 18.30000000000000071 -1.300000000000000044 112.5 -1 0 0 F -31.50000000000000355 F -1.500000000000001332 #
point $-1 -1 $-1 19.80000000000000071 -1.300000000000000044 112.5 #
DXID-attrib $-1 -1 $-1 $-1 $1255 @10 ASM ENTITY @3 114 #
face $1566 -1 $-1 $1567 $1568 $4 $-1 $1569 forward single #
loop $-1 -1 $-1 $-1 $1570 $1255 #
plane-surface $-1 -1 $-1 5 -2.600000000000000089 108.1000000000000085 1 0 0 0 0 1 forward_v I I I I #
face $1571 -1 $-1 $1505 $1352 $4 $-1 $1572 forward single #
coedge $-1 -1 $-1 $1419 $1419 $1573 $1574 reversed $1261 $-1 #
coedge $-1 -1 $-1 $1575 $1262 $1576 $1577 forward $1106 $-1 #
coedge $-1 -1 $-1 $1262 $1575 $1578 $1579 forward $1106 $-1 #
coedge $-1 -1 $-1 $1580 $1581 $1262 $1423 reversed $1582 $-1 #
edge $-1 -1 $-1 $1583 46.875 $1584 48.87500000000000711 $1262 $1585 forward @7 unknown #
coedge $-1 -1 $-1 $1264 $1263 $1586 $1587 reversed $975 $-1 #
coedge $-1 -1 $-1 $1588 $1589 $1263 $1426 reversed $1590 $-1 #
edge $-1 -1 $-1 $1433 6.055676935212999545 $1591 30.75 $1263 $1592 forward @7 unknown #
coedge $-1 -1 $-1 $1593 $1594 $1264 $1428 reversed $1595 $-1 #
edge $-1 -1 $-1 $1596 -29.75 $1432 -5.984087859267999576 $1264 $1597 forward @7 unknown #
coedge $-1 -1 $-1 $1598 $1265 $1594 $1599 forward $1431 $-1 #
coedge $-1 -1 $-1 $1265 $1598 $1588 $1600 reversed $1431 $-1 #
loop $-1 -1 $-1 $-1 $1429 $1601 #
vertex $-1 -1 $-1 $1266 $1602 #
vertex $-1 -1 $-1 $1266 $1603 #
ellipse-curve $-1 -1 $-1 94.50000000000001421 0 5.5 0 1 0 0 0 4.299999999999999822 1 F 0.1753152913061265528 F 0.6938930934539238038 #
loop $-1 -1 $-1 $-1 $1559 $1436 #
face $1604 -1 $-1 $1601 $1267 $4 $-1 $1605 reversed single #
point $-1 -1 $-1 94.50000000000001421 0 7.250000000000000888 #
coedge $-1 -1 $-1 $1606 $1270 $1273 $1443 forward $1440 $-1 #
coedge $-1 -1 $-1 $1270 $1606 $1277 $1447 reversed $1440 $-1 #
loop $-1 -1 $-1 $-1 $1606 $1607 #
straight-curve $-1 -1 $-1 3.75 0 125.25 1 0 0 F 5.984087859267999576 F 86.51591214073100389 #
coedge $-1 -1 $-1 $1273 $1272 $1608 $1609 forward $1274 $-1 #
edge $-1 -1 $-1 $1275 1 $1610 5 $1273 $1611 forward @7 unknown #
face $1612 -1 $-1 $1448 $1274 $4 $-1 $1613 reversed single #
point $-1 -1 $-1 9.734087859267999576 0 125.25 #
coedge $-1 -1 $-1 $1278 $1277 $1614 $1615 forward $1279 $-1 #
edge $-1 -1 $-1 $1280 1 $1616 5 $1277 $1617 forward @7 unknown #
face $1618 -1 $-1 $1607 $1279 $4 $-1 $1619 reversed single #
point $-1 -1 $-1 90.26591214073100389 0 125.25 #
coedge $-1 -1 $-1 $1614 $1608 $1282 $1451 forward $1620 $-1 #
edge $-1 -1 $-1 $1454 6.055676935212999545 $1452 88.4443230647859906 $1282 $1621 forward @7 unknown #
vertex $-1 -1 $-1 $1451 $1622 #
straight-curve $-1 -1 $-1 91.19432306478699957 -1 127.2500000000000142 0 1 0 F 1 F 5 #
vertex $-1 -1 $-1 $1451 $1623 #
straight-curve $-1 -1 $-1 8.805676935213000434 -1 127.2500000000000142 0 1 0 F 1 F 5 #
DXID-attrib $-1 -1 $-1 $-1 $1285 @10 ASM ENTITY @2 61 #
plane-surface $-1 -1 $-1 2.75 0 127.2500000000000142 0 0 1 1 0 0 forward_v I I I I #
coedge $-1 -1 $-1 $1289 $1288 $1624 $1625 forward $1290 $-1 #
face $1626 -1 $-1 $1285 $1290 $4 $-1 $1627 reversed single #
coedge $-1 -1 $-1 $1300 $1624 $1292 $1461 forward $1472 $-1 #
edge $-1 -1 $-1 $1462 0 $1304 1.90000000000001279 $1292 $1628 forward @7 unknown #
vertex $-1 -1 $-1 $1461 $1629 #
straight-curve $-1 -1 $-1 16.5 -0.01000000000000000021 114.8000000000000114 0 1 0 F 0.01000000000000000021 F 7.210000000000000853 #
DXID-attrib $-1 -1 $-1 $-1 $1294 @10 ASM ENTITY @2 58 #
plane-surface $-1 -1 $-1 16.5 -0.01000000000000000021 114.8000000000000114 1 0 0 0 0 1 forward_v I I I I #
coedge $-1 -1 $-1 $1624 $1300 $1296 $1467 reversed $1472 $-1 #
edge $-1 -1 $-1 $1468 0 $1302 1.90000000000001279 $1296 $1630 forward @7 unknown #
vertex $-1 -1 $-1 $1297 $1631 #
straight-curve $-1 -1 $-1 37.5 -0.01000000000000000021 114.8000000000000114 0 1 0 F 0.01000000000000000021 F 7.210000000000000853 #
DXID-attrib $-1 -1 $-1 $-1 $1298 @10 ASM ENTITY @2 59 #
plane-surface $-1 -1 $-1 37.5 -0.01000000000000000021 114.8000000000000114 1 0 0 0 0 1 forward_v I I I I #
loop $-1 -1 $-1 $-1 $1624 $1632 #
straight-curve $-1 -1 $-1 16.5 7.200000000000001066 116.7000000000000171 1 0 0 F 0 F 20.99999999999999645 #
point $-1 -1 $-1 37.5 7.200000000000001066 116.7000000000000171 #
point $-1 -1 $-1 16.5 7.200000000000001066 116.7000000000000171 #
coedge $-1 -1 $-1 $1633 $1308 $1311 $1482 reversed $1478 $-1 #
coedge $-1 -1 $-1 $1308 $1633 $1331 $1507 forward $1478 $-1 #
loop $-1 -1 $-1 $-1 $1476 $1521 #
straight-curve $-1 -1 $-1 8.400000000000000355 0 94.75 1 0 0 F 8.400000000000000355 F 44.39999999999999858 #
coedge $-1 -1 $-1 $1317 $1634 $1310 $1481 forward $1490 $-1 #
edge $-1 -1 $-1 $1501 0 $1145 0.1000000000000000194 $1310 $1635 forward @7 unknown #
edge $-1 -1 $-1 $1496 0 $1312 1.300000000000000044 $1311 $1636 forward @7 unknown #
point $-1 -1 $-1 16.80000000000000071 0 94.75 #
coedge $-1 -1 $-1 $1637 $1638 $1314 $1485 forward $1639 $-1 #
edge $-1 -1 $-1 $1491 0 $1487 8.000000000000007105 $1314 $1640 forward @7 unknown #
coedge $-1 -1 $-1 $1315 $1503 $1637 $1641 reversed $1326 $-1 #
vertex $-1 -1 $-1 $1316 $1642 #
straight-curve $-1 -1 $-1 16.80000000000000071 -0.1000000000000000194 108.5000000000000142 0 1 0 F 0.1000000000000000194 F 0.7000000000000000666 #
coedge $-1 -1 $-1 $1643 $1317 $1638 $1644 forward $1490 $-1 #
loop $-1 -1 $-1 $-1 $1480 $1645 #
vertex $-1 -1 $-1 $1485 $1646 #
straight-curve $-1 -1 $-1 16.80000000000000071 -0.1000000000000000194 100.5 0 1 0 F 0.1000000000000000194 F 0.7000000000000000666 #
DXID-attrib $-1 -1 $-1 $-1 $1319 @10 ASM ENTITY @2 54 #
plane-surface $-1 -1 $-1 16.80000000000000071 -0.1000000000000000194 100.5 1 0 0 0 0 1 forward_v I I I I #
coedge $-1 -1 $-1 $1321 $1348 $1633 $1647 reversed $1352 $-1 #
vertex $-1 -1 $-1 $1322 $1648 #
straight-curve $-1 -1 $-1 16.80000000000000071 -1.300000000000000044 94.75 0 0 1 F 0 F 19.50000000000001066 #
coedge $-1 -1 $-1 $1649 $1323 $1634 $1650 forward $1500 $-1 #
coedge $-1 -1 $-1 $1323 $1649 $1325 $1504 reversed $1500 $-1 #
loop $-1 -1 $-1 $-1 $1498 $1651 #
vertex $-1 -1 $-1 $1481 $1652 #
straight-curve $-1 -1 $-1 16.80000000000000071 -0.1000000000000000194 100.5 0 0 1 F 0 F 8.000000000000007105 #
coedge $-1 -1 $-1 $1486 $1325 $1653 $1654 forward $1326 $-1 #
edge $-1 -1 $-1 $1327 0 $1655 0.5999999999999983125 $1325 $1656 forward @7 unknown #
face $1657 -1 $-1 $1651 $1326 $4 $-1 $1658 forward single #
point $-1 -1 $-1 16.80000000000000071 -0.1000000000000000194 108.5000000000000142 #
edge $-1 -1 $-1 $1532 0 $1333 1.300000000000000044 $1331 $1659 forward @7 unknown #
coedge $-1 -1 $-1 $1660 $1336 $1332 $1509 reversed $1514 $-1 #
edge $-1 -1 $-1 $1526 0 $1158 0.1000000000000000194 $1332 $1661 forward @7 unknown #
point $-1 -1 $-1 52.80000000000000426 0 94.75 #
coedge $-1 -1 $-1 $1662 $1663 $1335 $1512 reversed $1664 $-1 #
edge $-1 -1 $-1 $1515 0 $1518 8.000000000000007105 $1335 $1665 forward @7 unknown #
coedge $-1 -1 $-1 $1336 $1666 $1662 $1667 forward $1514 $-1 #
loop $-1 -1 $-1 $-1 $1666 $1668 #
vertex $-1 -1 $-1 $1337 $1669 #
straight-curve $-1 -1 $-1 52.80000000000000426 -0.1000000000000000194 100.5 0 1 0 F 0.1000000000000000194 F 0.7000000000000000666 #
coedge $-1 -1 $-1 $1528 $1338 $1663 $1670 reversed $1345 $-1 #
vertex $-1 -1 $-1 $1339 $1671 #
straight-curve $-1 -1 $-1 52.80000000000000426 -0.1000000000000000194 108.5000000000000142 0 1 0 F 0.1000000000000000194 F 0.7000000000000000666 #
DXID-attrib $-1 -1 $-1 $-1 $1340 @10 ASM ENTITY @2 55 #
face $1672 -1 $-1 $1136 $1478 $4 $-1 $1673 forward single #
plane-surface $-1 -1 $-1 52.80000000000000426 -0.1000000000000000194 100.5 1 0 0 0 0 1 forward_v I I I I #
coedge $-1 -1 $-1 $1674 $1342 $1344 $1529 reversed $1525 $-1 #
coedge $-1 -1 $-1 $1342 $1674 $1660 $1675 forward $1525 $-1 #
loop $-1 -1 $-1 $-1 $1524 $1676 #
vertex $-1 -1 $-1 $1343 $1677 #
straight-curve $-1 -1 $-1 52.80000000000000426 -0.1000000000000000194 100.5 0 0 1 F 0 F 8.000000000000007105 #
coedge $-1 -1 $-1 $1344 $1517 $1678 $1679 reversed $1345 $-1 #
edge $-1 -1 $-1 $1680 0 $1346 0.599999999999996092 $1344 $1681 forward @7 unknown #
face $1682 -1 $-1 $1676 $1345 $4 $-1 $1683 forward single #
point $-1 -1 $-1 52.80000000000000426 -0.1000000000000000194 108.5000000000000142 #
vertex $-1 -1 $-1 $1507 $1684 #
straight-curve $-1 -1 $-1 52.80000000000000426 -1.300000000000000044 94.75 0 0 1 F 0 F 19.50000000000001066 #
straight-curve $-1 -1 $-1 8.5 7.200000000000001066 91.30000000000001137 1 0 0 F 0 F 39 #
DXID-attrib $-1 -1 $-1 $-1 $1364 @10 ASM ENTITY @2 94 #
plane-surface $-1 -1 $-1 8.5 7.200000000000001066 91.30000000000001137 0 1 0 0 0 1 forward_v I I I I #
coedge $-1 -1 $-1 $1685 $1365 $1686 $1687 forward $1194 $-1 #
coedge $-1 -1 $-1 $1368 $1688 $1365 $1539 reversed $1380 $-1 #
edge $-1 -1 $-1 $1370 0 $1689 0.8000000000000007105 $1365 $1690 forward @7 unknown #
coedge $-1 -1 $-1 $1366 $1685 $1691 $1692 reversed $1194 $-1 #
coedge $-1 -1 $-1 $1693 $1379 $1366 $1542 reversed $1380 $-1 #
edge $-1 -1 $-1 $1694 0 $1388 0.799999999999982947 $1366 $1695 forward @7 unknown #
DXID-attrib $-1 -1 $-1 $-1 $1367 @10 ASM ENTITY @2 46 #
plane-surface $-1 -1 $-1 15 -2.600000000000000089 114.9000000000000199 1 0 0 0 0 1 forward_v I I I I #
straight-curve $-1 -1 $-1 4.200000000000000178 -2.600000000000000089 108.1000000000000085 1 0 0 F 0 F 10.80000000000000071 #
point $-1 -1 $-1 15 -2.600000000000000089 108.1000000000000085 #
straight-curve $-1 -1 $-1 4.200000000000000178 -2.600000000000000089 115.7000000000000028 0 1 0 F 0 F 3.599999999999999645 #
point $-1 -1 $-1 4.200000000000000178 1 115.7000000000000028 #
point $-1 -1 $-1 4.200000000000000178 -2.600000000000000089 115.7000000000000028 #
straight-curve $-1 -1 $-1 15 -2.600000000000000089 115.7000000000000028 -1 0 0 F 0 F 10.80000000000000071 #
point $-1 -1 $-1 15 -2.600000000000000089 115.7000000000000028 #
straight-curve $-1 -1 $-1 4.200000000000000178 1 115.7000000000000028 1 0 0 F 0 F 0.5499999999999999334 #
DXID-attrib $-1 -1 $-1 $-1 $1397 @10 ASM ENTITY @2 90 #
face $1696 -1 $-1 $1697 $1698 $4 $-1 $1699 forward single #
plane-surface $-1 -1 $-1 4.200000000000000178 -2.600000000000000089 108.1000000000000085 0 1 0 0 0 1 forward_v I I I I #
loop $-1 -1 $-1 $-1 $1700 $1557 #
face $1701 -1 $-1 $970 $1399 $4 $-1 $1702 reversed single #
point $-1 -1 $-1 94.50000000000001421 -2.990000000000000213 127.6914705882300183 #
coedge $-1 -1 $-1 $1559 $1559 $1402 $1560 reversed $1435 $-1 #
edge $-1 -1 $-1 $1703 0 $1703 6.283185307179586232 $1559 $1704 forward @7 unknown #
DXID-attrib $-1 -1 $-1 $-1 $1404 @10 ASM ENTITY @3 107 #
face $1705 -1 $-1 $1557 $1706 $4 $-1 $1707 forward single #
loop $-1 -1 $-1 $-1 $1708 $1404 #
plane-surface $-1 -1 $-1 2.75 4 2.75 0 1 0 0 0 1 forward_v I I I I #
straight-curve $-1 -1 $-1 19.80000000000000071 -1.300000000000000044 95.625 0 0 1 F 0.8750000000000035527 F 16.875 #
DXID-attrib $-1 -1 $-1 $-1 $1415 @10 ASM ENTITY @3 115 #
face $1709 -1 $-1 $1710 $1711 $4 $-1 $1712 forward single #
loop $-1 -1 $-1 $1713 $1714 $1415 #
cone-surface $-1 -1 $-1 6.900000000000000355 -2.009999999999999787 111.9000000000000057 0 1 0 0 0 1.25 1 I I 0 1 1.25 forward I I I I #
coedge $-1 -1 $-1 $1715 $1716 $1717 $1718 reversed $1416 $-1 #
DXID-attrib $-1 -1 $-1 $-1 $1418 @10 ASM ENTITY @2 95 #
plane-surface $-1 -1 $-1 16.80000000000000071 -1.300000000000000044 94.75 0 1 0 0 0 1 forward_v I I I I #
coedge $-1 -1 $-1 $1573 $1573 $1419 $1574 forward $1719 $-1 #
edge $-1 -1 $-1 $1720 0 $1720 6.283185307179586232 $1419 $1721 forward @7 unknown #
coedge $-1 -1 $-1 $1421 $1420 $1722 $1723 forward $1106 $-1 #
coedge $-1 -1 $-1 $1724 $1725 $1420 $1577 reversed $1726 $-1 #
edge $-1 -1 $-1 $1584 43.75 $1727 118.4443230647799936 $1420 $1728 forward @7 unknown #
coedge $-1 -1 $-1 $1729 $1730 $1421 $1579 reversed $1731 $-1 #
edge $-1 -1 $-1 $1732 -116.5159121407300091 $1583 -42.75 $1421 $1733 forward @7 unknown #
coedge $-1 -1 $-1 $1734 $1422 $1730 $1735 reversed $1582 $-1 #
coedge $-1 -1 $-1 $1422 $1734 $1724 $1736 forward $1582 $-1 #
loop $-1 -1 $-1 $-1 $1580 $1737 #
vertex $-1 -1 $-1 $1423 $1738 #
vertex $-1 -1 $-1 $1423 $1739 #
straight-curve $-1 -1 $-1 48.375 0 46.5 1 0 0 F 46.875 F 48.87500000000000711 #
coedge $-1 -1 $-1 $1740 $1741 $1424 $1587 forward $1742 $-1 #
edge $-1 -1 $-1 $1596 46.875 $1591 48.87500000000000711 $1424 $1743 forward @7 unknown #
coedge $-1 -1 $-1 $1744 $1425 $1430 $1600 forward $1590 $-1 #
coedge $-1 -1 $-1 $1425 $1744 $1740 $1745 forward $1590 $-1 #
loop $-1 -1 $-1 $-1 $1425 $1746 #
vertex $-1 -1 $-1 $1426 $1747 #
straight-curve $-1 -1 $-1 97.25000000000001421 0 2.75 0 0 1 F 6.055676935212999545 F 30.75 #
coedge $-1 -1 $-1 $1748 $1427 $1741 $1749 reversed $1595 $-1 #
coedge $-1 -1 $-1 $1427 $1748 $1429 $1599 reversed $1595 $-1 #
loop $-1 -1 $-1 $-1 $1593 $1750 #
vertex $-1 -1 $-1 $1587 $1751 #
straight-curve $-1 -1 $-1 95.25 0 3.75 0 0 -1 F -29.75 F -5.984087859267999576 #
coedge $-1 -1 $-1 $1430 $1429 $1752 $1753 forward $1431 $-1 #
edge $-1 -1 $-1 $1432 1 $1754 5 $1429 $1755 forward @7 unknown #
edge $-1 -1 $-1 $1433 1 $1756 5 $1430 $1757 forward @7 unknown #
face $1758 -1 $-1 $1750 $1431 $4 $-1 $1759 reversed single #
point $-1 -1 $-1 95.25 0 9.734087859267999576 #
point $-1 -1 $-1 97.25000000000001421 0 8.805676935213000434 #
DXID-attrib $-1 -1 $-1 $-1 $1436 @10 ASM ENTITY @2 65 #
cone-surface $-1 -1 $-1 94.50000000000001421 -4 5.5 0 1 0 0 0 1.750000000000000222 1 I I 0 1 1.750000000000000222 forward I I I I #
coedge $-1 -1 $-1 $1439 $1438 $1760 $1761 forward $1440 $-1 #
face $1762 -1 $-1 $1436 $1440 $4 $-1 $1763 reversed single #
coedge $-1 -1 $-1 $1450 $1760 $1442 $1609 reversed $1620 $-1 #
edge $-1 -1 $-1 $1454 0.8769032333409727542 $1610 1.395481035488770116 $1442 $1764 forward @7 unknown #
vertex $-1 -1 $-1 $1609 $1765 #
straight-curve $-1 -1 $-1 9.734087859267999576 -1 125.25 0 1 0 F 1 F 5 #
DXID-attrib $-1 -1 $-1 $-1 $1444 @10 ASM ENTITY @2 62 #
cone-surface $-1 -1 $-1 5.5 -1 124.5000000000000142 0 1 0 0 0 4.299999999999999822 1 I I 0 1 4.299999999999999822 forward I I I I #
coedge $-1 -1 $-1 $1760 $1450 $1446 $1615 reversed $1620 $-1 #
edge $-1 -1 $-1 $1616 -1.395481035488808086 $1452 -0.8769032333411217461 $1446 $1766 forward @7 unknown #
vertex $-1 -1 $-1 $1447 $1767 #
straight-curve $-1 -1 $-1 90.26591214073199865 -1 125.25 0 1 0 F 1 F 5 #
DXID-attrib $-1 -1 $-1 $-1 $1448 @10 ASM ENTITY @2 63 #
cone-surface $-1 -1 $-1 94.50000000000001421 -1 124.5000000000000142 0 1 0 0 0 4.299999999999999822 1 I I 0 1 4.299999999999999822 forward I I I I #
loop $-1 -1 $-1 $-1 $1450 $1768 #
straight-curve $-1 -1 $-1 2.75 4 127.2500000000000142 1 0 0 F 6.055676935212999545 F 88.4443230647859906 #
point $-1 -1 $-1 91.19432306478600481 4 127.2500000000000142 #
point $-1 -1 $-1 8.805676935213000434 4 127.2500000000000142 #
coedge $-1 -1 $-1 $1460 $1466 $1458 $1625 reversed $1472 $-1 #
edge $-1 -1 $-1 $1462 0 $1468 20.99999999999999645 $1458 $1769 forward @7 unknown #
DXID-attrib $-1 -1 $-1 $-1 $1459 @10 ASM ENTITY @2 60 #
plane-surface $-1 -1 $-1 16.5 -0.01000000000000000021 114.8000000000000114 0 0 1 1 0 0 forward_v I I I I #
straight-curve $-1 -1 $-1 16.5 7.200000000000001066 114.8000000000000114 0 0 1 F 0 F 1.90000000000001279 #
point $-1 -1 $-1 16.5 7.200000000000001066 114.8000000000000114 #
straight-curve $-1 -1 $-1 37.5 7.200000000000001066 114.8000000000000114 0 0 1 F 0 F 1.90000000000001279 #
point $-1 -1 $-1 37.5 7.200000000000001066 114.8000000000000114 #
face $1770 -1 $-1 $1768 $1472 $4 $-1 $1771 forward single #
coedge $-1 -1 $-1 $1477 $1476 $1495 $1647 forward $1478 $-1 #
coedge $-1 -1 $-1 $1480 $1643 $1498 $1650 reversed $1490 $-1 #
straight-curve $-1 -1 $-1 16.80000000000000071 -0.1000000000000000194 100.5 0 1 0 F 0 F 0.1000000000000000194 #
straight-curve $-1 -1 $-1 16.80000000000000071 -1.300000000000000044 94.75 0 1 0 F 0 F 1.300000000000000044 #
coedge $-1 -1 $-1 $1772 $1484 $1486 $1641 forward $1639 $-1 #
coedge $-1 -1 $-1 $1484 $1772 $1489 $1644 reversed $1639 $-1 #
loop $-1 -1 $-1 $-1 $1638 $1773 #
straight-curve $-1 -1 $-1 16.80000000000000071 0.5999999999999999778 100.5 0 0 1 F 0 F 8.000000000000007105 #
edge $-1 -1 $-1 $1487 0 $1774 0.5999999999999983125 $1486 $1775 forward @7 unknown #
point $-1 -1 $-1 16.80000000000000071 0.5999999999999999778 108.5000000000000142 #
coedge $-1 -1 $-1 $1634 $1489 $1776 $1777 reversed $1490 $-1 #
edge $-1 -1 $-1 $1491 0 $1778 0.5999999999999983125 $1489 $1779 forward @7 unknown #
face $1780 -1 $-1 $1530 $1490 $4 $-1 $1781 reversed single #
point $-1 -1 $-1 16.80000000000000071 0.5999999999999999778 100.5 #
edge $-1 -1 $-1 $1496 0 $1532 36 $1633 $1782 forward @7 unknown #
point $-1 -1 $-1 16.80000000000000071 -1.300000000000000044 94.75 #
coedge $-1 -1 $-1 $1499 $1498 $1783 $1784 forward $1500 $-1 #
edge $-1 -1 $-1 $1501 0 $1785 0.5999999999999983125 $1498 $1786 forward @7 unknown #
face $1787 -1 $-1 $1645 $1500 $4 $-1 $1788 reversed single #
point $-1 -1 $-1 16.80000000000000071 -0.1000000000000000194 100.5 #
coedge $-1 -1 $-1 $1783 $1789 $1503 $1654 reversed $1711 $-1 #
edge $-1 -1 $-1 $1655 0 $1774 0.7000000000000000666 $1503 $1790 forward @7 unknown #
vertex $-1 -1 $-1 $1504 $1791 #
straight-curve $-1 -1 $-1 16.80000000000000071 -0.1000000000000000194 108.5000000000000142 1 0 0 F 0 F 0.5999999999999983125 #
DXID-attrib $-1 -1 $-1 $-1 $1505 @10 ASM ENTITY @2 96 #
plane-surface $-1 -1 $-1 16.80000000000000071 -0.1000000000000000194 108.5000000000000142 0 0 1 1 0 0 forward_v I I I I #
straight-curve $-1 -1 $-1 52.80000000000000426 -1.300000000000000044 94.75 0 1 0 F 0 F 1.300000000000000044 #
coedge $-1 -1 $-1 $1666 $1508 $1524 $1675 reversed $1514 $-1 #
straight-curve $-1 -1 $-1 52.80000000000000426 -0.1000000000000000194 100.5 0 1 0 F 0 F 0.1000000000000000194 #
coedge $-1 -1 $-1 $1792 $1511 $1513 $1667 reversed $1664 $-1 #
coedge $-1 -1 $-1 $1511 $1792 $1517 $1670 forward $1664 $-1 #
loop $-1 -1 $-1 $-1 $1662 $1793 #
straight-curve $-1 -1 $-1 52.80000000000000426 0.5999999999999999778 100.5 0 0 1 F 0 F 8.000000000000007105 #
coedge $-1 -1 $-1 $1513 $1660 $1794 $1795 forward $1514 $-1 #
edge $-1 -1 $-1 $1796 0 $1515 0.599999999999996092 $1513 $1797 forward @7 unknown #
face $1798 -1 $-1 $1773 $1514 $4 $-1 $1799 reversed single #
point $-1 -1 $-1 52.80000000000000426 0.5999999999999999778 100.5 #
edge $-1 -1 $-1 $1800 0 $1518 0.599999999999996092 $1517 $1801 forward @7 unknown #
point $-1 -1 $-1 52.80000000000000426 0.5999999999999999778 108.5000000000000142 #
DXID-attrib $-1 -1 $-1 $-1 $1521 @10 ASM ENTITY @2 56 #
plane-surface $-1 -1 $-1 16.80000000000000071 -1.300000000000000044 94.75 0 0 1 1 0 0 forward_v I I I I #
coedge $-1 -1 $-1 $1524 $1523 $1802 $1803 reversed $1525 $-1 #
edge $-1 -1 $-1 $1804 0 $1526 0.599999999999996092 $1524 $1805 forward @7 unknown #
face $1806 -1 $-1 $1668 $1525 $4 $-1 $1807 reversed single #
point $-1 -1 $-1 52.80000000000000426 -0.1000000000000000194 100.5 #
coedge $-1 -1 $-1 $1808 $1802 $1528 $1679 forward $1809 $-1 #
edge $-1 -1 $-1 $1680 0 $1800 0.7000000000000000666 $1528 $1810 forward @7 unknown #
vertex $-1 -1 $-1 $1679 $1811 #
straight-curve $-1 -1 $-1 52.20000000000000284 -0.1000000000000000194 108.5000000000000142 1 0 0 F 0 F 0.599999999999996092 #
DXID-attrib $-1 -1 $-1 $-1 $1530 @10 ASM ENTITY @2 99 #
plane-surface $-1 -1 $-1 52.20000000000000284 -0.1000000000000000194 108.5000000000000142 0 0 1 1 0 0 forward_v I I I I #
point $-1 -1 $-1 52.80000000000000426 -1.300000000000000044 94.75 #
coedge $-1 -1 $-1 $1540 $1537 $1812 $1813 forward $1194 $-1 #
coedge $-1 -1 $-1 $1814 $1815 $1537 $1687 reversed $1816 $-1 #
edge $-1 -1 $-1 $1689 0 $1817 0.5999999999999999778 $1537 $1818 forward @7 unknown #
coedge $-1 -1 $-1 $1538 $1819 $1814 $1820 forward $1380 $-1 #
vertex $-1 -1 $-1 $1539 $1821 #
straight-curve $-1 -1 $-1 15 -2.600000000000000089 108.1000000000000085 0 0 1 F 0 F 0.8000000000000007105 #
coedge $-1 -1 $-1 $1822 $1823 $1540 $1692 forward $1698 $-1 #
edge $-1 -1 $-1 $1694 0 $1824 0.5999999999999999778 $1540 $1825 forward @7 unknown #
coedge $-1 -1 $-1 $1819 $1541 $1823 $1826 reversed $1380 $-1 #
vertex $-1 -1 $-1 $1692 $1827 #
straight-curve $-1 -1 $-1 15 -2.600000000000000089 114.9000000000000199 0 0 1 F 0 F 0.799999999999982947 #
DXID-attrib $-1 -1 $-1 $-1 $1554 @10 ASM ENTITY @2 91 #
face $1828 -1 $-1 $1829 $1830 $4 $-1 $1831 forward single #
loop $-1 -1 $-1 $-1 $1822 $1554 #
plane-surface $-1 -1 $-1 4.200000000000000178 -2.600000000000000089 114.9000000000000199 0 0 1 1 0 0 forward_v I I I I #
coedge $-1 -1 $-1 $1700 $1700 $1832 $1833 forward $1556 $-1 #
DXID-attrib $-1 -1 $-1 $-1 $1557 @10 ASM ENTITY @3 109 #
cone-surface $-1 -1 $-1 94.50000000000001421 -3.000000000000000444 124.5000000000000142 -0 -1 -0 0 0 3.200000000000000622 1 I I 0.6489466060827521199 0.7608339519590837652 3.200000000000000622 forward I I I I #
vertex $-1 -1 $-1 $1560 $1834 #
ellipse-curve $-1 -1 $-1 94.50000000000001421 -1.300000000000000044 5.5 0 1 0 0 0 1.750000000000000222 1 I I #
DXID-attrib $-1 -1 $-1 $-1 $1562 @10 ASM ENTITY @3 108 #
loop $-1 -1 $-1 $-1 $1835 $1562 #
plane-surface $-1 -1 $-1 2.75 4 2.75 0 1 0 0 0 1 forward_v I I I I #
coedge $-1 -1 $-1 $1752 $1836 $1744 $1837 reversed $1563 $-1 #
DXID-attrib $-1 -1 $-1 $-1 $1567 @10 ASM ENTITY @3 116 #
face $1838 -1 $-1 $1839 $1809 $4 $-1 $1840 reversed single #
loop $-1 -1 $-1 $-1 $1783 $1567 #
plane-surface $-1 -1 $-1 17.39999999999999858 -0.1000000000000000194 100.5 1 0 0 0 0 1 forward_v I I I I #
loop $-1 -1 $-1 $-1 $1841 $1415 #
coedge $-1 -1 $-1 $1714 $1714 $1842 $1843 reversed $1568 $-1 #
coedge $-1 -1 $-1 $1844 $1570 $1845 $1846 forward $1416 $-1 #
coedge $-1 -1 $-1 $1570 $1844 $1847 $1848 reversed $1416 $-1 #
coedge $-1 -1 $-1 $1849 $1850 $1570 $1718 forward $1830 $-1 #
edge $-1 -1 $-1 $1851 0 $1852 6.000000000000014211 $1717 $1853 forward @7 unknown #
loop $-1 -1 $-1 $1854 $1573 $1855 #
vertex $-1 -1 $-1 $1574 $1856 #
ellipse-curve $-1 -1 $-1 94.50000000000001421 0 124.5000000000000142 0 1 0 0 0 1.750000000000000222 1 I I #
coedge $-1 -1 $-1 $1857 $1858 $1575 $1723 reversed $1859 $-1 #
edge $-1 -1 $-1 $1727 2.447699560136912922 $1732 2.966277362283745944 $1575 $1860 forward @7 unknown #
coedge $-1 -1 $-1 $1861 $1576 $1581 $1736 reversed $1726 $-1 #
coedge $-1 -1 $-1 $1576 $1861 $1857 $1862 reversed $1726 $-1 #
loop $-1 -1 $-1 $-1 $1576 $1863 #
vertex $-1 -1 $-1 $1577 $1864 #
straight-curve $-1 -1 $-1 97.25000000000001421 0 2.75 0 0 1 F 43.75 F 118.4443230647799936 #
coedge $-1 -1 $-1 $1865 $1578 $1858 $1866 forward $1731 $-1 #
coedge $-1 -1 $-1 $1578 $1865 $1580 $1735 forward $1731 $-1 #
loop $-1 -1 $-1 $-1 $1729 $1867 #
vertex $-1 -1 $-1 $1723 $1868 #
straight-curve $-1 -1 $-1 95.25 0 3.75 0 0 -1 F -116.5159121407300091 F -42.75 #
coedge $-1 -1 $-1 $1581 $1580 $1869 $1870 forward $1582 $-1 #
edge $-1 -1 $-1 $1871 -5 $1583 -1 $1580 $1872 forward @7 unknown #
edge $-1 -1 $-1 $1873 -4.5 $1584 -0.5 $1581 $1874 forward @7 unknown #
face $1875 -1 $-1 $1867 $1582 $4 $-1 $1876 reversed single #
point $-1 -1 $-1 95.25 0 46.5 #
point $-1 -1 $-1 97.25000000000001421 0 46.5 #
coedge $-1 -1 $-1 $1877 $1586 $1589 $1745 reversed $1742 $-1 #
coedge $-1 -1 $-1 $1586 $1877 $1593 $1749 forward $1742 $-1 #
loop $-1 -1 $-1 $-1 $1741 $1878 #
straight-curve $-1 -1 $-1 48.375 0 33.5 1 0 0 F 46.875 F 48.87500000000000711 #
coedge $-1 -1 $-1 $1589 $1588 $1708 $1837 forward $1590 $-1 #
edge $-1 -1 $-1 $1879 -4.5 $1591 -0.5 $1589 $1880 forward @7 unknown #
face $1881 -1 $-1 $1878 $1590 $4 $-1 $1882 forward single #
point $-1 -1 $-1 97.25000000000001421 0 33.5 #
coedge $-1 -1 $-1 $1594 $1593 $1883 $1884 forward $1595 $-1 #
edge $-1 -1 $-1 $1885 -5 $1596 -1 $1593 $1886 forward @7 unknown #
face $1887 -1 $-1 $1746 $1595 $4 $-1 $1888 reversed single #
point $-1 -1 $-1 95.25 0 33.5 #
coedge $-1 -1 $-1 $1883 $1708 $1598 $1753 reversed $1563 $-1 #
edge $-1 -1 $-1 $1754 0.1753152913061265528 $1756 0.6938930934539238038 $1598 $1889 forward @7 unknown #
vertex $-1 -1 $-1 $1599 $1890 #
straight-curve $-1 -1 $-1 95.25 -1 9.734087859267999576 0 1 0 F 1 F 5 #
vertex $-1 -1 $-1 $1753 $1891 #
straight-curve $-1 -1 $-1 97.25000000000001421 -1 8.805676935213000434 0 1 0 F 1 F 5 #
DXID-attrib $-1 -1 $-1 $-1 $1601 @10 ASM ENTITY @2 66 #
cone-surface $-1 -1 $-1 94.50000000000001421 -1 5.5 0 1 0 0 0 4.299999999999999822 1 I I 0 1 4.299999999999999822 forward I I I I #
coedge $-1 -1 $-1 $1608 $1614 $1606 $1761 reversed $1620 $-1 #
edge $-1 -1 $-1 $1610 5.984087859267999576 $1616 86.51591214073100389 $1606 $1892 forward @7 unknown #
DXID-attrib $-1 -1 $-1 $-1 $1607 @10 ASM ENTITY @2 64 #
plane-surface $-1 -1 $-1 4.75 -1 125.25 0 0 1 1 0 0 forward_v I I I I #
ellipse-curve $-1 -1 $-1 5.5 4 124.5000000000000142 0 1 0 0 0 4.299999999999999822 1 F 0.8769032333409727542 F 1.395481035488770116 #
point $-1 -1 $-1 9.734087859267999576 4 125.25 #
ellipse-curve $-1 -1 $-1 94.50000000000001421 4 124.5000000000000142 0 1 0 0 0 4.299999999999999822 1 F -1.395481035488808086 F -0.8769032333411217461 #
point $-1 -1 $-1 90.26591214073100389 4 125.25 #
face $1893 -1 $-1 $1240 $1620 $4 $-1 $1894 forward single #
straight-curve $-1 -1 $-1 16.5 7.200000000000001066 114.8000000000000114 1 0 0 F 0 F 20.99999999999999645 #
DXID-attrib $-1 -1 $-1 $-1 $1632 @10 ASM ENTITY @3 104 #
plane-surface $-1 -1 $-1 16.5 7.200000000000001066 114.8000000000000114 0 1 0 0 0 1 forward_v I I I I #
coedge $-1 -1 $-1 $1638 $1637 $1789 $1895 reversed $1639 $-1 #
face $1896 -1 $-1 $1793 $1639 $4 $-1 $1897 forward single #
vertex $-1 -1 $-1 $1654 $1898 #
straight-curve $-1 -1 $-1 16.80000000000000071 0.5999999999999999778 108.5000000000000142 1 0 0 F 0 F 0.5999999999999983125 #
coedge $-1 -1 $-1 $1789 $1783 $1643 $1777 forward $1711 $-1 #
edge $-1 -1 $-1 $1785 0 $1778 0.7000000000000000666 $1643 $1899 forward @7 unknown #
vertex $-1 -1 $-1 $1644 $1900 #
straight-curve $-1 -1 $-1 16.80000000000000071 0.5999999999999999778 100.5 1 0 0 F 0 F 0.5999999999999983125 #
DXID-attrib $-1 -1 $-1 $-1 $1645 @10 ASM ENTITY @2 98 #
plane-surface $-1 -1 $-1 16.80000000000000071 -0.1000000000000000194 100.5 0 0 1 1 0 0 forward_v I I I I #
straight-curve $-1 -1 $-1 16.80000000000000071 -1.300000000000000044 94.75 1 0 0 F 0 F 36 #
coedge $-1 -1 $-1 $1776 $1653 $1649 $1784 reversed $1711 $-1 #
edge $-1 -1 $-1 $1785 0 $1655 8.000000000000007105 $1649 $1901 forward @7 unknown #
vertex $-1 -1 $-1 $1650 $1902 #
straight-curve $-1 -1 $-1 16.80000000000000071 -0.1000000000000000194 100.5 1 0 0 F 0 F 0.5999999999999983125 #
DXID-attrib $-1 -1 $-1 $-1 $1651 @10 ASM ENTITY @2 97 #
plane-surface $-1 -1 $-1 16.80000000000000071 -0.1000000000000000194 100.5 0 1 0 0 0 1 forward_v I I I I #
coedge $-1 -1 $-1 $1653 $1776 $1772 $1895 forward $1711 $-1 #
straight-curve $-1 -1 $-1 17.39999999999999858 -0.1000000000000000194 108.5000000000000142 0 1 0 F 0 F 0.7000000000000000666 #
point $-1 -1 $-1 17.39999999999999858 -0.1000000000000000194 108.5000000000000142 #
coedge $-1 -1 $-1 $1663 $1662 $1808 $1903 forward $1664 $-1 #
face $1904 -1 $-1 $1632 $1664 $4 $-1 $1905 forward single #
coedge $-1 -1 $-1 $1802 $1808 $1666 $1795 reversed $1809 $-1 #
edge $-1 -1 $-1 $1804 0 $1796 0.7000000000000000666 $1666 $1906 forward @7 unknown #
vertex $-1 -1 $-1 $1795 $1907 #
straight-curve $-1 -1 $-1 52.20000000000000284 0.5999999999999999778 100.5 1 0 0 F 0 F 0.599999999999996092 #
DXID-attrib $-1 -1 $-1 $-1 $1668 @10 ASM ENTITY @3 101 #
plane-surface $-1 -1 $-1 52.20000000000000284 -0.1000000000000000194 100.5 0 0 1 1 0 0 forward_v I I I I #
vertex $-1 -1 $-1 $1679 $1908 #
straight-curve $-1 -1 $-1 52.20000000000000284 0.5999999999999999778 108.5000000000000142 1 0 0 F 0 F 0.599999999999996092 #
coedge $-1 -1 $-1 $1678 $1794 $1674 $1803 forward $1809 $-1 #
edge $-1 -1 $-1 $1804 0 $1680 8.000000000000007105 $1674 $1909 forward @7 unknown #
vertex $-1 -1 $-1 $1675 $1910 #
straight-curve $-1 -1 $-1 52.20000000000000284 -0.1000000000000000194 100.5 1 0 0 F 0 F 0.599999999999996092 #
DXID-attrib $-1 -1 $-1 $-1 $1676 @10 ASM ENTITY @3 100 #
plane-surface $-1 -1 $-1 52.20000000000000284 -0.1000000000000000194 100.5 0 1 0 0 0 1 forward_v I I I I #
coedge $-1 -1 $-1 $1794 $1678 $1792 $1903 reversed $1809 $-1 #
loop $-1 -1 $-1 $-1 $1802 $1710 #
straight-curve $-1 -1 $-1 52.20000000000000284 -0.1000000000000000194 108.5000000000000142 0 1 0 F 0 F 0.7000000000000000666 #
point $-1 -1 $-1 52.20000000000000284 -0.1000000000000000194 108.5000000000000142 #
coedge $-1 -1 $-1 $1850 $1849 $1685 $1813 reversed $1830 $-1 #
edge $-1 -1 $-1 $1817 0 $1824 6.000000000000014211 $1685 $1911 forward @7 unknown #
coedge $-1 -1 $-1 $1845 $1686 $1688 $1820 reversed $1816 $-1 #
coedge $-1 -1 $-1 $1686 $1845 $1850 $1912 forward $1816 $-1 #
loop $-1 -1 $-1 $-1 $1815 $1829 #
vertex $-1 -1 $-1 $1687 $1913 #
straight-curve $-1 -1 $-1 15 -2.600000000000000089 108.9000000000000057 0 1 0 F 0 F 0.5999999999999999778 #
coedge $-1 -1 $-1 $1688 $1693 $1844 $1914 reversed $1380 $-1 #
edge $-1 -1 $-1 $1915 0.7999999999999996003 $1689 10.80000000000000071 $1688 $1916 forward @7 unknown #
point $-1 -1 $-1 15 -2.600000000000000089 108.9000000000000057 #
coedge $-1 -1 $-1 $1847 $1691 $1849 $1917 reversed $1698 $-1 #
coedge $-1 -1 $-1 $1691 $1847 $1693 $1826 forward $1698 $-1 #
vertex $-1 -1 $-1 $1813 $1918 #
straight-curve $-1 -1 $-1 15 -2.600000000000000089 114.9000000000000199 0 1 0 F 0 F 0.5999999999999999778 #
edge $-1 -1 $-1 $1919 0.7999999999999996003 $1694 10.80000000000000071 $1693 $1920 forward @7 unknown #
point $-1 -1 $-1 15 -2.600000000000000089 114.9000000000000199 #
DXID-attrib $-1 -1 $-1 $-1 $1697 @10 ASM ENTITY @2 92 #
face $1921 -1 $-1 $1364 $1816 $4 $-1 $1922 reversed single #
loop $-1 -1 $-1 $1923 $1850 $1697 #
plane-surface $-1 -1 $-1 5 -2 108.9000000000000057 0 1 0 0 0 1 forward_v I I I I #
coedge $-1 -1 $-1 $1832 $1832 $1700 $1833 reversed $1854 $-1 #
edge $-1 -1 $-1 $1924 0 $1924 6.283185307179586232 $1832 $1925 forward @7 unknown #
point $-1 -1 $-1 94.50000000000001421 -1.300000000000000044 7.250000000000000888 #
coedge $-1 -1 $-1 $1869 $1926 $1861 $1927 reversed $1706 $-1 #
coedge $-1 -1 $-1 $1708 $1883 $1877 $1928 forward $1563 $-1 #
edge $-1 -1 $-1 $1756 6.055676935212999545 $1879 30.75 $1744 $1929 forward @7 unknown #
DXID-attrib $-1 -1 $-1 $-1 $1710 @10 ASM ENTITY @3 117 #
face $1930 -1 $-1 $-1 $1931 $4 $-1 $1932 forward single #
plane-surface $-1 -1 $-1 52.20000000000000284 -0.1000000000000000194 100.5 1 0 0 0 0 1 forward_v I I I I #
coedge $-1 -1 $-1 $1841 $1841 $1933 $1934 forward $1713 $-1 #
coedge $-1 -1 $-1 $1842 $1842 $1714 $1843 forward $1931 $-1 #
edge $-1 -1 $-1 $1935 0 $1935 6.283185307179586232 $1714 $1936 forward @7 unknown #
coedge $-1 -1 $-1 $1716 $1715 $1819 $1914 forward $1416 $-1 #
coedge $-1 -1 $-1 $1815 $1814 $1715 $1846 reversed $1816 $-1 #
edge $-1 -1 $-1 $1851 -0.5999999999999999778 $1915 0 $1845 $1937 forward @7 unknown #
coedge $-1 -1 $-1 $1823 $1822 $1716 $1848 forward $1698 $-1 #
edge $-1 -1 $-1 $1852 -0.5999999999999999778 $1919 0 $1847 $1938 forward @7 unknown #
coedge $-1 -1 $-1 $1812 $1717 $1822 $1917 forward $1830 $-1 #
coedge $-1 -1 $-1 $1717 $1812 $1815 $1912 reversed $1830 $-1 #
vertex $-1 -1 $-1 $1912 $1939 #
vertex $-1 -1 $-1 $1917 $1940 #
straight-curve $-1 -1 $-1 5 -2 108.9000000000000057 0 0 1 F 0 F 6.000000000000014211 #
loop $-1 -1 $-1 $-1 $1832 $1855 #
face $1941 -1 $-1 $360 $1719 $4 $-1 $1942 reversed single #
point $-1 -1 $-1 94.50000000000001421 0 126.25 #
coedge $-1 -1 $-1 $1943 $1722 $1725 $1862 forward $1859 $-1 #
coedge $-1 -1 $-1 $1722 $1943 $1729 $1866 reversed $1859 $-1 #
loop $-1 -1 $-1 $-1 $1857 $1944 #
ellipse-curve $-1 -1 $-1 94.50000000000001421 0 124.5000000000000142 0 1 0 0 0 4.299999999999999822 1 F 2.447699560136912922 F 2.966277362283745944 #
coedge $-1 -1 $-1 $1725 $1724 $1835 $1927 forward $1726 $-1 #
edge $-1 -1 $-1 $1727 1 $1945 5 $1725 $1946 forward @7 unknown #
face $1947 -1 $-1 $1944 $1726 $4 $-1 $1948 forward single #
point $-1 -1 $-1 97.25000000000001421 0 121.1943230647800078 #
coedge $-1 -1 $-1 $1730 $1729 $1949 $1950 forward $1731 $-1 #
edge $-1 -1 $-1 $1732 1 $1951 5 $1729 $1952 forward @7 unknown #
face $1953 -1 $-1 $1863 $1731 $4 $-1 $1954 reversed single #
point $-1 -1 $-1 95.25 0 120.2659121407300091 #
coedge $-1 -1 $-1 $1949 $1835 $1734 $1870 reversed $1706 $-1 #
edge $-1 -1 $-1 $1871 46.875 $1873 48.87500000000000711 $1734 $1955 forward @7 unknown #
vertex $-1 -1 $-1 $1735 $1956 #
straight-curve $-1 -1 $-1 95.25 -1 46.5 0 -1 0 F -5 F -1 #
vertex $-1 -1 $-1 $1870 $1957 #
straight-curve $-1 -1 $-1 97.25000000000001421 -0.5 46.5 0 -1 0 F -4.5 F -0.5 #
DXID-attrib $-1 -1 $-1 $-1 $1737 @10 ASM ENTITY @2 70 #
plane-surface $-1 -1 $-1 94 -1 46.5 0 0 1 1 0 0 forward_v I I I I #
coedge $-1 -1 $-1 $1741 $1740 $1836 $1928 reversed $1742 $-1 #
face $1958 -1 $-1 $1737 $1742 $4 $-1 $1959 forward single #
vertex $-1 -1 $-1 $1837 $1960 #
straight-curve $-1 -1 $-1 97.25000000000001421 -0.5 33.5 0 -1 0 F -4.5 F -0.5 #
DXID-attrib $-1 -1 $-1 $-1 $1746 @10 ASM ENTITY @2 68 #
plane-surface $-1 -1 $-1 97.25000000000001421 0 2.75 1 0 0 0 0 1 forward_v I I I I #
coedge $-1 -1 $-1 $1836 $1752 $1748 $1884 reversed $1563 $-1 #
edge $-1 -1 $-1 $1885 -29.75 $1754 -5.984087859267999576 $1748 $1961 forward @7 unknown #
vertex $-1 -1 $-1 $1749 $1962 #
straight-curve $-1 -1 $-1 95.25 -1 33.5 0 -1 0 F -5 F -1 #
DXID-attrib $-1 -1 $-1 $-1 $1750 @10 ASM ENTITY @2 67 #
plane-surface $-1 -1 $-1 95.25 -1 4.75 1 0 0 0 0 1 forward_v I I I I #
ellipse-curve $-1 -1 $-1 94.50000000000001421 4 5.5 0 1 0 0 0 4.299999999999999822 1 F 0.1753152913061265528 F 0.6938930934539238038 #
point $-1 -1 $-1 95.25 4 9.734087859267999576 #
point $-1 -1 $-1 97.25000000000001421 4 8.805676935213000434 #
straight-curve $-1 -1 $-1 3.75 4 125.25 1 0 0 F 5.984087859267999576 F 86.51591214073100389 #
DXID-attrib $-1 -1 $-1 $-1 $1768 @10 ASM ENTITY @3 105 #
plane-surface $-1 -1 $-1 2.75 4 2.75 0 1 0 0 0 1 forward_v I I I I #
edge $-1 -1 $-1 $1778 0 $1774 8.000000000000007105 $1772 $1963 forward @7 unknown #
DXID-attrib $-1 -1 $-1 $-1 $1773 @10 ASM ENTITY @3 102 #
plane-surface $-1 -1 $-1 16.80000000000000071 0.5999999999999999778 100.5 0 1 0 0 0 1 forward_v I I I I #
point $-1 -1 $-1 17.39999999999999858 0.5999999999999999778 108.5000000000000142 #
straight-curve $-1 -1 $-1 17.39999999999999858 -0.1000000000000000194 100.5 0 1 0 F 0 F 0.7000000000000000666 #
point $-1 -1 $-1 17.39999999999999858 0.5999999999999999778 100.5 #
straight-curve $-1 -1 $-1 17.39999999999999858 -0.1000000000000000194 100.5 0 0 1 F 0 F 8.000000000000007105 #
point $-1 -1 $-1 17.39999999999999858 -0.1000000000000000194 100.5 #
edge $-1 -1 $-1 $1796 0 $1800 8.000000000000007105 $1792 $1964 forward @7 unknown #
DXID-attrib $-1 -1 $-1 $-1 $1793 @10 ASM ENTITY @3 103 #
plane-surface $-1 -1 $-1 52.20000000000000284 0.5999999999999999778 100.5 0 1 0 0 0 1 forward_v I I I I #
straight-curve $-1 -1 $-1 52.20000000000000284 -0.1000000000000000194 100.5 0 1 0 F 0 F 0.7000000000000000666 #
point $-1 -1 $-1 52.20000000000000284 0.5999999999999999778 100.5 #
point $-1 -1 $-1 52.20000000000000284 0.5999999999999999778 108.5000000000000142 #
straight-curve $-1 -1 $-1 52.20000000000000284 -0.1000000000000000194 100.5 0 0 1 F 0 F 8.000000000000007105 #
point $-1 -1 $-1 52.20000000000000284 -0.1000000000000000194 100.5 #
straight-curve $-1 -1 $-1 15 -2 108.9000000000000057 0 0 1 F 0 F 6.000000000000014211 #
edge $-1 -1 $-1 $1851 0 $1817 10 $1850 $1965 forward @7 unknown #
point $-1 -1 $-1 15 -2 108.9000000000000057 #
edge $-1 -1 $-1 $1915 0.8000000000000007105 $1919 6.800000000000014921 $1819 $1966 forward @7 unknown #
vertex $-1 -1 $-1 $1914 $1967 #
straight-curve $-1 -1 $-1 4.200000000000000178 -2.600000000000000089 108.9000000000000057 1 0 0 F 0.7999999999999996003 F 10.80000000000000071 #
edge $-1 -1 $-1 $1852 0 $1824 10 $1822 $1968 forward @7 unknown #
point $-1 -1 $-1 15 -2 114.9000000000000199 #
vertex $-1 -1 $-1 $1826 $1969 #
straight-curve $-1 -1 $-1 4.200000000000000178 -2.600000000000000089 114.9000000000000199 1 0 0 F 0.7999999999999996003 F 10.80000000000000071 #
DXID-attrib $-1 -1 $-1 $-1 $1829 @10 ASM ENTITY @2 93 #
plane-surface $-1 -1 $-1 4.200000000000000178 -2.600000000000000089 108.9000000000000057 0 0 1 1 0 0 forward_v I I I I #
loop $-1 -1 $-1 $-1 $1933 $1697 #
vertex $-1 -1 $-1 $1833 $1970 #
ellipse-curve $-1 -1 $-1 94.50000000000001421 -1.300000000000000044 124.5000000000000142 0 1 0 0 0 1.750000000000000222 1 I I #
coedge $-1 -1 $-1 $1835 $1949 $1943 $1971 reversed $1706 $-1 #
edge $-1 -1 $-1 $1873 43.75 $1945 118.4443230647799936 $1861 $1972 forward @7 unknown #
edge $-1 -1 $-1 $1885 46.875 $1879 48.87500000000000711 $1877 $1973 forward @7 unknown #
straight-curve $-1 -1 $-1 97.25000000000001421 4 2.75 0 0 1 F 6.055676935212999545 F 30.75 #
DXID-attrib $-1 -1 $-1 $-1 $1839 @10 ASM ENTITY @3 118 #
loop $-1 -1 $-1 $-1 $1842 $1839 #
plane-surface $-1 -1 $-1 6.900000000000000355 5.200000000000000178 111.9000000000000057 0 1 0 0 0 1 forward_v I I I I #
coedge $-1 -1 $-1 $1933 $1933 $1841 $1934 reversed $1923 $-1 #
edge $-1 -1 $-1 $1974 0 $1974 6.283185307179586232 $1933 $1975 forward @7 unknown #
vertex $-1 -1 $-1 $1843 $1976 #
ellipse-curve $-1 -1 $-1 6.900000000000000355 5.200000000000000178 111.9000000000000057 0 1 0 0 0 1.25 1 I I #
straight-curve $-1 -1 $-1 5 -2.600000000000000089 108.9000000000000057 0 -1 0 F -0.5999999999999999778 F 0 #
straight-curve $-1 -1 $-1 5 -2.600000000000000089 114.9000000000000199 0 -1 0 F -0.5999999999999999778 F 0 #
point $-1 -1 $-1 5 -2 108.9000000000000057 #
point $-1 -1 $-1 5 -2 114.9000000000000199 #
DXID-attrib $-1 -1 $-1 $-1 $1855 @10 ASM ENTITY @2 74 #
cone-surface $-1 -1 $-1 94.50000000000001421 -4 124.5000000000000142 0 1 0 0 0 1.750000000000000222 1 I I 0 1 1.750000000000000222 forward I I I I #
coedge $-1 -1 $-1 $1858 $1857 $1926 $1971 forward $1859 $-1 #
face $1977 -1 $-1 $1855 $1859 $4 $-1 $1978 reversed single #
vertex $-1 -1 $-1 $1927 $1979 #
straight-curve $-1 -1 $-1 97.25000000000001421 -1 121.1943230647800078 0 1 0 F 1 F 5 #
DXID-attrib $-1 -1 $-1 $-1 $1863 @10 ASM ENTITY @2 72 #
plane-surface $-1 -1 $-1 97.25000000000001421 0 2.75 1 0 0 0 0 1 forward_v I I I I #
coedge $-1 -1 $-1 $1926 $1869 $1865 $1950 reversed $1706 $-1 #
edge $-1 -1 $-1 $1951 -116.5159121407300091 $1871 -42.75 $1865 $1980 forward @7 unknown #
vertex $-1 -1 $-1 $1866 $1981 #
straight-curve $-1 -1 $-1 95.25 -1 120.2659121407300091 0 1 0 F 1 F 5 #
DXID-attrib $-1 -1 $-1 $-1 $1867 @10 ASM ENTITY @2 71 #
plane-surface $-1 -1 $-1 95.25 -1 4.75 1 0 0 0 0 1 forward_v I I I I #
straight-curve $-1 -1 $-1 48.375 4 46.5 1 0 0 F 46.875 F 48.87500000000000711 #
point $-1 -1 $-1 95.25 4 46.5 #
point $-1 -1 $-1 97.25000000000001421 4 46.5 #
DXID-attrib $-1 -1 $-1 $-1 $1878 @10 ASM ENTITY @2 69 #
plane-surface $-1 -1 $-1 94 -1 33.5 0 0 1 1 0 0 forward_v I I I I #
point $-1 -1 $-1 97.25000000000001421 4 33.5 #
straight-curve $-1 -1 $-1 95.25 4 3.75 0 0 -1 F -29.75 F -5.984087859267999576 #
point $-1 -1 $-1 95.25 4 33.5 #
straight-curve $-1 -1 $-1 17.39999999999999858 0.5999999999999999778 100.5 0 0 1 F 0 F 8.000000000000007105 #
straight-curve $-1 -1 $-1 52.20000000000000284 0.5999999999999999778 100.5 0 0 1 F 0 F 8.000000000000007105 #
straight-curve $-1 -1 $-1 5 -2 108.9000000000000057 1 0 0 F 0 F 10 #
straight-curve $-1 -1 $-1 5 -2.600000000000000089 108.1000000000000085 0 0 1 F 0.8000000000000007105 F 6.800000000000014921 #
point $-1 -1 $-1 5 -2.600000000000000089 108.9000000000000057 #
straight-curve $-1 -1 $-1 5 -2 114.9000000000000199 1 0 0 F 0 F 10 #
point $-1 -1 $-1 5 -2.600000000000000089 114.9000000000000199 #
point $-1 -1 $-1 94.50000000000001421 -1.300000000000000044 126.25 #
edge $-1 -1 $-1 $1945 2.447699560136912922 $1951 2.966277362283745944 $1943 $1982 forward @7 unknown #
straight-curve $-1 -1 $-1 97.25000000000001421 4 2.75 0 0 1 F 43.75 F 118.4443230647799936 #
straight-curve $-1 -1 $-1 48.375 4 33.5 1 0 0 F 46.875 F 48.87500000000000711 #
vertex $-1 -1 $-1 $1934 $1983 #
ellipse-curve $-1 -1 $-1 6.900000000000000355 -2 111.9000000000000057 0 1 0 0 0 1.25 1 I I #
point $-1 -1 $-1 6.900000000000000355 5.200000000000000178 113.1500000000000057 #
DXID-attrib $-1 -1 $-1 $-1 $1944 @10 ASM ENTITY @2 73 #
cone-surface $-1 -1 $-1 94.50000000000001421 -1 124.5000000000000142 0 1 0 0 0 4.299999999999999822 1 I I 0 1 4.299999999999999822 forward I I I I #
point $-1 -1 $-1 97.25000000000001421 4 121.1943230647800078 #
straight-curve $-1 -1 $-1 95.25 4 3.75 0 0 -1 F -116.5159121407300091 F -42.75 #
point $-1 -1 $-1 95.25 4 120.2659121407300091 #
ellipse-curve $-1 -1 $-1 94.50000000000001421 4 124.5000000000000142 0 1 0 0 0 4.299999999999999822 1 F 2.447699560136912922 F 2.966277362283745944 #
point $-1 -1 $-1 6.900000000000000355 -2 113.1500000000000057 #
End-of-ACIS-data 