700 0 8 0           
30 Autodesk Translation Framework 21 ASM 232.4.0.65535 OSX 24 Fri Sep  4 15:40:02 2026 
1 9.999999999999999547e-07 1.000000000000000036e-10 
body $8 -1 $-1 $9 $-1 $-1 #
body $10 -1 $-1 $11 $-1 $-1 #
body $12 -1 $-1 $13 $-1 $-1 #
body $14 -1 $-1 $15 $-1 $-1 #
body $16 -1 $-1 $17 $-1 $-1 #
body $18 -1 $-1 $19 $-1 $-1 #
body $20 -1 $-1 $21 $-1 $-1 #
body $22 -1 $-1 $23 $-1 $-1 #
rgb_color-st-attrib $-1 -1 $24 $-1 $0 0.8509803921568627194 0.8509803921568627194 0.8509803921568627194 #
lump $-1 -1 $-1 $-1 $25 $0 #
rgb_color-st-attrib $-1 -1 $26 $-1 $1 0.7490196078431372584 0.7803921568627451011 0.8196078431372548767 #
lump $-1 -1 $-1 $-1 $27 $1 #
rgb_color-st-attrib $-1 -1 $28 $-1 $2 0.09803921568627450844 0.4509803921568627527 0.2000000000000000111 #
lump $-1 -1 $-1 $-1 $29 $2 #
rgb_color-st-attrib $-1 -1 $30 $-1 $3 0.5019607843137254832 0.5019607843137254832 0.5019607843137254832 #
lump $-1 -1 $-1 $-1 $31 $3 #
rgb_color-st-attrib $-1 -1 $32 $-1 $4 0.2980392156862745057 0.2980392156862745057 0.2980392156862745057 #
lump $-1 -1 $-1 $-1 $33 $4 #
rgb_color-st-attrib $-1 -1 $34 $-1 $5 0.8000000000000000444 0.7019607843137254388 0.2980392156862745057 #
lump $-1 -1 $-1 $-1 $35 $5 #
rgb_color-st-attrib $-1 -1 $36 $-1 $6 0.1490196078431372528 0.1490196078431372528 0.1490196078431372528 #
lump $-1 -1 $-1 $-1 $37 $6 #
rgb_color-st-attrib $-1 -1 $38 $-1 $7 0.7019607843137254388 0.898039215686274539 1 #
lump $-1 -1 $-1 $-1 $39 $7 #
ATTRIB_CUSTOM-attrib $-1 -1 $-1 $8 $0 @20 Timestamp_attrib_def 1 1788532801766817 #
shell $-1 -1 $-1 $-1 $-1 $40 $-1 $9 #
ATTRIB_CUSTOM-attrib $-1 -1 $-1 $10 $1 @20 Timestamp_attrib_def 1 1788532801769684 #
shell $-1 -1 $-1 $-1 $-1 $41 $-1 $11 #
ATTRIB_CUSTOM-attrib $-1 -1 $-1 $12 $2 @20 Timestamp_attrib_def 1 1788532801770565 #
shell $-1 -1 $-1 $-1 $-1 $42 $-1 $13 #
ATTRIB_CUSTOM-attrib $-1 -1 $-1 $14 $3 @20 Timestamp_attrib_def 1 1788532801770949 #
shell $-1 -1 $-1 $-1 $-1 $43 $-1 $15 #
ATTRIB_CUSTOM-attrib $-1 -1 $-1 $16 $4 @20 Timestamp_attrib_def 1 1788532801771168 #
shell $-1 -1 $-1 $-1 $-1 $44 $-1 $17 #
ATTRIB_CUSTOM-attrib $-1 -1 $-1 $18 $5 @20 Timestamp_attrib_def 1 1788532801771392 #
shell $-1 -1 $-1 $-1 $-1 $45 $-1 $19 #
ATTRIB_CUSTOM-attrib $-1 -1 $-1 $20 $6 @20 Timestamp_attrib_def 1 1788532801771594 #
shell $-1 -1 $-1 $-1 $-1 $46 $-1 $21 #
ATTRIB_CUSTOM-attrib $-1 -1 $-1 $22 $7 @20 Timestamp_attrib_def 1 1788532801771818 #
shell $-1 -1 $-1 $-1 $-1 $47 $-1 $23 #
face $48 -1 $-1 $49 $50 $25 $-1 $51 reversed single #
face $52 -1 $-1 $53 $54 $27 $-1 $55 reversed single #
face $56 -1 $-1 $57 $58 $29 $-1 $59 forward single #
face $60 -1 $-1 $61 $62 $31 $-1 $63 reversed single #
face $64 -1 $-1 $65 $66 $33 $-1 $67 forward single #
face $68 -1 $-1 $69 $70 $35 $-1 $71 forward single #
face $72 -1 $-1 $73 $74 $37 $-1 $75 forward single #
face $76 -1 $-1 $77 $78 $39 $-1 $79 reversed single #
DXID-attrib $-1 -1 $-1 $-1 $40 @10 ASM ENTITY @1 0 #
face $80 -1 $-1 $81 $82 $25 $-1 $83 reversed single #
loop $-1 -1 $-1 $-1 $84 $40 #
plane-surface $-1 -1 $-1 0 0 0 1 0 0 0 0 1 forward_v I I I I #
DXID-attrib $-1 -1 $-1 $-1 $41 @10 ASM ENTITY @1 0 #
face $85 -1 $-1 $86 $87 $27 $-1 $88 reversed single #
loop $-1 -1 $-1 $-1 $89 $41 #
plane-surface $-1 -1 $-1 0 -3.000000000000000444 0 1 0 0 0 0 1 forward_v I I I I #
DXID-attrib $-1 -1 $-1 $-1 $42 @10 ASM ENTITY @1 0 #
face $90 -1 $-1 $91 $92 $29 $-1 $93 forward single #
loop $-1 -1 $-1 $-1 $94 $42 #
plane-surface $-1 -1 $-1 46.00000000000000711 7.5 47.27000000000000313 -0.7071067811865475727 -7.8504622934139775e-17 -0.7071067811865475727 0.7071067811865476838 -7.8504622934139775e-17 -0.7071067811865476838 forward_v I I I I #
DXID-attrib $-1 -1 $-1 $-1 $43 @10 ASM ENTITY @1 0 #
face $95 -1 $-1 $96 $97 $31 $-1 $98 reversed single #
loop $-1 -1 $-1 $-1 $99 $43 #
plane-surface $-1 -1 $-1 14.85000000000000142 2.549999999999999822 35.79999999999999716 1 0 0 0 0 1 forward_v I I I I #
DXID-attrib $-1 -1 $-1 $-1 $44 @10 ASM ENTITY @1 0 #
face $100 -1 $-1 $101 $102 $33 $-1 $103 forward single #
loop $-1 -1 $-1 $104 $105 $44 #
cone-surface $-1 -1 $-1 -40 5.799999999999999822 42 1 0 0 0 0 2.25 1 I I 0 1 2.25 forward I I I I #
DXID-attrib $-1 -1 $-1 $-1 $45 @10 ASM ENTITY @1 0 #
face $106 -1 $-1 $107 $108 $35 $-1 $109 forward single #
loop $-1 -1 $-1 $110 $111 $45 #
cone-surface $-1 -1 $-1 104 15 68 0 0 1 3.149999999999999911 0 0 1 I I 0 1 3.149999999999999911 forward I I I I #
DXID-attrib $-1 -1 $-1 $-1 $46 @10 ASM ENTITY @1 0 #
face $112 -1 $-1 $113 $114 $37 $-1 $115 forward single #
loop $-1 -1 $-1 $116 $117 $46 #
cone-surface $-1 -1 $-1 104 15 88 0 0 1 6.5 0 0 1 I I 0 1 6.5 forward I I I I #
DXID-attrib $-1 -1 $-1 $-1 $47 @10 ASM ENTITY @1 0 #
face $118 -1 $-1 $119 $120 $39 $-1 $121 forward single #
loop $-1 -1 $-1 $-1 $122 $47 #
plane-surface $-1 -1 $-1 59.40000000000000568 -1.300000000000000044 32.85000000000000142 1 0 0 0 0 1 forward_v I I I I #
DXID-attrib $-1 -1 $-1 $-1 $49 @10 ASM ENTITY @1 1 #
face $123 -1 $-1 $124 $125 $25 $-1 $126 forward single #
loop $-1 -1 $-1 $-1 $127 $49 #
plane-surface $-1 -1 $-1 0 0 0 0 1 0 0 0 1 forward_v I I I I #
coedge $-1 -1 $-1 $128 $129 $130 $131 forward $50 $-1 #
DXID-attrib $-1 -1 $-1 $-1 $53 @10 ASM ENTITY @1 1 #
face $132 -1 $-1 $133 $134 $27 $-1 $135 forward single #
loop $-1 -1 $-1 $136 $137 $53 #
plane-surface $-1 -1 $-1 0 -3.000000000000000444 0 0 1 0 0 0 1 forward_v I I I I #
coedge $-1 -1 $-1 $138 $139 $140 $141 forward $54 $-1 #
DXID-attrib $-1 -1 $-1 $-1 $57 @10 ASM ENTITY @1 1 #
face $142 -1 $-1 $143 $144 $29 $-1 $145 forward single #
loop $-1 -1 $-1 $146 $147 $57 #
plane-surface $-1 -1 $-1 71.38093716137200317 7.5 42 0 -1 1.110223024625000001e-16 1 0 0 forward_v I I I I #
coedge $-1 -1 $-1 $148 $149 $150 $151 reversed $58 $-1 #
DXID-attrib $-1 -1 $-1 $-1 $61 @10 ASM ENTITY @1 1 #
face $152 -1 $-1 $153 $154 $31 $-1 $155 forward single #
loop $-1 -1 $-1 $-1 $156 $61 #
plane-surface $-1 -1 $-1 14.85000000000000142 2.549999999999999822 35.79999999999999716 0 1 0 0 0 1 forward_v I I I I #
coedge $-1 -1 $-1 $157 $158 $159 $160 forward $62 $-1 #
DXID-attrib $-1 -1 $-1 $-1 $65 @10 ASM ENTITY @1 1 #
face $161 -1 $-1 $-1 $162 $33 $-1 $163 reversed single #
loop $-1 -1 $-1 $-1 $164 $65 #
plane-surface $-1 -1 $-1 15.84999999999999964 5.799999999999999822 42 1 0 0 0 0 1 forward_v I I I I #
loop $-1 -1 $-1 $-1 $165 $44 #
coedge $-1 -1 $-1 $105 $105 $166 $167 forward $66 $-1 #
DXID-attrib $-1 -1 $-1 $-1 $69 @10 ASM ENTITY @1 1 #
face $168 -1 $-1 $169 $170 $35 $-1 $171 forward single #
loop $-1 -1 $-1 $172 $173 $69 #
plane-surface $-1 -1 $-1 104 15 83 0 0 1 1 0 0 forward_v I I I I #
loop $-1 -1 $-1 $-1 $174 $45 #
coedge $-1 -1 $-1 $111 $111 $175 $176 reversed $70 $-1 #
DXID-attrib $-1 -1 $-1 $-1 $73 @10 ASM ENTITY @1 1 #
face $177 -1 $-1 $-1 $178 $37 $-1 $179 reversed single #
loop $-1 -1 $-1 $-1 $180 $73 #
plane-surface $-1 -1 $-1 104 15 283 0 0 1 1 0 0 forward_v I I I I #
loop $-1 -1 $-1 $-1 $181 $46 #
coedge $-1 -1 $-1 $117 $117 $182 $183 forward $74 $-1 #
DXID-attrib $-1 -1 $-1 $-1 $77 @10 ASM ENTITY @1 1 #
face $184 -1 $-1 $185 $186 $39 $-1 $187 reversed single #
loop $-1 -1 $-1 $-1 $188 $77 #
plane-surface $-1 -1 $-1 95.20000000000001705 -1.300000000000000044 32.85000000000000142 1 0 0 0 0 1 forward_v I I I I #
coedge $-1 -1 $-1 $189 $190 $191 $192 forward $78 $-1 #
DXID-attrib $-1 -1 $-1 $-1 $81 @10 ASM ENTITY @1 2 #
face $193 -1 $-1 $194 $195 $25 $-1 $196 reversed single #
loop $-1 -1 $-1 $-1 $197 $81 #
plane-surface $-1 -1 $-1 -1 -1 38.5 0 0 1 1 0 0 forward_v I I I I #
coedge $-1 -1 $-1 $198 $199 $200 $201 forward $82 $-1 #
coedge $-1 -1 $-1 $202 $84 $203 $204 reversed $50 $-1 #
coedge $-1 -1 $-1 $84 $205 $206 $207 reversed $50 $-1 #
coedge $-1 -1 $-1 $199 $208 $84 $131 reversed $82 $-1 #
edge $-1 -1 $-1 $209 5 $210 38.5 $84 $211 forward @7 unknown #
DXID-attrib $-1 -1 $-1 $-1 $86 @10 ASM ENTITY @1 2 #
face $212 -1 $-1 $213 $214 $27 $-1 $215 forward single #
loop $-1 -1 $-1 $-1 $216 $86 #
cone-surface $-1 -1 $-1 5 -3.000000000000000444 5 0 1 0 -5 0 0 1 I I 0 1 5 forward I I I I #
loop $-1 -1 $-1 $217 $218 $53 #
coedge $-1 -1 $-1 $219 $220 $221 $222 forward $87 $-1 #
coedge $-1 -1 $-1 $223 $89 $224 $225 forward $54 $-1 #
coedge $-1 -1 $-1 $89 $223 $226 $227 reversed $54 $-1 #
coedge $-1 -1 $-1 $220 $228 $89 $141 reversed $87 $-1 #
edge $-1 -1 $-1 $229 5 $230 75 $89 $231 forward @7 unknown #
DXID-attrib $-1 -1 $-1 $-1 $91 @10 ASM ENTITY @1 2 #
face $232 -1 $-1 $233 $234 $29 $-1 $235 reversed single #
loop $-1 -1 $-1 $-1 $236 $91 #
plane-surface $-1 -1 $-1 45.35000000000000142 8.580000000000001847 46.46999999999999886 0 1.110223024625000001e-16 1 0 -1 1.110223024625000001e-16 forward_v I I I I #
loop $-1 -1 $-1 $237 $238 $57 #
coedge $-1 -1 $-1 $239 $240 $241 $242 forward $92 $-1 #
coedge $-1 -1 $-1 $243 $94 $244 $245 forward $58 $-1 #
coedge $-1 -1 $-1 $94 $246 $247 $248 reversed $58 $-1 #
coedge $-1 -1 $-1 $249 $250 $94 $151 forward $92 $-1 #
edge $-1 -1 $-1 $251 0 $252 1.131370849897746389 $94 $253 forward @7 unknown #
DXID-attrib $-1 -1 $-1 $-1 $96 @10 ASM ENTITY @1 2 #
face $254 -1 $-1 $255 $256 $31 $-1 $257 forward single #
loop $-1 -1 $-1 $-1 $258 $96 #
plane-surface $-1 -1 $-1 14.85000000000000142 2.549999999999999822 48.20000000000000284 0 0 1 1 0 0 forward_v I I I I #
coedge $-1 -1 $-1 $259 $159 $260 $261 forward $97 $-1 #
coedge $-1 -1 $-1 $262 $99 $258 $263 forward $62 $-1 #
coedge $-1 -1 $-1 $99 $262 $264 $265 reversed $62 $-1 #
coedge $-1 -1 $-1 $156 $266 $99 $160 reversed $97 $-1 #
edge $-1 -1 $-1 $267 0 $268 12.40000000000000213 $99 $269 forward @7 unknown #
DXID-attrib $-1 -1 $-1 $-1 $101 @10 ASM ENTITY @1 2 #
loop $-1 -1 $-1 $-1 $166 $101 #
plane-surface $-1 -1 $-1 -40 5.799999999999999822 42 1 0 0 0 0 1 forward_v I I I I #
coedge $-1 -1 $-1 $164 $164 $165 $270 forward $102 $-1 #
coedge $-1 -1 $-1 $165 $165 $164 $270 reversed $104 $-1 #
coedge $-1 -1 $-1 $166 $166 $105 $167 reversed $162 $-1 #
edge $-1 -1 $-1 $271 0 $271 6.283185307179586232 $105 $272 forward @7 unknown #
DXID-attrib $-1 -1 $-1 $-1 $107 @10 ASM ENTITY @1 2 #
face $273 -1 $-1 $274 $275 $35 $-1 $276 forward single #
loop $-1 -1 $-1 $-1 $175 $107 #
plane-surface $-1 -1 $-1 104 15 88 0 0 1 1 0 0 forward_v I I I I #
loop $-1 -1 $-1 $-1 $277 $69 #
coedge $-1 -1 $-1 $173 $173 $278 $279 forward $108 $-1 #
coedge $-1 -1 $-1 $174 $174 $277 $280 forward $110 $-1 #
coedge $-1 -1 $-1 $175 $175 $111 $176 forward $170 $-1 #
edge $-1 -1 $-1 $281 0 $281 6.283185307179586232 $111 $282 forward @7 unknown #
DXID-attrib $-1 -1 $-1 $-1 $113 @10 ASM ENTITY @1 2 #
loop $-1 -1 $-1 $-1 $182 $113 #
plane-surface $-1 -1 $-1 104 15 88 0 0 1 1 0 0 forward_v I I I I #
coedge $-1 -1 $-1 $180 $180 $181 $283 forward $114 $-1 #
coedge $-1 -1 $-1 $181 $181 $180 $283 reversed $116 $-1 #
coedge $-1 -1 $-1 $182 $182 $117 $183 reversed $178 $-1 #
edge $-1 -1 $-1 $284 0 $284 6.283185307179586232 $117 $285 forward @7 unknown #
DXID-attrib $-1 -1 $-1 $-1 $119 @10 ASM ENTITY @1 2 #
face $286 -1 $-1 $287 $288 $39 $-1 $289 forward single #
loop $-1 -1 $-1 $-1 $290 $119 #
plane-surface $-1 -1 $-1 59.40000000000000568 -1.300000000000000044 32.85000000000000142 0 1 0 0 0 1 forward_v I I I I #
coedge $-1 -1 $-1 $291 $292 $293 $294 reversed $120 $-1 #
coedge $-1 -1 $-1 $295 $122 $296 $297 forward $78 $-1 #
coedge $-1 -1 $-1 $122 $295 $298 $299 reversed $78 $-1 #
coedge $-1 -1 $-1 $290 $300 $122 $192 reversed $186 $-1 #
edge $-1 -1 $-1 $301 0 $302 19.29999999999999716 $122 $303 forward @7 unknown #
DXID-attrib $-1 -1 $-1 $-1 $124 @10 ASM ENTITY @1 3 #
face $304 -1 $-1 $305 $306 $25 $-1 $307 reversed single #
loop $-1 -1 $-1 $-1 $308 $124 #
plane-surface $-1 -1 $-1 -1 10.30000000000000071 38.5 0 1 0 0 0 1 forward_v I I I I #
coedge $-1 -1 $-1 $203 $309 $308 $310 reversed $125 $-1 #
coedge $-1 -1 $-1 $311 $127 $312 $313 reversed $82 $-1 #
coedge $-1 -1 $-1 $127 $130 $314 $315 forward $82 $-1 #
coedge $-1 -1 $-1 $316 $317 $127 $201 reversed $318 $-1 #
edge $-1 -1 $-1 $319 5 $320 115 $127 $321 forward @7 unknown #
coedge $-1 -1 $-1 $322 $128 $323 $324 forward $50 $-1 #
coedge $-1 -1 $-1 $325 $197 $128 $204 forward $125 $-1 #
edge $-1 -1 $-1 $326 -10.80000000000000071 $210 -0.5 $128 $327 forward @7 unknown #
coedge $-1 -1 $-1 $129 $328 $329 $330 reversed $50 $-1 #
coedge $-1 -1 $-1 $331 $314 $129 $207 forward $332 $-1 #
edge $-1 -1 $-1 $209 0 $333 30 $129 $334 forward @14 tangent_not_g2 #
coedge $-1 -1 $-1 $130 $335 $325 $336 reversed $82 $-1 #
vertex $-1 -1 $-1 $131 $337 #
vertex $-1 -1 $-1 $131 $338 #
straight-curve $-1 -1 $-1 0 0 0 0 0 1 F 5 F 38.5 #
DXID-attrib $-1 -1 $-1 $-1 $133 @10 ASM ENTITY @1 3 #
face $339 -1 $-1 $340 $341 $27 $-1 $342 forward single #
loop $-1 -1 $-1 $-1 $343 $133 #
cone-surface $-1 -1 $-1 5 -3.000000000000000444 75 0 1 0 -5 0 0 1 I I 0 1 5 forward I I I I #
coedge $-1 -1 $-1 $226 $344 $220 $345 reversed $134 $-1 #
loop $-1 -1 $-1 $346 $347 $53 #
coedge $-1 -1 $-1 $218 $218 $348 $349 forward $136 $-1 #
coedge $-1 -1 $-1 $350 $137 $351 $352 reversed $87 $-1 #
coedge $-1 -1 $-1 $137 $140 $216 $345 forward $87 $-1 #
coedge $-1 -1 $-1 $353 $354 $137 $222 reversed $355 $-1 #
edge $-1 -1 $-1 $356 5 $357 115 $137 $358 forward @7 unknown #
coedge $-1 -1 $-1 $139 $138 $359 $360 reversed $54 $-1 #
coedge $-1 -1 $-1 $343 $361 $138 $225 reversed $214 $-1 #
edge $-1 -1 $-1 $230 0 $362 3.000000000000000444 $138 $363 forward @14 tangent_not_g2 #
coedge $-1 -1 $-1 $364 $216 $139 $227 forward $134 $-1 #
edge $-1 -1 $-1 $229 0 $365 3.000000000000000444 $139 $366 forward @14 tangent_not_g2 #
coedge $-1 -1 $-1 $140 $367 $343 $368 reversed $87 $-1 #
vertex $-1 -1 $-1 $141 $369 #
vertex $-1 -1 $-1 $141 $370 #
straight-curve $-1 -1 $-1 0 -3.000000000000000444 0 0 0 1 F 5 F 75 #
DXID-attrib $-1 -1 $-1 $-1 $143 @10 ASM ENTITY @1 3 #
face $371 -1 $-1 $372 $373 $29 $-1 $374 forward single #
loop $-1 -1 $-1 $-1 $375 $143 #
plane-surface $-1 -1 $-1 45.35000000000000142 8.580000000000001847 37.53000000000000114 0 -1 1.110223024625000001e-16 1 0 0 forward_v I I I I #
coedge $-1 -1 $-1 $376 $247 $375 $377 reversed $144 $-1 #
loop $-1 -1 $-1 $-1 $378 $57 #
coedge $-1 -1 $-1 $379 $380 $381 $382 forward $146 $-1 #
coedge $-1 -1 $-1 $250 $147 $383 $384 forward $92 $-1 #
coedge $-1 -1 $-1 $147 $385 $386 $387 forward $92 $-1 #
coedge $-1 -1 $-1 $388 $389 $147 $242 reversed $390 $-1 #
edge $-1 -1 $-1 $391 2.880000000000002558 $392 45.71999999999999886 $147 $393 forward @7 unknown #
coedge $-1 -1 $-1 $394 $148 $395 $396 forward $58 $-1 #
coedge $-1 -1 $-1 $397 $398 $148 $245 reversed $399 $-1 #
edge $-1 -1 $-1 $251 0 $400 1.800000000000001599 $148 $401 forward @7 unknown #
coedge $-1 -1 $-1 $149 $394 $402 $403 forward $58 $-1 #
coedge $-1 -1 $-1 $236 $404 $149 $248 forward $144 $-1 #
edge $-1 -1 $-1 $252 -0.5399999999999993694 $405 0.5400000000000015898 $149 $406 forward @7 unknown #
coedge $-1 -1 $-1 $407 $150 $404 $408 reversed $92 $-1 #
coedge $-1 -1 $-1 $150 $239 $397 $409 forward $92 $-1 #
vertex $-1 -1 $-1 $151 $410 #
vertex $-1 -1 $-1 $151 $411 #
straight-curve $-1 -1 $-1 46.00000000000000711 7.5 47.27000000000000313 0.7071067811870000996 -7.850462293419000326e-17 -0.7071067811870000996 F 0 F 1.131370849897746389 #
DXID-attrib $-1 -1 $-1 $-1 $153 @10 ASM ENTITY @1 3 #
face $412 -1 $-1 $413 $414 $31 $-1 $415 reversed single #
loop $-1 -1 $-1 $-1 $416 $153 #
plane-surface $-1 -1 $-1 14.85000000000000142 9.050000000000000711 35.79999999999999716 0 1 0 0 0 1 forward_v I I I I #
coedge $-1 -1 $-1 $417 $418 $157 $263 reversed $154 $-1 #
coedge $-1 -1 $-1 $266 $156 $419 $420 forward $97 $-1 #
coedge $-1 -1 $-1 $264 $421 $156 $261 reversed $414 $-1 #
edge $-1 -1 $-1 $267 0 $422 24.00000000000000355 $156 $423 forward @7 unknown #
coedge $-1 -1 $-1 $158 $157 $424 $425 reversed $62 $-1 #
edge $-1 -1 $-1 $268 0 $426 6.500000000000000888 $157 $427 forward @7 unknown #
coedge $-1 -1 $-1 $428 $260 $158 $265 forward $414 $-1 #
edge $-1 -1 $-1 $267 0 $429 6.500000000000000888 $158 $430 forward @7 unknown #
coedge $-1 -1 $-1 $159 $259 $417 $431 reversed $97 $-1 #
vertex $-1 -1 $-1 $160 $432 #
vertex $-1 -1 $-1 $160 $433 #
straight-curve $-1 -1 $-1 14.85000000000000142 2.549999999999999822 35.79999999999999716 0 0 1 F 0 F 12.40000000000000213 #
edge $-1 -1 $-1 $434 0 $434 6.283185307179586232 $165 $435 forward @7 unknown #
vertex $-1 -1 $-1 $167 $436 #
ellipse-curve $-1 -1 $-1 -40 5.799999999999999822 42 1 0 0 0 0 2.25 1 I I #
DXID-attrib $-1 -1 $-1 $-1 $169 @10 ASM ENTITY @1 3 #
face $437 -1 $-1 $438 $439 $35 $-1 $440 reversed single #
loop $-1 -1 $-1 $441 $442 $169 #
cone-surface $-1 -1 $-1 104 15 80 0 0 1 4.599999999999999645 0 0 1 I I 0 1 4.599999999999999645 forward I I I I #
coedge $-1 -1 $-1 $277 $277 $174 $280 reversed $172 $-1 #
coedge $-1 -1 $-1 $278 $278 $173 $279 reversed $441 $-1 #
edge $-1 -1 $-1 $443 0 $443 6.283185307179586232 $173 $444 forward @7 unknown #
edge $-1 -1 $-1 $445 0 $445 6.283185307179586232 $174 $446 forward @7 unknown #
vertex $-1 -1 $-1 $176 $447 #
ellipse-curve $-1 -1 $-1 104 15 88 0 0 1 3.149999999999999911 0 0 1 I I #
edge $-1 -1 $-1 $448 0 $448 6.283185307179586232 $181 $449 forward @7 unknown #
vertex $-1 -1 $-1 $183 $450 #
ellipse-curve $-1 -1 $-1 104 15 88 0 0 1 6.5 0 0 1 I I #
DXID-attrib $-1 -1 $-1 $-1 $185 @10 ASM ENTITY @1 3 #
face $451 -1 $-1 $452 $453 $39 $-1 $454 reversed single #
loop $-1 -1 $-1 $-1 $455 $185 #
plane-surface $-1 -1 $-1 59.40000000000000568 -0.2999999999999999889 32.85000000000000142 0 1 0 0 0 1 forward_v I I I I #
coedge $-1 -1 $-1 $293 $191 $456 $457 forward $186 $-1 #
coedge $-1 -1 $-1 $458 $188 $459 $460 forward $120 $-1 #
coedge $-1 -1 $-1 $188 $458 $461 $462 reversed $120 $-1 #
coedge $-1 -1 $-1 $300 $290 $188 $294 forward $186 $-1 #
edge $-1 -1 $-1 $463 0 $464 19.29999999999999716 $188 $465 forward @7 unknown #
coedge $-1 -1 $-1 $190 $189 $466 $467 reversed $78 $-1 #
coedge $-1 -1 $-1 $468 $469 $189 $297 reversed $470 $-1 #
edge $-1 -1 $-1 $302 0 $471 1 $189 $472 forward @7 unknown #
coedge $-1 -1 $-1 $473 $456 $190 $299 forward $453 $-1 #
edge $-1 -1 $-1 $301 0 $474 1 $190 $475 forward @7 unknown #
coedge $-1 -1 $-1 $191 $293 $468 $476 reversed $186 $-1 #
vertex $-1 -1 $-1 $192 $477 #
vertex $-1 -1 $-1 $192 $478 #
straight-curve $-1 -1 $-1 59.40000000000000568 -1.300000000000000044 32.85000000000000142 0 0 1 F 0 F 19.29999999999999716 #
DXID-attrib $-1 -1 $-1 $-1 $194 @10 ASM ENTITY @1 4 #
face $479 -1 $-1 $480 $481 $25 $-1 $482 forward single #
loop $-1 -1 $-1 $-1 $483 $194 #
plane-surface $-1 -1 $-1 -1 -1 45.5 0 0 1 1 0 0 forward_v I I I I #
coedge $-1 -1 $-1 $484 $323 $197 $310 forward $195 $-1 #
coedge $-1 -1 $-1 $197 $325 $485 $486 reversed $125 $-1 #
edge $-1 -1 $-1 $326 1 $487 3.499999999999999556 $197 $488 forward @7 unknown #
coedge $-1 -1 $-1 $489 $198 $490 $491 forward $82 $-1 #
coedge $-1 -1 $-1 $492 $493 $198 $313 forward $494 $-1 #
edge $-1 -1 $-1 $495 1.570796326794896558 $320 3.141592653589793116 $198 $496 forward @7 unknown #
coedge $-1 -1 $-1 $206 $497 $199 $315 reversed $332 $-1 #
edge $-1 -1 $-1 $209 1.570796326794896558 $319 3.141592653589793116 $199 $498 forward @7 unknown #
coedge $-1 -1 $-1 $499 $200 $497 $500 forward $318 $-1 #
coedge $-1 -1 $-1 $200 $499 $492 $501 reversed $318 $-1 #
loop $-1 -1 $-1 $502 $499 $503 #
vertex $-1 -1 $-1 $201 $504 #
vertex $-1 -1 $-1 $201 $505 #
straight-curve $-1 -1 $-1 0 0 0 1 0 0 F 5 F 115 #
coedge $-1 -1 $-1 $506 $202 $507 $508 forward $50 $-1 #
coedge $-1 -1 $-1 $308 $509 $202 $324 reversed $195 $-1 #
edge $-1 -1 $-1 $326 19.25 $510 26.25 $202 $511 forward @7 unknown #
coedge $-1 -1 $-1 $309 $203 $208 $336 forward $125 $-1 #
vertex $-1 -1 $-1 $204 $512 #
straight-curve $-1 -1 $-1 0 -0.5 38.5 0 -1 0 F -10.80000000000000071 F -0.5 #
coedge $-1 -1 $-1 $205 $506 $513 $514 forward $50 $-1 #
coedge $-1 -1 $-1 $515 $516 $205 $330 forward $517 $-1 #
edge $-1 -1 $-1 $333 5 $518 75 $205 $519 forward @7 unknown #
coedge $-1 -1 $-1 $497 $206 $516 $520 forward $332 $-1 #
loop $-1 -1 $-1 $-1 $314 $521 #
vertex $-1 -1 $-1 $330 $522 #
straight-curve $-1 -1 $-1 -8.881784197000999888e-16 0 5 0 1 0 F 0 F 30 #
coedge $-1 -1 $-1 $208 $523 $524 $525 reversed $82 $-1 #
edge $-1 -1 $-1 $210 0.5 $526 2.999999999999999556 $208 $527 forward @7 unknown #
point $-1 -1 $-1 -8.881784197000999888e-16 0 5 #
point $-1 -1 $-1 0 0 38.5 #
DXID-attrib $-1 -1 $-1 $-1 $213 @10 ASM ENTITY @1 4 #
face $528 -1 $-1 $529 $355 $27 $-1 $530 reversed single #
loop $-1 -1 $-1 $531 $532 $213 #
plane-surface $-1 -1 $-1 0 0 0 0 1 0 0 0 1 forward_v I I I I #
coedge $-1 -1 $-1 $533 $224 $228 $368 forward $214 $-1 #
coedge $-1 -1 $-1 $216 $364 $353 $534 reversed $134 $-1 #
edge $-1 -1 $-1 $229 1.570796326794896558 $356 3.141592653589793116 $220 $535 forward @7 unknown #
loop $-1 -1 $-1 $536 $537 $53 #
coedge $-1 -1 $-1 $347 $347 $538 $539 forward $217 $-1 #
coedge $-1 -1 $-1 $348 $348 $218 $349 reversed $540 $-1 #
edge $-1 -1 $-1 $541 0 $541 6.283185307179586232 $218 $542 forward @7 unknown #
coedge $-1 -1 $-1 $543 $219 $544 $545 forward $87 $-1 #
coedge $-1 -1 $-1 $546 $547 $219 $352 forward $548 $-1 #
edge $-1 -1 $-1 $549 1.570796326794896558 $357 3.141592653589793116 $219 $550 forward @7 unknown #
coedge $-1 -1 $-1 $551 $221 $344 $534 forward $355 $-1 #
coedge $-1 -1 $-1 $221 $551 $546 $552 reversed $355 $-1 #
loop $-1 -1 $-1 $-1 $551 $340 #
vertex $-1 -1 $-1 $222 $553 #
vertex $-1 -1 $-1 $222 $554 #
straight-curve $-1 -1 $-1 0 -3.000000000000000444 0 1 0 0 F 5 F 115 #
coedge $-1 -1 $-1 $555 $556 $223 $360 forward $341 $-1 #
edge $-1 -1 $-1 $365 5 $362 75 $223 $557 forward @7 unknown #
coedge $-1 -1 $-1 $224 $533 $555 $558 reversed $214 $-1 #
vertex $-1 -1 $-1 $225 $559 #
straight-curve $-1 -1 $-1 -8.881784197000999888e-16 -3.000000000000000444 75 0 1 0 F 0 F 3.000000000000000444 #
coedge $-1 -1 $-1 $344 $226 $556 $560 forward $134 $-1 #
vertex $-1 -1 $-1 $360 $561 #
straight-curve $-1 -1 $-1 -8.881784197000999888e-16 -3.000000000000000444 5 0 1 0 F 0 F 3.000000000000000444 #
coedge $-1 -1 $-1 $228 $543 $562 $563 reversed $87 $-1 #
edge $-1 -1 $-1 $230 -1.570796326794896558 $564 0 $228 $565 forward @7 unknown #
point $-1 -1 $-1 -8.881784197000999888e-16 -3.000000000000000444 5 #
point $-1 -1 $-1 -8.881784197000999888e-16 -3.000000000000000444 75 #
DXID-attrib $-1 -1 $-1 $-1 $233 @10 ASM ENTITY @1 4 #
face $566 -1 $-1 $567 $568 $29 $-1 $569 reversed single #
loop $-1 -1 $-1 $-1 $570 $233 #
plane-surface $-1 -1 $-1 47.27000000000000313 7.5 46.00000000000000711 -1 0 0 -0 -1.110223024625000001e-16 -1 forward_v I I I I #
coedge $-1 -1 $-1 $402 $571 $236 $377 forward $234 $-1 #
coedge $-1 -1 $-1 $572 $236 $573 $574 forward $144 $-1 #
edge $-1 -1 $-1 $575 0 $405 1.449999999999995737 $236 $576 forward @7 unknown #
coedge $-1 -1 $-1 $577 $578 $579 $580 forward $237 $-1 #
coedge $-1 -1 $-1 $581 $238 $582 $583 forward $146 $-1 #
coedge $-1 -1 $-1 $238 $581 $584 $585 reversed $146 $-1 #
coedge $-1 -1 $-1 $586 $587 $238 $382 reversed $588 $-1 #
edge $-1 -1 $-1 $589 0 $590 3.000000000000002665 $238 $591 forward @7 unknown #
coedge $-1 -1 $-1 $592 $593 $239 $384 reversed $594 $-1 #
edge $-1 -1 $-1 $392 -0 $595 3.05470129472392582 $239 $596 forward @7 unknown #
coedge $-1 -1 $-1 $240 $597 $598 $599 forward $92 $-1 #
coedge $-1 -1 $-1 $600 $601 $240 $387 reversed $602 $-1 #
edge $-1 -1 $-1 $603 1.280000000000001137 $391 4.700000000000006395 $240 $604 forward @7 unknown #
coedge $-1 -1 $-1 $605 $241 $601 $606 forward $390 $-1 #
coedge $-1 -1 $-1 $241 $607 $592 $608 reversed $390 $-1 #
loop $-1 -1 $-1 $-1 $609 $610 #
vertex $-1 -1 $-1 $242 $611 #
vertex $-1 -1 $-1 $242 $612 #
straight-curve $-1 -1 $-1 93.87999999999999545 7.5 54.70000000000000284 -1 0 0 F 2.880000000000002558 F 45.71999999999999886 #
coedge $-1 -1 $-1 $246 $243 $613 $614 reversed $58 $-1 #
coedge $-1 -1 $-1 $615 $616 $243 $396 reversed $568 $-1 #
edge $-1 -1 $-1 $400 0 $617 1.796051224212677822 $243 $618 forward @7 unknown #
coedge $-1 -1 $-1 $619 $244 $250 $409 reversed $399 $-1 #
coedge $-1 -1 $-1 $244 $619 $615 $620 forward $399 $-1 #
loop $-1 -1 $-1 $-1 $619 $567 #
vertex $-1 -1 $-1 $245 $621 #
straight-curve $-1 -1 $-1 46.00000000000000711 7.5 47.27000000000000313 0 1 -1.110223024625000001e-16 F 0 F 1.800000000000001599 #
coedge $-1 -1 $-1 $622 $375 $246 $403 reversed $234 $-1 #
edge $-1 -1 $-1 $623 1.417749096278119625 $405 2.082429470593050613 $246 $624 forward @7 unknown #
coedge $-1 -1 $-1 $247 $625 $249 $408 forward $144 $-1 #
vertex $-1 -1 $-1 $403 $626 #
straight-curve $-1 -1 $-1 46.79999999999999716 8.039999999999999147 46.46999999999999886 0 1 -1.110223024625000001e-16 F -0.5399999999999993694 F 0.5400000000000015898 #
coedge $-1 -1 $-1 $627 $249 $628 $629 reversed $92 $-1 #
edge $-1 -1 $-1 $630 4.665468580685994127 $252 11.56546858068600692 $249 $631 forward @7 unknown #
edge $-1 -1 $-1 $595 0 $251 5.27000000000000135 $250 $632 forward @7 unknown #
point $-1 -1 $-1 46.00000000000000711 7.5 47.27000000000000313 #
point $-1 -1 $-1 46.79999999999999716 7.5 46.46999999999999886 #
DXID-attrib $-1 -1 $-1 $-1 $255 @10 ASM ENTITY @1 4 #
face $633 -1 $-1 $634 $635 $31 $-1 $636 forward single #
loop $-1 -1 $-1 $-1 $264 $255 #
plane-surface $-1 -1 $-1 14.85000000000000142 2.549999999999999822 35.79999999999999716 0 0 1 1 0 0 forward_v I I I I #
coedge $-1 -1 $-1 $424 $637 $428 $638 reversed $256 $-1 #
coedge $-1 -1 $-1 $639 $258 $266 $431 forward $154 $-1 #
coedge $-1 -1 $-1 $258 $639 $640 $641 reversed $154 $-1 #
coedge $-1 -1 $-1 $642 $643 $259 $420 reversed $635 $-1 #
edge $-1 -1 $-1 $422 0 $644 12.40000000000000213 $259 $645 forward @7 unknown #
coedge $-1 -1 $-1 $260 $428 $642 $646 reversed $414 $-1 #
vertex $-1 -1 $-1 $261 $647 #
straight-curve $-1 -1 $-1 14.85000000000000142 2.549999999999999822 35.79999999999999716 1 0 0 F 0 F 24.00000000000000355 #
coedge $-1 -1 $-1 $640 $416 $262 $425 forward $256 $-1 #
edge $-1 -1 $-1 $429 0 $426 12.40000000000000213 $262 $648 forward @7 unknown #
vertex $-1 -1 $-1 $263 $649 #
straight-curve $-1 -1 $-1 14.85000000000000142 2.549999999999999822 48.20000000000000284 0 1 0 F 0 F 6.500000000000000888 #
coedge $-1 -1 $-1 $421 $264 $416 $638 forward $414 $-1 #
vertex $-1 -1 $-1 $425 $650 #
straight-curve $-1 -1 $-1 14.85000000000000142 2.549999999999999822 35.79999999999999716 0 1 0 F 0 F 6.500000000000000888 #
edge $-1 -1 $-1 $268 0 $644 24.00000000000000355 $266 $651 forward @7 unknown #
point $-1 -1 $-1 14.85000000000000142 2.549999999999999822 35.79999999999999716 #
point $-1 -1 $-1 14.85000000000000142 2.549999999999999822 48.20000000000000284 #
vertex $-1 -1 $-1 $270 $652 #
ellipse-curve $-1 -1 $-1 15.84999999999999964 5.799999999999999822 42 1 0 0 0 0 2.25 1 I I #
point $-1 -1 $-1 -40 5.799999999999999822 44.25 #
DXID-attrib $-1 -1 $-1 $-1 $274 @10 ASM ENTITY @1 4 #
face $653 -1 $-1 $654 $655 $35 $-1 $656 forward single #
loop $-1 -1 $-1 $657 $658 $274 #
plane-surface $-1 -1 $-1 104 15 80 0 0 1 1 0 0 forward_v I I I I #
loop $-1 -1 $-1 $-1 $278 $169 #
coedge $-1 -1 $-1 $442 $442 $658 $659 forward $275 $-1 #
vertex $-1 -1 $-1 $279 $660 #
ellipse-curve $-1 -1 $-1 104 15 83 0 0 1 4.599999999999999645 0 0 1 I I #
vertex $-1 -1 $-1 $280 $661 #
ellipse-curve $-1 -1 $-1 104 15 83 0 0 1 3.149999999999999911 0 0 1 I I #
point $-1 -1 $-1 107.1500000000000199 15 88 #
vertex $-1 -1 $-1 $283 $662 #
ellipse-curve $-1 -1 $-1 104 15 283 0 0 1 6.5 0 0 1 I I #
point $-1 -1 $-1 110.5 15 88 #
DXID-attrib $-1 -1 $-1 $-1 $287 @10 ASM ENTITY @1 4 #
face $663 -1 $-1 $-1 $470 $39 $-1 $664 forward single #
loop $-1 -1 $-1 $-1 $298 $287 #
plane-surface $-1 -1 $-1 59.40000000000000568 -1.300000000000000044 32.85000000000000142 0 0 1 1 0 0 forward_v I I I I #
coedge $-1 -1 $-1 $466 $665 $473 $666 reversed $288 $-1 #
coedge $-1 -1 $-1 $298 $459 $290 $457 reversed $453 $-1 #
edge $-1 -1 $-1 $301 0 $463 35.80000000000000426 $290 $667 forward @7 unknown #
coedge $-1 -1 $-1 $292 $291 $665 $668 forward $120 $-1 #
coedge $-1 -1 $-1 $456 $473 $291 $460 reversed $453 $-1 #
edge $-1 -1 $-1 $463 0 $669 1 $291 $670 forward @7 unknown #
coedge $-1 -1 $-1 $469 $468 $292 $462 forward $470 $-1 #
edge $-1 -1 $-1 $464 0 $671 1 $292 $672 forward @7 unknown #
vertex $-1 -1 $-1 $294 $673 #
vertex $-1 -1 $-1 $294 $674 #
straight-curve $-1 -1 $-1 95.20000000000001705 -1.300000000000000044 32.85000000000000142 0 0 1 F 0 F 19.29999999999999716 #
coedge $-1 -1 $-1 $675 $455 $295 $467 forward $288 $-1 #
edge $-1 -1 $-1 $474 0 $471 19.29999999999999716 $295 $676 forward @7 unknown #
coedge $-1 -1 $-1 $461 $296 $300 $476 forward $470 $-1 #
coedge $-1 -1 $-1 $296 $461 $675 $677 reversed $470 $-1 #
loop $-1 -1 $-1 $-1 $296 $452 #
vertex $-1 -1 $-1 $297 $678 #
straight-curve $-1 -1 $-1 59.40000000000000568 -1.300000000000000044 52.14999999999999858 0 1 0 F 0 F 1 #
coedge $-1 -1 $-1 $459 $298 $455 $666 forward $453 $-1 #
vertex $-1 -1 $-1 $467 $679 #
straight-curve $-1 -1 $-1 59.40000000000000568 -1.300000000000000044 32.85000000000000142 0 1 0 F 0 F 1 #
edge $-1 -1 $-1 $302 0 $464 35.80000000000000426 $300 $680 forward @7 unknown #
point $-1 -1 $-1 59.40000000000000568 -1.300000000000000044 32.85000000000000142 #
point $-1 -1 $-1 59.40000000000000568 -1.300000000000000044 52.14999999999999858 #
DXID-attrib $-1 -1 $-1 $-1 $305 @10 ASM ENTITY @1 5 #
face $681 -1 $-1 $521 $517 $25 $-1 $682 forward single #
loop $-1 -1 $-1 $-1 $683 $305 #
cone-surface $-1 -1 $-1 5 0 75 0 1 0 -5 0 0 1 I I 0 1 5 forward I I I I #
coedge $-1 -1 $-1 $684 $507 $509 $685 forward $306 $-1 #
coedge $-1 -1 $-1 $509 $308 $686 $687 forward $195 $-1 #
coedge $-1 -1 $-1 $524 $686 $309 $486 forward $688 $-1 #
edge $-1 -1 $-1 $487 -11.30000000000000071 $526 -1 $309 $689 forward @7 unknown #
vertex $-1 -1 $-1 $310 $690 #
straight-curve $-1 -1 $-1 -1 10.30000000000000071 38.5 1 0 0 F 1 F 3.499999999999999556 #
coedge $-1 -1 $-1 $691 $311 $692 $693 forward $82 $-1 #
coedge $-1 -1 $-1 $694 $695 $311 $491 reversed $696 $-1 #
edge $-1 -1 $-1 $495 5 $697 75 $311 $698 forward @7 unknown #
coedge $-1 -1 $-1 $699 $312 $317 $501 forward $494 $-1 #
coedge $-1 -1 $-1 $312 $699 $694 $700 reversed $494 $-1 #
loop $-1 -1 $-1 $-1 $312 $701 #
vertex $-1 -1 $-1 $313 $702 #
ellipse-curve $-1 -1 $-1 115 0 5 0 1 0 0 0 5 1 F 1.570796326794896558 F 3.141592653589793116 #
coedge $-1 -1 $-1 $314 $331 $316 $500 reversed $332 $-1 #
ellipse-curve $-1 -1 $-1 5 0 5 0 -1 0 0 0 5 1 F 1.570796326794896558 F 3.141592653589793116 #
coedge $-1 -1 $-1 $317 $316 $703 $704 forward $318 $-1 #
edge $-1 -1 $-1 $319 0 $705 30 $497 $706 forward @14 tangent_not_g2 #
edge $-1 -1 $-1 $320 0 $707 30 $317 $708 forward @14 tangent_not_g2 #
loop $-1 -1 $-1 $709 $710 $503 #
face $711 -1 $-1 $701 $318 $25 $-1 $712 reversed single #
point $-1 -1 $-1 5 0 -8.881784197000999888e-16 #
point $-1 -1 $-1 115 0 -8.881784197000999888e-16 #
coedge $-1 -1 $-1 $328 $322 $713 $714 forward $50 $-1 #
coedge $-1 -1 $-1 $483 $715 $322 $508 reversed $306 $-1 #
edge $-1 -1 $-1 $510 -10.80000000000000071 $716 -0.5 $322 $717 forward @7 unknown #
coedge $-1 -1 $-1 $323 $484 $483 $685 reversed $195 $-1 #
vertex $-1 -1 $-1 $324 $718 #
straight-curve $-1 -1 $-1 0 10.30000000000000071 19.25 0 0 1 F 19.25 F 26.25 #
point $-1 -1 $-1 0 10.30000000000000071 38.5 #
coedge $-1 -1 $-1 $683 $719 $328 $514 reversed $481 $-1 #
edge $-1 -1 $-1 $720 0 $518 30 $328 $721 forward @14 tangent_not_g2 #
coedge $-1 -1 $-1 $722 $329 $719 $723 forward $517 $-1 #
coedge $-1 -1 $-1 $329 $703 $331 $520 reversed $517 $-1 #
loop $-1 -1 $-1 $724 $703 $480 #
vertex $-1 -1 $-1 $514 $725 #
straight-curve $-1 -1 $-1 0 30 0 0 0 1 F 5 F 75 #
edge $-1 -1 $-1 $333 1.570796326794896558 $705 3.141592653589793116 $516 $726 forward @7 unknown #
face $727 -1 $-1 $503 $332 $25 $-1 $728 forward single #
point $-1 -1 $-1 -8.881784197000999888e-16 30 5 #
coedge $-1 -1 $-1 $335 $729 $730 $731 forward $82 $-1 #
coedge $-1 -1 $-1 $732 $485 $335 $525 forward $688 $-1 #
edge $-1 -1 $-1 $526 -37.25 $733 -3.75 $335 $734 forward @7 unknown #
vertex $-1 -1 $-1 $525 $735 #
straight-curve $-1 -1 $-1 -0.5 0 38.5 1 0 0 F 0.5 F 2.999999999999999556 #
DXID-attrib $-1 -1 $-1 $-1 $340 @10 ASM ENTITY @1 5 #
face $736 -1 $-1 $737 $548 $27 $-1 $738 forward single #
plane-surface $-1 -1 $-1 0 -3.000000000000000444 0 0 0 1 1 0 0 forward_v I I I I #
loop $-1 -1 $-1 $739 $740 $213 #
coedge $-1 -1 $-1 $556 $741 $551 $742 reversed $341 $-1 #
coedge $-1 -1 $-1 $361 $343 $743 $744 forward $214 $-1 #
edge $-1 -1 $-1 $356 0 $745 3.000000000000000444 $344 $746 forward @14 tangent_not_g2 #
ellipse-curve $-1 -1 $-1 5 -3.000000000000000444 5 0 -1 0 0 0 5 1 F 1.570796326794896558 F 3.141592653589793116 #
loop $-1 -1 $-1 $-1 $747 $53 #
coedge $-1 -1 $-1 $748 $749 $750 $751 forward $346 $-1 #
coedge $-1 -1 $-1 $538 $538 $347 $539 reversed $752 $-1 #
edge $-1 -1 $-1 $753 0 $753 6.283185307179586232 $347 $754 forward @7 unknown #
loop $-1 -1 $-1 $755 $348 $756 #
vertex $-1 -1 $-1 $349 $757 #
ellipse-curve $-1 -1 $-1 49.40000000000000568 -3.000000000000000444 34.10000000000000142 0 1 0 0 0 1 1 I I #
coedge $-1 -1 $-1 $367 $350 $758 $759 forward $87 $-1 #
coedge $-1 -1 $-1 $760 $761 $350 $545 reversed $762 $-1 #
edge $-1 -1 $-1 $549 5 $763 75 $350 $764 forward @7 unknown #
coedge $-1 -1 $-1 $765 $351 $354 $552 forward $548 $-1 #
coedge $-1 -1 $-1 $351 $765 $760 $766 reversed $548 $-1 #
loop $-1 -1 $-1 $-1 $351 $529 #
vertex $-1 -1 $-1 $352 $767 #
ellipse-curve $-1 -1 $-1 115 -3.000000000000000444 5 0 1 0 0 0 5 1 F 1.570796326794896558 F 3.141592653589793116 #
coedge $-1 -1 $-1 $354 $353 $532 $742 forward $355 $-1 #
edge $-1 -1 $-1 $357 0 $768 3.000000000000000444 $354 $769 forward @14 tangent_not_g2 #
point $-1 -1 $-1 5 -3.000000000000000444 -8.881784197000999888e-16 #
point $-1 -1 $-1 115 -3.000000000000000444 -8.881784197000999888e-16 #
coedge $-1 -1 $-1 $770 $359 $361 $558 forward $341 $-1 #
coedge $-1 -1 $-1 $359 $532 $364 $560 reversed $341 $-1 #
straight-curve $-1 -1 $-1 0 0 0 0 0 1 F 5 F 75 #
edge $-1 -1 $-1 $362 -1.570796326794896558 $771 0 $361 $772 forward @7 unknown #
point $-1 -1 $-1 -8.881784197000999888e-16 0 75 #
edge $-1 -1 $-1 $365 1.570796326794896558 $745 3.141592653589793116 $364 $773 forward @7 unknown #
point $-1 -1 $-1 -8.881784197000999888e-16 0 5 #
coedge $-1 -1 $-1 $774 $743 $367 $563 forward $775 $-1 #
edge $-1 -1 $-1 $564 5 $776 115 $367 $777 forward @7 unknown #
vertex $-1 -1 $-1 $563 $778 #
ellipse-curve $-1 -1 $-1 5 -3.000000000000000444 75 0 1 0 0 0 5 1 F -1.570796326794896558 F 0 #
DXID-attrib $-1 -1 $-1 $-1 $372 @10 ASM ENTITY @1 5 #
face $779 -1 $-1 $610 $399 $29 $-1 $780 forward single #
loop $-1 -1 $-1 $781 $395 $372 #
plane-surface $-1 -1 $-1 71.38093716137200317 9.300000000000000711 42 0 -1 1.110223024625000001e-16 1 0 0 forward_v I I I I #
coedge $-1 -1 $-1 $613 $782 $622 $783 forward $373 $-1 #
coedge $-1 -1 $-1 $375 $784 $785 $786 forward $234 $-1 #
coedge $-1 -1 $-1 $625 $376 $787 $788 forward $144 $-1 #
coedge $-1 -1 $-1 $785 $789 $376 $574 reversed $790 $-1 #
edge $-1 -1 $-1 $575 0 $791 4.580000000000000071 $376 $792 forward @7 unknown #
vertex $-1 -1 $-1 $377 $793 #
straight-curve $-1 -1 $-1 45.35000000000000142 8.580000000000001847 46.46999999999999886 1 0 0 F 0 F 1.449999999999995737 #
coedge $-1 -1 $-1 $794 $378 $795 $796 forward $237 $-1 #
coedge $-1 -1 $-1 $378 $794 $797 $798 reversed $237 $-1 #
coedge $-1 -1 $-1 $799 $800 $378 $580 reversed $801 $-1 #
edge $-1 -1 $-1 $802 0 $803 3.000000000000007105 $378 $804 forward @7 unknown #
coedge $-1 -1 $-1 $380 $379 $805 $806 reversed $146 $-1 #
coedge $-1 -1 $-1 $807 $808 $379 $583 reversed $809 $-1 #
edge $-1 -1 $-1 $590 0 $810 4.000000000000003553 $379 $811 forward @7 unknown #
coedge $-1 -1 $-1 $812 $813 $380 $585 forward $814 $-1 #
edge $-1 -1 $-1 $589 0 $815 4.000000000000003553 $380 $816 forward @7 unknown #
coedge $-1 -1 $-1 $817 $381 $813 $818 forward $588 $-1 #
coedge $-1 -1 $-1 $381 $817 $807 $819 reversed $588 $-1 #
loop $-1 -1 $-1 $-1 $586 $820 #
vertex $-1 -1 $-1 $382 $821 #
vertex $-1 -1 $-1 $382 $822 #
straight-curve $-1 -1 $-1 47.40000000000000568 7.5 32.60000000000000142 0 1.110223024625000001e-16 1 F 0 F 3.000000000000002665 #
coedge $-1 -1 $-1 $823 $383 $389 $608 forward $594 $-1 #
coedge $-1 -1 $-1 $383 $823 $619 $824 reversed $594 $-1 #
loop $-1 -1 $-1 $-1 $592 $825 #
vertex $-1 -1 $-1 $384 $826 #
straight-curve $-1 -1 $-1 48.15999999999999659 7.5 54.70000000000000284 -0.7071067811870000996 -7.850462293419000326e-17 -0.7071067811870000996 F -0 F 3.05470129472392582 #
coedge $-1 -1 $-1 $385 $827 $828 $829 forward $92 $-1 #
coedge $-1 -1 $-1 $830 $831 $385 $599 reversed $832 $-1 #
edge $-1 -1 $-1 $833 0 $603 30.09999999999999787 $385 $834 forward @7 unknown #
coedge $-1 -1 $-1 $835 $386 $831 $836 reversed $602 $-1 #
coedge $-1 -1 $-1 $386 $835 $388 $606 reversed $602 $-1 #
loop $-1 -1 $-1 $-1 $835 $837 #
vertex $-1 -1 $-1 $599 $838 #
straight-curve $-1 -1 $-1 91 7.5 50 0 1.110223024625000001e-16 1 F 1.280000000000001137 F 4.700000000000006395 #
coedge $-1 -1 $-1 $839 $388 $840 $841 forward $390 $-1 #
edge $-1 -1 $-1 $391 0 $842 1.599999999999999201 $388 $843 forward @7 unknown #
coedge $-1 -1 $-1 $389 $609 $844 $845 forward $390 $-1 #
edge $-1 -1 $-1 $392 0 $846 1.800000000000001599 $389 $847 forward @7 unknown #
coedge $-1 -1 $-1 $607 $848 $849 $850 forward $390 $-1 #
face $851 -1 $-1 $837 $390 $29 $-1 $852 forward single #
point $-1 -1 $-1 91 7.5 54.70000000000000284 #
point $-1 -1 $-1 48.15999999999999659 7.5 54.70000000000000284 #
coedge $-1 -1 $-1 $853 $570 $394 $614 forward $373 $-1 #
edge $-1 -1 $-1 $623 1.080000000000000959 $617 1.800000000000001599 $394 $854 forward @7 unknown #
coedge $-1 -1 $-1 $855 $395 $398 $620 reversed $568 $-1 #
coedge $-1 -1 $-1 $395 $856 $853 $857 reversed $568 $-1 #
vertex $-1 -1 $-1 $396 $858 #
straight-curve $-1 -1 $-1 46.00000000000000711 9.300000000000000711 47.27000000000000313 0.7071067811870000996 -7.850462293419000326e-17 -0.7071067811870000996 F 0 F 1.796051224212677822 #
coedge $-1 -1 $-1 $398 $397 $593 $824 forward $399 $-1 #
edge $-1 -1 $-1 $859 0 $400 5.27000000000000135 $615 $860 forward @7 unknown #
point $-1 -1 $-1 46.00000000000000711 9.300000000000000711 47.27000000000000313 #
coedge $-1 -1 $-1 $861 $402 $570 $783 reversed $234 $-1 #
vertex $-1 -1 $-1 $614 $862 #
straight-curve $-1 -1 $-1 48.27250000000000085 8.580000000000001847 44.99750000000000227 -0.7071067811870000996 7.850462293419000326e-17 0.7071067811870000996 F 1.417749096278119625 F 2.082429470593050613 #
coedge $-1 -1 $-1 $404 $572 $863 $864 reversed $144 $-1 #
point $-1 -1 $-1 46.79999999999999716 8.580000000000001847 46.46999999999999886 #
coedge $-1 -1 $-1 $865 $407 $866 $867 forward $92 $-1 #
coedge $-1 -1 $-1 $863 $868 $407 $629 forward $869 $-1 #
edge $-1 -1 $-1 $870 -2.23500000000000032 $630 6.705000000000000959 $407 $871 forward @7 unknown #
vertex $-1 -1 $-1 $408 $872 #
straight-curve $-1 -1 $-1 58.36546858068600585 7.5 46.46999999999999886 -1 0 0 F 4.665468580685994127 F 11.56546858068600692 #
straight-curve $-1 -1 $-1 46.00000000000000711 7.5 52.54000000000000625 0 -1.110223024625000001e-16 -1 F 0 F 5.27000000000000135 #
DXID-attrib $-1 -1 $-1 $-1 $413 @10 ASM ENTITY @1 5 #
face $873 -1 $-1 $874 $875 $31 $-1 $876 reversed single #
loop $-1 -1 $-1 $877 $419 $413 #
plane-surface $-1 -1 $-1 38.85000000000000142 2.549999999999999822 35.79999999999999716 1 0 0 0 0 1 forward_v I I I I #
coedge $-1 -1 $-1 $416 $640 $878 $879 reversed $256 $-1 #
edge $-1 -1 $-1 $429 0 $880 24.00000000000000355 $416 $881 forward @7 unknown #
coedge $-1 -1 $-1 $418 $417 $643 $882 forward $154 $-1 #
coedge $-1 -1 $-1 $637 $424 $418 $641 forward $256 $-1 #
edge $-1 -1 $-1 $426 0 $883 24.00000000000000355 $418 $884 forward @7 unknown #
coedge $-1 -1 $-1 $878 $419 $421 $646 forward $635 $-1 #
coedge $-1 -1 $-1 $419 $878 $639 $882 reversed $635 $-1 #
vertex $-1 -1 $-1 $420 $885 #
straight-curve $-1 -1 $-1 38.85000000000000142 2.549999999999999822 35.79999999999999716 0 0 1 F 0 F 12.40000000000000213 #
edge $-1 -1 $-1 $422 0 $880 6.500000000000000888 $421 $886 forward @7 unknown #
point $-1 -1 $-1 38.85000000000000142 2.549999999999999822 35.79999999999999716 #
straight-curve $-1 -1 $-1 14.85000000000000142 9.050000000000000711 35.79999999999999716 0 0 1 F 0 F 12.40000000000000213 #
point $-1 -1 $-1 14.85000000000000142 9.050000000000000711 48.20000000000000284 #
point $-1 -1 $-1 14.85000000000000142 9.050000000000000711 35.79999999999999716 #
straight-curve $-1 -1 $-1 14.85000000000000142 2.549999999999999822 48.20000000000000284 1 0 0 F 0 F 24.00000000000000355 #
point $-1 -1 $-1 15.84999999999999964 5.799999999999999822 44.25 #
DXID-attrib $-1 -1 $-1 $-1 $438 @10 ASM ENTITY @1 5 #
face $887 -1 $-1 $-1 $888 $35 $-1 $889 reversed single #
loop $-1 -1 $-1 $890 $891 $438 #
cone-surface $-1 -1 $-1 104 15 68 0 0 1 3.149999999999999911 0 0 1 I I 0 1 3.149999999999999911 forward I I I I #
loop $-1 -1 $-1 $-1 $892 $274 #
coedge $-1 -1 $-1 $658 $658 $442 $659 reversed $439 $-1 #
edge $-1 -1 $-1 $893 0 $893 6.283185307179586232 $442 $894 forward @7 unknown #
point $-1 -1 $-1 108.5999999999999943 15 83 #
point $-1 -1 $-1 107.1500000000000199 15 83 #
point $-1 -1 $-1 110.5 15 283 #
DXID-attrib $-1 -1 $-1 $-1 $452 @10 ASM ENTITY @1 5 #
plane-surface $-1 -1 $-1 59.40000000000000568 -1.300000000000000044 52.14999999999999858 0 0 1 1 0 0 forward_v I I I I #
coedge $-1 -1 $-1 $455 $675 $458 $668 reversed $288 $-1 #
edge $-1 -1 $-1 $474 0 $669 35.80000000000000426 $455 $895 forward @7 unknown #
straight-curve $-1 -1 $-1 59.40000000000000568 -1.300000000000000044 32.85000000000000142 1 0 0 F 0 F 35.80000000000000426 #
edge $-1 -1 $-1 $669 0 $671 19.29999999999999716 $458 $896 forward @7 unknown #
vertex $-1 -1 $-1 $460 $897 #
straight-curve $-1 -1 $-1 95.20000000000001705 -1.300000000000000044 32.85000000000000142 0 1 0 F 0 F 1 #
vertex $-1 -1 $-1 $668 $898 #
straight-curve $-1 -1 $-1 95.20000000000001705 -1.300000000000000044 52.14999999999999858 0 1 0 F 0 F 1 #
point $-1 -1 $-1 95.20000000000001705 -1.300000000000000044 32.85000000000000142 #
point $-1 -1 $-1 95.20000000000001705 -1.300000000000000044 52.14999999999999858 #
coedge $-1 -1 $-1 $665 $466 $469 $677 forward $288 $-1 #
straight-curve $-1 -1 $-1 59.40000000000000568 -0.2999999999999999889 32.85000000000000142 0 0 1 F 0 F 19.29999999999999716 #
edge $-1 -1 $-1 $471 0 $671 35.80000000000000426 $675 $899 forward @7 unknown #
point $-1 -1 $-1 59.40000000000000568 -0.2999999999999999889 52.14999999999999858 #
point $-1 -1 $-1 59.40000000000000568 -0.2999999999999999889 32.85000000000000142 #
straight-curve $-1 -1 $-1 59.40000000000000568 -1.300000000000000044 52.14999999999999858 1 0 0 F 0 F 35.80000000000000426 #
DXID-attrib $-1 -1 $-1 $-1 $480 @10 ASM ENTITY @1 6 #
plane-surface $-1 -1 $-1 0 30 0 0 1 0 0 0 1 forward_v I I I I #
coedge $-1 -1 $-1 $900 $513 $901 $902 forward $481 $-1 #
coedge $-1 -1 $-1 $715 $483 $903 $904 forward $306 $-1 #
edge $-1 -1 $-1 $510 1 $905 3.499999999999999556 $509 $906 forward @7 unknown #
coedge $-1 -1 $-1 $485 $903 $484 $687 reversed $688 $-1 #
edge $-1 -1 $-1 $487 17.99999999999999645 $905 24.99999999999999289 $484 $907 forward @7 unknown #
loop $-1 -1 $-1 $-1 $908 $909 #
straight-curve $-1 -1 $-1 2.5 -1 38.5 0 -1 0 F -11.30000000000000071 F -1 #
point $-1 -1 $-1 2.5 10.30000000000000071 38.5 #
coedge $-1 -1 $-1 $901 $489 $910 $911 reversed $82 $-1 #
coedge $-1 -1 $-1 $912 $913 $489 $693 reversed $914 $-1 #
edge $-1 -1 $-1 $697 -1.570796326794896558 $915 0 $489 $916 forward @7 unknown #
coedge $-1 -1 $-1 $917 $490 $493 $700 forward $696 $-1 #
coedge $-1 -1 $-1 $490 $917 $912 $918 reversed $696 $-1 #
loop $-1 -1 $-1 $-1 $490 $919 #
vertex $-1 -1 $-1 $491 $920 #
straight-curve $-1 -1 $-1 120 0 0 0 0 1 F 5 F 75 #
coedge $-1 -1 $-1 $493 $492 $921 $922 reversed $494 $-1 #
edge $-1 -1 $-1 $495 0 $923 30 $493 $924 forward @14 tangent_not_g2 #
face $925 -1 $-1 $919 $494 $25 $-1 $926 forward single #
point $-1 -1 $-1 120 0 5 #
coedge $-1 -1 $-1 $516 $921 $499 $704 reversed $517 $-1 #
edge $-1 -1 $-1 $705 5 $707 115 $703 $927 forward @7 unknown #
vertex $-1 -1 $-1 $704 $928 #
straight-curve $-1 -1 $-1 5 0 -8.881784197000999888e-16 0 1 0 F 0 F 30 #
vertex $-1 -1 $-1 $704 $929 #
straight-curve $-1 -1 $-1 115 0 -8.881784197000999888e-16 0 1 0 F 0 F 30 #
loop $-1 -1 $-1 $930 $931 $503 #
coedge $-1 -1 $-1 $932 $933 $934 $935 forward $502 $-1 #
DXID-attrib $-1 -1 $-1 $-1 $503 @10 ASM ENTITY @1 8 #
plane-surface $-1 -1 $-1 0 0 0 0 0 1 1 0 0 forward_v I I I I #
coedge $-1 -1 $-1 $936 $901 $506 $714 reversed $82 $-1 #
edge $-1 -1 $-1 $716 45.49999999999999289 $720 75 $506 $937 forward @7 unknown #
coedge $-1 -1 $-1 $507 $684 $936 $938 reversed $306 $-1 #
vertex $-1 -1 $-1 $508 $939 #
straight-curve $-1 -1 $-1 0 -0.5 45.5 0 -1 0 F -10.80000000000000071 F -0.5 #
point $-1 -1 $-1 0 10.30000000000000071 45.5 #
coedge $-1 -1 $-1 $513 $900 $515 $723 reversed $481 $-1 #
vertex $-1 -1 $-1 $714 $940 #
straight-curve $-1 -1 $-1 -8.881784197000999888e-16 0 75 0 1 0 F 0 F 30 #
coedge $-1 -1 $-1 $941 $515 $942 $943 forward $517 $-1 #
edge $-1 -1 $-1 $518 -1.570796326794896558 $944 0 $719 $945 forward @7 unknown #
loop $-1 -1 $-1 $946 $947 $480 #
point $-1 -1 $-1 -8.881784197000999888e-16 30 75 #
ellipse-curve $-1 -1 $-1 5 30 5 0 -1 0 0 0 5 1 F 1.570796326794896558 F 3.141592653589793116 #
DXID-attrib $-1 -1 $-1 $-1 $521 @10 ASM ENTITY @1 7 #
cone-surface $-1 -1 $-1 5 0 5 0 1 0 -5 0 0 1 I I 0 1 5 forward I I I I #
coedge $-1 -1 $-1 $523 $948 $949 $950 reversed $82 $-1 #
coedge $-1 -1 $-1 $951 $952 $523 $731 reversed $953 $-1 #
edge $-1 -1 $-1 $954 -1.570796326794896558 $733 0 $523 $955 forward @7 unknown #
coedge $-1 -1 $-1 $956 $524 $952 $957 forward $688 $-1 #
vertex $-1 -1 $-1 $731 $958 #
straight-curve $-1 -1 $-1 2.5 0 1.25 0 0 -1 F -37.25 F -3.75 #
point $-1 -1 $-1 2.5 0 38.5 #
DXID-attrib $-1 -1 $-1 $-1 $529 @10 ASM ENTITY @1 6 #
face $959 -1 $-1 $960 $762 $27 $-1 $961 forward single #
cone-surface $-1 -1 $-1 115 -3.000000000000000444 5 0 1 0 5 0 0 1 I I 0 1 5 forward I I I I #
loop $-1 -1 $-1 $962 $963 $213 #
coedge $-1 -1 $-1 $740 $740 $964 $965 reversed $531 $-1 #
coedge $-1 -1 $-1 $532 $966 $765 $967 forward $341 $-1 #
edge $-1 -1 $-1 $745 5 $768 115 $532 $968 forward @7 unknown #
coedge $-1 -1 $-1 $562 $969 $533 $744 reversed $775 $-1 #
edge $-1 -1 $-1 $564 0 $771 3.000000000000000444 $533 $970 forward @14 tangent_not_g2 #
vertex $-1 -1 $-1 $560 $971 #
straight-curve $-1 -1 $-1 5 -3.000000000000000444 -8.881784197000999888e-16 0 1 0 F 0 F 3.000000000000000444 #
coedge $-1 -1 $-1 $972 $973 $974 $975 forward $536 $-1 #
coedge $-1 -1 $-1 $976 $537 $977 $978 forward $346 $-1 #
coedge $-1 -1 $-1 $537 $976 $979 $980 reversed $346 $-1 #
coedge $-1 -1 $-1 $981 $982 $537 $751 reversed $983 $-1 #
edge $-1 -1 $-1 $984 30.75 $985 62.35000000000000142 $537 $986 forward @7 unknown #
loop $-1 -1 $-1 $987 $538 $988 #
vertex $-1 -1 $-1 $539 $989 #
ellipse-curve $-1 -1 $-1 49.40000000000000568 -3.000000000000000444 49.90000000000000568 0 1 0 0 0 1.500000000000000222 1 I I #
loop $-1 -1 $-1 $-1 $990 $756 #
face $991 -1 $-1 $988 $540 $27 $-1 $992 reversed single #
point $-1 -1 $-1 49.40000000000000568 -3.000000000000000444 35.10000000000000142 #
coedge $-1 -1 $-1 $993 $994 $543 $759 reversed $995 $-1 #
edge $-1 -1 $-1 $763 -1.570796326794896558 $776 0 $543 $996 forward @7 unknown #
coedge $-1 -1 $-1 $997 $544 $547 $766 forward $762 $-1 #
coedge $-1 -1 $-1 $544 $997 $993 $998 reversed $762 $-1 #
loop $-1 -1 $-1 $-1 $544 $737 #
vertex $-1 -1 $-1 $545 $999 #
straight-curve $-1 -1 $-1 120 -3.000000000000000444 0 0 0 1 F 5 F 75 #
coedge $-1 -1 $-1 $547 $546 $741 $967 reversed $548 $-1 #
edge $-1 -1 $-1 $549 0 $1000 3.000000000000000444 $547 $1001 forward @14 tangent_not_g2 #
point $-1 -1 $-1 120 -3.000000000000000444 5 #
vertex $-1 -1 $-1 $742 $1002 #
straight-curve $-1 -1 $-1 115 -3.000000000000000444 -8.881784197000999888e-16 0 1 0 F 0 F 3.000000000000000444 #
coedge $-1 -1 $-1 $1003 $555 $969 $1004 forward $341 $-1 #
vertex $-1 -1 $-1 $744 $1005 #
ellipse-curve $-1 -1 $-1 5 0 75 0 1 0 0 0 5 1 F -1.570796326794896558 F 0 #
ellipse-curve $-1 -1 $-1 5 0 5 0 -1 0 0 0 5 1 F 1.570796326794896558 F 3.141592653589793116 #
coedge $-1 -1 $-1 $969 $562 $994 $1006 forward $775 $-1 #
loop $-1 -1 $-1 $-1 $969 $1007 #
vertex $-1 -1 $-1 $759 $1008 #
straight-curve $-1 -1 $-1 0 -3.000000000000000444 80 1 0 0 F 5 F 115 #
point $-1 -1 $-1 5 -3.000000000000000444 80 #
DXID-attrib $-1 -1 $-1 $-1 $567 @10 ASM ENTITY @1 6 #
plane-surface $-1 -1 $-1 46.00000000000000711 7.5 52.54000000000000625 -1 0 0 -0 -1.110223024625000001e-16 -1 forward_v I I I I #
loop $-1 -1 $-1 $1009 $1010 $372 #
coedge $-1 -1 $-1 $570 $853 $1011 $1012 reversed $373 $-1 #
edge $-1 -1 $-1 $1013 -3.764999999999996128 $623 4.235000000000006537 $622 $1014 forward @7 unknown #
coedge $-1 -1 $-1 $571 $861 $1015 $1016 reversed $234 $-1 #
coedge $-1 -1 $-1 $1017 $573 $571 $786 reversed $790 $-1 #
edge $-1 -1 $-1 $1018 0 $575 8.940000000000001279 $571 $1019 forward @7 unknown #
coedge $-1 -1 $-1 $1020 $1021 $572 $788 reversed $1022 $-1 #
edge $-1 -1 $-1 $791 0 $1023 8.350000000000008527 $572 $1024 forward @7 unknown #
coedge $-1 -1 $-1 $573 $1017 $1020 $1025 forward $790 $-1 #
loop $-1 -1 $-1 $-1 $1017 $1026 #
vertex $-1 -1 $-1 $574 $1027 #
straight-curve $-1 -1 $-1 45.35000000000000142 8.580000000000001847 46.46999999999999886 0 -1 1.110223024625000001e-16 F 0 F 4.580000000000000071 #
point $-1 -1 $-1 45.35000000000000142 8.580000000000001847 46.46999999999999886 #
coedge $-1 -1 $-1 $578 $577 $1028 $1029 reversed $237 $-1 #
coedge $-1 -1 $-1 $1030 $1031 $577 $796 reversed $1032 $-1 #
edge $-1 -1 $-1 $803 0 $1033 4.000000000000003553 $577 $1034 forward @7 unknown #
coedge $-1 -1 $-1 $1035 $1036 $578 $798 forward $1037 $-1 #
edge $-1 -1 $-1 $802 0 $1038 4.000000000000003553 $578 $1039 forward @7 unknown #
coedge $-1 -1 $-1 $1040 $579 $1036 $1041 forward $801 $-1 #
coedge $-1 -1 $-1 $579 $1040 $1030 $1042 reversed $801 $-1 #
loop $-1 -1 $-1 $-1 $799 $1043 #
vertex $-1 -1 $-1 $580 $1044 #
vertex $-1 -1 $-1 $580 $1045 #
straight-curve $-1 -1 $-1 47.40000000000000568 7.5 48.39999999999999858 0 1.110223024625000001e-16 1 F 0 F 3.000000000000007105 #
coedge $-1 -1 $-1 $1046 $1047 $581 $806 forward $1048 $-1 #
edge $-1 -1 $-1 $815 0 $810 3.000000000000002665 $581 $1049 forward @7 unknown #
coedge $-1 -1 $-1 $1050 $582 $587 $819 forward $809 $-1 #
coedge $-1 -1 $-1 $582 $1050 $1046 $1051 reversed $809 $-1 #
loop $-1 -1 $-1 $-1 $582 $1052 #
vertex $-1 -1 $-1 $583 $1053 #
straight-curve $-1 -1 $-1 47.40000000000000568 7.5 35.60000000000000853 1 0 0 F 0 F 4.000000000000003553 #
coedge $-1 -1 $-1 $1054 $584 $1047 $1055 forward $814 $-1 #
coedge $-1 -1 $-1 $584 $1054 $586 $818 reversed $814 $-1 #
loop $-1 -1 $-1 $-1 $584 $1056 #
vertex $-1 -1 $-1 $806 $1057 #
straight-curve $-1 -1 $-1 47.40000000000000568 7.5 32.60000000000000142 1 0 0 F 0 F 4.000000000000003553 #
coedge $-1 -1 $-1 $587 $586 $1058 $1059 forward $588 $-1 #
edge $-1 -1 $-1 $589 0 $1060 1.999999999999999556 $586 $1061 forward @7 unknown #
edge $-1 -1 $-1 $590 0 $1062 1.999999999999999556 $587 $1063 forward @7 unknown #
face $1064 -1 $-1 $1052 $588 $29 $-1 $1065 reversed single #
point $-1 -1 $-1 47.40000000000000568 7.5 32.60000000000000142 #
point $-1 -1 $-1 47.40000000000000568 7.5 35.60000000000000853 #
coedge $-1 -1 $-1 $593 $592 $855 $1066 forward $594 $-1 #
edge $-1 -1 $-1 $595 0 $859 1.800000000000001599 $619 $1067 forward @7 unknown #
face $1068 -1 $-1 $820 $594 $29 $-1 $1069 forward single #
point $-1 -1 $-1 46.00000000000000711 7.5 52.54000000000000625 #
coedge $-1 -1 $-1 $597 $1070 $1071 $1072 reversed $92 $-1 #
coedge $-1 -1 $-1 $1073 $1074 $597 $829 reversed $1075 $-1 #
edge $-1 -1 $-1 $1076 0 $833 18.55999999999999872 $597 $1077 forward @7 unknown #
coedge $-1 -1 $-1 $1078 $598 $1074 $1079 forward $832 $-1 #
coedge $-1 -1 $-1 $598 $1080 $600 $836 forward $832 $-1 #
loop $-1 -1 $-1 $-1 $598 $1081 #
vertex $-1 -1 $-1 $829 $1082 #
straight-curve $-1 -1 $-1 60.89999999999999858 7.5 51.28000000000000114 1 0 0 F 0 F 30.09999999999999787 #
coedge $-1 -1 $-1 $601 $600 $1083 $1084 forward $602 $-1 #
edge $-1 -1 $-1 $1085 -1.599999999999999201 $603 0 $600 $1086 forward @7 unknown #
face $1087 -1 $-1 $1081 $602 $29 $-1 $1088 reversed single #
point $-1 -1 $-1 91 7.5 51.28000000000000114 #
coedge $-1 -1 $-1 $848 $605 $1089 $1090 reversed $390 $-1 #
coedge $-1 -1 $-1 $1083 $1091 $605 $841 reversed $1092 $-1 #
edge $-1 -1 $-1 $842 0 $1093 6.000000000000014211 $605 $1094 forward @7 unknown #
vertex $-1 -1 $-1 $606 $1095 #
straight-curve $-1 -1 $-1 91 7.5 54.70000000000000284 0 -1 1.110223024625000001e-16 F 0 F 1.599999999999999201 #
coedge $-1 -1 $-1 $1096 $855 $607 $845 reversed $568 $-1 #
edge $-1 -1 $-1 $1097 0 $846 45.71999999999999886 $844 $1098 forward @7 unknown #
vertex $-1 -1 $-1 $1066 $1099 #
straight-curve $-1 -1 $-1 48.15999999999999659 7.5 54.70000000000000284 0 1 -1.110223024625000001e-16 F 0 F 1.800000000000001599 #
coedge $-1 -1 $-1 $609 $839 $1100 $1101 reversed $390 $-1 #
coedge $-1 -1 $-1 $1102 $1103 $609 $850 reversed $1104 $-1 #
edge $-1 -1 $-1 $1105 0 $1097 1.800000000000001599 $609 $1106 forward @7 unknown #
DXID-attrib $-1 -1 $-1 $-1 $610 @10 ASM ENTITY @1 7 #
plane-surface $-1 -1 $-1 93.87999999999999545 7.5 54.70000000000000284 0 1.110223024625000001e-16 1 -1 0 0 forward_v I I I I #
coedge $-1 -1 $-1 $782 $613 $616 $857 forward $373 $-1 #
straight-curve $-1 -1 $-1 47.27000000000000313 7.5 46.00000000000000711 0 1 -1.110223024625000001e-16 F 1.080000000000000959 F 1.800000000000001599 #
coedge $-1 -1 $-1 $844 $615 $823 $1066 reversed $568 $-1 #
coedge $-1 -1 $-1 $616 $1107 $1108 $1109 reversed $568 $-1 #
edge $-1 -1 $-1 $617 0 $1110 8.000000000000001776 $853 $1111 forward @7 unknown #
point $-1 -1 $-1 47.27000000000000313 9.300000000000000711 46.00000000000000711 #
vertex $-1 -1 $-1 $620 $1112 #
straight-curve $-1 -1 $-1 46.00000000000000711 9.300000000000000711 52.54000000000000625 0 -1.110223024625000001e-16 -1 F 0 F 5.27000000000000135 #
coedge $-1 -1 $-1 $784 $622 $1113 $1114 reversed $234 $-1 #
point $-1 -1 $-1 47.27000000000000313 8.580000000000001847 46.00000000000000711 #
coedge $-1 -1 $-1 $1115 $628 $625 $864 forward $869 $-1 #
edge $-1 -1 $-1 $630 1.080000000000000959 $1023 4.580000000000000071 $625 $1116 forward @7 unknown #
coedge $-1 -1 $-1 $1117 $627 $1118 $1119 forward $92 $-1 #
coedge $-1 -1 $-1 $1120 $1121 $627 $867 reversed $1122 $-1 #
edge $-1 -1 $-1 $870 4.665468580685994127 $1123 11.56546858068600692 $627 $1124 forward @7 unknown #
coedge $-1 -1 $-1 $628 $1115 $1120 $1125 reversed $869 $-1 #
loop $-1 -1 $-1 $-1 $868 $1126 #
vertex $-1 -1 $-1 $629 $1127 #
straight-curve $-1 -1 $-1 53.70000000000000995 7.5 39.76500000000000057 0 1.110223024625000001e-16 1 F -2.23500000000000032 F 6.705000000000000959 #
point $-1 -1 $-1 53.70000000000000995 7.5 46.46999999999999886 #
DXID-attrib $-1 -1 $-1 $-1 $634 @10 ASM ENTITY @1 6 #
face $1128 -1 $-1 $1129 $1130 $31 $-1 $1131 forward single #
loop $-1 -1 $-1 $-1 $1132 $634 #
plane-surface $-1 -1 $-1 38.75 4.599999999999999645 37.89999999999999858 0 0 1 1 0 0 forward_v I I I I #
loop $-1 -1 $-1 $-1 $1133 $413 #
coedge $-1 -1 $-1 $643 $642 $637 $879 forward $635 $-1 #
edge $-1 -1 $-1 $880 0 $883 12.40000000000000213 $637 $1134 forward @7 unknown #
vertex $-1 -1 $-1 $638 $1135 #
straight-curve $-1 -1 $-1 14.85000000000000142 9.050000000000000711 35.79999999999999716 1 0 0 F 0 F 24.00000000000000355 #
edge $-1 -1 $-1 $644 0 $883 6.500000000000000888 $639 $1136 forward @7 unknown #
vertex $-1 -1 $-1 $882 $1137 #
straight-curve $-1 -1 $-1 14.85000000000000142 9.050000000000000711 48.20000000000000284 1 0 0 F 0 F 24.00000000000000355 #
point $-1 -1 $-1 38.85000000000000142 2.549999999999999822 48.20000000000000284 #
straight-curve $-1 -1 $-1 38.85000000000000142 2.549999999999999822 35.79999999999999716 0 1 0 F 0 F 6.500000000000000888 #
DXID-attrib $-1 -1 $-1 $-1 $654 @10 ASM ENTITY @1 6 #
loop $-1 -1 $-1 $-1 $1138 $654 #
plane-surface $-1 -1 $-1 104 15 68 0 0 1 1 0 0 forward_v I I I I #
loop $-1 -1 $-1 $-1 $1139 $438 #
coedge $-1 -1 $-1 $891 $891 $1138 $1140 forward $655 $-1 #
coedge $-1 -1 $-1 $892 $892 $1139 $1141 forward $657 $-1 #
vertex $-1 -1 $-1 $659 $1142 #
ellipse-curve $-1 -1 $-1 104 15 80 0 0 1 4.599999999999999645 0 0 1 I I #
straight-curve $-1 -1 $-1 59.40000000000000568 -0.2999999999999999889 32.85000000000000142 1 0 0 F 0 F 35.80000000000000426 #
straight-curve $-1 -1 $-1 95.20000000000001705 -0.2999999999999999889 32.85000000000000142 0 0 1 F 0 F 19.29999999999999716 #
point $-1 -1 $-1 95.20000000000001705 -0.2999999999999999889 32.85000000000000142 #
point $-1 -1 $-1 95.20000000000001705 -0.2999999999999999889 52.14999999999999858 #
straight-curve $-1 -1 $-1 59.40000000000000568 -0.2999999999999999889 52.14999999999999858 1 0 0 F 0 F 35.80000000000000426 #
coedge $-1 -1 $-1 $719 $683 $1143 $1144 forward $481 $-1 #
coedge $-1 -1 $-1 $713 $691 $683 $902 reversed $82 $-1 #
edge $-1 -1 $-1 $720 -1.570796326794896558 $1145 0 $901 $1146 forward @7 unknown #
coedge $-1 -1 $-1 $686 $1147 $684 $904 reversed $688 $-1 #
edge $-1 -1 $-1 $905 -11.30000000000000071 $1148 -1 $684 $1149 forward @7 unknown #
vertex $-1 -1 $-1 $687 $1150 #
straight-curve $-1 -1 $-1 -1 10.30000000000000071 45.5 1 0 0 F 1 F 3.499999999999999556 #
straight-curve $-1 -1 $-1 2.5 10.30000000000000071 20.50000000000000355 0 0 1 F 17.99999999999999645 F 24.99999999999999289 #
coedge $-1 -1 $-1 $1147 $956 $1151 $1152 reversed $688 $-1 #
face $1153 -1 $-1 $1154 $688 $25 $-1 $1155 forward single #
coedge $-1 -1 $-1 $1156 $1143 $691 $911 forward $1157 $-1 #
edge $-1 -1 $-1 $1145 5 $915 115 $691 $1158 forward @7 unknown #
coedge $-1 -1 $-1 $1159 $692 $695 $918 forward $914 $-1 #
coedge $-1 -1 $-1 $692 $1159 $1156 $1160 reversed $914 $-1 #
loop $-1 -1 $-1 $-1 $692 $1161 #
vertex $-1 -1 $-1 $693 $1162 #
ellipse-curve $-1 -1 $-1 115 0 75 0 -1 0 0 0 5 1 F -1.570796326794896558 F 0 #
coedge $-1 -1 $-1 $695 $694 $1163 $1164 forward $696 $-1 #
edge $-1 -1 $-1 $697 0 $1165 30 $695 $1166 forward @14 tangent_not_g2 #
face $1167 -1 $-1 $1161 $696 $25 $-1 $1168 forward single #
point $-1 -1 $-1 120 0 75 #
coedge $-1 -1 $-1 $703 $1163 $699 $922 forward $517 $-1 #
edge $-1 -1 $-1 $923 1.570796326794896558 $707 3.141592653589793116 $921 $1169 forward @7 unknown #
vertex $-1 -1 $-1 $1164 $1170 #
straight-curve $-1 -1 $-1 120 0 5 0 1 0 F 0 F 30 #
DXID-attrib $-1 -1 $-1 $-1 $701 @10 ASM ENTITY @1 9 #
cone-surface $-1 -1 $-1 115 0 5 0 1 0 5 0 0 1 I I 0 1 5 forward I I I I #
straight-curve $-1 -1 $-1 0 30 0 1 0 0 F 5 F 115 #
point $-1 -1 $-1 5 30 -8.881784197000999888e-16 #
point $-1 -1 $-1 115 30 -8.881784197000999888e-16 #
loop $-1 -1 $-1 $1171 $1172 $503 #
coedge $-1 -1 $-1 $931 $931 $1173 $1174 forward $709 $-1 #
coedge $-1 -1 $-1 $1175 $710 $1176 $1177 forward $502 $-1 #
coedge $-1 -1 $-1 $710 $1175 $1178 $1179 forward $502 $-1 #
coedge $-1 -1 $-1 $1180 $1181 $710 $935 reversed $1182 $-1 #
edge $-1 -1 $-1 $1183 6.000000000000000888 $1184 8 $710 $1185 forward @7 unknown #
coedge $-1 -1 $-1 $1186 $713 $715 $938 forward $82 $-1 #
straight-curve $-1 -1 $-1 0 0 0 0 0 1 F 45.49999999999999289 F 75 #
edge $-1 -1 $-1 $716 0.5 $1148 2.999999999999999556 $936 $1187 forward @7 unknown #
point $-1 -1 $-1 0 0 45.5 #
point $-1 -1 $-1 -8.881784197000999888e-16 0 75 #
coedge $-1 -1 $-1 $1163 $722 $1159 $1188 reversed $517 $-1 #
coedge $-1 -1 $-1 $1143 $1156 $722 $943 reversed $1157 $-1 #
edge $-1 -1 $-1 $944 5 $1189 115 $722 $1190 forward @7 unknown #
vertex $-1 -1 $-1 $1144 $1191 #
ellipse-curve $-1 -1 $-1 5 30 75 0 1 0 0 0 5 1 F -1.570796326794896558 F 0 #
loop $-1 -1 $-1 $1192 $1193 $480 #
coedge $-1 -1 $-1 $1194 $1195 $1196 $1197 reversed $724 $-1 #
coedge $-1 -1 $-1 $729 $1198 $1199 $1200 forward $82 $-1 #
coedge $-1 -1 $-1 $1201 $1202 $729 $950 forward $1203 $-1 #
edge $-1 -1 $-1 $954 3.75 $1204 113.75 $729 $1205 forward @7 unknown #
coedge $-1 -1 $-1 $1206 $730 $1202 $1207 forward $953 $-1 #
coedge $-1 -1 $-1 $730 $1206 $732 $957 reversed $953 $-1 #
loop $-1 -1 $-1 $-1 $952 $1208 #
vertex $-1 -1 $-1 $950 $1209 #
ellipse-curve $-1 -1 $-1 5 0 5 0 1 0 -2.5 0 0 1 F -1.570796326794896558 F 0 #
coedge $-1 -1 $-1 $908 $732 $1210 $1211 forward $688 $-1 #
edge $-1 -1 $-1 $733 1 $1212 28.5 $732 $1213 forward @14 tangent_not_g2 #
point $-1 -1 $-1 2.5 0 5 #
DXID-attrib $-1 -1 $-1 $-1 $737 @10 ASM ENTITY @1 7 #
face $1214 -1 $-1 $1007 $995 $27 $-1 $1215 forward single #
plane-surface $-1 -1 $-1 120 -3.000000000000000444 0 1 0 0 0 0 1 forward_v I I I I #
loop $-1 -1 $-1 $1216 $1217 $213 #
coedge $-1 -1 $-1 $963 $963 $990 $1218 reversed $739 $-1 #
coedge $-1 -1 $-1 $964 $964 $740 $965 forward $1219 $-1 #
edge $-1 -1 $-1 $1220 0 $1220 6.283185307179586232 $740 $1221 forward @7 unknown #
coedge $-1 -1 $-1 $741 $1003 $997 $1222 reversed $341 $-1 #
edge $-1 -1 $-1 $1000 1.570796326794896558 $768 3.141592653589793116 $741 $1223 forward @7 unknown #
straight-curve $-1 -1 $-1 0 0 0 1 0 0 F 5 F 115 #
coedge $-1 -1 $-1 $743 $774 $770 $1004 reversed $775 $-1 #
straight-curve $-1 -1 $-1 5 -3.000000000000000444 80 0 1 0 F 0 F 3.000000000000000444 #
point $-1 -1 $-1 5 0 -8.881784197000999888e-16 #
coedge $-1 -1 $-1 $1224 $747 $1225 $1226 forward $536 $-1 #
coedge $-1 -1 $-1 $747 $1224 $1227 $1228 reversed $536 $-1 #
coedge $-1 -1 $-1 $1229 $1230 $747 $975 reversed $1231 $-1 #
edge $-1 -1 $-1 $1232 33 $1233 75 $747 $1234 forward @7 unknown #
coedge $-1 -1 $-1 $749 $748 $1235 $1236 reversed $346 $-1 #
coedge $-1 -1 $-1 $1237 $1238 $748 $978 reversed $1239 $-1 #
edge $-1 -1 $-1 $985 -34.44999999999998863 $1240 -16.85000000000000142 $748 $1241 forward @7 unknown #
coedge $-1 -1 $-1 $1242 $1243 $749 $980 forward $1244 $-1 #
edge $-1 -1 $-1 $984 -34.44999999999998863 $1245 -16.85000000000000142 $749 $1246 forward @7 unknown #
coedge $-1 -1 $-1 $1247 $750 $1243 $1248 forward $983 $-1 #
coedge $-1 -1 $-1 $750 $1247 $1237 $1249 reversed $983 $-1 #
loop $-1 -1 $-1 $-1 $981 $1250 #
vertex $-1 -1 $-1 $751 $1251 #
vertex $-1 -1 $-1 $751 $1252 #
straight-curve $-1 -1 $-1 30.75 -3.000000000000000444 51.29999999999999716 1 0 0 F 30.75 F 62.35000000000000142 #
loop $-1 -1 $-1 $-1 $1253 $988 #
face $1254 -1 $-1 $1250 $752 $27 $-1 $1255 reversed single #
point $-1 -1 $-1 49.40000000000000568 -3.000000000000000444 51.40000000000000568 #
coedge $-1 -1 $-1 $990 $990 $963 $1218 forward $755 $-1 #
DXID-attrib $-1 -1 $-1 $-1 $756 @10 ASM ENTITY @2 10 #
cone-surface $-1 -1 $-1 49.40000000000000568 -4 34.10000000000000142 0 1 0 0 0 1 1 I I 0 1 1 forward I I I I #
coedge $-1 -1 $-1 $1256 $758 $761 $998 forward $995 $-1 #
coedge $-1 -1 $-1 $758 $1256 $774 $1006 reversed $995 $-1 #
loop $-1 -1 $-1 $-1 $758 $960 #
ellipse-curve $-1 -1 $-1 115 -3.000000000000000444 75 0 -1 0 0 0 5 1 F -1.570796326794896558 F 0 #
coedge $-1 -1 $-1 $761 $760 $966 $1222 forward $762 $-1 #
edge $-1 -1 $-1 $763 0 $1257 3.000000000000000444 $761 $1258 forward @14 tangent_not_g2 #
point $-1 -1 $-1 120 -3.000000000000000444 75 #
vertex $-1 -1 $-1 $1222 $1259 #
straight-curve $-1 -1 $-1 120 -3.000000000000000444 5 0 1 0 F 0 F 3.000000000000000444 #
point $-1 -1 $-1 115 0 -8.881784197000999888e-16 #
coedge $-1 -1 $-1 $966 $770 $1256 $1260 reversed $341 $-1 #
edge $-1 -1 $-1 $771 5 $1261 115 $770 $1262 forward @7 unknown #
point $-1 -1 $-1 5 0 80 #
edge $-1 -1 $-1 $776 0 $1261 3.000000000000000444 $994 $1263 forward @14 tangent_not_g2 #
face $1264 -1 $-1 $756 $775 $27 $-1 $1265 forward single #
point $-1 -1 $-1 115 -3.000000000000000444 80 #
loop $-1 -1 $-1 $-1 $1266 $372 #
coedge $-1 -1 $-1 $1267 $1268 $1269 $1270 reversed $781 $-1 #
coedge $-1 -1 $-1 $1108 $1113 $782 $1012 forward $1271 $-1 #
edge $-1 -1 $-1 $1013 1.080000000000000959 $1110 1.800000000000001599 $782 $1272 forward @7 unknown #
vertex $-1 -1 $-1 $783 $1273 #
straight-curve $-1 -1 $-1 47.27000000000000313 8.580000000000001847 41.76500000000000057 0 1.110223024625000001e-16 1 F -3.764999999999996128 F 4.235000000000006537 #
coedge $-1 -1 $-1 $1121 $1274 $784 $1016 forward $1122 $-1 #
edge $-1 -1 $-1 $1018 0 $1275 1.449999999999995737 $784 $1276 forward @7 unknown #
coedge $-1 -1 $-1 $789 $785 $1274 $1277 forward $790 $-1 #
vertex $-1 -1 $-1 $1016 $1278 #
straight-curve $-1 -1 $-1 45.35000000000000142 8.580000000000001847 37.53000000000000114 0 1.110223024625000001e-16 1 F 0 F 8.940000000000001279 #
coedge $-1 -1 $-1 $1279 $787 $789 $1025 reversed $1022 $-1 #
coedge $-1 -1 $-1 $787 $1279 $1115 $1280 forward $1022 $-1 #
loop $-1 -1 $-1 $-1 $1020 $1281 #
vertex $-1 -1 $-1 $788 $1282 #
straight-curve $-1 -1 $-1 45.35000000000000142 4 46.46999999999999886 1 0 0 F 0 F 8.350000000000008527 #
edge $-1 -1 $-1 $1283 0 $791 8.940000000000001279 $1020 $1284 forward @7 unknown #
face $1285 -1 $-1 $1286 $790 $29 $-1 $1287 reversed single #
point $-1 -1 $-1 45.35000000000000142 4 46.46999999999999886 #
coedge $-1 -1 $-1 $1288 $1289 $794 $1029 forward $1290 $-1 #
edge $-1 -1 $-1 $1038 0 $1033 3.000000000000007105 $794 $1291 forward @7 unknown #
coedge $-1 -1 $-1 $1292 $795 $800 $1042 forward $1032 $-1 #
coedge $-1 -1 $-1 $795 $1292 $1288 $1293 reversed $1032 $-1 #
loop $-1 -1 $-1 $-1 $795 $1294 #
vertex $-1 -1 $-1 $796 $1295 #
straight-curve $-1 -1 $-1 47.40000000000000568 7.5 51.40000000000000568 1 0 0 F 0 F 4.000000000000003553 #
coedge $-1 -1 $-1 $1296 $797 $1289 $1297 forward $1037 $-1 #
coedge $-1 -1 $-1 $797 $1296 $799 $1041 reversed $1037 $-1 #
loop $-1 -1 $-1 $-1 $797 $1298 #
vertex $-1 -1 $-1 $1029 $1299 #
straight-curve $-1 -1 $-1 47.40000000000000568 7.5 48.39999999999999858 1 0 0 F 0 F 4.000000000000003553 #
coedge $-1 -1 $-1 $800 $799 $1300 $1301 forward $801 $-1 #
edge $-1 -1 $-1 $802 0 $1302 1.999999999999999556 $799 $1303 forward @7 unknown #
edge $-1 -1 $-1 $803 0 $1304 1.999999999999999556 $800 $1305 forward @7 unknown #
face $1306 -1 $-1 $1294 $801 $29 $-1 $1307 reversed single #
point $-1 -1 $-1 47.40000000000000568 7.5 48.39999999999999858 #
point $-1 -1 $-1 47.40000000000000568 7.5 51.40000000000000568 #
coedge $-1 -1 $-1 $1308 $805 $808 $1051 forward $1048 $-1 #
coedge $-1 -1 $-1 $805 $1308 $812 $1055 reversed $1048 $-1 #
loop $-1 -1 $-1 $-1 $1047 $1309 #
straight-curve $-1 -1 $-1 51.40000000000000568 7.5 32.60000000000000142 0 1.110223024625000001e-16 1 F 0 F 3.000000000000002665 #
coedge $-1 -1 $-1 $808 $807 $1310 $1311 forward $809 $-1 #
edge $-1 -1 $-1 $810 0 $1312 1.999999999999999556 $808 $1313 forward @7 unknown #
face $1314 -1 $-1 $1056 $809 $29 $-1 $1315 forward single #
point $-1 -1 $-1 51.40000000000000568 7.5 35.60000000000000853 #
coedge $-1 -1 $-1 $813 $812 $1316 $1317 reversed $814 $-1 #
edge $-1 -1 $-1 $815 0 $1318 1.999999999999999556 $812 $1319 forward @7 unknown #
face $1320 -1 $-1 $1309 $814 $29 $-1 $1321 reversed single #
point $-1 -1 $-1 51.40000000000000568 7.5 32.60000000000000142 #
coedge $-1 -1 $-1 $1316 $1310 $817 $1059 reversed $1322 $-1 #
edge $-1 -1 $-1 $1060 0 $1062 3.000000000000002665 $817 $1323 forward @7 unknown #
vertex $-1 -1 $-1 $818 $1324 #
straight-curve $-1 -1 $-1 47.40000000000000568 7.5 32.60000000000000142 0 -1 1.110223024625000001e-16 F 0 F 1.999999999999999556 #
vertex $-1 -1 $-1 $1059 $1325 #
straight-curve $-1 -1 $-1 47.40000000000000568 7.5 35.60000000000000853 0 -1 1.110223024625000001e-16 F 0 F 1.999999999999999556 #
DXID-attrib $-1 -1 $-1 $-1 $820 @10 ASM ENTITY @2 28 #
plane-surface $-1 -1 $-1 47.40000000000000568 7.5 32.60000000000000142 1 0 0 0 -1 1.110223024625000001e-16 forward_v I I I I #
edge $-1 -1 $-1 $846 -0 $859 3.05470129472392582 $855 $1326 forward @7 unknown #
straight-curve $-1 -1 $-1 46.00000000000000711 7.5 52.54000000000000625 0 1 -1.110223024625000001e-16 F 0 F 1.800000000000001599 #
DXID-attrib $-1 -1 $-1 $-1 $825 @10 ASM ENTITY @2 27 #
plane-surface $-1 -1 $-1 48.15999999999999659 7.5 54.70000000000000284 -0.7071067811865475727 7.8504622934139775e-17 0.7071067811865475727 -0.7071067811865476838 -7.8504622934139775e-17 -0.7071067811865476838 forward_v I I I I #
coedge $-1 -1 $-1 $827 $1327 $1328 $1329 reversed $92 $-1 #
coedge $-1 -1 $-1 $1330 $1331 $827 $1072 forward $1332 $-1 #
edge $-1 -1 $-1 $1076 0 $1333 33.00000000000000711 $827 $1334 forward @7 unknown #
coedge $-1 -1 $-1 $1335 $828 $1331 $1336 forward $1075 $-1 #
coedge $-1 -1 $-1 $828 $1335 $830 $1079 reversed $1075 $-1 #
loop $-1 -1 $-1 $-1 $1073 $1337 #
vertex $-1 -1 $-1 $1072 $1338 #
straight-curve $-1 -1 $-1 60.89999999999999858 7.5 32.71999999999999886 0 1.110223024625000001e-16 1 F 0 F 18.55999999999999872 #
coedge $-1 -1 $-1 $1339 $830 $1340 $1341 forward $832 $-1 #
edge $-1 -1 $-1 $833 0 $1342 5 $830 $1343 forward @7 unknown #
coedge $-1 -1 $-1 $831 $1339 $1344 $1345 reversed $832 $-1 #
face $1346 -1 $-1 $1337 $832 $29 $-1 $1347 forward single #
point $-1 -1 $-1 60.89999999999999858 7.5 51.28000000000000114 #
coedge $-1 -1 $-1 $1344 $840 $835 $1084 reversed $1092 $-1 #
edge $-1 -1 $-1 $1085 1.280000000000001137 $842 4.700000000000006395 $835 $1348 forward @7 unknown #
vertex $-1 -1 $-1 $1084 $1349 #
straight-curve $-1 -1 $-1 91 7.5 51.28000000000000114 0 1 -1.110223024625000001e-16 F -1.599999999999999201 F 0 #
DXID-attrib $-1 -1 $-1 $-1 $837 @10 ASM ENTITY @1 8 #
plane-surface $-1 -1 $-1 91 7.5 50 1 0 0 0 -1 1.110223024625000001e-16 forward_v I I I I #
coedge $-1 -1 $-1 $1350 $1351 $839 $1090 forward $1352 $-1 #
edge $-1 -1 $-1 $1353 0 $1093 1.599999999999999201 $839 $1354 forward @7 unknown #
coedge $-1 -1 $-1 $840 $1355 $1350 $1356 forward $1092 $-1 #
loop $-1 -1 $-1 $-1 $1083 $1357 #
vertex $-1 -1 $-1 $841 $1358 #
straight-curve $-1 -1 $-1 91 5.900000000000000355 54.70000000000000284 1 0 0 F 0 F 6.000000000000014211 #
point $-1 -1 $-1 91 5.900000000000000355 54.70000000000000284 #
coedge $-1 -1 $-1 $1359 $844 $1103 $1360 reversed $568 $-1 #
vertex $-1 -1 $-1 $845 $1361 #
straight-curve $-1 -1 $-1 93.87999999999999545 9.300000000000000711 54.70000000000000284 -1 0 0 F 0 F 45.71999999999999886 #
point $-1 -1 $-1 48.15999999999999659 9.300000000000000711 54.70000000000000284 #
coedge $-1 -1 $-1 $1362 $1363 $848 $1101 forward $1364 $-1 #
edge $-1 -1 $-1 $1105 2.880000000000002558 $1353 6.000000000000014211 $848 $1365 forward @7 unknown #
coedge $-1 -1 $-1 $1366 $849 $1363 $1367 reversed $1104 $-1 #
coedge $-1 -1 $-1 $849 $1368 $1096 $1360 forward $1104 $-1 #
loop $-1 -1 $-1 $-1 $1368 $1369 #
vertex $-1 -1 $-1 $850 $1370 #
straight-curve $-1 -1 $-1 93.87999999999999545 7.5 54.70000000000000284 0 1 -1.110223024625000001e-16 F 0 F 1.800000000000001599 #
coedge $-1 -1 $-1 $856 $1371 $1372 $1373 reversed $568 $-1 #
coedge $-1 -1 $-1 $1374 $1011 $856 $1109 forward $1271 $-1 #
edge $-1 -1 $-1 $1110 -0 $1375 1.796051224212680708 $856 $1376 forward @7 unknown #
vertex $-1 -1 $-1 $857 $1377 #
straight-curve $-1 -1 $-1 47.27000000000000313 9.300000000000000711 46.00000000000000711 0 -1.110223024625000001e-16 -1 F 0 F 8.000000000000001776 #
point $-1 -1 $-1 46.00000000000000711 9.300000000000000711 52.54000000000000625 #
coedge $-1 -1 $-1 $1011 $1378 $861 $1114 forward $1271 $-1 #
edge $-1 -1 $-1 $1275 0.1803122292024484652 $1013 0.8449926035173829231 $861 $1379 forward @7 unknown #
coedge $-1 -1 $-1 $868 $863 $1021 $1280 reversed $869 $-1 #
straight-curve $-1 -1 $-1 53.70000000000000995 8.580000000000001847 46.46999999999999886 0 -1 1.110223024625000001e-16 F 1.080000000000000959 F 4.580000000000000071 #
coedge $-1 -1 $-1 $1380 $865 $1381 $1382 forward $92 $-1 #
coedge $-1 -1 $-1 $1378 $1374 $865 $1119 reversed $1271 $-1 #
edge $-1 -1 $-1 $1123 0.6646803743149343191 $1383 1.796051224212680708 $865 $1384 forward @7 unknown #
coedge $-1 -1 $-1 $1385 $866 $868 $1125 forward $1122 $-1 #
coedge $-1 -1 $-1 $866 $1015 $1378 $1386 reversed $1122 $-1 #
loop $-1 -1 $-1 $-1 $1015 $1387 #
vertex $-1 -1 $-1 $867 $1388 #
straight-curve $-1 -1 $-1 58.36546858068600585 7.5 37.53000000000000114 -1 0 0 F 4.665468580685994127 F 11.56546858068600692 #
edge $-1 -1 $-1 $870 1.080000000000000959 $1389 4.580000000000000071 $1120 $1390 forward @7 unknown #
face $1391 -1 $-1 $825 $869 $29 $-1 $1392 forward single #
point $-1 -1 $-1 53.70000000000000995 7.5 37.53000000000000114 #
DXID-attrib $-1 -1 $-1 $-1 $874 @10 ASM ENTITY @1 7 #
face $1393 -1 $-1 $1394 $1395 $31 $-1 $1396 forward single #
loop $-1 -1 $-1 $-1 $1397 $874 #
plane-surface $-1 -1 $-1 38.75 7.000000000000000888 37.89999999999999858 0 1 0 0 0 1 forward_v I I I I #
coedge $-1 -1 $-1 $1398 $1399 $1397 $1400 forward $875 $-1 #
coedge $-1 -1 $-1 $1401 $1402 $1399 $1403 forward $877 $-1 #
straight-curve $-1 -1 $-1 38.85000000000000142 9.050000000000000711 35.79999999999999716 0 0 1 F 0 F 12.40000000000000213 #
point $-1 -1 $-1 38.85000000000000142 9.050000000000000711 35.79999999999999716 #
straight-curve $-1 -1 $-1 38.85000000000000142 2.549999999999999822 48.20000000000000284 0 1 0 F 0 F 6.500000000000000888 #
point $-1 -1 $-1 38.85000000000000142 9.050000000000000711 48.20000000000000284 #
coedge $-1 -1 $-1 $1138 $1138 $891 $1140 reversed $888 $-1 #
coedge $-1 -1 $-1 $1139 $1139 $892 $1141 reversed $890 $-1 #
edge $-1 -1 $-1 $1404 0 $1404 6.283185307179586232 $891 $1405 forward @7 unknown #
edge $-1 -1 $-1 $1406 0 $1406 6.283185307179586232 $892 $1407 forward @7 unknown #
point $-1 -1 $-1 108.5999999999999943 15 80 #
coedge $-1 -1 $-1 $910 $942 $900 $1144 reversed $1157 $-1 #
edge $-1 -1 $-1 $1145 0 $944 30 $900 $1408 forward @14 tangent_not_g2 #
vertex $-1 -1 $-1 $911 $1409 #
ellipse-curve $-1 -1 $-1 5 0 75 0 1 0 0 0 5 1 F -1.570796326794896558 F 0 #
coedge $-1 -1 $-1 $903 $908 $1186 $1410 forward $688 $-1 #
vertex $-1 -1 $-1 $938 $1411 #
straight-curve $-1 -1 $-1 2.5 -1 45.5 0 -1 0 F -11.30000000000000071 F -1 #
point $-1 -1 $-1 2.5 10.30000000000000071 45.5 #
coedge $-1 -1 $-1 $1412 $1413 $908 $1152 forward $1414 $-1 #
edge $-1 -1 $-1 $1415 1 $1416 28.5 $908 $1417 forward @14 tangent_not_g2 #
DXID-attrib $-1 -1 $-1 $-1 $909 @10 ASM ENTITY @2 13 #
face $1418 -1 $-1 $1419 $1414 $25 $-1 $1420 reversed single #
plane-surface $-1 -1 $-1 2.5 -1 2.5 1 0 0 0 0 1 forward_v I I I I #
coedge $-1 -1 $-1 $942 $910 $913 $1160 forward $1157 $-1 #
loop $-1 -1 $-1 $1421 $942 $1422 #
straight-curve $-1 -1 $-1 0 0 80 1 0 0 F 5 F 115 #
coedge $-1 -1 $-1 $913 $912 $941 $1188 forward $914 $-1 #
edge $-1 -1 $-1 $915 0 $1189 30 $913 $1423 forward @14 tangent_not_g2 #
face $1424 -1 $-1 $1422 $914 $25 $-1 $1425 forward single #
point $-1 -1 $-1 115 0 80 #
coedge $-1 -1 $-1 $921 $941 $917 $1164 reversed $517 $-1 #
edge $-1 -1 $-1 $923 5 $1165 75 $1163 $1426 forward @7 unknown #
vertex $-1 -1 $-1 $1188 $1427 #
straight-curve $-1 -1 $-1 120 0 75 0 1 0 F 0 F 30 #
DXID-attrib $-1 -1 $-1 $-1 $919 @10 ASM ENTITY @2 10 #
plane-surface $-1 -1 $-1 120 0 0 1 0 0 0 0 1 forward_v I I I I #
ellipse-curve $-1 -1 $-1 115 30 5 0 1 0 0 0 5 1 F 1.570796326794896558 F 3.141592653589793116 #
point $-1 -1 $-1 120 30 5 #
loop $-1 -1 $-1 $1428 $1429 $503 #
coedge $-1 -1 $-1 $1172 $1172 $1430 $1431 forward $930 $-1 #
coedge $-1 -1 $-1 $1173 $1173 $931 $1174 reversed $1432 $-1 #
edge $-1 -1 $-1 $1433 0 $1433 6.283185307179586232 $931 $1434 forward @7 unknown #
coedge $-1 -1 $-1 $933 $932 $1435 $1436 reversed $502 $-1 #
coedge $-1 -1 $-1 $1437 $1438 $932 $1177 reversed $1439 $-1 #
edge $-1 -1 $-1 $1184 0 $1440 40.00000000000000711 $932 $1441 forward @7 unknown #
coedge $-1 -1 $-1 $1442 $1443 $933 $1179 reversed $1444 $-1 #
edge $-1 -1 $-1 $1445 0 $1183 40.00000000000000711 $933 $1446 forward @7 unknown #
coedge $-1 -1 $-1 $1447 $934 $1443 $1448 forward $1182 $-1 #
coedge $-1 -1 $-1 $934 $1447 $1437 $1449 reversed $1182 $-1 #
loop $-1 -1 $-1 $-1 $1180 $1450 #
vertex $-1 -1 $-1 $935 $1451 #
vertex $-1 -1 $-1 $935 $1452 #
straight-curve $-1 -1 $-1 112.0000000000000142 6.000000000000000888 0 0 1 0 F 6.000000000000000888 F 8 #
coedge $-1 -1 $-1 $1453 $936 $1147 $1410 reversed $82 $-1 #
straight-curve $-1 -1 $-1 -0.5 0 45.5 1 0 0 F 0.5 F 2.999999999999999556 #
edge $-1 -1 $-1 $1165 -1.570796326794896558 $1189 0 $941 $1454 forward @7 unknown #
vertex $-1 -1 $-1 $943 $1455 #
straight-curve $-1 -1 $-1 0 30 80 1 0 0 F 5 F 115 #
point $-1 -1 $-1 5 30 80 #
loop $-1 -1 $-1 $-1 $1456 $480 #
coedge $-1 -1 $-1 $1193 $1193 $1457 $1458 reversed $946 $-1 #
coedge $-1 -1 $-1 $1459 $947 $1460 $1461 forward $724 $-1 #
coedge $-1 -1 $-1 $947 $1459 $1462 $1463 reversed $724 $-1 #
coedge $-1 -1 $-1 $1464 $1465 $947 $1197 forward $1466 $-1 #
edge $-1 -1 $-1 $1467 -1.570796326794896558 $1468 1.570796326794896558 $947 $1469 forward @7 unknown #
coedge $-1 -1 $-1 $948 $1470 $1471 $1472 forward $82 $-1 #
coedge $-1 -1 $-1 $1473 $1474 $948 $1200 reversed $1475 $-1 #
edge $-1 -1 $-1 $1476 0 $1204 1.570796326794896558 $948 $1477 forward @7 unknown #
coedge $-1 -1 $-1 $1478 $949 $1474 $1479 forward $1203 $-1 #
coedge $-1 -1 $-1 $949 $1478 $951 $1207 reversed $1203 $-1 #
loop $-1 -1 $-1 $1480 $1478 $1481 #
vertex $-1 -1 $-1 $1200 $1482 #
straight-curve $-1 -1 $-1 1.25 0 2.5 1 0 0 F 3.75 F 113.75 #
coedge $-1 -1 $-1 $952 $951 $1483 $1484 reversed $953 $-1 #
edge $-1 -1 $-1 $954 1 $1485 28.5 $1202 $1486 forward @14 tangent_not_g2 #
face $1487 -1 $-1 $1488 $953 $25 $-1 $1489 reversed single #
point $-1 -1 $-1 5 0 2.5 #
coedge $-1 -1 $-1 $1483 $1490 $956 $1211 reversed $1491 $-1 #
edge $-1 -1 $-1 $1212 2.5 $1416 72.5 $956 $1492 forward @7 unknown #
vertex $-1 -1 $-1 $957 $1493 #
straight-curve $-1 -1 $-1 2.5 -1 5 0 1 0 F 1 F 28.5 #
DXID-attrib $-1 -1 $-1 $-1 $960 @10 ASM ENTITY @1 8 #
cone-surface $-1 -1 $-1 115 -3.000000000000000444 75 0 1 0 5 0 0 1 I I 0 1 5 forward I I I I #
loop $-1 -1 $-1 $1494 $1495 $213 #
coedge $-1 -1 $-1 $1217 $1217 $1496 $1497 reversed $962 $-1 #
edge $-1 -1 $-1 $1498 0 $1498 6.283185307179586232 $963 $1499 forward @7 unknown #
loop $-1 -1 $-1 $-1 $964 $1500 #
vertex $-1 -1 $-1 $965 $1501 #
ellipse-curve $-1 -1 $-1 25 0 15 0 1 0 0 0 6.25 1 I I #
edge $-1 -1 $-1 $1000 5 $1257 75 $966 $1502 forward @7 unknown #
ellipse-curve $-1 -1 $-1 115 0 5 0 1 0 0 0 5 1 F 1.570796326794896558 F 3.141592653589793116 #
coedge $-1 -1 $-1 $973 $972 $1503 $1504 reversed $536 $-1 #
coedge $-1 -1 $-1 $1505 $1506 $972 $1226 reversed $1507 $-1 #
edge $-1 -1 $-1 $1233 -22.99999999999999645 $1508 -3.000000000000000444 $972 $1509 forward @7 unknown #
coedge $-1 -1 $-1 $1510 $1511 $973 $1228 forward $1512 $-1 #
edge $-1 -1 $-1 $1232 -22.99999999999999645 $1513 -3.000000000000000444 $973 $1514 forward @7 unknown #
coedge $-1 -1 $-1 $1515 $974 $1511 $1516 forward $1231 $-1 #
coedge $-1 -1 $-1 $974 $1515 $1505 $1517 reversed $1231 $-1 #
loop $-1 -1 $-1 $-1 $1229 $1518 #
vertex $-1 -1 $-1 $975 $1519 #
vertex $-1 -1 $-1 $975 $1520 #
straight-curve $-1 -1 $-1 33 -3.000000000000000444 26 1 0 0 F 33 F 75 #
coedge $-1 -1 $-1 $1521 $1522 $976 $1236 forward $1523 $-1 #
edge $-1 -1 $-1 $1245 30.75 $1240 62.35000000000000142 $976 $1524 forward @7 unknown #
coedge $-1 -1 $-1 $1525 $977 $982 $1249 forward $1239 $-1 #
coedge $-1 -1 $-1 $977 $1525 $1521 $1526 reversed $1239 $-1 #
loop $-1 -1 $-1 $-1 $1237 $1527 #
vertex $-1 -1 $-1 $978 $1528 #
straight-curve $-1 -1 $-1 93.10000000000000853 -3.000000000000000444 16.85000000000000142 0 0 -1 F -34.44999999999998863 F -16.85000000000000142 #
coedge $-1 -1 $-1 $1529 $979 $1522 $1530 forward $1244 $-1 #
coedge $-1 -1 $-1 $979 $1529 $981 $1248 reversed $1244 $-1 #
loop $-1 -1 $-1 $-1 $1243 $1531 #
vertex $-1 -1 $-1 $1236 $1532 #
straight-curve $-1 -1 $-1 61.5 -3.000000000000000444 16.85000000000000142 0 0 -1 F -34.44999999999998863 F -16.85000000000000142 #
coedge $-1 -1 $-1 $982 $981 $1533 $1534 forward $983 $-1 #
edge $-1 -1 $-1 $984 0.999999999999999778 $1535 1.799999999999999822 $981 $1536 forward @7 unknown #
edge $-1 -1 $-1 $985 0.999999999999999778 $1537 1.799999999999999822 $982 $1538 forward @7 unknown #
face $1539 -1 $-1 $1531 $983 $27 $-1 $1540 reversed single #
point $-1 -1 $-1 61.5 -3.000000000000000444 51.29999999999999716 #
point $-1 -1 $-1 93.10000000000000853 -3.000000000000000444 51.29999999999999716 #
coedge $-1 -1 $-1 $1253 $1253 $1541 $1542 forward $987 $-1 #
DXID-attrib $-1 -1 $-1 $-1 $988 @10 ASM ENTITY @2 11 #
cone-surface $-1 -1 $-1 49.40000000000000568 -4 49.90000000000000568 0 1 0 0 0 1.500000000000000222 1 I I 0 1 1.500000000000000222 forward I I I I #
coedge $-1 -1 $-1 $994 $993 $1003 $1260 forward $995 $-1 #
vertex $-1 -1 $-1 $1260 $1543 #
straight-curve $-1 -1 $-1 120 -3.000000000000000444 75 0 1 0 F 0 F 3.000000000000000444 #
point $-1 -1 $-1 120 0 5 #
edge $-1 -1 $-1 $1257 -1.570796326794896558 $1261 0 $1003 $1544 forward @7 unknown #
vertex $-1 -1 $-1 $1004 $1545 #
straight-curve $-1 -1 $-1 0 0 80 1 0 0 F 5 F 115 #
straight-curve $-1 -1 $-1 115 -3.000000000000000444 80 0 1 0 F 0 F 3.000000000000000444 #
DXID-attrib $-1 -1 $-1 $-1 $1007 @10 ASM ENTITY @1 9 #
plane-surface $-1 -1 $-1 0 -3.000000000000000444 80 0 0 1 1 0 0 forward_v I I I I #
coedge $-1 -1 $-1 $1546 $1547 $1548 $1549 reversed $1009 $-1 #
coedge $-1 -1 $-1 $1550 $1010 $1551 $1552 forward $781 $-1 #
coedge $-1 -1 $-1 $1010 $1550 $1553 $1554 reversed $781 $-1 #
coedge $-1 -1 $-1 $1555 $1556 $1010 $1270 forward $1557 $-1 #
edge $-1 -1 $-1 $1558 0 $1559 4.599999999999990763 $1010 $1560 forward @7 unknown #
loop $-1 -1 $-1 $-1 $1113 $1561 #
straight-curve $-1 -1 $-1 47.27000000000000313 7.5 38 0 1 -1.110223024625000001e-16 F 1.080000000000000959 F 1.800000000000001599 #
point $-1 -1 $-1 47.27000000000000313 8.580000000000001847 38 #
coedge $-1 -1 $-1 $1015 $1385 $1017 $1277 reversed $1122 $-1 #
vertex $-1 -1 $-1 $1114 $1562 #
straight-curve $-1 -1 $-1 45.35000000000000142 8.580000000000001847 37.53000000000000114 1 0 0 F 0 F 1.449999999999995737 #
edge $-1 -1 $-1 $1018 0 $1283 4.580000000000000071 $1274 $1563 forward @7 unknown #
point $-1 -1 $-1 45.35000000000000142 8.580000000000001847 37.53000000000000114 #
coedge $-1 -1 $-1 $1021 $1020 $1385 $1564 forward $1022 $-1 #
edge $-1 -1 $-1 $1389 0 $1023 8.940000000000001279 $1115 $1565 forward @7 unknown #
face $1566 -1 $-1 $1026 $1022 $29 $-1 $1567 forward single #
point $-1 -1 $-1 53.70000000000000995 4 46.46999999999999886 #
vertex $-1 -1 $-1 $1564 $1568 #
straight-curve $-1 -1 $-1 45.35000000000000142 4 37.53000000000000114 0 1.110223024625000001e-16 1 F 0 F 8.940000000000001279 #
DXID-attrib $-1 -1 $-1 $-1 $1026 @10 ASM ENTITY @2 37 #
face $1569 -1 $-1 $1570 $1557 $29 $-1 $1571 reversed single #
plane-surface $-1 -1 $-1 45.35000000000000142 8.580000000000001847 37.53000000000000114 1 0 0 0 -1 1.110223024625000001e-16 forward_v I I I I #
coedge $-1 -1 $-1 $1572 $1028 $1031 $1293 forward $1290 $-1 #
coedge $-1 -1 $-1 $1028 $1572 $1035 $1297 reversed $1290 $-1 #
loop $-1 -1 $-1 $-1 $1289 $1573 #
straight-curve $-1 -1 $-1 51.40000000000000568 7.5 48.39999999999999858 0 1.110223024625000001e-16 1 F 0 F 3.000000000000007105 #
coedge $-1 -1 $-1 $1031 $1030 $1574 $1575 forward $1032 $-1 #
edge $-1 -1 $-1 $1033 0 $1576 1.999999999999999556 $1031 $1577 forward @7 unknown #
face $1578 -1 $-1 $1298 $1032 $29 $-1 $1579 forward single #
point $-1 -1 $-1 51.40000000000000568 7.5 51.40000000000000568 #
coedge $-1 -1 $-1 $1036 $1035 $1580 $1581 reversed $1037 $-1 #
edge $-1 -1 $-1 $1038 0 $1582 1.999999999999999556 $1035 $1583 forward @7 unknown #
face $1584 -1 $-1 $1573 $1037 $29 $-1 $1585 reversed single #
point $-1 -1 $-1 51.40000000000000568 7.5 48.39999999999999858 #
coedge $-1 -1 $-1 $1580 $1574 $1040 $1301 reversed $1586 $-1 #
edge $-1 -1 $-1 $1302 0 $1304 3.000000000000007105 $1040 $1587 forward @7 unknown #
vertex $-1 -1 $-1 $1041 $1588 #
straight-curve $-1 -1 $-1 47.40000000000000568 7.5 48.39999999999999858 0 -1 1.110223024625000001e-16 F 0 F 1.999999999999999556 #
vertex $-1 -1 $-1 $1301 $1589 #
straight-curve $-1 -1 $-1 47.40000000000000568 7.5 51.40000000000000568 0 -1 1.110223024625000001e-16 F 0 F 1.999999999999999556 #
DXID-attrib $-1 -1 $-1 $-1 $1043 @10 ASM ENTITY @2 32 #
plane-surface $-1 -1 $-1 47.40000000000000568 7.5 48.39999999999999858 1 0 0 0 -1 1.110223024625000001e-16 forward_v I I I I #
coedge $-1 -1 $-1 $1047 $1046 $1590 $1591 reversed $1048 $-1 #
face $1592 -1 $-1 $1043 $1048 $29 $-1 $1593 forward single #
coedge $-1 -1 $-1 $1058 $1590 $1050 $1311 reversed $1322 $-1 #
edge $-1 -1 $-1 $1062 0 $1312 4.000000000000003553 $1050 $1594 forward @7 unknown #
vertex $-1 -1 $-1 $1311 $1595 #
straight-curve $-1 -1 $-1 51.40000000000000568 7.5 35.60000000000000853 0 -1 1.110223024625000001e-16 F 0 F 1.999999999999999556 #
DXID-attrib $-1 -1 $-1 $-1 $1052 @10 ASM ENTITY @2 29 #
plane-surface $-1 -1 $-1 47.40000000000000568 7.5 35.60000000000000853 0 1.110223024625000001e-16 1 0 -1 1.110223024625000001e-16 forward_v I I I I #
coedge $-1 -1 $-1 $1590 $1058 $1054 $1317 forward $1322 $-1 #
edge $-1 -1 $-1 $1060 0 $1318 4.000000000000003553 $1054 $1596 forward @7 unknown #
vertex $-1 -1 $-1 $1055 $1597 #
straight-curve $-1 -1 $-1 51.40000000000000568 7.5 32.60000000000000142 0 -1 1.110223024625000001e-16 F 0 F 1.999999999999999556 #
DXID-attrib $-1 -1 $-1 $-1 $1056 @10 ASM ENTITY @2 30 #
plane-surface $-1 -1 $-1 47.40000000000000568 7.5 32.60000000000000142 0 1.110223024625000001e-16 1 0 -1 1.110223024625000001e-16 forward_v I I I I #
loop $-1 -1 $-1 $-1 $1058 $1598 #
straight-curve $-1 -1 $-1 47.40000000000000568 5.5 32.60000000000000142 0 1.110223024625000001e-16 1 F 0 F 3.000000000000002665 #
point $-1 -1 $-1 47.40000000000000568 5.5 32.60000000000000142 #
point $-1 -1 $-1 47.40000000000000568 5.5 35.60000000000000853 #
straight-curve $-1 -1 $-1 48.15999999999999659 9.300000000000000711 54.70000000000000284 -0.7071067811870000996 -7.850462293419000326e-17 -0.7071067811870000996 F -0 F 3.05470129472392582 #
coedge $-1 -1 $-1 $1070 $1599 $1600 $1601 reversed $92 $-1 #
coedge $-1 -1 $-1 $1602 $1603 $1070 $1329 forward $1604 $-1 #
edge $-1 -1 $-1 $1333 0 $1605 17.27999999999999758 $1070 $1606 forward @7 unknown #
coedge $-1 -1 $-1 $1607 $1071 $1603 $1608 forward $1332 $-1 #
coedge $-1 -1 $-1 $1071 $1607 $1073 $1336 reversed $1332 $-1 #
loop $-1 -1 $-1 $-1 $1071 $1609 #
vertex $-1 -1 $-1 $1329 $1610 #
straight-curve $-1 -1 $-1 60.89999999999999858 7.5 32.71999999999999886 1 0 0 F 0 F 33.00000000000000711 #
coedge $-1 -1 $-1 $1074 $1073 $1611 $1612 forward $1075 $-1 #
edge $-1 -1 $-1 $1076 0 $1613 5 $1073 $1614 forward @7 unknown #
face $1615 -1 $-1 $1609 $1075 $29 $-1 $1616 reversed single #
point $-1 -1 $-1 60.89999999999999858 7.5 32.71999999999999886 #
coedge $-1 -1 $-1 $1080 $1078 $1617 $1618 reversed $832 $-1 #
coedge $-1 -1 $-1 $1611 $1619 $1078 $1341 reversed $1620 $-1 #
edge $-1 -1 $-1 $1342 0 $1621 33.00000000000000711 $1078 $1622 forward @7 unknown #
vertex $-1 -1 $-1 $1079 $1623 #
straight-curve $-1 -1 $-1 60.89999999999999858 7.5 51.28000000000000114 0 -1 1.110223024625000001e-16 F 0 F 5 #
coedge $-1 -1 $-1 $1624 $1083 $1080 $1345 forward $1092 $-1 #
edge $-1 -1 $-1 $1085 15.04999999999999005 $1625 17.94999999999999929 $1080 $1626 forward @7 unknown #
DXID-attrib $-1 -1 $-1 $-1 $1081 @10 ASM ENTITY @1 9 #
plane-surface $-1 -1 $-1 60.89999999999999858 7.5 51.28000000000000114 0 1.110223024625000001e-16 1 0 -1 1.110223024625000001e-16 forward_v I I I I #
straight-curve $-1 -1 $-1 91 5.900000000000000355 50 0 1.110223024625000001e-16 1 F 1.280000000000001137 F 4.700000000000006395 #
point $-1 -1 $-1 91 5.900000000000000355 51.28000000000000114 #
coedge $-1 -1 $-1 $1627 $1089 $1091 $1356 reversed $1352 $-1 #
coedge $-1 -1 $-1 $1089 $1628 $1362 $1629 forward $1352 $-1 #
loop $-1 -1 $-1 $-1 $1627 $1630 #
vertex $-1 -1 $-1 $1090 $1631 #
straight-curve $-1 -1 $-1 97.00000000000001421 7.5 54.70000000000000284 0 -1 1.110223024625000001e-16 F 0 F 1.599999999999999201 #
coedge $-1 -1 $-1 $1091 $1624 $1632 $1633 forward $1092 $-1 #
edge $-1 -1 $-1 $1634 0 $1093 4.700000000000006395 $1350 $1635 forward @7 unknown #
face $1636 -1 $-1 $1637 $1092 $29 $-1 $1638 forward single #
point $-1 -1 $-1 97.00000000000001421 5.900000000000000355 54.70000000000000284 #
coedge $-1 -1 $-1 $1639 $1096 $1640 $1641 reversed $568 $-1 #
edge $-1 -1 $-1 $1642 0 $1097 5.388153672638045677 $1096 $1643 forward @7 unknown #
point $-1 -1 $-1 93.87999999999999545 9.300000000000000711 54.70000000000000284 #
coedge $-1 -1 $-1 $1363 $1100 $1351 $1629 reversed $1364 $-1 #
coedge $-1 -1 $-1 $1100 $1362 $1102 $1367 forward $1364 $-1 #
loop $-1 -1 $-1 $-1 $1100 $1644 #
straight-curve $-1 -1 $-1 91 7.5 54.70000000000000284 1 0 0 F 2.880000000000002558 F 6.000000000000014211 #
coedge $-1 -1 $-1 $1368 $1102 $1645 $1646 reversed $1104 $-1 #
edge $-1 -1 $-1 $1647 0.9758073580368038513 $1105 5.388153672638045677 $1102 $1648 forward @7 unknown #
coedge $-1 -1 $-1 $1103 $1366 $1649 $1650 forward $1104 $-1 #
face $1651 -1 $-1 $1652 $1104 $29 $-1 $1653 forward single #
point $-1 -1 $-1 93.87999999999999545 7.5 54.70000000000000284 #
coedge $-1 -1 $-1 $1107 $1654 $1655 $1656 reversed $568 $-1 #
coedge $-1 -1 $-1 $1657 $1658 $1107 $1373 forward $1659 $-1 #
edge $-1 -1 $-1 $1375 0 $1660 5.269999999999996909 $1107 $1661 forward @7 unknown #
coedge $-1 -1 $-1 $1118 $1108 $1658 $1662 reversed $1271 $-1 #
vertex $-1 -1 $-1 $1373 $1663 #
straight-curve $-1 -1 $-1 47.27000000000000313 9.300000000000000711 38 -0.7071067811870000996 -7.850462293419000326e-17 -0.7071067811870000996 F -0 F 1.796051224212680708 #
point $-1 -1 $-1 47.27000000000000313 9.300000000000000711 38 #
coedge $-1 -1 $-1 $1113 $1118 $1121 $1386 forward $1271 $-1 #
straight-curve $-1 -1 $-1 46.67249999999999943 8.580000000000001847 37.40250000000000341 0.7071067811870000996 7.850462293419000326e-17 0.7071067811870000996 F 0.1803122292024484652 F 0.8449926035173829231 #
coedge $-1 -1 $-1 $1664 $1117 $1665 $1666 forward $92 $-1 #
coedge $-1 -1 $-1 $1658 $1657 $1117 $1382 reversed $1659 $-1 #
edge $-1 -1 $-1 $1383 0 $1667 5.269999999999996909 $1117 $1668 forward @7 unknown #
vertex $-1 -1 $-1 $1119 $1669 #
straight-curve $-1 -1 $-1 47.27000000000000313 7.5 38 -0.7071067811870000996 -7.850462293419000326e-17 -0.7071067811870000996 F 0.6646803743149343191 F 1.796051224212680708 #
coedge $-1 -1 $-1 $1274 $1120 $1279 $1564 reversed $1122 $-1 #
edge $-1 -1 $-1 $1123 -0.5399999999999993694 $1275 0.5400000000000015898 $1378 $1670 forward @7 unknown #
face $1671 -1 $-1 $1126 $1122 $29 $-1 $1672 reversed single #
point $-1 -1 $-1 46.79999999999999716 7.5 37.53000000000000114 #
vertex $-1 -1 $-1 $1125 $1673 #
straight-curve $-1 -1 $-1 53.70000000000000995 8.580000000000001847 37.53000000000000114 0 -1 1.110223024625000001e-16 F 1.080000000000000959 F 4.580000000000000071 #
DXID-attrib $-1 -1 $-1 $-1 $1126 @10 ASM ENTITY @2 26 #
plane-surface $-1 -1 $-1 53.70000000000000995 8.580000000000001847 37.53000000000000114 1 0 0 0 -1 1.110223024625000001e-16 forward_v I I I I #
DXID-attrib $-1 -1 $-1 $-1 $1129 @10 ASM ENTITY @1 8 #
face $1674 -1 $-1 $1675 $1676 $31 $-1 $1677 reversed single #
loop $-1 -1 $-1 $-1 $1678 $1129 #
plane-surface $-1 -1 $-1 38.75 4.599999999999999645 46.10000000000000142 0 0 1 1 0 0 forward_v I I I I #
coedge $-1 -1 $-1 $1679 $1680 $1132 $1400 reversed $1130 $-1 #
coedge $-1 -1 $-1 $1681 $1132 $1682 $1683 reversed $875 $-1 #
coedge $-1 -1 $-1 $1132 $1681 $1133 $1403 reversed $875 $-1 #
edge $-1 -1 $-1 $1684 0.1000000000000023093 $1685 12.60000000000000675 $1132 $1686 forward @7 unknown #
coedge $-1 -1 $-1 $1687 $1133 $1688 $1689 forward $877 $-1 #
coedge $-1 -1 $-1 $1133 $1687 $1679 $1690 reversed $877 $-1 #
edge $-1 -1 $-1 $1684 -3.425000000000000266 $1691 -1.024999999999999245 $1133 $1692 forward @7 unknown #
vertex $-1 -1 $-1 $1140 $1693 #
ellipse-curve $-1 -1 $-1 104 15 68 0 0 1 3.149999999999999911 0 0 1 I I #
vertex $-1 -1 $-1 $1141 $1694 #
ellipse-curve $-1 -1 $-1 104 15 80 0 0 1 3.149999999999999911 0 0 1 I I #
straight-curve $-1 -1 $-1 5 0 80 0 1 0 F 0 F 30 #
point $-1 -1 $-1 5 0 80 #
edge $-1 -1 $-1 $1415 -73.75 $1148 -44.24999999999999289 $1186 $1695 forward @7 unknown #
point $-1 -1 $-1 2.5 0 45.5 #
coedge $-1 -1 $-1 $1696 $1151 $1490 $1697 forward $1414 $-1 #
coedge $-1 -1 $-1 $1151 $1696 $1453 $1698 reversed $1414 $-1 #
loop $-1 -1 $-1 $-1 $1151 $1154 #
vertex $-1 -1 $-1 $1410 $1699 #
vertex $-1 -1 $-1 $1152 $1700 #
straight-curve $-1 -1 $-1 2.5 -1 75 0 1 0 F 1 F 28.5 #
DXID-attrib $-1 -1 $-1 $-1 $1154 @10 ASM ENTITY @2 14 #
face $1701 -1 $-1 $1702 $1703 $25 $-1 $1704 reversed single #
cone-surface $-1 -1 $-1 5 -1 75 0 1 0 -2.5 0 0 1 I I 0 1 2.5 forward I I I I #
loop $-1 -1 $-1 $1705 $1706 $1422 #
face $1707 -1 $-1 $909 $1157 $25 $-1 $1708 forward single #
straight-curve $-1 -1 $-1 115 0 80 0 1 0 F 0 F 30 #
DXID-attrib $-1 -1 $-1 $-1 $1161 @10 ASM ENTITY @2 11 #
cone-surface $-1 -1 $-1 115 0 75 0 1 0 5 0 0 1 I I 0 1 5 forward I I I I #
straight-curve $-1 -1 $-1 120 30 0 0 0 1 F 5 F 75 #
point $-1 -1 $-1 120 30 75 #
loop $-1 -1 $-1 $-1 $1709 $503 #
coedge $-1 -1 $-1 $1710 $1711 $1712 $1713 forward $1171 $-1 #
coedge $-1 -1 $-1 $1430 $1430 $1172 $1431 reversed $1714 $-1 #
edge $-1 -1 $-1 $1715 0 $1715 6.283185307179586232 $1172 $1716 forward @7 unknown #
loop $-1 -1 $-1 $1717 $1173 $1718 #
vertex $-1 -1 $-1 $1174 $1719 #
ellipse-curve $-1 -1 $-1 20 19.75 0 0 0 1 2 0 0 1 I I #
coedge $-1 -1 $-1 $1720 $1721 $1175 $1436 forward $1722 $-1 #
edge $-1 -1 $-1 $1445 6.000000000000000888 $1440 8 $1175 $1723 forward @7 unknown #
coedge $-1 -1 $-1 $1724 $1176 $1181 $1449 forward $1439 $-1 #
coedge $-1 -1 $-1 $1176 $1724 $1720 $1725 reversed $1439 $-1 #
loop $-1 -1 $-1 $-1 $1437 $1726 #
vertex $-1 -1 $-1 $1177 $1727 #
straight-curve $-1 -1 $-1 112.0000000000000142 14.00000000000000178 0 -1 0 0 F 0 F 40.00000000000000711 #
coedge $-1 -1 $-1 $1728 $1178 $1721 $1729 forward $1444 $-1 #
coedge $-1 -1 $-1 $1178 $1728 $1180 $1448 reversed $1444 $-1 #
loop $-1 -1 $-1 $-1 $1443 $1730 #
vertex $-1 -1 $-1 $1436 $1731 #
straight-curve $-1 -1 $-1 72 12.00000000000000178 0 1 0 0 F 0 F 40.00000000000000711 #
coedge $-1 -1 $-1 $1181 $1180 $1732 $1733 forward $1182 $-1 #
edge $-1 -1 $-1 $1183 1 $1734 3.499999999999999556 $1180 $1735 forward @7 unknown #
edge $-1 -1 $-1 $1184 1 $1736 3.499999999999999556 $1181 $1737 forward @7 unknown #
face $1738 -1 $-1 $1730 $1182 $25 $-1 $1739 reversed single #
point $-1 -1 $-1 112.0000000000000142 12.00000000000000178 0 #
point $-1 -1 $-1 112.0000000000000142 14.00000000000000178 0 #
coedge $-1 -1 $-1 $1740 $1186 $1413 $1698 forward $82 $-1 #
ellipse-curve $-1 -1 $-1 115 30 75 0 -1 0 0 0 5 1 F -1.570796326794896558 F 0 #
point $-1 -1 $-1 115 30 80 #
coedge $-1 -1 $-1 $1741 $1742 $1743 $1744 reversed $1192 $-1 #
coedge $-1 -1 $-1 $1457 $1457 $1193 $1458 forward $1745 $-1 #
edge $-1 -1 $-1 $1746 0 $1746 6.283185307179586232 $1193 $1747 forward @7 unknown #
coedge $-1 -1 $-1 $1195 $1194 $1748 $1749 reversed $724 $-1 #
coedge $-1 -1 $-1 $1750 $1751 $1194 $1461 reversed $1752 $-1 #
edge $-1 -1 $-1 $1467 -36 $1753 -30.33012701892199914 $1194 $1754 forward @7 unknown #
coedge $-1 -1 $-1 $1755 $1756 $1195 $1463 forward $1757 $-1 #
edge $-1 -1 $-1 $1468 -36 $1758 -30.33012701892199914 $1195 $1759 forward @7 unknown #
coedge $-1 -1 $-1 $1760 $1196 $1756 $1761 reversed $1466 $-1 #
coedge $-1 -1 $-1 $1196 $1760 $1750 $1762 forward $1466 $-1 #
loop $-1 -1 $-1 $-1 $1464 $1488 #
vertex $-1 -1 $-1 $1197 $1763 #
vertex $-1 -1 $-1 $1197 $1764 #
ellipse-curve $-1 -1 $-1 25 30 62 0 1 0 0 0 2.5 1 F -1.570796326794896558 F 1.570796326794896558 #
coedge $-1 -1 $-1 $1198 $1740 $1765 $1766 forward $82 $-1 #
coedge $-1 -1 $-1 $1767 $1768 $1198 $1472 reversed $1769 $-1 #
edge $-1 -1 $-1 $1770 -73.75 $1476 -3.75 $1198 $1771 forward @7 unknown #
coedge $-1 -1 $-1 $1772 $1199 $1768 $1773 forward $1475 $-1 #
coedge $-1 -1 $-1 $1199 $1772 $1201 $1479 reversed $1475 $-1 #
loop $-1 -1 $-1 $-1 $1473 $1774 #
vertex $-1 -1 $-1 $1472 $1775 #
ellipse-curve $-1 -1 $-1 115 0 5 0 1 0 2.5 0 0 1 F 0 F 1.570796326794896558 #
coedge $-1 -1 $-1 $1202 $1201 $1776 $1777 reversed $1203 $-1 #
edge $-1 -1 $-1 $1204 1 $1778 28.5 $1474 $1779 forward @14 tangent_not_g2 #
loop $-1 -1 $-1 $1780 $1781 $1481 #
face $1782 -1 $-1 $1208 $1203 $25 $-1 $1783 forward single #
point $-1 -1 $-1 115 0 2.5 #
coedge $-1 -1 $-1 $1776 $1210 $1206 $1484 forward $1491 $-1 #
edge $-1 -1 $-1 $1212 1.570796326794896558 $1485 3.141592653589793116 $1206 $1784 forward @7 unknown #
vertex $-1 -1 $-1 $1777 $1785 #
straight-curve $-1 -1 $-1 5 -1 2.5 0 1 0 F 1 F 28.5 #
DXID-attrib $-1 -1 $-1 $-1 $1208 @10 ASM ENTITY @2 20 #
face $1786 -1 $-1 $1787 $1466 $25 $-1 $1788 reversed single #
cone-surface $-1 -1 $-1 5 -1 5 0 1 0 -2.5 0 0 1 I I 0 1 2.5 forward I I I I #
coedge $-1 -1 $-1 $1210 $1789 $1412 $1697 reversed $1491 $-1 #
loop $-1 -1 $-1 $1790 $1776 $1791 #
straight-curve $-1 -1 $-1 2.5 27.5 2.5 0 0 1 F 2.5 F 72.5 #
point $-1 -1 $-1 2.5 27.5 5 #
loop $-1 -1 $-1 $1792 $1793 $213 #
coedge $-1 -1 $-1 $1794 $1795 $1796 $1797 reversed $1216 $-1 #
coedge $-1 -1 $-1 $1496 $1496 $1217 $1497 forward $1798 $-1 #
edge $-1 -1 $-1 $1799 0 $1799 6.283185307179586232 $1217 $1800 forward @7 unknown #
vertex $-1 -1 $-1 $1218 $1801 #
ellipse-curve $-1 -1 $-1 49.40000000000000568 0 34.10000000000000142 0 1 0 0 0 1 1 I I #
face $1802 -1 $-1 $1803 $1804 $27 $-1 $1805 reversed single #
point $-1 -1 $-1 25 0 21.25 #
straight-curve $-1 -1 $-1 120 0 0 0 0 1 F 5 F 75 #
coedge $-1 -1 $-1 $1806 $1807 $1224 $1504 forward $1808 $-1 #
edge $-1 -1 $-1 $1513 33 $1508 75 $1224 $1809 forward @7 unknown #
coedge $-1 -1 $-1 $1810 $1225 $1230 $1517 forward $1507 $-1 #
coedge $-1 -1 $-1 $1225 $1810 $1806 $1811 reversed $1507 $-1 #
loop $-1 -1 $-1 $-1 $1505 $1812 #
vertex $-1 -1 $-1 $1226 $1813 #
straight-curve $-1 -1 $-1 108 -3.000000000000000444 3.000000000000000444 0 0 -1 F -22.99999999999999645 F -3.000000000000000444 #
coedge $-1 -1 $-1 $1814 $1227 $1807 $1815 forward $1512 $-1 #
coedge $-1 -1 $-1 $1227 $1814 $1229 $1516 reversed $1512 $-1 #
loop $-1 -1 $-1 $-1 $1511 $1816 #
vertex $-1 -1 $-1 $1504 $1817 #
straight-curve $-1 -1 $-1 66 -3.000000000000000444 3.000000000000000444 0 0 -1 F -22.99999999999999645 F -3.000000000000000444 #
coedge $-1 -1 $-1 $1230 $1229 $1818 $1819 forward $1231 $-1 #
edge $-1 -1 $-1 $1232 0.999999999999999778 $1820 1.500000000000000222 $1229 $1821 forward @7 unknown #
edge $-1 -1 $-1 $1233 0.999999999999999778 $1822 1.500000000000000222 $1230 $1823 forward @7 unknown #
face $1824 -1 $-1 $1812 $1231 $27 $-1 $1825 reversed single #
point $-1 -1 $-1 66 -3.000000000000000444 26 #
point $-1 -1 $-1 108 -3.000000000000000444 26 #
coedge $-1 -1 $-1 $1826 $1235 $1238 $1526 forward $1523 $-1 #
coedge $-1 -1 $-1 $1235 $1826 $1242 $1530 reversed $1523 $-1 #
loop $-1 -1 $-1 $-1 $1522 $1827 #
straight-curve $-1 -1 $-1 30.75 -3.000000000000000444 33.70000000000000284 1 0 0 F 30.75 F 62.35000000000000142 #
coedge $-1 -1 $-1 $1238 $1237 $1828 $1829 reversed $1239 $-1 #
edge $-1 -1 $-1 $1240 0.999999999999999778 $1830 1.799999999999999822 $1238 $1831 forward @7 unknown #
face $1832 -1 $-1 $1827 $1239 $27 $-1 $1833 reversed single #
point $-1 -1 $-1 93.10000000000000853 -3.000000000000000444 33.70000000000000284 #
coedge $-1 -1 $-1 $1243 $1242 $1834 $1835 forward $1244 $-1 #
edge $-1 -1 $-1 $1245 0.999999999999999778 $1836 1.799999999999999822 $1242 $1837 forward @7 unknown #
face $1838 -1 $-1 $1527 $1244 $27 $-1 $1839 forward single #
point $-1 -1 $-1 61.5 -3.000000000000000444 33.70000000000000284 #
coedge $-1 -1 $-1 $1834 $1828 $1247 $1534 reversed $1840 $-1 #
edge $-1 -1 $-1 $1535 0 $1537 31.60000000000000142 $1247 $1841 forward @7 unknown #
vertex $-1 -1 $-1 $1248 $1842 #
straight-curve $-1 -1 $-1 61.5 -4 51.29999999999999716 0 1 0 F 0.999999999999999778 F 1.799999999999999822 #
vertex $-1 -1 $-1 $1534 $1843 #
straight-curve $-1 -1 $-1 93.10000000000000853 -4 51.29999999999999716 0 1 0 F 0.999999999999999778 F 1.799999999999999822 #
DXID-attrib $-1 -1 $-1 $-1 $1250 @10 ASM ENTITY @2 12 #
plane-surface $-1 -1 $-1 61.5 -4 51.29999999999999716 0 0 1 1 0 0 forward_v I I I I #
coedge $-1 -1 $-1 $1541 $1541 $1253 $1542 reversed $1844 $-1 #
edge $-1 -1 $-1 $1845 0 $1845 6.283185307179586232 $1253 $1846 forward @7 unknown #
point $-1 -1 $-1 120 0 75 #
ellipse-curve $-1 -1 $-1 115 0 75 0 -1 0 0 0 5 1 F -1.570796326794896558 F 0 #
point $-1 -1 $-1 115 0 80 #
coedge $-1 -1 $-1 $1847 $1266 $1848 $1849 forward $1009 $-1 #
coedge $-1 -1 $-1 $1266 $1847 $1850 $1851 reversed $1009 $-1 #
coedge $-1 -1 $-1 $1852 $1853 $1266 $1549 forward $1854 $-1 #
edge $-1 -1 $-1 $1855 0 $1856 6.999999999999997335 $1266 $1857 forward @7 unknown #
coedge $-1 -1 $-1 $1268 $1267 $1858 $1859 forward $781 $-1 #
coedge $-1 -1 $-1 $1860 $1861 $1267 $1552 reversed $1862 $-1 #
edge $-1 -1 $-1 $1558 0 $1863 4.100000000000001421 $1267 $1864 forward @7 unknown #
coedge $-1 -1 $-1 $1865 $1866 $1268 $1554 forward $1867 $-1 #
edge $-1 -1 $-1 $1559 0 $1868 4.100000000000001421 $1268 $1869 forward @7 unknown #
coedge $-1 -1 $-1 $1870 $1269 $1866 $1871 reversed $1557 $-1 #
coedge $-1 -1 $-1 $1269 $1870 $1860 $1872 forward $1557 $-1 #
loop $-1 -1 $-1 $-1 $1556 $1286 #
vertex $-1 -1 $-1 $1270 $1873 #
vertex $-1 -1 $-1 $1270 $1874 #
straight-curve $-1 -1 $-1 48.79999999999999716 9.300000000000000711 39.70000000000000284 0 1.110223024625000001e-16 1 F 0 F 4.599999999999990763 #
face $1875 -1 $-1 $1387 $1271 $29 $-1 $1876 forward single #
point $-1 -1 $-1 46.79999999999999716 8.580000000000001847 37.53000000000000114 #
straight-curve $-1 -1 $-1 45.35000000000000142 8.580000000000001847 37.53000000000000114 0 -1 1.110223024625000001e-16 F 0 F 4.580000000000000071 #
edge $-1 -1 $-1 $1283 0 $1389 8.350000000000008527 $1385 $1877 forward @7 unknown #
straight-curve $-1 -1 $-1 53.70000000000000995 4 37.53000000000000114 0 1.110223024625000001e-16 1 F 0 F 8.940000000000001279 #
DXID-attrib $-1 -1 $-1 $-1 $1281 @10 ASM ENTITY @2 36 #
plane-surface $-1 -1 $-1 45.35000000000000142 4 37.53000000000000114 0 -1 1.110223024625000001e-16 1 0 0 forward_v I I I I #
point $-1 -1 $-1 45.35000000000000142 4 37.53000000000000114 #
DXID-attrib $-1 -1 $-1 $-1 $1286 @10 ASM ENTITY @2 38 #
face $1878 -1 $-1 $1879 $1867 $29 $-1 $1880 forward single #
plane-surface $-1 -1 $-1 48.79999999999999716 12.90000000000000036 39.70000000000000284 1 0 0 0 -1 1.110223024625000001e-16 forward_v I I I I #
coedge $-1 -1 $-1 $1289 $1288 $1881 $1882 reversed $1290 $-1 #
face $1883 -1 $-1 $1281 $1290 $29 $-1 $1884 forward single #
coedge $-1 -1 $-1 $1300 $1881 $1292 $1575 reversed $1586 $-1 #
edge $-1 -1 $-1 $1304 0 $1576 4.000000000000003553 $1292 $1885 forward @7 unknown #
vertex $-1 -1 $-1 $1575 $1886 #
straight-curve $-1 -1 $-1 51.40000000000000568 7.5 51.40000000000000568 0 -1 1.110223024625000001e-16 F 0 F 1.999999999999999556 #
DXID-attrib $-1 -1 $-1 $-1 $1294 @10 ASM ENTITY @2 33 #
plane-surface $-1 -1 $-1 47.40000000000000568 7.5 51.40000000000000568 0 1.110223024625000001e-16 1 0 -1 1.110223024625000001e-16 forward_v I I I I #
coedge $-1 -1 $-1 $1881 $1300 $1296 $1581 forward $1586 $-1 #
edge $-1 -1 $-1 $1302 0 $1582 4.000000000000003553 $1296 $1887 forward @7 unknown #
vertex $-1 -1 $-1 $1297 $1888 #
straight-curve $-1 -1 $-1 51.40000000000000568 7.5 48.39999999999999858 0 -1 1.110223024625000001e-16 F 0 F 1.999999999999999556 #
DXID-attrib $-1 -1 $-1 $-1 $1298 @10 ASM ENTITY @2 34 #
plane-surface $-1 -1 $-1 47.40000000000000568 7.5 48.39999999999999858 0 1.110223024625000001e-16 1 0 -1 1.110223024625000001e-16 forward_v I I I I #
loop $-1 -1 $-1 $-1 $1300 $1889 #
straight-curve $-1 -1 $-1 47.40000000000000568 5.5 48.39999999999999858 0 1.110223024625000001e-16 1 F 0 F 3.000000000000007105 #
point $-1 -1 $-1 47.40000000000000568 5.5 48.39999999999999858 #
point $-1 -1 $-1 47.40000000000000568 5.5 51.40000000000000568 #
coedge $-1 -1 $-1 $1310 $1316 $1308 $1591 forward $1322 $-1 #
edge $-1 -1 $-1 $1318 0 $1312 3.000000000000002665 $1308 $1890 forward @7 unknown #
DXID-attrib $-1 -1 $-1 $-1 $1309 @10 ASM ENTITY @2 31 #
plane-surface $-1 -1 $-1 51.40000000000000568 7.5 32.60000000000000142 1 0 0 0 -1 1.110223024625000001e-16 forward_v I I I I #
straight-curve $-1 -1 $-1 47.40000000000000568 5.5 35.60000000000000853 1 0 0 F 0 F 4.000000000000003553 #
point $-1 -1 $-1 51.40000000000000568 5.5 35.60000000000000853 #
straight-curve $-1 -1 $-1 47.40000000000000568 5.5 32.60000000000000142 1 0 0 F 0 F 4.000000000000003553 #
point $-1 -1 $-1 51.40000000000000568 5.5 32.60000000000000142 #
face $1891 -1 $-1 $1889 $1322 $29 $-1 $1892 forward single #
coedge $-1 -1 $-1 $1327 $1645 $1628 $1893 reversed $92 $-1 #
coedge $-1 -1 $-1 $1894 $1895 $1327 $1601 forward $1896 $-1 #
edge $-1 -1 $-1 $1605 2.900000000000009237 $1897 6.000000000000014211 $1327 $1898 forward @7 unknown #
coedge $-1 -1 $-1 $1899 $1328 $1895 $1900 forward $1604 $-1 #
coedge $-1 -1 $-1 $1328 $1901 $1330 $1608 reversed $1604 $-1 #
loop $-1 -1 $-1 $-1 $1901 $1902 #
vertex $-1 -1 $-1 $1601 $1903 #
straight-curve $-1 -1 $-1 93.90000000000000568 7.5 32.71999999999999886 0 1.110223024625000001e-16 1 F 0 F 17.27999999999999758 #
coedge $-1 -1 $-1 $1331 $1330 $1904 $1905 reversed $1332 $-1 #
edge $-1 -1 $-1 $1333 0 $1906 5 $1330 $1907 forward @7 unknown #
face $1908 -1 $-1 $1902 $1332 $29 $-1 $1909 reversed single #
point $-1 -1 $-1 93.90000000000000568 7.5 32.71999999999999886 #
coedge $-1 -1 $-1 $1904 $1340 $1335 $1612 reversed $1620 $-1 #
edge $-1 -1 $-1 $1613 0 $1342 18.55999999999999872 $1335 $1910 forward @7 unknown #
vertex $-1 -1 $-1 $1336 $1911 #
straight-curve $-1 -1 $-1 60.89999999999999858 7.5 32.71999999999999886 0 -1 1.110223024625000001e-16 F 0 F 5 #
DXID-attrib $-1 -1 $-1 $-1 $1337 @10 ASM ENTITY @2 10 #
plane-surface $-1 -1 $-1 60.89999999999999858 7.5 32.71999999999999886 1 0 0 0 -1 1.110223024625000001e-16 forward_v I I I I #
coedge $-1 -1 $-1 $1901 $1899 $1339 $1618 forward $1604 $-1 #
edge $-1 -1 $-1 $1625 1.599999999999999201 $1621 5 $1339 $1912 forward @7 unknown #
coedge $-1 -1 $-1 $1340 $1904 $1901 $1913 forward $1620 $-1 #
loop $-1 -1 $-1 $-1 $1611 $1637 #
vertex $-1 -1 $-1 $1341 $1914 #
straight-curve $-1 -1 $-1 60.89999999999999858 2.5 51.28000000000000114 1 0 0 F 0 F 33.00000000000000711 #
point $-1 -1 $-1 60.89999999999999858 2.5 51.28000000000000114 #
coedge $-1 -1 $-1 $1355 $1344 $1899 $1915 forward $1092 $-1 #
vertex $-1 -1 $-1 $1618 $1916 #
straight-curve $-1 -1 $-1 75.95000000000000284 5.900000000000000355 51.28000000000000114 1 0 0 F 15.04999999999999005 F 17.94999999999999929 #
coedge $-1 -1 $-1 $1628 $1350 $1894 $1917 reversed $1352 $-1 #
coedge $-1 -1 $-1 $1351 $1627 $1599 $1893 forward $1352 $-1 #
edge $-1 -1 $-1 $1647 1.580000000000003624 $1353 4.700000000000006395 $1351 $1918 forward @7 unknown #
face $1919 -1 $-1 $1369 $1352 $29 $-1 $1920 forward single #
point $-1 -1 $-1 97.00000000000001421 7.5 54.70000000000000284 #
coedge $-1 -1 $-1 $1895 $1894 $1355 $1633 reversed $1896 $-1 #
edge $-1 -1 $-1 $1921 2.900000000000009237 $1634 6.000000000000014211 $1632 $1922 forward @7 unknown #
vertex $-1 -1 $-1 $1917 $1923 #
straight-curve $-1 -1 $-1 97.00000000000001421 5.900000000000000355 50 0 1.110223024625000001e-16 1 F 0 F 4.700000000000006395 #
DXID-attrib $-1 -1 $-1 $-1 $1357 @10 ASM ENTITY @2 46 #
face $1924 -1 $-1 $1644 $1620 $29 $-1 $1925 forward single #
plane-surface $-1 -1 $-1 91 5.900000000000000355 50 0 -1 1.110223024625000001e-16 1 0 0 forward_v I I I I #
coedge $-1 -1 $-1 $1654 $1359 $1926 $1927 reversed $568 $-1 #
coedge $-1 -1 $-1 $1649 $1928 $1359 $1641 forward $1929 $-1 #
edge $-1 -1 $-1 $1930 0 $1642 17.78000000000000469 $1359 $1931 forward @7 unknown #
vertex $-1 -1 $-1 $1360 $1932 #
straight-curve $-1 -1 $-1 97.68999999999999773 9.300000000000000711 50.89000000000000057 -0.7071067811870000996 7.850462293419000326e-17 0.7071067811870000996 F 0 F 5.388153672638045677 #
face $1933 -1 $-1 $1934 $1364 $29 $-1 $1935 reversed single #
coedge $-1 -1 $-1 $1599 $1936 $1366 $1646 forward $92 $-1 #
edge $-1 -1 $-1 $1937 0 $1647 0.9758073580368038513 $1645 $1938 forward @7 unknown #
vertex $-1 -1 $-1 $1646 $1939 #
straight-curve $-1 -1 $-1 97.68999999999999773 7.5 50.89000000000000057 -0.7071067811870000996 7.850462293419000326e-17 0.7071067811870000996 F 0.9758073580368038513 F 5.388153672638045677 #
coedge $-1 -1 $-1 $1940 $1640 $1368 $1650 reversed $1929 $-1 #
edge $-1 -1 $-1 $1937 0 $1642 1.800000000000001599 $1368 $1941 forward @7 unknown #
DXID-attrib $-1 -1 $-1 $-1 $1369 @10 ASM ENTITY @2 15 #
face $1942 -1 $-1 $1943 $1929 $29 $-1 $1944 forward single #
plane-surface $-1 -1 $-1 97.68999999999999773 7.5 50.89000000000000057 0.7071067811865475727 7.8504622934139775e-17 0.7071067811865475727 -0.7071067811865476838 7.8504622934139775e-17 0.7071067811865476838 forward_v I I I I #
coedge $-1 -1 $-1 $1371 $1639 $1945 $1946 reversed $568 $-1 #
coedge $-1 -1 $-1 $1947 $1948 $1371 $1656 forward $1949 $-1 #
edge $-1 -1 $-1 $1660 0 $1950 3.05470129472392582 $1371 $1951 forward @7 unknown #
coedge $-1 -1 $-1 $1381 $1372 $1948 $1952 reversed $1659 $-1 #
coedge $-1 -1 $-1 $1372 $1381 $1374 $1662 forward $1659 $-1 #
loop $-1 -1 $-1 $-1 $1658 $1953 #
vertex $-1 -1 $-1 $1656 $1954 #
straight-curve $-1 -1 $-1 46.00000000000000711 9.300000000000000711 36.73000000000000398 0 -1.110223024625000001e-16 -1 F 0 F 5.269999999999996909 #
edge $-1 -1 $-1 $1383 0 $1375 1.800000000000001599 $1658 $1955 forward @7 unknown #
point $-1 -1 $-1 46.00000000000000711 9.300000000000000711 36.73000000000000398 #
coedge $-1 -1 $-1 $1956 $1380 $1957 $1958 forward $92 $-1 #
coedge $-1 -1 $-1 $1948 $1947 $1380 $1666 reversed $1949 $-1 #
edge $-1 -1 $-1 $1667 0 $1959 3.05470129472392582 $1380 $1960 forward @7 unknown #
vertex $-1 -1 $-1 $1382 $1961 #
straight-curve $-1 -1 $-1 46.00000000000000711 7.5 36.73000000000000398 0 -1.110223024625000001e-16 -1 F 0 F 5.269999999999996909 #
point $-1 -1 $-1 46.00000000000000711 7.5 36.73000000000000398 #
straight-curve $-1 -1 $-1 46.79999999999999716 8.039999999999999147 37.53000000000000114 0 1 -1.110223024625000001e-16 F -0.5399999999999993694 F 0.5400000000000015898 #
DXID-attrib $-1 -1 $-1 $-1 $1387 @10 ASM ENTITY @2 25 #
plane-surface $-1 -1 $-1 45.35000000000000142 8.580000000000001847 37.53000000000000114 0 1.110223024625000001e-16 1 0 -1 1.110223024625000001e-16 forward_v I I I I #
point $-1 -1 $-1 53.70000000000000995 4 37.53000000000000114 #
DXID-attrib $-1 -1 $-1 $-1 $1394 @10 ASM ENTITY @1 9 #
face $1962 -1 $-1 $-1 $1963 $31 $-1 $1964 forward single #
loop $-1 -1 $-1 $-1 $1965 $1394 #
plane-surface $-1 -1 $-1 38.75 4.599999999999999645 37.89999999999999858 0 1 0 0 0 1 forward_v I I I I #
coedge $-1 -1 $-1 $1966 $1967 $1968 $1969 reversed $1395 $-1 #
coedge $-1 -1 $-1 $1968 $1397 $1402 $1690 forward $1130 $-1 #
coedge $-1 -1 $-1 $1397 $1968 $1970 $1971 reversed $1130 $-1 #
coedge $-1 -1 $-1 $1399 $1398 $1965 $1972 reversed $875 $-1 #
coedge $-1 -1 $-1 $1970 $1973 $1398 $1683 forward $1963 $-1 #
edge $-1 -1 $-1 $1974 0 $1685 2.400000000000000799 $1398 $1975 forward @7 unknown #
vertex $-1 -1 $-1 $1403 $1976 #
vertex $-1 -1 $-1 $1400 $1977 #
straight-curve $-1 -1 $-1 38.75 7.000000000000000888 37.89999999999999858 1 0 0 F 0.1000000000000023093 F 12.60000000000000675 #
coedge $-1 -1 $-1 $1402 $1401 $1966 $1978 reversed $877 $-1 #
coedge $-1 -1 $-1 $1965 $1979 $1401 $1689 reversed $1676 $-1 #
edge $-1 -1 $-1 $1691 1.049999999999995381 $1980 9.249999999999998224 $1401 $1981 forward @7 unknown #
edge $-1 -1 $-1 $1684 1.049999999999995381 $1982 9.249999999999998224 $1402 $1983 forward @7 unknown #
vertex $-1 -1 $-1 $1403 $1984 #
straight-curve $-1 -1 $-1 38.85000000000000142 3.575000000000000178 37.89999999999999858 0 -1 0 F -3.425000000000000266 F -1.024999999999999245 #
point $-1 -1 $-1 107.1500000000000199 15 68 #
point $-1 -1 $-1 107.1500000000000199 15 80 #
straight-curve $-1 -1 $-1 2.5 0 1.25 0 0 -1 F -73.75 F -44.24999999999999289 #
coedge $-1 -1 $-1 $1413 $1412 $1985 $1986 reversed $1414 $-1 #
edge $-1 -1 $-1 $1416 -1.570796326794896558 $1987 0 $1412 $1988 forward @7 unknown #
edge $-1 -1 $-1 $1415 0 $1989 1.570796326794896558 $1453 $1990 forward @7 unknown #
point $-1 -1 $-1 2.5 0 75 #
point $-1 -1 $-1 2.5 27.5 75 #
DXID-attrib $-1 -1 $-1 $-1 $1419 @10 ASM ENTITY @2 15 #
face $1991 -1 $-1 $1992 $1993 $25 $-1 $1994 reversed single #
loop $-1 -1 $-1 $1995 $1996 $1419 #
plane-surface $-1 -1 $-1 2.5 -1 77.5 0 0 1 1 0 0 forward_v I I I I #
loop $-1 -1 $-1 $1997 $1998 $1422 #
coedge $-1 -1 $-1 $1999 $2000 $2001 $2002 forward $1421 $-1 #
DXID-attrib $-1 -1 $-1 $-1 $1422 @10 ASM ENTITY @2 12 #
plane-surface $-1 -1 $-1 0 0 80 0 0 1 1 0 0 forward_v I I I I #
coedge $-1 -1 $-1 $2003 $2004 $2005 $2006 forward $1428 $-1 #
coedge $-1 -1 $-1 $2007 $1429 $2008 $2009 forward $1171 $-1 #
coedge $-1 -1 $-1 $1429 $2007 $2010 $2011 forward $1171 $-1 #
coedge $-1 -1 $-1 $2012 $2013 $1429 $1713 reversed $2014 $-1 #
edge $-1 -1 $-1 $2015 8.5 $2016 10.5 $1429 $2017 forward @7 unknown #
loop $-1 -1 $-1 $2018 $1430 $2019 #
vertex $-1 -1 $-1 $1431 $2020 #
ellipse-curve $-1 -1 $-1 56.00000000000000711 19.75 0 0 0 1 2 0 0 1 I I #
loop $-1 -1 $-1 $-1 $2021 $1718 #
face $2022 -1 $-1 $2019 $1432 $25 $-1 $2023 reversed single #
point $-1 -1 $-1 22 19.75 0 #
coedge $-1 -1 $-1 $2024 $1435 $1438 $1725 forward $1722 $-1 #
coedge $-1 -1 $-1 $1435 $2024 $1442 $1729 reversed $1722 $-1 #
loop $-1 -1 $-1 $-1 $1721 $2025 #
straight-curve $-1 -1 $-1 72 6.000000000000000888 0 0 1 0 F 6.000000000000000888 F 8 #
coedge $-1 -1 $-1 $1438 $1437 $2026 $2027 reversed $1439 $-1 #
edge $-1 -1 $-1 $1440 1 $2028 3.499999999999999556 $1720 $2029 forward @7 unknown #
face $2030 -1 $-1 $1718 $1439 $25 $-1 $2031 reversed single #
point $-1 -1 $-1 72 14.00000000000000178 0 #
coedge $-1 -1 $-1 $1443 $1442 $1781 $2032 reversed $1444 $-1 #
edge $-1 -1 $-1 $1445 1 $2033 3.499999999999999556 $1442 $2034 forward @7 unknown #
face $2035 -1 $-1 $2025 $1444 $25 $-1 $2036 forward single #
point $-1 -1 $-1 72 12.00000000000000178 0 #
coedge $-1 -1 $-1 $1781 $2026 $1447 $1733 reversed $1480 $-1 #
edge $-1 -1 $-1 $1734 6.500000000000000888 $1736 8.5 $1732 $2037 forward @7 unknown #
vertex $-1 -1 $-1 $2032 $2038 #
straight-curve $-1 -1 $-1 112.0000000000000142 12.00000000000000178 -1 0 0 1 F 1 F 3.499999999999999556 #
vertex $-1 -1 $-1 $2027 $2039 #
straight-curve $-1 -1 $-1 112.0000000000000142 14.00000000000000178 -1 0 0 1 F 1 F 3.499999999999999556 #
DXID-attrib $-1 -1 $-1 $-1 $1450 @10 ASM ENTITY @2 30 #
plane-surface $-1 -1 $-1 112.0000000000000142 12.00000000000000178 -1 1 0 0 0 0 1 forward_v I I I I #
coedge $-1 -1 $-1 $1470 $1453 $2040 $2041 forward $82 $-1 #
coedge $-1 -1 $-1 $2042 $1456 $2043 $2044 forward $1192 $-1 #
coedge $-1 -1 $-1 $1456 $2042 $2045 $2046 reversed $1192 $-1 #
coedge $-1 -1 $-1 $2047 $2048 $1456 $1744 forward $2049 $-1 #
edge $-1 -1 $-1 $2050 -1.570796326794896558 $2051 1.570796326794896558 $1456 $2052 forward @7 unknown #
loop $-1 -1 $-1 $-1 $1457 $2053 #
vertex $-1 -1 $-1 $1458 $2054 #
ellipse-curve $-1 -1 $-1 60 30 16 0 1 0 0 0 2.25 1 I I #
coedge $-1 -1 $-1 $2055 $2056 $1459 $1749 forward $2057 $-1 #
edge $-1 -1 $-1 $1758 0.5235987755983184666 $1753 5.759586531581267543 $1459 $2058 forward @7 unknown #
coedge $-1 -1 $-1 $2059 $1460 $1465 $1762 reversed $1752 $-1 #
coedge $-1 -1 $-1 $1460 $2059 $2055 $2060 forward $1752 $-1 #
loop $-1 -1 $-1 $-1 $2059 $1787 #
vertex $-1 -1 $-1 $1461 $2061 #
straight-curve $-1 -1 $-1 22.5 30 26 0 0 -1 F -36 F -30.33012701892199914 #
coedge $-1 -1 $-1 $2062 $1462 $2056 $2063 reversed $1757 $-1 #
coedge $-1 -1 $-1 $1462 $2062 $1464 $1761 forward $1757 $-1 #
loop $-1 -1 $-1 $-1 $2062 $2064 #
vertex $-1 -1 $-1 $1749 $2065 #
straight-curve $-1 -1 $-1 27.5 30 26 0 0 -1 F -36 F -30.33012701892199914 #
coedge $-1 -1 $-1 $1465 $1464 $2066 $2067 reversed $1466 $-1 #
edge $-1 -1 $-1 $2068 0.9999999999999964473 $1468 3.499999999999996447 $1464 $2069 forward @14 tangent_not_g2 #
edge $-1 -1 $-1 $2070 0.9999999999999964473 $1467 3.499999999999996447 $1465 $2071 forward @14 tangent_not_g2 #
point $-1 -1 $-1 22.5 30 62 #
point $-1 -1 $-1 27.5 30 62 #
coedge $-1 -1 $-1 $2072 $2073 $1470 $1766 reversed $1993 $-1 #
edge $-1 -1 $-1 $2074 -1.570796326794896558 $1770 0 $1470 $2075 forward @7 unknown #
coedge $-1 -1 $-1 $2076 $1471 $2073 $2077 forward $1769 $-1 #
coedge $-1 -1 $-1 $1471 $2076 $1473 $1773 reversed $1769 $-1 #
loop $-1 -1 $-1 $-1 $1471 $1992 #
vertex $-1 -1 $-1 $1766 $2078 #
straight-curve $-1 -1 $-1 117.5 0 1.25 0 0 -1 F -73.75 F -3.75 #
coedge $-1 -1 $-1 $1474 $1473 $2079 $2080 forward $1475 $-1 #
edge $-1 -1 $-1 $1476 1 $2081 28.5 $1768 $2082 forward @14 tangent_not_g2 #
face $2083 -1 $-1 $1481 $1475 $25 $-1 $2084 reversed single #
point $-1 -1 $-1 117.5 0 5 #
coedge $-1 -1 $-1 $2079 $1483 $1478 $1777 forward $1491 $-1 #
edge $-1 -1 $-1 $1485 2.5 $1778 112.5 $1478 $2085 forward @7 unknown #
vertex $-1 -1 $-1 $2080 $2086 #
straight-curve $-1 -1 $-1 115 -1 2.5 0 1 0 F 1 F 28.5 #
loop $-1 -1 $-1 $2087 $2088 $1481 #
coedge $-1 -1 $-1 $2089 $1732 $1728 $2032 forward $1480 $-1 #
DXID-attrib $-1 -1 $-1 $-1 $1481 @10 ASM ENTITY @2 19 #
plane-surface $-1 -1 $-1 2.5 -1 2.5 0 0 1 1 0 0 forward_v I I I I #
ellipse-curve $-1 -1 $-1 5 27.5 5 0 -1 0 0 0 2.5 1 F 1.570796326794896558 F 3.141592653589793116 #
point $-1 -1 $-1 5 27.5 2.5 #
DXID-attrib $-1 -1 $-1 $-1 $1488 @10 ASM ENTITY @2 21 #
face $2090 -1 $-1 $2064 $1752 $25 $-1 $2091 forward single #
cone-surface $-1 -1 $-1 25 26.50000000000000355 62 0 1 0 0 0 2.5 1 I I 0 1 2.5 forward I I I I #
coedge $-1 -1 $-1 $1490 $2092 $1996 $2093 reversed $1491 $-1 #
loop $-1 -1 $-1 $2094 $2095 $1791 #
face $2096 -1 $-1 $2097 $1491 $25 $-1 $2098 reversed single #
loop $-1 -1 $-1 $2099 $2100 $213 #
coedge $-1 -1 $-1 $2101 $2102 $2103 $2104 forward $1494 $-1 #
coedge $-1 -1 $-1 $2105 $1495 $2106 $2107 reversed $1216 $-1 #
coedge $-1 -1 $-1 $1495 $2108 $2109 $2110 reversed $1216 $-1 #
coedge $-1 -1 $-1 $2111 $2112 $1495 $1797 forward $2113 $-1 #
edge $-1 -1 $-1 $2114 -1.570796326794896558 $2115 0 $1495 $2116 forward @7 unknown #
loop $-1 -1 $-1 $-1 $1496 $1803 #
vertex $-1 -1 $-1 $1497 $2117 #
ellipse-curve $-1 -1 $-1 54.10000000000000142 0 34 0 1 0 0 0 1.500000000000000222 1 I I #
point $-1 -1 $-1 49.40000000000000568 0 35.10000000000000142 #
DXID-attrib $-1 -1 $-1 $-1 $1500 @10 ASM ENTITY @2 20 #
face $2118 -1 $-1 $2119 $2120 $27 $-1 $2121 reversed single #
loop $-1 -1 $-1 $1219 $2122 $1500 #
cone-surface $-1 -1 $-1 25 -2.200000000000000178 15 0 1 0 0 0 6.25 1 I I 0 1 6.25 forward I I I I #
coedge $-1 -1 $-1 $2123 $1503 $1506 $1811 forward $1808 $-1 #
coedge $-1 -1 $-1 $1503 $2123 $1510 $1815 reversed $1808 $-1 #
loop $-1 -1 $-1 $-1 $1807 $2124 #
straight-curve $-1 -1 $-1 33 -3.000000000000000444 6.000000000000000888 1 0 0 F 33 F 75 #
coedge $-1 -1 $-1 $1506 $1505 $2125 $2126 reversed $1507 $-1 #
edge $-1 -1 $-1 $1508 0.999999999999999778 $2127 1.500000000000000222 $1506 $2128 forward @7 unknown #
face $2129 -1 $-1 $2124 $1507 $27 $-1 $2130 reversed single #
point $-1 -1 $-1 108 -3.000000000000000444 6.000000000000000888 #
coedge $-1 -1 $-1 $1511 $1510 $2131 $2132 forward $1512 $-1 #
edge $-1 -1 $-1 $1513 0.999999999999999778 $2133 1.500000000000000222 $1807 $2134 forward @7 unknown #
face $2135 -1 $-1 $1500 $1512 $27 $-1 $2136 forward single #
point $-1 -1 $-1 66 -3.000000000000000444 6.000000000000000888 #
coedge $-1 -1 $-1 $2131 $2125 $1515 $1819 reversed $2137 $-1 #
edge $-1 -1 $-1 $1820 0 $1822 42 $1515 $2138 forward @7 unknown #
vertex $-1 -1 $-1 $1516 $2139 #
straight-curve $-1 -1 $-1 66 -4 26 0 1 0 F 0.999999999999999778 F 1.500000000000000222 #
vertex $-1 -1 $-1 $1819 $2140 #
straight-curve $-1 -1 $-1 108 -4 26 0 1 0 F 0.999999999999999778 F 1.500000000000000222 #
DXID-attrib $-1 -1 $-1 $-1 $1518 @10 ASM ENTITY @2 16 #
plane-surface $-1 -1 $-1 66 -4 26 0 0 1 1 0 0 forward_v I I I I #
coedge $-1 -1 $-1 $1522 $1521 $2141 $2142 reversed $1523 $-1 #
face $2143 -1 $-1 $1518 $1523 $27 $-1 $2144 forward single #
coedge $-1 -1 $-1 $1533 $2141 $1525 $1829 forward $1840 $-1 #
edge $-1 -1 $-1 $1830 0 $1537 17.59999999999999076 $1525 $2145 forward @7 unknown #
vertex $-1 -1 $-1 $1829 $2146 #
straight-curve $-1 -1 $-1 93.10000000000000853 -4 33.70000000000000284 0 1 0 F 0.999999999999999778 F 1.799999999999999822 #
DXID-attrib $-1 -1 $-1 $-1 $1527 @10 ASM ENTITY @2 14 #
plane-surface $-1 -1 $-1 93.10000000000000853 -4 33.70000000000000284 1 0 0 0 0 1 forward_v I I I I #
coedge $-1 -1 $-1 $2141 $1533 $1529 $1835 reversed $1840 $-1 #
edge $-1 -1 $-1 $1836 0 $1535 17.59999999999999076 $1529 $2147 forward @7 unknown #
vertex $-1 -1 $-1 $1530 $2148 #
straight-curve $-1 -1 $-1 61.5 -4 33.70000000000000284 0 1 0 F 0.999999999999999778 F 1.799999999999999822 #
DXID-attrib $-1 -1 $-1 $-1 $1531 @10 ASM ENTITY @2 13 #
plane-surface $-1 -1 $-1 61.5 -4 33.70000000000000284 1 0 0 0 0 1 forward_v I I I I #
loop $-1 -1 $-1 $2149 $2141 $2150 #
straight-curve $-1 -1 $-1 61.5 -2.200000000000000178 51.29999999999999716 1 0 0 F 0 F 31.60000000000000142 #
point $-1 -1 $-1 61.5 -2.200000000000000178 51.29999999999999716 #
point $-1 -1 $-1 93.10000000000000853 -2.200000000000000178 51.29999999999999716 #
loop $-1 -1 $-1 $-1 $1541 $2151 #
vertex $-1 -1 $-1 $1542 $2152 #
ellipse-curve $-1 -1 $-1 49.40000000000000568 -2.700000000000000178 49.90000000000000568 0 1 0 0 0 1.500000000000000222 1 I I #
coedge $-1 -1 $-1 $1547 $1546 $2153 $2154 forward $1009 $-1 #
coedge $-1 -1 $-1 $2155 $2156 $1546 $1849 reversed $2157 $-1 #
edge $-1 -1 $-1 $1855 0 $2158 7.000000000000001776 $1546 $2159 forward @7 unknown #
coedge $-1 -1 $-1 $2160 $2161 $1547 $1851 forward $2162 $-1 #
edge $-1 -1 $-1 $1856 0 $2163 7.000000000000001776 $1547 $2164 forward @7 unknown #
coedge $-1 -1 $-1 $2165 $1548 $2161 $2166 reversed $1854 $-1 #
coedge $-1 -1 $-1 $1548 $2165 $2155 $2167 forward $1854 $-1 #
loop $-1 -1 $-1 $-1 $1853 $2168 #
vertex $-1 -1 $-1 $1549 $2169 #
vertex $-1 -1 $-1 $1549 $2170 #
straight-curve $-1 -1 $-1 66.40000000000000568 9.300000000000000711 38.5 0 1.110223024625000001e-16 1 F 0 F 6.999999999999997335 #
coedge $-1 -1 $-1 $2171 $2172 $1550 $1859 reversed $2173 $-1 #
edge $-1 -1 $-1 $1863 0 $1868 4.599999999999990763 $1550 $2174 forward @7 unknown #
coedge $-1 -1 $-1 $2175 $1551 $1556 $1872 reversed $1862 $-1 #
coedge $-1 -1 $-1 $1551 $2175 $2171 $2176 forward $1862 $-1 #
loop $-1 -1 $-1 $-1 $2175 $1879 #
vertex $-1 -1 $-1 $1552 $2177 #
straight-curve $-1 -1 $-1 48.79999999999999716 9.300000000000000711 39.70000000000000284 1 0 0 F 0 F 4.100000000000001421 #
coedge $-1 -1 $-1 $2178 $1553 $2172 $2179 reversed $1867 $-1 #
coedge $-1 -1 $-1 $1553 $2178 $1555 $1871 forward $1867 $-1 #
loop $-1 -1 $-1 $-1 $2178 $1570 #
vertex $-1 -1 $-1 $1859 $2180 #
straight-curve $-1 -1 $-1 48.79999999999999716 9.300000000000000711 44.29999999999999716 1 0 0 F 0 F 4.100000000000001421 #
coedge $-1 -1 $-1 $1556 $1555 $2181 $2182 reversed $1557 $-1 #
edge $-1 -1 $-1 $2183 0 $1559 3.599999999999998757 $1555 $2184 forward @7 unknown #
edge $-1 -1 $-1 $2185 0 $1558 3.599999999999998757 $1556 $2186 forward @7 unknown #
point $-1 -1 $-1 48.79999999999999716 9.300000000000000711 39.70000000000000284 #
point $-1 -1 $-1 48.79999999999999716 9.300000000000000711 44.29999999999999716 #
DXID-attrib $-1 -1 $-1 $-1 $1561 @10 ASM ENTITY @2 24 #
plane-surface $-1 -1 $-1 47.27000000000000313 7.5 38 -0.7071067811865475727 7.8504622934139775e-17 0.7071067811865475727 -0.7071067811865476838 -7.8504622934139775e-17 -0.7071067811865476838 forward_v I I I I #
straight-curve $-1 -1 $-1 45.35000000000000142 4 37.53000000000000114 1 0 0 F 0 F 8.350000000000008527 #
DXID-attrib $-1 -1 $-1 $-1 $1570 @10 ASM ENTITY @2 39 #
face $2187 -1 $-1 $2188 $1862 $29 $-1 $2189 reversed single #
plane-surface $-1 -1 $-1 48.79999999999999716 12.90000000000000036 44.29999999999999716 0 1.110223024625000001e-16 1 0 -1 1.110223024625000001e-16 forward_v I I I I #
coedge $-1 -1 $-1 $1574 $1580 $1572 $1882 forward $1586 $-1 #
edge $-1 -1 $-1 $1582 0 $1576 3.000000000000007105 $1572 $2190 forward @7 unknown #
DXID-attrib $-1 -1 $-1 $-1 $1573 @10 ASM ENTITY @2 35 #
plane-surface $-1 -1 $-1 51.40000000000000568 7.5 48.39999999999999858 1 0 0 0 -1 1.110223024625000001e-16 forward_v I I I I #
straight-curve $-1 -1 $-1 47.40000000000000568 5.5 51.40000000000000568 1 0 0 F 0 F 4.000000000000003553 #
point $-1 -1 $-1 51.40000000000000568 5.5 51.40000000000000568 #
straight-curve $-1 -1 $-1 47.40000000000000568 5.5 48.39999999999999858 1 0 0 F 0 F 4.000000000000003553 #
point $-1 -1 $-1 51.40000000000000568 5.5 48.39999999999999858 #
face $2191 -1 $-1 $2192 $1586 $29 $-1 $2193 forward single #
straight-curve $-1 -1 $-1 51.40000000000000568 5.5 32.60000000000000142 0 1.110223024625000001e-16 1 F 0 F 3.000000000000002665 #
DXID-attrib $-1 -1 $-1 $-1 $1598 @10 ASM ENTITY @2 52 #
plane-surface $-1 -1 $-1 47.40000000000000568 5.5 32.60000000000000142 0 -1 1.110223024625000001e-16 1 0 0 forward_v I I I I #
edge $-1 -1 $-1 $1897 0 $1647 1.580000000000003624 $1599 $2194 forward @7 unknown #
coedge $-1 -1 $-1 $1632 $1600 $1627 $1917 forward $1896 $-1 #
coedge $-1 -1 $-1 $1600 $1632 $1602 $1900 reversed $1896 $-1 #
loop $-1 -1 $-1 $-1 $1600 $2195 #
vertex $-1 -1 $-1 $1893 $2196 #
straight-curve $-1 -1 $-1 91 7.5 50 1 0 0 F 2.900000000000009237 F 6.000000000000014211 #
coedge $-1 -1 $-1 $1617 $1602 $1624 $1915 reversed $1604 $-1 #
edge $-1 -1 $-1 $1605 0 $1921 1.599999999999999201 $1602 $2197 forward @7 unknown #
coedge $-1 -1 $-1 $1603 $1617 $1619 $1913 reversed $1604 $-1 #
face $2198 -1 $-1 $2195 $1604 $29 $-1 $2199 forward single #
point $-1 -1 $-1 93.90000000000000568 7.5 50 #
coedge $-1 -1 $-1 $1619 $1611 $1607 $1905 forward $1620 $-1 #
edge $-1 -1 $-1 $1613 0 $1906 33.00000000000000711 $1607 $2200 forward @7 unknown #
vertex $-1 -1 $-1 $1608 $2201 #
straight-curve $-1 -1 $-1 93.90000000000000568 7.5 32.71999999999999886 0 -1 1.110223024625000001e-16 F 0 F 5 #
DXID-attrib $-1 -1 $-1 $-1 $1609 @10 ASM ENTITY @2 11 #
plane-surface $-1 -1 $-1 60.89999999999999858 7.5 32.71999999999999886 0 1.110223024625000001e-16 1 0 -1 1.110223024625000001e-16 forward_v I I I I #
straight-curve $-1 -1 $-1 60.89999999999999858 2.5 32.71999999999999886 0 1.110223024625000001e-16 1 F 0 F 18.55999999999999872 #
point $-1 -1 $-1 60.89999999999999858 2.5 32.71999999999999886 #
straight-curve $-1 -1 $-1 93.90000000000000568 7.5 51.28000000000000114 0 -1 1.110223024625000001e-16 F 1.599999999999999201 F 5 #
edge $-1 -1 $-1 $1906 0 $1621 18.55999999999999872 $1901 $2202 forward @7 unknown #
point $-1 -1 $-1 93.90000000000000568 2.5 51.28000000000000114 #
edge $-1 -1 $-1 $1625 -9.919999999999999929 $1921 -8.639999999999998792 $1899 $2203 forward @7 unknown #
point $-1 -1 $-1 93.90000000000000568 5.900000000000000355 51.28000000000000114 #
edge $-1 -1 $-1 $1897 0 $1634 1.599999999999999201 $1894 $2204 forward @7 unknown #
straight-curve $-1 -1 $-1 97.00000000000001421 7.5 50 0 1.110223024625000001e-16 1 F 1.580000000000003624 F 4.700000000000006395 #
DXID-attrib $-1 -1 $-1 $-1 $1630 @10 ASM ENTITY @2 14 #
plane-surface $-1 -1 $-1 97.00000000000001421 7.5 50 1 0 0 0 -1 1.110223024625000001e-16 forward_v I I I I #
vertex $-1 -1 $-1 $1900 $2205 #
straight-curve $-1 -1 $-1 91 5.900000000000000355 50 1 0 0 F 2.900000000000009237 F 6.000000000000014211 #
point $-1 -1 $-1 97.00000000000001421 5.900000000000000355 50 #
DXID-attrib $-1 -1 $-1 $-1 $1637 @10 ASM ENTITY @2 47 #
plane-surface $-1 -1 $-1 60.89999999999999858 2.5 32.71999999999999886 0 -1 1.110223024625000001e-16 1 0 0 forward_v I I I I #
coedge $-1 -1 $-1 $2206 $2207 $1639 $1927 forward $2208 $-1 #
edge $-1 -1 $-1 $2209 0 $1930 5.388153672638042124 $1639 $2210 forward @7 unknown #
coedge $-1 -1 $-1 $1640 $2211 $2206 $2212 forward $1929 $-1 #
loop $-1 -1 $-1 $-1 $1928 $1652 #
vertex $-1 -1 $-1 $1641 $2213 #
straight-curve $-1 -1 $-1 97.68999999999999773 9.300000000000000711 33.10999999999999943 0 1.110223024625000001e-16 1 F 0 F 17.78000000000000469 #
point $-1 -1 $-1 97.68999999999999773 9.300000000000000711 50.89000000000000057 #
DXID-attrib $-1 -1 $-1 $-1 $1644 @10 ASM ENTITY @2 48 #
face $2214 -1 $-1 $2215 $2216 $29 $-1 $2217 reversed single #
plane-surface $-1 -1 $-1 91 7.5 50 0 -1 1.110223024625000001e-16 1 0 0 forward_v I I I I #
coedge $-1 -1 $-1 $1645 $2218 $1940 $2219 forward $92 $-1 #
vertex $-1 -1 $-1 $2219 $2220 #
straight-curve $-1 -1 $-1 97.68999999999999773 7.5 50.89000000000000057 -0.7071067811870000996 7.850462293419000326e-17 0.7071067811870000996 F 0 F 0.9758073580368038513 #
point $-1 -1 $-1 97.00000000000001421 7.5 51.5800000000000054 #
coedge $-1 -1 $-1 $2221 $1649 $1936 $2219 reversed $1929 $-1 #
straight-curve $-1 -1 $-1 97.68999999999999773 7.5 50.89000000000000057 0 1 -1.110223024625000001e-16 F 0 F 1.800000000000001599 #
DXID-attrib $-1 -1 $-1 $-1 $1652 @10 ASM ENTITY @2 16 #
face $2222 -1 $-1 $2223 $2224 $29 $-1 $2225 forward single #
plane-surface $-1 -1 $-1 97.68999999999999773 7.5 33.10999999999999943 1 0 0 0 1.110223024625000001e-16 1 forward_v I I I I #
coedge $-1 -1 $-1 $2226 $2227 $1654 $1946 forward $2228 $-1 #
edge $-1 -1 $-1 $1950 0 $2209 45.71999999999999886 $1654 $2229 forward @7 unknown #
coedge $-1 -1 $-1 $1665 $1655 $2227 $2230 reversed $1949 $-1 #
coedge $-1 -1 $-1 $1655 $1665 $1657 $1952 forward $1949 $-1 #
loop $-1 -1 $-1 $-1 $1948 $2231 #
vertex $-1 -1 $-1 $1946 $2232 #
straight-curve $-1 -1 $-1 46.00000000000000711 9.300000000000000711 31.46000000000000441 0.7071067811870000996 -7.850462293419000326e-17 -0.7071067811870000996 F 0 F 3.05470129472392582 #
edge $-1 -1 $-1 $1667 0 $1660 1.800000000000001599 $1948 $2233 forward @7 unknown #
face $2234 -1 $-1 $1561 $1659 $29 $-1 $2235 forward single #
point $-1 -1 $-1 46.00000000000000711 9.300000000000000711 31.46000000000000441 #
straight-curve $-1 -1 $-1 46.00000000000000711 7.5 36.73000000000000398 0 1 -1.110223024625000001e-16 F 0 F 1.800000000000001599 #
coedge $-1 -1 $-1 $2236 $1664 $2237 $2238 forward $92 $-1 #
coedge $-1 -1 $-1 $2227 $2226 $1664 $1958 reversed $2228 $-1 #
edge $-1 -1 $-1 $1959 0 $2239 45.71999999999999886 $1664 $2240 forward @7 unknown #
vertex $-1 -1 $-1 $1666 $2241 #
straight-curve $-1 -1 $-1 46.00000000000000711 7.5 31.46000000000000441 0.7071067811870000996 -7.850462293419000326e-17 -0.7071067811870000996 F 0 F 3.05470129472392582 #
point $-1 -1 $-1 46.00000000000000711 7.5 31.46000000000000441 #
DXID-attrib $-1 -1 $-1 $-1 $1675 @10 ASM ENTITY @2 10 #
loop $-1 -1 $-1 $-1 $1973 $1675 #
plane-surface $-1 -1 $-1 51.35000000000000853 4.599999999999999645 37.89999999999999858 1 0 0 0 0 1 forward_v I I I I #
coedge $-1 -1 $-1 $2242 $1688 $1681 $1972 forward $1676 $-1 #
coedge $-1 -1 $-1 $2243 $1678 $1687 $1978 forward $1395 $-1 #
coedge $-1 -1 $-1 $1678 $2243 $2244 $2245 forward $1395 $-1 #
coedge $-1 -1 $-1 $1680 $1679 $1678 $1969 forward $1130 $-1 #
edge $-1 -1 $-1 $1982 0.1000000000000023093 $2246 12.60000000000000675 $1968 $2247 forward @7 unknown #
coedge $-1 -1 $-1 $2244 $1682 $1680 $1971 forward $1963 $-1 #
edge $-1 -1 $-1 $1685 0 $2246 8.200000000000002842 $1680 $2248 forward @7 unknown #
edge $-1 -1 $-1 $1691 0.1000000000000023093 $1974 12.60000000000000675 $1681 $2249 forward @7 unknown #
coedge $-1 -1 $-1 $1682 $2244 $2242 $2250 reversed $1963 $-1 #
vertex $-1 -1 $-1 $1683 $2251 #
straight-curve $-1 -1 $-1 51.35000000000000853 4.599999999999999645 37.89999999999999858 0 1 0 F 0 F 2.400000000000000799 #
point $-1 -1 $-1 38.85000000000000142 7.000000000000000888 37.89999999999999858 #
point $-1 -1 $-1 51.35000000000000853 7.000000000000000888 37.89999999999999858 #
edge $-1 -1 $-1 $1982 -3.425000000000000266 $1980 -1.024999999999999245 $1687 $2252 forward @7 unknown #
coedge $-1 -1 $-1 $1688 $2242 $2243 $2253 reversed $1676 $-1 #
vertex $-1 -1 $-1 $1689 $2254 #
straight-curve $-1 -1 $-1 38.85000000000000142 4.599999999999999645 36.85000000000000853 0 0 1 F 1.049999999999995381 F 9.249999999999998224 #
vertex $-1 -1 $-1 $1978 $2255 #
straight-curve $-1 -1 $-1 38.85000000000000142 7.000000000000000888 36.85000000000000853 0 0 1 F 1.049999999999995381 F 9.249999999999998224 #
point $-1 -1 $-1 38.85000000000000142 4.599999999999999645 37.89999999999999858 #
coedge $-1 -1 $-1 $1996 $2040 $1696 $1986 forward $1703 $-1 #
edge $-1 -1 $-1 $1989 1 $1987 28.5 $1696 $2256 forward @14 tangent_not_g2 #
vertex $-1 -1 $-1 $1697 $2257 #
ellipse-curve $-1 -1 $-1 5 27.5 75 0 1 0 0 0 2.5 1 F -1.570796326794896558 F 0 #
vertex $-1 -1 $-1 $1698 $2258 #
ellipse-curve $-1 -1 $-1 5 0 75 0 1 0 -2.5 0 0 1 F 0 F 1.570796326794896558 #
DXID-attrib $-1 -1 $-1 $-1 $1702 @10 ASM ENTITY @2 16 #
face $2259 -1 $-1 $1774 $1769 $25 $-1 $2260 reversed single #
loop $-1 -1 $-1 $-1 $2073 $1702 #
cone-surface $-1 -1 $-1 115 -1 75 0 1 0 2.5 0 0 1 I I 0 1 2.5 forward I I I I #
loop $-1 -1 $-1 $2261 $2262 $1419 #
coedge $-1 -1 $-1 $2263 $1985 $1789 $2093 forward $1703 $-1 #
loop $-1 -1 $-1 $2264 $2265 $1422 #
coedge $-1 -1 $-1 $2266 $2266 $2267 $2268 reversed $1705 $-1 #
coedge $-1 -1 $-1 $2269 $1706 $2270 $2271 forward $1421 $-1 #
coedge $-1 -1 $-1 $1706 $2269 $2272 $2273 reversed $1421 $-1 #
coedge $-1 -1 $-1 $2274 $2275 $1706 $2002 reversed $2276 $-1 #
edge $-1 -1 $-1 $2277 0 $2278 40 $1706 $2279 forward @7 unknown #
coedge $-1 -1 $-1 $2280 $1709 $2281 $2282 forward $1428 $-1 #
coedge $-1 -1 $-1 $1709 $2280 $2283 $2284 forward $1428 $-1 #
coedge $-1 -1 $-1 $2285 $2286 $1709 $2006 reversed $2287 $-1 #
edge $-1 -1 $-1 $2288 11 $2289 13.00000000000000178 $1709 $2290 forward @7 unknown #
coedge $-1 -1 $-1 $1711 $1710 $2291 $2292 reversed $1171 $-1 #
coedge $-1 -1 $-1 $2293 $2294 $1710 $2009 reversed $2295 $-1 #
edge $-1 -1 $-1 $2016 0 $2296 40.00000000000000711 $1710 $2297 forward @7 unknown #
coedge $-1 -1 $-1 $2298 $2299 $1711 $2011 reversed $2300 $-1 #
edge $-1 -1 $-1 $2301 0 $2015 40.00000000000000711 $1711 $2302 forward @7 unknown #
coedge $-1 -1 $-1 $2303 $1712 $2299 $2304 forward $2014 $-1 #
coedge $-1 -1 $-1 $1712 $2303 $2293 $2305 reversed $2014 $-1 #
loop $-1 -1 $-1 $-1 $2012 $2306 #
vertex $-1 -1 $-1 $1713 $2307 #
vertex $-1 -1 $-1 $1713 $2308 #
straight-curve $-1 -1 $-1 112.0000000000000142 8.5 0 0 1 0 F 8.5 F 10.5 #
loop $-1 -1 $-1 $-1 $2309 $2019 #
face $2310 -1 $-1 $2306 $1714 $25 $-1 $2311 reversed single #
point $-1 -1 $-1 58.00000000000000711 19.75 0 #
coedge $-1 -1 $-1 $2021 $2021 $2312 $2313 forward $1717 $-1 #
DXID-attrib $-1 -1 $-1 $-1 $1718 @10 ASM ENTITY @2 34 #
cone-surface $-1 -1 $-1 20 19.75 -1 0 0 1 2 0 0 1 I I 0 1 2 forward I I I I #
coedge $-1 -1 $-1 $1721 $1720 $2089 $2314 reversed $1722 $-1 #
face $2315 -1 $-1 $1726 $1722 $25 $-1 $2316 forward single #
coedge $-1 -1 $-1 $1732 $2089 $1724 $2027 forward $1480 $-1 #
edge $-1 -1 $-1 $2028 0 $1736 40.00000000000000711 $2026 $2317 forward @7 unknown #
vertex $-1 -1 $-1 $2314 $2318 #
straight-curve $-1 -1 $-1 72 14.00000000000000178 -1 0 0 1 F 1 F 3.499999999999999556 #
DXID-attrib $-1 -1 $-1 $-1 $1726 @10 ASM ENTITY @2 33 #
plane-surface $-1 -1 $-1 104 14.00000000000000178 -1 0 1 0 0 0 1 forward_v I I I I #
edge $-1 -1 $-1 $1734 0 $2033 40.00000000000000711 $1781 $2319 forward @7 unknown #
vertex $-1 -1 $-1 $2032 $2320 #
straight-curve $-1 -1 $-1 72 12.00000000000000178 -1 0 0 1 F 1 F 3.499999999999999556 #
DXID-attrib $-1 -1 $-1 $-1 $1730 @10 ASM ENTITY @2 31 #
plane-surface $-1 -1 $-1 104 12.00000000000000178 -1 0 1 0 0 0 1 forward_v I I I I #
straight-curve $-1 -1 $-1 112.0000000000000142 5.5 2.5 0 1 0 F 6.500000000000000888 F 8.5 #
point $-1 -1 $-1 112.0000000000000142 12.00000000000000178 2.5 #
point $-1 -1 $-1 112.0000000000000142 14.00000000000000178 2.5 #
coedge $-1 -1 $-1 $1985 $2321 $1740 $2041 reversed $1703 $-1 #
edge $-1 -1 $-1 $1989 3.75 $2074 113.75 $1740 $2322 forward @7 unknown #
coedge $-1 -1 $-1 $1742 $1741 $2323 $2324 reversed $1192 $-1 #
coedge $-1 -1 $-1 $2325 $2326 $1741 $2044 reversed $2327 $-1 #
edge $-1 -1 $-1 $2050 -36 $2328 -30.33012701892199914 $1741 $2329 forward @7 unknown #
coedge $-1 -1 $-1 $2330 $2331 $1742 $2046 forward $2332 $-1 #
edge $-1 -1 $-1 $2051 -36 $2333 -30.33012701892199914 $1742 $2334 forward @7 unknown #
coedge $-1 -1 $-1 $2335 $1743 $2331 $2336 reversed $2049 $-1 #
coedge $-1 -1 $-1 $1743 $2335 $2325 $2337 forward $2049 $-1 #
loop $-1 -1 $-1 $-1 $2047 $2338 #
vertex $-1 -1 $-1 $1744 $2339 #
vertex $-1 -1 $-1 $1744 $2340 #
ellipse-curve $-1 -1 $-1 95 30 62 0 1 0 0 0 2.5 1 F -1.570796326794896558 F 1.570796326794896558 #
face $2341 -1 $-1 $2338 $2342 $25 $-1 $2343 reversed single #
point $-1 -1 $-1 60 30 18.25 #
coedge $-1 -1 $-1 $2344 $1748 $1751 $2060 reversed $2057 $-1 #
coedge $-1 -1 $-1 $1748 $2344 $1755 $2063 forward $2057 $-1 #
loop $-1 -1 $-1 $-1 $1748 $2345 #
ellipse-curve $-1 -1 $-1 25 30 52 0 1 0 0 0 5 1 F 0.5235987755983184666 F 5.759586531581267543 #
coedge $-1 -1 $-1 $1751 $1750 $2346 $2347 forward $1752 $-1 #
edge $-1 -1 $-1 $2348 0.9999999999999964473 $1753 3.499999999999996447 $1751 $2349 forward @7 unknown #
point $-1 -1 $-1 22.5 30 56.33012701892199914 #
coedge $-1 -1 $-1 $1756 $1755 $2350 $2351 reversed $1757 $-1 #
edge $-1 -1 $-1 $2352 0.9999999999999964473 $1758 3.499999999999996447 $1755 $2353 forward @7 unknown #
face $2354 -1 $-1 $2345 $1757 $25 $-1 $2355 reversed single #
point $-1 -1 $-1 27.5 30 56.33012701892199914 #
coedge $-1 -1 $-1 $2350 $2346 $1760 $2067 forward $2356 $-1 #
edge $-1 -1 $-1 $2070 -1.570796326794896558 $2068 1.570796326794896558 $1760 $2357 forward @7 unknown #
vertex $-1 -1 $-1 $1761 $2358 #
straight-curve $-1 -1 $-1 27.5 26.50000000000000355 62 0 1 0 F 0.9999999999999964473 F 3.499999999999996447 #
vertex $-1 -1 $-1 $2067 $2359 #
straight-curve $-1 -1 $-1 22.5 26.50000000000000355 62 0 1 0 F 0.9999999999999964473 F 3.499999999999996447 #
coedge $-1 -1 $-1 $2360 $1765 $2321 $2361 forward $1993 $-1 #
coedge $-1 -1 $-1 $1765 $2360 $1767 $2077 reversed $1993 $-1 #
vertex $-1 -1 $-1 $2041 $2362 #
ellipse-curve $-1 -1 $-1 115 0 75 0 1 0 2.5 0 0 1 F -1.570796326794896558 F 0 #
coedge $-1 -1 $-1 $1768 $1767 $2363 $2364 reversed $1769 $-1 #
edge $-1 -1 $-1 $1770 1 $2365 28.5 $2073 $2366 forward @14 tangent_not_g2 #
point $-1 -1 $-1 117.5 0 75 #
coedge $-1 -1 $-1 $2363 $1776 $1772 $2080 reversed $1491 $-1 #
edge $-1 -1 $-1 $2081 1.570796326794896558 $1778 3.141592653589793116 $1772 $2367 forward @7 unknown #
vertex $-1 -1 $-1 $2364 $2368 #
straight-curve $-1 -1 $-1 117.5 -1 5 0 1 0 F 1 F 28.5 #
DXID-attrib $-1 -1 $-1 $-1 $1774 @10 ASM ENTITY @2 18 #
cone-surface $-1 -1 $-1 115 -1 5 0 1 0 2.5 0 0 1 I I 0 1 2.5 forward I I I I #
straight-curve $-1 -1 $-1 2.5 27.5 2.5 1 0 0 F 2.5 F 112.5 #
point $-1 -1 $-1 115 27.5 2.5 #
loop $-1 -1 $-1 $2369 $2370 $1481 #
coedge $-1 -1 $-1 $2371 $2372 $2373 $2374 forward $1780 $-1 #
coedge $-1 -1 $-1 $2026 $1781 $2024 $2314 forward $1480 $-1 #
DXID-attrib $-1 -1 $-1 $-1 $1787 @10 ASM ENTITY @2 22 #
plane-surface $-1 -1 $-1 22.5 26.50000000000000355 52 1 0 0 0 0 1 forward_v I I I I #
coedge $-1 -1 $-1 $1789 $2375 $2376 $2377 reversed $1491 $-1 #
edge $-1 -1 $-1 $1987 2.5 $2378 54.5 $1996 $2379 forward @7 unknown #
loop $-1 -1 $-1 $2356 $2380 $1791 #
coedge $-1 -1 $-1 $2381 $2382 $2383 $2384 reversed $1790 $-1 #
DXID-attrib $-1 -1 $-1 $-1 $1791 @10 ASM ENTITY @2 58 #
face $2385 -1 $-1 $2386 $2387 $25 $-1 $2388 forward single #
plane-surface $-1 -1 $-1 2.5 27.5 2.5 0 1 0 0 0 1 forward_v I I I I #
loop $-1 -1 $-1 $2389 $2390 $213 #
coedge $-1 -1 $-1 $2391 $2392 $2393 $2394 reversed $1792 $-1 #
coedge $-1 -1 $-1 $2395 $1793 $2396 $2397 forward $1494 $-1 #
coedge $-1 -1 $-1 $1793 $2395 $2398 $2399 forward $1494 $-1 #
coedge $-1 -1 $-1 $2400 $2401 $1793 $2104 reversed $2402 $-1 #
edge $-1 -1 $-1 $2403 0 $2404 7.60000000000000675 $1793 $2405 forward @7 unknown #
coedge $-1 -1 $-1 $2406 $1794 $2407 $2408 forward $1216 $-1 #
coedge $-1 -1 $-1 $2409 $2410 $1794 $2107 forward $2411 $-1 #
edge $-1 -1 $-1 $2412 43.25 $2114 72.24999999999998579 $1794 $2413 forward @7 unknown #
coedge $-1 -1 $-1 $1795 $2406 $2414 $2415 forward $1216 $-1 #
coedge $-1 -1 $-1 $2416 $2417 $1795 $2110 forward $2418 $-1 #
edge $-1 -1 $-1 $2115 -38.5 $2419 -36.38733971723999616 $1795 $2420 forward @7 unknown #
coedge $-1 -1 $-1 $2421 $1796 $2417 $2422 forward $2113 $-1 #
coedge $-1 -1 $-1 $1796 $2421 $2409 $2423 reversed $2113 $-1 #
loop $-1 -1 $-1 $-1 $1796 $2119 #
vertex $-1 -1 $-1 $1797 $2424 #
vertex $-1 -1 $-1 $1797 $2425 #
ellipse-curve $-1 -1 $-1 5 0 75 0 1 0 0 0 2.25 1 F -1.570796326794896558 F 0 #
point $-1 -1 $-1 54.10000000000000142 0 35.5 #
DXID-attrib $-1 -1 $-1 $-1 $1803 @10 ASM ENTITY @2 21 #
face $2426 -1 $-1 $2427 $2113 $27 $-1 $2428 forward single #
loop $-1 -1 $-1 $1798 $2429 $1803 #
cone-surface $-1 -1 $-1 54.10000000000000142 -2.5 34 0 1 0 0 0 1.500000000000000222 1 I I 0 1 1.500000000000000222 forward I I I I #
coedge $-1 -1 $-1 $2122 $2122 $2430 $2431 reversed $1804 $-1 #
coedge $-1 -1 $-1 $1807 $1806 $2432 $2433 reversed $1808 $-1 #
face $2434 -1 $-1 $1816 $1808 $27 $-1 $2435 forward single #
coedge $-1 -1 $-1 $1818 $2432 $1810 $2126 forward $2137 $-1 #
edge $-1 -1 $-1 $2127 0 $1822 20 $1810 $2436 forward @7 unknown #
vertex $-1 -1 $-1 $2126 $2437 #
straight-curve $-1 -1 $-1 108 -4 6.000000000000000888 0 1 0 F 0.999999999999999778 F 1.500000000000000222 #
DXID-attrib $-1 -1 $-1 $-1 $1812 @10 ASM ENTITY @2 17 #
plane-surface $-1 -1 $-1 108 -4 6.000000000000000888 1 0 0 0 0 1 forward_v I I I I #
coedge $-1 -1 $-1 $2432 $1818 $1814 $2132 reversed $2137 $-1 #
edge $-1 -1 $-1 $2133 0 $1820 20 $1814 $2438 forward @7 unknown #
vertex $-1 -1 $-1 $1815 $2439 #
straight-curve $-1 -1 $-1 66 -4 6.000000000000000888 0 1 0 F 0.999999999999999778 F 1.500000000000000222 #
DXID-attrib $-1 -1 $-1 $-1 $1816 @10 ASM ENTITY @2 19 #
plane-surface $-1 -1 $-1 66 -4 6.000000000000000888 1 0 0 0 0 1 forward_v I I I I #
loop $-1 -1 $-1 $-1 $2432 $2440 #
straight-curve $-1 -1 $-1 66 -2.5 26 1 0 0 F 0 F 42 #
point $-1 -1 $-1 66 -2.5 26 #
point $-1 -1 $-1 108 -2.5 26 #
coedge $-1 -1 $-1 $1828 $1834 $1826 $2142 forward $1840 $-1 #
edge $-1 -1 $-1 $1836 0 $1830 31.60000000000000142 $1826 $2441 forward @7 unknown #
DXID-attrib $-1 -1 $-1 $-1 $1827 @10 ASM ENTITY @2 15 #
plane-surface $-1 -1 $-1 61.5 -4 33.70000000000000284 0 0 1 1 0 0 forward_v I I I I #
straight-curve $-1 -1 $-1 93.10000000000000853 -2.200000000000000178 33.70000000000000284 0 0 1 F 0 F 17.59999999999999076 #
point $-1 -1 $-1 93.10000000000000853 -2.200000000000000178 33.70000000000000284 #
straight-curve $-1 -1 $-1 61.5 -2.200000000000000178 33.70000000000000284 0 0 1 F 0 F 17.59999999999999076 #
point $-1 -1 $-1 61.5 -2.200000000000000178 33.70000000000000284 #
loop $-1 -1 $-1 $-1 $2442 $2150 #
face $2443 -1 $-1 $2440 $1840 $27 $-1 $2444 reversed single #
face $2445 -1 $-1 $2150 $1844 $27 $-1 $2446 reversed single #
point $-1 -1 $-1 49.40000000000000568 -2.700000000000000178 51.40000000000000568 #
coedge $-1 -1 $-1 $2447 $2448 $1847 $2154 reversed $2449 $-1 #
edge $-1 -1 $-1 $2158 0 $2163 6.999999999999997335 $1847 $2450 forward @7 unknown #
coedge $-1 -1 $-1 $2451 $1848 $1853 $2167 reversed $2157 $-1 #
coedge $-1 -1 $-1 $1848 $2451 $2447 $2452 forward $2157 $-1 #
loop $-1 -1 $-1 $-1 $2451 $2453 #
vertex $-1 -1 $-1 $1849 $2454 #
straight-curve $-1 -1 $-1 66.40000000000000568 9.300000000000000711 38.5 1 0 0 F 0 F 7.000000000000001776 #
coedge $-1 -1 $-1 $2455 $1850 $2448 $2456 reversed $2162 $-1 #
coedge $-1 -1 $-1 $1850 $2455 $1852 $2166 forward $2162 $-1 #
loop $-1 -1 $-1 $-1 $2455 $2457 #
vertex $-1 -1 $-1 $2154 $2458 #
straight-curve $-1 -1 $-1 66.40000000000000568 9.300000000000000711 45.5 1 0 0 F 0 F 7.000000000000001776 #
coedge $-1 -1 $-1 $1853 $1852 $2459 $2460 reversed $1854 $-1 #
edge $-1 -1 $-1 $2461 0 $1856 0.7999999999999984901 $1852 $2462 forward @7 unknown #
edge $-1 -1 $-1 $2463 0 $1855 0.7999999999999984901 $1853 $2464 forward @7 unknown #
face $2465 -1 $-1 $2453 $1854 $29 $-1 $2466 reversed single #
point $-1 -1 $-1 66.40000000000000568 9.300000000000000711 38.5 #
point $-1 -1 $-1 66.40000000000000568 9.300000000000000711 45.5 #
coedge $-1 -1 $-1 $2467 $1858 $1861 $2176 reversed $2173 $-1 #
coedge $-1 -1 $-1 $1858 $2467 $1865 $2179 forward $2173 $-1 #
loop $-1 -1 $-1 $-1 $2171 $2188 #
straight-curve $-1 -1 $-1 52.89999999999999858 9.300000000000000711 39.70000000000000284 0 1.110223024625000001e-16 1 F 0 F 4.599999999999990763 #
coedge $-1 -1 $-1 $1861 $1860 $2468 $2469 forward $1862 $-1 #
edge $-1 -1 $-1 $2470 0 $1863 3.599999999999998757 $1861 $2471 forward @7 unknown #
point $-1 -1 $-1 52.89999999999999858 9.300000000000000711 39.70000000000000284 #
coedge $-1 -1 $-1 $1866 $1865 $2472 $2473 reversed $1867 $-1 #
edge $-1 -1 $-1 $2474 0 $1868 3.599999999999998757 $1865 $2475 forward @7 unknown #
point $-1 -1 $-1 52.89999999999999858 9.300000000000000711 44.29999999999999716 #
coedge $-1 -1 $-1 $2472 $2468 $1870 $2182 forward $2476 $-1 #
edge $-1 -1 $-1 $2185 0 $2183 4.599999999999990763 $1870 $2477 forward @7 unknown #
vertex $-1 -1 $-1 $1871 $2478 #
straight-curve $-1 -1 $-1 48.79999999999999716 12.90000000000000036 44.29999999999999716 0 -1 1.110223024625000001e-16 F 0 F 3.599999999999998757 #
vertex $-1 -1 $-1 $1872 $2479 #
straight-curve $-1 -1 $-1 48.79999999999999716 12.90000000000000036 39.70000000000000284 0 -1 1.110223024625000001e-16 F 0 F 3.599999999999998757 #
DXID-attrib $-1 -1 $-1 $-1 $1879 @10 ASM ENTITY @2 40 #
face $2480 -1 $-1 $2168 $2173 $29 $-1 $2481 forward single #
plane-surface $-1 -1 $-1 48.79999999999999716 12.90000000000000036 39.70000000000000284 0 1.110223024625000001e-16 1 0 -1 1.110223024625000001e-16 forward_v I I I I #
straight-curve $-1 -1 $-1 51.40000000000000568 5.5 48.39999999999999858 0 1.110223024625000001e-16 1 F 0 F 3.000000000000007105 #
DXID-attrib $-1 -1 $-1 $-1 $1889 @10 ASM ENTITY @2 53 #
face $2482 -1 $-1 $2483 $2476 $29 $-1 $2484 reversed single #
plane-surface $-1 -1 $-1 47.40000000000000568 5.5 48.39999999999999858 0 -1 1.110223024625000001e-16 1 0 0 forward_v I I I I #
straight-curve $-1 -1 $-1 97.00000000000001421 7.5 50 0 1.110223024625000001e-16 1 F 0 F 1.580000000000003624 #
face $2485 -1 $-1 $1630 $1896 $29 $-1 $2486 reversed single #
point $-1 -1 $-1 97.00000000000001421 7.5 50 #
straight-curve $-1 -1 $-1 93.90000000000000568 7.5 50 0 -1 1.110223024625000001e-16 F 0 F 1.599999999999999201 #
DXID-attrib $-1 -1 $-1 $-1 $1902 @10 ASM ENTITY @2 12 #
plane-surface $-1 -1 $-1 93.90000000000000568 7.5 32.71999999999999886 1 0 0 0 -1 1.110223024625000001e-16 forward_v I I I I #
straight-curve $-1 -1 $-1 60.89999999999999858 2.5 32.71999999999999886 1 0 0 F 0 F 33.00000000000000711 #
point $-1 -1 $-1 93.90000000000000568 2.5 32.71999999999999886 #
straight-curve $-1 -1 $-1 93.90000000000000568 2.5 32.71999999999999886 0 1.110223024625000001e-16 1 F 0 F 18.55999999999999872 #
straight-curve $-1 -1 $-1 93.90000000000000568 5.900000000000000355 41.35999999999999943 0 -1.110223024625000001e-16 -1 F -9.919999999999999929 F -8.639999999999998792 #
straight-curve $-1 -1 $-1 97.00000000000001421 7.5 50 0 -1 1.110223024625000001e-16 F 0 F 1.599999999999999201 #
point $-1 -1 $-1 93.90000000000000568 5.900000000000000355 50 #
coedge $-1 -1 $-1 $2237 $1926 $1928 $2212 reversed $2208 $-1 #
coedge $-1 -1 $-1 $1926 $2237 $2226 $2487 forward $2208 $-1 #
loop $-1 -1 $-1 $-1 $2207 $2488 #
vertex $-1 -1 $-1 $1927 $2489 #
straight-curve $-1 -1 $-1 93.87999999999999545 9.300000000000000711 29.30000000000000071 0.7071067811870000996 7.850462293419000326e-17 0.7071067811870000996 F 0 F 5.388153672638042124 #
coedge $-1 -1 $-1 $1928 $2221 $2236 $2490 reversed $1929 $-1 #
edge $-1 -1 $-1 $2491 0 $1930 1.800000000000001599 $1928 $2492 forward @7 unknown #
point $-1 -1 $-1 97.68999999999999773 9.300000000000000711 33.10999999999999943 #
DXID-attrib $-1 -1 $-1 $-1 $1934 @10 ASM ENTITY @2 49 #
face $2493 -1 $-1 $2494 $2495 $29 $-1 $2496 forward single #
loop $-1 -1 $-1 $-1 $2497 $1934 #
plane-surface $-1 -1 $-1 94.84999999999999432 7.5 40.5 0 -1 1.110223024625000001e-16 1 0 0 forward_v I I I I #
coedge $-1 -1 $-1 $1936 $2498 $2499 $2500 forward $92 $-1 #
edge $-1 -1 $-1 $2501 10.3900000000000059 $1937 17.78000000000000469 $1936 $2502 forward @7 unknown #
point $-1 -1 $-1 97.68999999999999773 7.5 50.89000000000000057 #
coedge $-1 -1 $-1 $2211 $1940 $2503 $2504 reversed $1929 $-1 #
DXID-attrib $-1 -1 $-1 $-1 $1943 @10 ASM ENTITY @2 17 #
face $2505 -1 $-1 $2506 $2507 $29 $-1 $2508 reversed single #
loop $-1 -1 $-1 $-1 $2499 $1943 #
plane-surface $-1 -1 $-1 94.84999999999999432 7.5 43.50000000000000711 0 1.110223024625000001e-16 1 0 -1 1.110223024625000001e-16 forward_v I I I I #
coedge $-1 -1 $-1 $1957 $1945 $2207 $2487 reversed $2228 $-1 #
coedge $-1 -1 $-1 $1945 $1957 $1947 $2230 forward $2228 $-1 #
loop $-1 -1 $-1 $-1 $2227 $2509 #
straight-curve $-1 -1 $-1 48.15999999999999659 9.300000000000000711 29.30000000000000071 1 0 0 F 0 F 45.71999999999999886 #
edge $-1 -1 $-1 $1959 0 $1950 1.800000000000001599 $2227 $2510 forward @7 unknown #
face $2511 -1 $-1 $1953 $1949 $29 $-1 $2512 forward single #
point $-1 -1 $-1 48.15999999999999659 9.300000000000000711 29.30000000000000071 #
straight-curve $-1 -1 $-1 46.00000000000000711 7.5 31.46000000000000441 0 1 -1.110223024625000001e-16 F 0 F 1.800000000000001599 #
DXID-attrib $-1 -1 $-1 $-1 $1953 @10 ASM ENTITY @2 23 #
plane-surface $-1 -1 $-1 46.00000000000000711 7.5 36.73000000000000398 -1 0 0 -0 -1.110223024625000001e-16 -1 forward_v I I I I #
coedge $-1 -1 $-1 $2513 $1956 $2211 $2490 forward $92 $-1 #
coedge $-1 -1 $-1 $2207 $2206 $1956 $2238 reversed $2208 $-1 #
edge $-1 -1 $-1 $2239 0 $2491 5.388153672638042124 $1956 $2514 forward @7 unknown #
vertex $-1 -1 $-1 $1958 $2515 #
straight-curve $-1 -1 $-1 48.15999999999999659 7.5 29.30000000000000071 1 0 0 F 0 F 45.71999999999999886 #
point $-1 -1 $-1 48.15999999999999659 7.5 29.30000000000000071 #
coedge $-1 -1 $-1 $1979 $1965 $1973 $2250 forward $1676 $-1 #
coedge $-1 -1 $-1 $1967 $1966 $1979 $2253 forward $1395 $-1 #
coedge $-1 -1 $-1 $1973 $1970 $1967 $2245 reversed $1963 $-1 #
edge $-1 -1 $-1 $2516 0 $2246 2.400000000000000799 $1967 $2517 forward @7 unknown #
vertex $-1 -1 $-1 $1969 $2518 #
straight-curve $-1 -1 $-1 38.75 7.000000000000000888 46.10000000000000142 1 0 0 F 0.1000000000000023093 F 12.60000000000000675 #
straight-curve $-1 -1 $-1 51.35000000000000853 7.000000000000000888 37.89999999999999858 0 0 1 F 0 F 8.200000000000002842 #
straight-curve $-1 -1 $-1 38.75 4.599999999999999645 37.89999999999999858 1 0 0 F 0.1000000000000023093 F 12.60000000000000675 #
edge $-1 -1 $-1 $1974 0 $2516 8.200000000000002842 $2242 $2519 forward @7 unknown #
point $-1 -1 $-1 51.35000000000000853 4.599999999999999645 37.89999999999999858 #
straight-curve $-1 -1 $-1 38.85000000000000142 3.575000000000000178 46.10000000000000142 0 -1 0 F -3.425000000000000266 F -1.024999999999999245 #
edge $-1 -1 $-1 $1980 0.1000000000000023093 $2516 12.60000000000000675 $2243 $2520 forward @7 unknown #
point $-1 -1 $-1 38.85000000000000142 4.599999999999999645 46.10000000000000142 #
point $-1 -1 $-1 38.85000000000000142 7.000000000000000888 46.10000000000000142 #
straight-curve $-1 -1 $-1 5 -1 77.5 0 1 0 F 1 F 28.5 #
point $-1 -1 $-1 5 27.5 77.5 #
point $-1 -1 $-1 5 0 77.5 #
DXID-attrib $-1 -1 $-1 $-1 $1992 @10 ASM ENTITY @2 17 #
plane-surface $-1 -1 $-1 117.5 -1 2.5 1 0 0 0 0 1 forward_v I I I I #
loop $-1 -1 $-1 $2521 $2522 $1419 #
coedge $-1 -1 $-1 $2523 $2524 $2525 $2526 forward $1995 $-1 #
coedge $-1 -1 $-1 $2527 $1996 $2528 $2529 reversed $1703 $-1 #
loop $-1 -1 $-1 $-1 $2530 $1422 #
coedge $-1 -1 $-1 $2531 $2532 $2533 $2534 forward $1997 $-1 #
coedge $-1 -1 $-1 $1998 $1998 $2535 $2536 reversed $1705 $-1 #
coedge $-1 -1 $-1 $2537 $2538 $1998 $2268 forward $2539 $-1 #
edge $-1 -1 $-1 $2540 0.5620698030056583416 $2541 5.721115504173928556 $1998 $2542 forward @7 unknown #
coedge $-1 -1 $-1 $2000 $1999 $2543 $2544 forward $1421 $-1 #
coedge $-1 -1 $-1 $2545 $2546 $1999 $2271 reversed $2547 $-1 #
edge $-1 -1 $-1 $2278 7 $2548 9 $1999 $2549 forward @7 unknown #
coedge $-1 -1 $-1 $2550 $2551 $2000 $2273 forward $2552 $-1 #
edge $-1 -1 $-1 $2277 7 $2553 9 $2000 $2554 forward @7 unknown #
coedge $-1 -1 $-1 $2555 $2001 $2551 $2556 reversed $2276 $-1 #
coedge $-1 -1 $-1 $2001 $2555 $2545 $2557 forward $2276 $-1 #
loop $-1 -1 $-1 $-1 $2274 $2558 #
vertex $-1 -1 $-1 $2002 $2559 #
vertex $-1 -1 $-1 $2002 $2560 #
straight-curve $-1 -1 $-1 56.00000000000000711 14.00000000000000178 80 -1 0 0 F 0 F 40 #
coedge $-1 -1 $-1 $2004 $2003 $2561 $2562 reversed $1428 $-1 #
coedge $-1 -1 $-1 $2563 $2564 $2003 $2282 reversed $2565 $-1 #
edge $-1 -1 $-1 $2289 0 $2566 40.00000000000000711 $2003 $2567 forward @7 unknown #
coedge $-1 -1 $-1 $2568 $2569 $2004 $2284 reversed $2570 $-1 #
edge $-1 -1 $-1 $2571 0 $2288 40.00000000000000711 $2004 $2572 forward @7 unknown #
coedge $-1 -1 $-1 $2573 $2005 $2569 $2574 forward $2287 $-1 #
coedge $-1 -1 $-1 $2005 $2573 $2563 $2575 reversed $2287 $-1 #
loop $-1 -1 $-1 $-1 $2285 $2576 #
vertex $-1 -1 $-1 $2006 $2577 #
vertex $-1 -1 $-1 $2006 $2578 #
straight-curve $-1 -1 $-1 112.0000000000000142 11 0 0 1 0 F 11 F 13.00000000000000178 #
coedge $-1 -1 $-1 $2579 $2580 $2007 $2292 forward $2581 $-1 #
edge $-1 -1 $-1 $2301 8.5 $2296 10.5 $2007 $2582 forward @7 unknown #
coedge $-1 -1 $-1 $2583 $2008 $2013 $2305 forward $2295 $-1 #
coedge $-1 -1 $-1 $2008 $2583 $2579 $2584 reversed $2295 $-1 #
loop $-1 -1 $-1 $-1 $2293 $2585 #
vertex $-1 -1 $-1 $2009 $2586 #
straight-curve $-1 -1 $-1 112.0000000000000142 19 0 -1 0 0 F 0 F 40.00000000000000711 #
coedge $-1 -1 $-1 $2587 $2010 $2580 $2588 forward $2300 $-1 #
coedge $-1 -1 $-1 $2010 $2587 $2012 $2304 reversed $2300 $-1 #
loop $-1 -1 $-1 $-1 $2299 $2589 #
vertex $-1 -1 $-1 $2292 $2590 #
straight-curve $-1 -1 $-1 72 17 0 1 0 0 F 0 F 40.00000000000000711 #
coedge $-1 -1 $-1 $2013 $2012 $2591 $2592 forward $2014 $-1 #
edge $-1 -1 $-1 $2015 1 $2593 3.499999999999999556 $2012 $2594 forward @7 unknown #
edge $-1 -1 $-1 $2016 1 $2595 3.499999999999999556 $2013 $2596 forward @7 unknown #
face $2597 -1 $-1 $2589 $2014 $25 $-1 $2598 reversed single #
point $-1 -1 $-1 112.0000000000000142 17 0 #
point $-1 -1 $-1 112.0000000000000142 19 0 #
coedge $-1 -1 $-1 $2309 $2309 $2599 $2600 forward $2018 $-1 #
DXID-attrib $-1 -1 $-1 $-1 $2019 @10 ASM ENTITY @2 35 #
cone-surface $-1 -1 $-1 56.00000000000000711 19.75 -1 0 0 1 2 0 0 1 I I 0 1 2 forward I I I I #
coedge $-1 -1 $-1 $2312 $2312 $2021 $2313 reversed $2601 $-1 #
edge $-1 -1 $-1 $2602 0 $2602 6.283185307179586232 $2021 $2603 forward @7 unknown #
edge $-1 -1 $-1 $2033 6.500000000000000888 $2028 8.5 $2089 $2604 forward @7 unknown #
DXID-attrib $-1 -1 $-1 $-1 $2025 @10 ASM ENTITY @2 32 #
plane-surface $-1 -1 $-1 72 12.00000000000000178 -1 1 0 0 0 0 1 forward_v I I I I #
straight-curve $-1 -1 $-1 72 14.00000000000000178 2.5 1 0 0 F 0 F 40.00000000000000711 #
point $-1 -1 $-1 72 14.00000000000000178 2.5 #
straight-curve $-1 -1 $-1 112.0000000000000142 12.00000000000000178 2.5 -1 0 0 F 0 F 40.00000000000000711 #
point $-1 -1 $-1 72 12.00000000000000178 2.5 #
coedge $-1 -1 $-1 $2040 $2605 $2072 $2361 reversed $1703 $-1 #
straight-curve $-1 -1 $-1 1.25 0 77.5 1 0 0 F 3.75 F 113.75 #
coedge $-1 -1 $-1 $2606 $2607 $2042 $2324 forward $2608 $-1 #
edge $-1 -1 $-1 $2333 0.5235987755983192438 $2328 5.759586531581266655 $2042 $2609 forward @7 unknown #
coedge $-1 -1 $-1 $2610 $2043 $2048 $2337 reversed $2327 $-1 #
coedge $-1 -1 $-1 $2043 $2611 $2606 $2612 forward $2327 $-1 #
loop $-1 -1 $-1 $-1 $2611 $2613 #
vertex $-1 -1 $-1 $2044 $2614 #
straight-curve $-1 -1 $-1 92.5 30 26 0 0 -1 F -36 F -30.33012701892199914 #
coedge $-1 -1 $-1 $2615 $2045 $2607 $2616 reversed $2332 $-1 #
coedge $-1 -1 $-1 $2045 $2617 $2047 $2336 forward $2332 $-1 #
loop $-1 -1 $-1 $-1 $2615 $2618 #
vertex $-1 -1 $-1 $2324 $2619 #
straight-curve $-1 -1 $-1 97.5 30 26 0 0 -1 F -36 F -30.33012701892199914 #
coedge $-1 -1 $-1 $2048 $2047 $2620 $2621 reversed $2049 $-1 #
edge $-1 -1 $-1 $2622 0.9999999999999964473 $2051 3.499999999999996447 $2047 $2623 forward @14 tangent_not_g2 #
edge $-1 -1 $-1 $2624 0.9999999999999964473 $2050 3.499999999999996447 $2048 $2625 forward @14 tangent_not_g2 #
face $2626 -1 $-1 $2613 $2049 $25 $-1 $2627 reversed single #
point $-1 -1 $-1 92.5 30 62 #
point $-1 -1 $-1 97.5 30 62 #
DXID-attrib $-1 -1 $-1 $-1 $2053 @10 ASM ENTITY @2 25 #
loop $-1 -1 $-1 $1745 $2628 $2053 #
cone-surface $-1 -1 $-1 60 26.50000000000000355 16 0 1 0 0 0 2.25 1 I I 0 1 2.25 forward I I I I #
coedge $-1 -1 $-1 $2056 $2055 $2629 $2630 reversed $2057 $-1 #
face $2631 -1 $-1 $2053 $2057 $25 $-1 $2632 reversed single #
coedge $-1 -1 $-1 $2066 $2629 $2059 $2347 reversed $2356 $-1 #
edge $-1 -1 $-1 $2070 -34.75 $2348 -29.08012701892199914 $2059 $2633 forward @7 unknown #
vertex $-1 -1 $-1 $2347 $2634 #
straight-curve $-1 -1 $-1 22.5 26.50000000000000355 56.33012701892199914 0 1 0 F 0.9999999999999964473 F 3.499999999999996447 #
coedge $-1 -1 $-1 $2629 $2066 $2062 $2351 forward $2356 $-1 #
edge $-1 -1 $-1 $2068 -34.75 $2352 -29.08012701892199914 $2062 $2635 forward @7 unknown #
vertex $-1 -1 $-1 $2351 $2636 #
straight-curve $-1 -1 $-1 27.5 26.50000000000000355 56.33012701892199914 0 1 0 F 0.9999999999999964473 F 3.499999999999996447 #
DXID-attrib $-1 -1 $-1 $-1 $2064 @10 ASM ENTITY @2 23 #
plane-surface $-1 -1 $-1 27.5 26.50000000000000355 52 1 0 0 0 0 1 forward_v I I I I #
loop $-1 -1 $-1 $2637 $2066 $1791 #
ellipse-curve $-1 -1 $-1 25 27.5 62 0 1 0 0 0 2.5 1 F -1.570796326794896558 F 1.570796326794896558 #
point $-1 -1 $-1 27.5 27.5 62 #
point $-1 -1 $-1 22.5 27.5 62 #
coedge $-1 -1 $-1 $2073 $2072 $2638 $2639 reversed $1993 $-1 #
edge $-1 -1 $-1 $2074 1 $2640 28.5 $2321 $2641 forward @14 tangent_not_g2 #
point $-1 -1 $-1 115 0 77.5 #
coedge $-1 -1 $-1 $2638 $2079 $2076 $2364 forward $1491 $-1 #
edge $-1 -1 $-1 $2081 2.5 $2365 72.5 $2076 $2642 forward @7 unknown #
vertex $-1 -1 $-1 $2077 $2643 #
straight-curve $-1 -1 $-1 117.5 -1 75 0 1 0 F 1 F 28.5 #
ellipse-curve $-1 -1 $-1 115 27.5 5 0 1 0 0 0 2.5 1 F 1.570796326794896558 F 3.141592653589793116 #
point $-1 -1 $-1 117.5 27.5 5 #
loop $-1 -1 $-1 $2644 $2645 $1481 #
coedge $-1 -1 $-1 $2646 $2647 $2648 $2649 forward $2087 $-1 #
coedge $-1 -1 $-1 $2650 $2088 $2651 $2652 forward $1780 $-1 #
coedge $-1 -1 $-1 $2088 $2650 $2653 $2654 reversed $1780 $-1 #
coedge $-1 -1 $-1 $2655 $2656 $2088 $2374 reversed $2657 $-1 #
edge $-1 -1 $-1 $2658 -15.12500000000000178 $2659 -6.625000000000000888 $2088 $2660 forward @7 unknown #
coedge $-1 -1 $-1 $2092 $2661 $2662 $2663 reversed $1491 $-1 #
coedge $-1 -1 $-1 $2664 $2528 $2092 $2377 forward $2665 $-1 #
edge $-1 -1 $-1 $2378 -38.49999999999999289 $2666 -36.5 $2092 $2667 forward @7 unknown #
vertex $-1 -1 $-1 $2093 $2668 #
straight-curve $-1 -1 $-1 2.5 27.5 77.5 1 0 0 F 2.5 F 54.5 #
coedge $-1 -1 $-1 $2669 $2670 $2671 $2672 forward $2094 $-1 #
coedge $-1 -1 $-1 $2673 $2095 $2674 $2675 reversed $1790 $-1 #
coedge $-1 -1 $-1 $2095 $2676 $2677 $2678 reversed $1790 $-1 #
coedge $-1 -1 $-1 $2679 $2680 $2095 $2384 forward $2681 $-1 #
edge $-1 -1 $-1 $2682 20.24999999999999645 $2683 22.25 $2095 $2684 forward @7 unknown #
DXID-attrib $-1 -1 $-1 $-1 $2097 @10 ASM ENTITY @2 59 #
face $2685 -1 $-1 $2686 $2687 $25 $-1 $2688 reversed single #
loop $-1 -1 $-1 $-1 $2689 $2097 #
plane-surface $-1 -1 $-1 95 8 75.5 1 0 0 0 0 1 forward_v I I I I #
loop $-1 -1 $-1 $2690 $2691 $213 #
coedge $-1 -1 $-1 $2692 $2693 $2694 $2695 reversed $2099 $-1 #
coedge $-1 -1 $-1 $2696 $2100 $2697 $2698 forward $1792 $-1 #
coedge $-1 -1 $-1 $2100 $2696 $2699 $2700 reversed $1792 $-1 #
coedge $-1 -1 $-1 $2701 $2702 $2100 $2394 forward $2703 $-1 #
edge $-1 -1 $-1 $2704 25.5 $2705 64.49999999999998579 $2100 $2706 forward @7 unknown #
coedge $-1 -1 $-1 $2102 $2101 $2707 $2708 forward $1494 $-1 #
coedge $-1 -1 $-1 $2709 $2710 $2101 $2397 reversed $2711 $-1 #
edge $-1 -1 $-1 $2404 0 $2712 10.79999999999999183 $2101 $2713 forward @7 unknown #
coedge $-1 -1 $-1 $2714 $2715 $2102 $2399 reversed $2716 $-1 #
edge $-1 -1 $-1 $2717 0 $2403 10.79999999999999183 $2102 $2718 forward @7 unknown #
coedge $-1 -1 $-1 $2719 $2103 $2715 $2720 reversed $2402 $-1 #
coedge $-1 -1 $-1 $2103 $2721 $2709 $2722 forward $2402 $-1 #
loop $-1 -1 $-1 $-1 $2401 $2723 #
vertex $-1 -1 $-1 $2104 $2724 #
vertex $-1 -1 $-1 $2104 $2725 #
straight-curve $-1 -1 $-1 57.5 0 46.10000000000000142 0 0 1 F 0 F 7.60000000000000675 #
coedge $-1 -1 $-1 $2108 $2105 $2726 $2727 reversed $1216 $-1 #
coedge $-1 -1 $-1 $2728 $2729 $2105 $2408 reversed $2730 $-1 #
edge $-1 -1 $-1 $2412 1.875 $2731 3.875 $2105 $2732 forward @7 unknown #
coedge $-1 -1 $-1 $2733 $2106 $2112 $2423 forward $2411 $-1 #
coedge $-1 -1 $-1 $2106 $2733 $2728 $2734 forward $2411 $-1 #
loop $-1 -1 $-1 $-1 $2106 $2427 #
vertex $-1 -1 $-1 $2107 $2735 #
straight-curve $-1 -1 $-1 2.75 0 2.75 0 0 1 F 43.25 F 72.24999999999998579 #
coedge $-1 -1 $-1 $2736 $2737 $2108 $2415 reversed $2738 $-1 #
edge $-1 -1 $-1 $2739 0 $2419 0.9479697413824544894 $2108 $2740 forward @7 unknown #
coedge $-1 -1 $-1 $2741 $2109 $2737 $2742 forward $2418 $-1 #
coedge $-1 -1 $-1 $2109 $2741 $2111 $2422 reversed $2418 $-1 #
loop $-1 -1 $-1 $-1 $2417 $2743 #
vertex $-1 -1 $-1 $2415 $2744 #
straight-curve $-1 -1 $-1 5 0 38.75 0 0 -1 F -38.5 F -36.38733971723999616 #
coedge $-1 -1 $-1 $2112 $2111 $2745 $2746 reversed $2113 $-1 #
edge $-1 -1 $-1 $2115 0 $2747 4 $2111 $2748 forward @7 unknown #
edge $-1 -1 $-1 $2114 0 $2749 4 $2112 $2750 forward @14 tangent_not_g2 #
point $-1 -1 $-1 2.75 0 75 #
point $-1 -1 $-1 5 0 77.25 #
DXID-attrib $-1 -1 $-1 $-1 $2119 @10 ASM ENTITY @2 22 #
face $2751 -1 $-1 $2743 $2411 $27 $-1 $2752 reversed single #
cone-surface $-1 -1 $-1 5 0 75 0 1 0 -2.25 0 0 1 I I 0 1 2.25 forward I I I I #
coedge $-1 -1 $-1 $2429 $2429 $2753 $2754 reversed $2120 $-1 #
coedge $-1 -1 $-1 $2430 $2430 $2122 $2431 forward $2755 $-1 #
edge $-1 -1 $-1 $2756 0 $2756 6.283185307179586232 $2122 $2757 forward @7 unknown #
coedge $-1 -1 $-1 $2125 $2131 $2123 $2433 forward $2137 $-1 #
edge $-1 -1 $-1 $2133 0 $2127 42 $2123 $2758 forward @7 unknown #
DXID-attrib $-1 -1 $-1 $-1 $2124 @10 ASM ENTITY @2 18 #
plane-surface $-1 -1 $-1 66 -4 6.000000000000000888 0 0 1 1 0 0 forward_v I I I I #
straight-curve $-1 -1 $-1 108 -2.5 6.000000000000000888 0 0 1 F 0 F 20 #
point $-1 -1 $-1 108 -2.5 6.000000000000000888 #
straight-curve $-1 -1 $-1 66 -2.5 6.000000000000000888 0 0 1 F 0 F 20 #
point $-1 -1 $-1 66 -2.5 6.000000000000000888 #
face $2759 -1 $-1 $2760 $2137 $27 $-1 $2761 reversed single #
straight-curve $-1 -1 $-1 61.5 -2.200000000000000178 33.70000000000000284 1 0 0 F 0 F 31.60000000000000142 #
coedge $-1 -1 $-1 $2762 $2763 $2764 $2765 reversed $2149 $-1 #
DXID-attrib $-1 -1 $-1 $-1 $2150 @10 ASM ENTITY @2 69 #
plane-surface $-1 -1 $-1 61.5 -2.200000000000000178 33.70000000000000284 0 1 0 0 0 1 forward_v I I I I #
DXID-attrib $-1 -1 $-1 $-1 $2151 @10 ASM ENTITY @2 68 #
plane-surface $-1 -1 $-1 49.40000000000000568 -2.700000000000000178 49.90000000000000568 0 1 0 0 0 1 forward_v I I I I #
coedge $-1 -1 $-1 $2766 $2153 $2156 $2452 reversed $2449 $-1 #
coedge $-1 -1 $-1 $2153 $2766 $2160 $2456 forward $2449 $-1 #
loop $-1 -1 $-1 $-1 $2447 $2767 #
straight-curve $-1 -1 $-1 73.40000000000000568 9.300000000000000711 38.5 0 1.110223024625000001e-16 1 F 0 F 6.999999999999997335 #
coedge $-1 -1 $-1 $2156 $2155 $2768 $2769 forward $2157 $-1 #
edge $-1 -1 $-1 $2770 0 $2158 0.7999999999999984901 $2156 $2771 forward @7 unknown #
face $2772 -1 $-1 $2767 $2157 $29 $-1 $2773 reversed single #
point $-1 -1 $-1 73.40000000000000568 9.300000000000000711 38.5 #
coedge $-1 -1 $-1 $2161 $2160 $2774 $2775 reversed $2162 $-1 #
edge $-1 -1 $-1 $2776 0 $2163 0.7999999999999984901 $2448 $2777 forward @7 unknown #
face $2778 -1 $-1 $1357 $2162 $29 $-1 $2779 forward single #
point $-1 -1 $-1 73.40000000000000568 9.300000000000000711 45.5 #
coedge $-1 -1 $-1 $2774 $2768 $2165 $2460 forward $2780 $-1 #
edge $-1 -1 $-1 $2463 0 $2461 6.999999999999997335 $2165 $2781 forward @7 unknown #
vertex $-1 -1 $-1 $2166 $2782 #
straight-curve $-1 -1 $-1 66.40000000000000568 10.09999999999999964 45.5 0 -1 1.110223024625000001e-16 F 0 F 0.7999999999999984901 #
vertex $-1 -1 $-1 $2167 $2783 #
straight-curve $-1 -1 $-1 66.40000000000000568 10.09999999999999964 38.5 0 -1 1.110223024625000001e-16 F 0 F 0.7999999999999984901 #
DXID-attrib $-1 -1 $-1 $-1 $2168 @10 ASM ENTITY @2 42 #
plane-surface $-1 -1 $-1 66.40000000000000568 10.09999999999999964 38.5 1 0 0 0 -1 1.110223024625000001e-16 forward_v I I I I #
coedge $-1 -1 $-1 $2172 $2171 $2784 $2785 forward $2173 $-1 #
coedge $-1 -1 $-1 $2181 $2784 $2175 $2469 reversed $2476 $-1 #
edge $-1 -1 $-1 $2185 0 $2470 4.100000000000001421 $2175 $2786 forward @7 unknown #
vertex $-1 -1 $-1 $2469 $2787 #
straight-curve $-1 -1 $-1 52.89999999999999858 12.90000000000000036 39.70000000000000284 0 -1 1.110223024625000001e-16 F 0 F 3.599999999999998757 #
coedge $-1 -1 $-1 $2784 $2181 $2178 $2473 forward $2476 $-1 #
edge $-1 -1 $-1 $2183 0 $2474 4.100000000000001421 $2178 $2788 forward @7 unknown #
vertex $-1 -1 $-1 $2473 $2789 #
straight-curve $-1 -1 $-1 52.89999999999999858 12.90000000000000036 44.29999999999999716 0 -1 1.110223024625000001e-16 F 0 F 3.599999999999998757 #
loop $-1 -1 $-1 $-1 $2181 $2192 #
straight-curve $-1 -1 $-1 48.79999999999999716 12.90000000000000036 39.70000000000000284 0 1.110223024625000001e-16 1 F 0 F 4.599999999999990763 #
point $-1 -1 $-1 48.79999999999999716 12.90000000000000036 44.29999999999999716 #
point $-1 -1 $-1 48.79999999999999716 12.90000000000000036 39.70000000000000284 #
DXID-attrib $-1 -1 $-1 $-1 $2188 @10 ASM ENTITY @2 41 #
plane-surface $-1 -1 $-1 52.89999999999999858 12.90000000000000036 39.70000000000000284 1 0 0 0 -1 1.110223024625000001e-16 forward_v I I I I #
DXID-attrib $-1 -1 $-1 $-1 $2192 @10 ASM ENTITY @2 54 #
face $2790 -1 $-1 $-1 $2780 $29 $-1 $2791 reversed single #
plane-surface $-1 -1 $-1 48.79999999999999716 12.90000000000000036 39.70000000000000284 0 -1 1.110223024625000001e-16 1 0 0 forward_v I I I I #
DXID-attrib $-1 -1 $-1 $-1 $2195 @10 ASM ENTITY @2 13 #
plane-surface $-1 -1 $-1 91 7.5 50 0 1.110223024625000001e-16 1 0 -1 1.110223024625000001e-16 forward_v I I I I #
edge $-1 -1 $-1 $2239 0 $2209 1.800000000000001599 $2207 $2792 forward @7 unknown #
face $2793 -1 $-1 $2509 $2208 $29 $-1 $2794 forward single #
point $-1 -1 $-1 93.87999999999999545 9.300000000000000711 29.30000000000000071 #
edge $-1 -1 $-1 $2491 0 $2795 7.389999999999998792 $2236 $2796 forward @7 unknown #
vertex $-1 -1 $-1 $2238 $2797 #
straight-curve $-1 -1 $-1 97.68999999999999773 7.5 33.10999999999999943 0 1 -1.110223024625000001e-16 F 0 F 1.800000000000001599 #
DXID-attrib $-1 -1 $-1 $-1 $2215 @10 ASM ENTITY @2 50 #
face $2798 -1 $-1 $1598 $2799 $29 $-1 $2800 forward single #
loop $-1 -1 $-1 $-1 $2801 $2215 #
plane-surface $-1 -1 $-1 97.95000000000001705 7.5 40.5 1 0 0 0 -1 1.110223024625000001e-16 forward_v I I I I #
coedge $-1 -1 $-1 $2802 $2503 $2803 $2804 forward $2216 $-1 #
coedge $-1 -1 $-1 $2218 $2513 $2805 $2806 forward $92 $-1 #
coedge $-1 -1 $-1 $2807 $2803 $2218 $2500 reversed $2224 $-1 #
edge $-1 -1 $-1 $2808 0 $2501 2.840000000000006963 $2218 $2809 forward @7 unknown #
vertex $-1 -1 $-1 $2500 $2810 #
straight-curve $-1 -1 $-1 97.68999999999999773 7.5 33.10999999999999943 0 1.110223024625000001e-16 1 F 10.3900000000000059 F 17.78000000000000469 #
coedge $-1 -1 $-1 $2497 $2811 $2221 $2504 forward $2216 $-1 #
edge $-1 -1 $-1 $2795 7.389999999999998792 $2501 10.3900000000000059 $2221 $2812 forward @7 unknown #
DXID-attrib $-1 -1 $-1 $-1 $2223 @10 ASM ENTITY @2 18 #
face $2813 -1 $-1 $2488 $2814 $29 $-1 $2815 reversed single #
loop $-1 -1 $-1 $-1 $2816 $2223 #
plane-surface $-1 -1 $-1 94.84999999999999432 7.5 40.5 1 0 0 0 -1 1.110223024625000001e-16 forward_v I I I I #
face $2817 -1 $-1 $2231 $2228 $29 $-1 $2818 forward single #
straight-curve $-1 -1 $-1 48.15999999999999659 7.5 29.30000000000000071 0 1 -1.110223024625000001e-16 F 0 F 1.800000000000001599 #
DXID-attrib $-1 -1 $-1 $-1 $2231 @10 ASM ENTITY @2 22 #
plane-surface $-1 -1 $-1 46.00000000000000711 7.5 31.46000000000000441 -0.7071067811865475727 -7.8504622934139775e-17 -0.7071067811865475727 0.7071067811865476838 -7.8504622934139775e-17 -0.7071067811865476838 forward_v I I I I #
coedge $-1 -1 $-1 $2498 $2236 $2819 $2820 reversed $92 $-1 #
straight-curve $-1 -1 $-1 93.87999999999999545 7.5 29.30000000000000071 0.7071067811870000996 7.850462293419000326e-17 0.7071067811870000996 F 0 F 5.388153672638042124 #
point $-1 -1 $-1 93.87999999999999545 7.5 29.30000000000000071 #
vertex $-1 -1 $-1 $2253 $2821 #
straight-curve $-1 -1 $-1 51.35000000000000853 4.599999999999999645 46.10000000000000142 0 1 0 F 0 F 2.400000000000000799 #
point $-1 -1 $-1 51.35000000000000853 7.000000000000000888 46.10000000000000142 #
straight-curve $-1 -1 $-1 51.35000000000000853 4.599999999999999645 37.89999999999999858 0 0 1 F 0 F 8.200000000000002842 #
straight-curve $-1 -1 $-1 38.75 4.599999999999999645 46.10000000000000142 1 0 0 F 0.1000000000000023093 F 12.60000000000000675 #
loop $-1 -1 $-1 $2822 $2823 $1419 #
coedge $-1 -1 $-1 $2522 $2522 $2824 $2825 forward $2261 $-1 #
coedge $-1 -1 $-1 $2826 $2262 $2827 $2828 forward $1995 $-1 #
coedge $-1 -1 $-1 $2262 $2826 $2555 $2829 forward $1995 $-1 #
coedge $-1 -1 $-1 $2551 $2550 $2262 $2526 reversed $2552 $-1 #
edge $-1 -1 $-1 $2830 7.500000000000000888 $2831 9.5 $2262 $2832 forward @7 unknown #
coedge $-1 -1 $-1 $2833 $2263 $2834 $2835 reversed $1703 $-1 #
coedge $-1 -1 $-1 $2376 $2836 $2263 $2529 forward $2665 $-1 #
edge $-1 -1 $-1 $2837 4.5 $2378 23.99999999999999645 $2263 $2838 forward @7 unknown #
coedge $-1 -1 $-1 $2839 $2840 $2841 $2842 forward $2264 $-1 #
coedge $-1 -1 $-1 $2843 $2265 $2844 $2845 forward $1997 $-1 #
coedge $-1 -1 $-1 $2265 $2843 $2846 $2847 reversed $1997 $-1 #
coedge $-1 -1 $-1 $2848 $2849 $2265 $2534 reversed $2850 $-1 #
edge $-1 -1 $-1 $2851 0 $2852 40 $2265 $2853 forward @7 unknown #
coedge $-1 -1 $-1 $2854 $2855 $2266 $2536 forward $2856 $-1 #
edge $-1 -1 $-1 $2541 8.767949192431000682 $2540 12.23205080756900109 $2266 $2857 forward @7 unknown #
coedge $-1 -1 $-1 $2858 $2267 $2855 $2859 reversed $2539 $-1 #
coedge $-1 -1 $-1 $2267 $2858 $2854 $2860 forward $2539 $-1 #
loop $-1 -1 $-1 $-1 $2267 $2861 #
vertex $-1 -1 $-1 $2268 $2862 #
vertex $-1 -1 $-1 $2268 $2863 #
ellipse-curve $-1 -1 $-1 104 15 80 0 0 1 3.25 0 0 1 F 0.5620698030056583416 F 5.721115504173928556 #
coedge $-1 -1 $-1 $2864 $2865 $2269 $2544 reversed $2866 $-1 #
edge $-1 -1 $-1 $2548 0 $2553 40 $2269 $2867 forward @7 unknown #
coedge $-1 -1 $-1 $2868 $2270 $2275 $2557 reversed $2547 $-1 #
coedge $-1 -1 $-1 $2270 $2868 $2864 $2869 forward $2547 $-1 #
loop $-1 -1 $-1 $-1 $2545 $2870 #
vertex $-1 -1 $-1 $2271 $2871 #
straight-curve $-1 -1 $-1 16 7.000000000000000888 80 0 1 0 F 7 F 9 #
coedge $-1 -1 $-1 $2525 $2272 $2865 $2872 reversed $2552 $-1 #
coedge $-1 -1 $-1 $2272 $2525 $2274 $2556 forward $2552 $-1 #
loop $-1 -1 $-1 $-1 $2551 $2873 #
vertex $-1 -1 $-1 $2544 $2874 #
straight-curve $-1 -1 $-1 56.00000000000000711 7.000000000000000888 80 0 1 0 F 7 F 9 #
coedge $-1 -1 $-1 $2275 $2274 $2524 $2829 reversed $2276 $-1 #
edge $-1 -1 $-1 $2830 0.9999999999999964473 $2277 3.499999999999996447 $2274 $2875 forward @7 unknown #
edge $-1 -1 $-1 $2876 0.9999999999999964473 $2278 3.499999999999996447 $2275 $2877 forward @7 unknown #
face $2878 -1 $-1 $2870 $2276 $25 $-1 $2879 forward single #
point $-1 -1 $-1 56.00000000000000711 14.00000000000000178 80 #
point $-1 -1 $-1 16 14.00000000000000178 80 #
coedge $-1 -1 $-1 $2880 $2881 $2280 $2562 forward $2882 $-1 #
edge $-1 -1 $-1 $2571 11 $2566 13.00000000000000178 $2280 $2883 forward @7 unknown #
coedge $-1 -1 $-1 $2884 $2281 $2286 $2575 forward $2565 $-1 #
coedge $-1 -1 $-1 $2281 $2884 $2880 $2885 reversed $2565 $-1 #
loop $-1 -1 $-1 $-1 $2563 $2886 #
vertex $-1 -1 $-1 $2282 $2887 #
straight-curve $-1 -1 $-1 112.0000000000000142 24.00000000000000355 0 -1 0 0 F 0 F 40.00000000000000711 #
coedge $-1 -1 $-1 $2888 $2283 $2881 $2889 forward $2570 $-1 #
coedge $-1 -1 $-1 $2283 $2888 $2285 $2574 reversed $2570 $-1 #
loop $-1 -1 $-1 $-1 $2569 $2890 #
vertex $-1 -1 $-1 $2562 $2891 #
straight-curve $-1 -1 $-1 72 22 0 1 0 0 F 0 F 40.00000000000000711 #
coedge $-1 -1 $-1 $2286 $2285 $2892 $2893 forward $2287 $-1 #
edge $-1 -1 $-1 $2288 1 $2894 3.499999999999999556 $2285 $2895 forward @7 unknown #
edge $-1 -1 $-1 $2289 1 $2896 3.499999999999999556 $2286 $2897 forward @7 unknown #
face $2898 -1 $-1 $2890 $2287 $25 $-1 $2899 reversed single #
point $-1 -1 $-1 112.0000000000000142 22 0 #
point $-1 -1 $-1 112.0000000000000142 24.00000000000000355 0 #
coedge $-1 -1 $-1 $2900 $2291 $2294 $2584 forward $2581 $-1 #
coedge $-1 -1 $-1 $2291 $2900 $2298 $2588 reversed $2581 $-1 #
loop $-1 -1 $-1 $-1 $2580 $2901 #
straight-curve $-1 -1 $-1 72 8.5 0 0 1 0 F 8.5 F 10.5 #
coedge $-1 -1 $-1 $2294 $2293 $2902 $2903 reversed $2295 $-1 #
edge $-1 -1 $-1 $2296 1 $2904 3.499999999999999556 $2579 $2905 forward @7 unknown #
face $2906 -1 $-1 $2576 $2295 $25 $-1 $2907 reversed single #
point $-1 -1 $-1 72 19 0 #
coedge $-1 -1 $-1 $2299 $2298 $2645 $2908 reversed $2300 $-1 #
edge $-1 -1 $-1 $2301 1 $2909 3.499999999999999556 $2298 $2910 forward @7 unknown #
face $2911 -1 $-1 $2901 $2300 $25 $-1 $2912 forward single #
point $-1 -1 $-1 72 17 0 #
coedge $-1 -1 $-1 $2645 $2902 $2303 $2592 reversed $2369 $-1 #
edge $-1 -1 $-1 $2593 9 $2595 11 $2591 $2913 forward @7 unknown #
vertex $-1 -1 $-1 $2908 $2914 #
straight-curve $-1 -1 $-1 112.0000000000000142 17 -1 0 0 1 F 1 F 3.499999999999999556 #
vertex $-1 -1 $-1 $2903 $2915 #
straight-curve $-1 -1 $-1 112.0000000000000142 19 -1 0 0 1 F 1 F 3.499999999999999556 #
DXID-attrib $-1 -1 $-1 $-1 $2306 @10 ASM ENTITY @2 36 #
plane-surface $-1 -1 $-1 112.0000000000000142 17 -1 1 0 0 0 0 1 forward_v I I I I #
coedge $-1 -1 $-1 $2599 $2599 $2309 $2600 reversed $2916 $-1 #
edge $-1 -1 $-1 $2917 0 $2917 6.283185307179586232 $2309 $2918 forward @7 unknown #
loop $-1 -1 $-1 $2919 $2312 $2920 #
vertex $-1 -1 $-1 $2313 $2921 #
ellipse-curve $-1 -1 $-1 20 19.75 0.2999999999999999889 0 0 1 2 0 0 1 I I #
straight-curve $-1 -1 $-1 72 5.5 2.5 0 1 0 F 6.500000000000000888 F 8.5 #
coedge $-1 -1 $-1 $2321 $2922 $2923 $2924 forward $1703 $-1 #
coedge $-1 -1 $-1 $2925 $2323 $2326 $2612 reversed $2608 $-1 #
coedge $-1 -1 $-1 $2323 $2926 $2330 $2616 forward $2608 $-1 #
loop $-1 -1 $-1 $-1 $2323 $2927 #
ellipse-curve $-1 -1 $-1 95 30 52 0 1 0 0 0 5 1 F 0.5235987755983192438 F 5.759586531581266655 #
coedge $-1 -1 $-1 $2928 $2325 $2929 $2930 forward $2327 $-1 #
coedge $-1 -1 $-1 $2326 $2928 $2931 $2932 reversed $2327 $-1 #
edge $-1 -1 $-1 $2933 0 $2328 3.499999999999996447 $2326 $2934 forward @7 unknown #
face $2935 -1 $-1 $2618 $2327 $25 $-1 $2936 forward single #
point $-1 -1 $-1 92.5 30 56.33012701892199914 #
coedge $-1 -1 $-1 $2937 $2330 $2938 $2939 forward $2332 $-1 #
edge $-1 -1 $-1 $2940 0 $2333 3.499999999999996447 $2330 $2941 forward @7 unknown #
coedge $-1 -1 $-1 $2331 $2937 $2942 $2943 reversed $2332 $-1 #
face $2944 -1 $-1 $2927 $2332 $25 $-1 $2945 reversed single #
point $-1 -1 $-1 97.5 30 56.33012701892199914 #
coedge $-1 -1 $-1 $2942 $2929 $2335 $2621 forward $2946 $-1 #
edge $-1 -1 $-1 $2624 -1.570796326794896558 $2622 1.570796326794896558 $2335 $2947 forward @7 unknown #
vertex $-1 -1 $-1 $2336 $2948 #
straight-curve $-1 -1 $-1 97.5 26.50000000000000355 62 0 1 0 F 0.9999999999999964473 F 3.499999999999996447 #
vertex $-1 -1 $-1 $2621 $2949 #
straight-curve $-1 -1 $-1 92.5 26.50000000000000355 62 0 1 0 F 0.9999999999999964473 F 3.499999999999996447 #
DXID-attrib $-1 -1 $-1 $-1 $2338 @10 ASM ENTITY @2 26 #
cone-surface $-1 -1 $-1 95 26.50000000000000355 62 0 1 0 0 0 2.5 1 I I 0 1 2.5 forward I I I I #
coedge $-1 -1 $-1 $2628 $2628 $2950 $2951 reversed $2342 $-1 #
coedge $-1 -1 $-1 $2346 $2350 $2344 $2630 forward $2356 $-1 #
edge $-1 -1 $-1 $2352 0.5235987755983184666 $2348 5.759586531581267543 $2344 $2952 forward @7 unknown #
DXID-attrib $-1 -1 $-1 $-1 $2345 @10 ASM ENTITY @2 24 #
cone-surface $-1 -1 $-1 25 26.50000000000000355 52 0 1 0 0 0 5 1 I I 0 1 5 forward I I I I #
straight-curve $-1 -1 $-1 22.5 27.5 27.25 0 0 -1 F -34.75 F -29.08012701892199914 #
point $-1 -1 $-1 22.5 27.5 56.33012701892199914 #
straight-curve $-1 -1 $-1 27.5 27.5 27.25 0 0 -1 F -34.75 F -29.08012701892199914 #
point $-1 -1 $-1 27.5 27.5 56.33012701892199914 #
loop $-1 -1 $-1 $2953 $2950 $1791 #
coedge $-1 -1 $-1 $2923 $2363 $2360 $2639 forward $1491 $-1 #
edge $-1 -1 $-1 $2365 -1.570796326794896558 $2640 0 $2360 $2954 forward @7 unknown #
vertex $-1 -1 $-1 $2924 $2955 #
straight-curve $-1 -1 $-1 115 -1 77.5 0 1 0 F 1 F 28.5 #
straight-curve $-1 -1 $-1 117.5 27.5 2.5 0 0 1 F 2.5 F 72.5 #
point $-1 -1 $-1 117.5 27.5 75 #
loop $-1 -1 $-1 $-1 $2956 $1481 #
coedge $-1 -1 $-1 $2957 $2591 $2587 $2908 forward $2369 $-1 #
coedge $-1 -1 $-1 $2958 $2370 $2959 $2960 forward $2087 $-1 #
coedge $-1 -1 $-1 $2370 $2958 $2961 $2962 reversed $2087 $-1 #
coedge $-1 -1 $-1 $2963 $2964 $2370 $2649 reversed $2965 $-1 #
edge $-1 -1 $-1 $2966 -33.125 $2967 -24.62500000000000355 $2370 $2968 forward @7 unknown #
coedge $-1 -1 $-1 $2372 $2371 $2969 $2970 reversed $1780 $-1 #
coedge $-1 -1 $-1 $2971 $2972 $2371 $2652 reversed $2973 $-1 #
edge $-1 -1 $-1 $2659 8.900000000000000355 $2974 13.34999999999999964 $2371 $2975 forward @7 unknown #
coedge $-1 -1 $-1 $2976 $2977 $2372 $2654 forward $2978 $-1 #
edge $-1 -1 $-1 $2658 8.900000000000000355 $2979 13.34999999999999964 $2372 $2980 forward @7 unknown #
coedge $-1 -1 $-1 $2981 $2373 $2977 $2982 reversed $2657 $-1 #
coedge $-1 -1 $-1 $2373 $2981 $2971 $2983 forward $2657 $-1 #
loop $-1 -1 $-1 $-1 $2655 $2984 #
vertex $-1 -1 $-1 $2374 $2985 #
vertex $-1 -1 $-1 $2374 $2986 #
straight-curve $-1 -1 $-1 9.125 16.80000000000000071 2.5 -1 0 0 F -15.12500000000000178 F -6.625000000000000888 #
coedge $-1 -1 $-1 $2375 $2987 $2988 $2989 forward $1491 $-1 #
coedge $-1 -1 $-1 $2990 $2991 $2375 $2663 forward $2992 $-1 #
edge $-1 -1 $-1 $2666 27.25 $2993 45.25 $2375 $2994 forward @7 unknown #
coedge $-1 -1 $-1 $2836 $2376 $2991 $2995 reversed $2665 $-1 #
loop $-1 -1 $-1 $-1 $2836 $2996 #
vertex $-1 -1 $-1 $2663 $2997 #
straight-curve $-1 -1 $-1 57 27.5 39 0 0 -1 F -38.49999999999999289 F -36.5 #
point $-1 -1 $-1 57 27.5 77.5 #
coedge $-1 -1 $-1 $2998 $2380 $2999 $3000 forward $2094 $-1 #
coedge $-1 -1 $-1 $2380 $2998 $3001 $3002 reversed $2094 $-1 #
coedge $-1 -1 $-1 $3003 $3004 $2380 $2672 reversed $3005 $-1 #
edge $-1 -1 $-1 $3006 0.999999999999999778 $3007 10.5 $2380 $3008 forward @7 unknown #
coedge $-1 -1 $-1 $3009 $2381 $3010 $3011 forward $1790 $-1 #
coedge $-1 -1 $-1 $3012 $3013 $2381 $2675 forward $3014 $-1 #
edge $-1 -1 $-1 $3015 -16.25 $2682 -13.25000000000000178 $2381 $3016 forward @7 unknown #
coedge $-1 -1 $-1 $2382 $3017 $3018 $3019 reversed $1790 $-1 #
coedge $-1 -1 $-1 $3020 $3021 $2382 $2678 forward $3022 $-1 #
edge $-1 -1 $-1 $2683 -14.25000000000000178 $3023 -12.25 $2382 $3024 forward @7 unknown #
coedge $-1 -1 $-1 $3025 $2383 $3021 $3026 reversed $2681 $-1 #
coedge $-1 -1 $-1 $2383 $3025 $3012 $3027 forward $2681 $-1 #
loop $-1 -1 $-1 $-1 $2383 $3028 #
vertex $-1 -1 $-1 $2384 $3029 #
vertex $-1 -1 $-1 $2384 $3030 #
straight-curve $-1 -1 $-1 22.75 27.5 29.00000000000000355 1 0 0 F 20.24999999999999645 F 22.25 #
DXID-attrib $-1 -1 $-1 $-1 $2386 @10 ASM ENTITY @2 60 #
face $3031 -1 $-1 $3032 $3033 $25 $-1 $3034 reversed single #
loop $-1 -1 $-1 $-1 $3035 $2386 #
plane-surface $-1 -1 $-1 77 8 75.5 0 1 0 0 0 1 forward_v I I I I #
coedge $-1 -1 $-1 $3036 $3037 $3035 $3038 reversed $2387 $-1 #
loop $-1 -1 $-1 $3039 $3040 $213 #
coedge $-1 -1 $-1 $3041 $3042 $3043 $3044 reversed $2389 $-1 #
coedge $-1 -1 $-1 $3045 $2390 $3046 $3047 forward $2099 $-1 #
coedge $-1 -1 $-1 $2390 $3048 $3049 $3050 reversed $2099 $-1 #
coedge $-1 -1 $-1 $3051 $3052 $2390 $2695 forward $3053 $-1 #
edge $-1 -1 $-1 $3054 2.249999999999999556 $3055 35.25 $2390 $3056 forward @7 unknown #
coedge $-1 -1 $-1 $2392 $2391 $3057 $3058 forward $1792 $-1 #
coedge $-1 -1 $-1 $3059 $3060 $2391 $2698 reversed $3061 $-1 #
edge $-1 -1 $-1 $2704 -16.55000000000000071 $3062 -14.65000000000000036 $2391 $3063 forward @7 unknown #
coedge $-1 -1 $-1 $3064 $3065 $2392 $2700 forward $3066 $-1 #
edge $-1 -1 $-1 $2705 -16.55000000000000071 $3067 -14.65000000000000036 $2392 $3068 forward @7 unknown #
coedge $-1 -1 $-1 $3069 $2393 $3065 $3070 forward $2703 $-1 #
coedge $-1 -1 $-1 $2393 $3069 $3059 $3071 reversed $2703 $-1 #
loop $-1 -1 $-1 $-1 $2702 $3072 #
vertex $-1 -1 $-1 $2394 $3073 #
vertex $-1 -1 $-1 $2394 $3074 #
straight-curve $-1 -1 $-1 25.50000000000000355 0 31.20000000000000284 1 0 0 F 25.5 F 64.49999999999998579 #
coedge $-1 -1 $-1 $3075 $3076 $2395 $2708 reversed $3077 $-1 #
edge $-1 -1 $-1 $2712 0 $2717 7.60000000000000675 $2395 $3078 forward @7 unknown #
coedge $-1 -1 $-1 $3079 $2396 $2401 $2722 reversed $2711 $-1 #
coedge $-1 -1 $-1 $2396 $3079 $3075 $3080 forward $2711 $-1 #
loop $-1 -1 $-1 $-1 $2710 $3081 #
vertex $-1 -1 $-1 $2397 $3082 #
straight-curve $-1 -1 $-1 57.5 0 53.70000000000000995 -1 0 0 F 0 F 10.79999999999999183 #
coedge $-1 -1 $-1 $3083 $2398 $3076 $3084 reversed $2716 $-1 #
coedge $-1 -1 $-1 $2398 $3083 $2400 $2720 forward $2716 $-1 #
loop $-1 -1 $-1 $-1 $2398 $3085 #
vertex $-1 -1 $-1 $2708 $3086 #
straight-curve $-1 -1 $-1 46.70000000000000995 0 46.10000000000000142 1 0 0 F 0 F 10.79999999999999183 #
coedge $-1 -1 $-1 $3087 $2400 $3088 $3089 forward $2402 $-1 #
edge $-1 -1 $-1 $3090 0 $2403 2.600000000000000089 $2400 $3091 forward @7 unknown #
coedge $-1 -1 $-1 $2401 $3092 $3093 $3094 forward $2402 $-1 #
edge $-1 -1 $-1 $3095 0 $2404 2.600000000000000089 $2401 $3096 forward @7 unknown #
face $3097 -1 $-1 $3085 $2402 $27 $-1 $3098 reversed single #
point $-1 -1 $-1 57.5 0 46.10000000000000142 #
point $-1 -1 $-1 57.5 0 53.70000000000000995 #
coedge $-1 -1 $-1 $3099 $3100 $2406 $2727 forward $3101 $-1 #
edge $-1 -1 $-1 $2739 -70.90000000000000568 $2731 -42.25 $2406 $3102 forward @7 unknown #
coedge $-1 -1 $-1 $3103 $2407 $2410 $2734 reversed $2730 $-1 #
coedge $-1 -1 $-1 $2407 $3103 $3099 $3104 forward $2730 $-1 #
loop $-1 -1 $-1 $-1 $3103 $3105 #
vertex $-1 -1 $-1 $2408 $3106 #
straight-curve $-1 -1 $-1 0.875000000000000111 0 46.00000000000000711 1 0 0 F 1.875 F 3.875 #
coedge $-1 -1 $-1 $2410 $2409 $3107 $3108 reversed $2411 $-1 #
edge $-1 -1 $-1 $3109 -4.5 $2412 -0.5 $2410 $3110 forward @7 unknown #
point $-1 -1 $-1 2.75 0 46.00000000000000711 #
coedge $-1 -1 $-1 $3111 $2414 $3100 $3112 forward $2738 $-1 #
coedge $-1 -1 $-1 $2414 $3111 $2416 $2742 reversed $2738 $-1 #
loop $-1 -1 $-1 $-1 $2736 $3113 #
vertex $-1 -1 $-1 $2727 $3114 #
ellipse-curve $-1 -1 $-1 5.350000000000000533 0 74.65000000000000568 0 1 0 -0.5999999999999999778 0 0 1 F 0 F 0.9479697413824544894 #
coedge $-1 -1 $-1 $2417 $2416 $3115 $3116 reversed $2418 $-1 #
edge $-1 -1 $-1 $2419 1 $3117 5 $2416 $3118 forward @7 unknown #
face $3119 -1 $-1 $3105 $2418 $27 $-1 $3120 forward single #
point $-1 -1 $-1 5 0 75.13733971723999616 #
coedge $-1 -1 $-1 $3115 $3107 $2421 $2746 forward $3121 $-1 #
edge $-1 -1 $-1 $2749 -1.570796326794896558 $2747 0 $2421 $3122 forward @7 unknown #
vertex $-1 -1 $-1 $2422 $3123 #
straight-curve $-1 -1 $-1 5 0 77.25 0 1 0 F 0 F 4 #
vertex $-1 -1 $-1 $2746 $3124 #
straight-curve $-1 -1 $-1 2.75 0 75 0 1 0 F 0 F 4 #
DXID-attrib $-1 -1 $-1 $-1 $2427 @10 ASM ENTITY @2 23 #
plane-surface $-1 -1 $-1 2.75 0 2.75 1 0 0 0 0 1 forward_v I I I I #
coedge $-1 -1 $-1 $2753 $2753 $2429 $2754 forward $3125 $-1 #
edge $-1 -1 $-1 $3126 0 $3126 6.283185307179586232 $2429 $3127 forward @7 unknown #
loop $-1 -1 $-1 $-1 $2430 $2760 #
vertex $-1 -1 $-1 $2431 $3128 #
ellipse-curve $-1 -1 $-1 25 -2.200000000000000178 15 0 1 0 0 0 6.25 1 I I #
straight-curve $-1 -1 $-1 66 -2.5 6.000000000000000888 1 0 0 F 0 F 42 #
DXID-attrib $-1 -1 $-1 $-1 $2440 @10 ASM ENTITY @2 70 #
face $3129 -1 $-1 $3130 $2755 $27 $-1 $3131 forward single #
plane-surface $-1 -1 $-1 66 -2.5 6.000000000000000888 0 1 0 0 0 1 forward_v I I I I #
coedge $-1 -1 $-1 $3132 $2442 $3133 $3134 forward $2149 $-1 #
coedge $-1 -1 $-1 $2442 $3132 $3135 $3136 reversed $2149 $-1 #
coedge $-1 -1 $-1 $3137 $3138 $2442 $2765 forward $3139 $-1 #
edge $-1 -1 $-1 $3140 0.4000000000000003553 $3141 16.40000000000000568 $2442 $3142 forward @7 unknown #
coedge $-1 -1 $-1 $2448 $2447 $3143 $3144 forward $2449 $-1 #
face $3145 -1 $-1 $2457 $2449 $29 $-1 $3146 forward single #
coedge $-1 -1 $-1 $2459 $3143 $2451 $2769 reversed $2780 $-1 #
edge $-1 -1 $-1 $2463 0 $2770 7.000000000000001776 $2451 $3147 forward @7 unknown #
vertex $-1 -1 $-1 $2769 $3148 #
straight-curve $-1 -1 $-1 73.40000000000000568 10.09999999999999964 38.5 0 -1 1.110223024625000001e-16 F 0 F 0.7999999999999984901 #
DXID-attrib $-1 -1 $-1 $-1 $2453 @10 ASM ENTITY @2 43 #
plane-surface $-1 -1 $-1 66.40000000000000568 10.09999999999999964 38.5 0 1.110223024625000001e-16 1 0 -1 1.110223024625000001e-16 forward_v I I I I #
coedge $-1 -1 $-1 $3143 $2459 $2455 $2775 forward $2780 $-1 #
edge $-1 -1 $-1 $2461 0 $2776 7.000000000000001776 $2455 $3149 forward @7 unknown #
vertex $-1 -1 $-1 $3144 $3150 #
straight-curve $-1 -1 $-1 73.40000000000000568 10.09999999999999964 45.5 0 -1 1.110223024625000001e-16 F 0 F 0.7999999999999984901 #
DXID-attrib $-1 -1 $-1 $-1 $2457 @10 ASM ENTITY @2 45 #
plane-surface $-1 -1 $-1 66.40000000000000568 10.09999999999999964 45.5 0 1.110223024625000001e-16 1 0 -1 1.110223024625000001e-16 forward_v I I I I #
loop $-1 -1 $-1 $-1 $2459 $2483 #
straight-curve $-1 -1 $-1 66.40000000000000568 10.09999999999999964 38.5 0 1.110223024625000001e-16 1 F 0 F 6.999999999999997335 #
point $-1 -1 $-1 66.40000000000000568 10.09999999999999964 45.5 #
point $-1 -1 $-1 66.40000000000000568 10.09999999999999964 38.5 #
coedge $-1 -1 $-1 $2468 $2472 $2467 $2785 reversed $2476 $-1 #
edge $-1 -1 $-1 $2470 0 $2474 4.599999999999990763 $2467 $3151 forward @7 unknown #
straight-curve $-1 -1 $-1 48.79999999999999716 12.90000000000000036 39.70000000000000284 1 0 0 F 0 F 4.100000000000001421 #
point $-1 -1 $-1 52.89999999999999858 12.90000000000000036 39.70000000000000284 #
straight-curve $-1 -1 $-1 48.79999999999999716 12.90000000000000036 44.29999999999999716 1 0 0 F 0 F 4.100000000000001421 #
point $-1 -1 $-1 52.89999999999999858 12.90000000000000036 44.29999999999999716 #
DXID-attrib $-1 -1 $-1 $-1 $2483 @10 ASM ENTITY @2 55 #
plane-surface $-1 -1 $-1 66.40000000000000568 10.09999999999999964 38.5 0 -1 1.110223024625000001e-16 1 0 0 forward_v I I I I #
straight-curve $-1 -1 $-1 93.87999999999999545 7.5 29.30000000000000071 0 1 -1.110223024625000001e-16 F 0 F 1.800000000000001599 #
DXID-attrib $-1 -1 $-1 $-1 $2488 @10 ASM ENTITY @2 20 #
plane-surface $-1 -1 $-1 93.87999999999999545 7.5 29.30000000000000071 0.7071067811865475727 -7.8504622934139775e-17 -0.7071067811865475727 0.7071067811865476838 7.8504622934139775e-17 0.7071067811865476838 forward_v I I I I #
vertex $-1 -1 $-1 $2490 $3152 #
straight-curve $-1 -1 $-1 97.68999999999999773 7.5 33.10999999999999943 0 1.110223024625000001e-16 1 F 0 F 7.389999999999998792 #
point $-1 -1 $-1 97.68999999999999773 7.5 33.10999999999999943 #
DXID-attrib $-1 -1 $-1 $-1 $2494 @10 ASM ENTITY @2 51 #
loop $-1 -1 $-1 $-1 $3153 $2494 #
plane-surface $-1 -1 $-1 94.84999999999999432 3.740000000000000657 40.5 0 -1 1.110223024625000001e-16 1 0 0 forward_v I I I I #
coedge $-1 -1 $-1 $3154 $3155 $3156 $3157 reversed $2495 $-1 #
coedge $-1 -1 $-1 $2811 $2497 $3154 $3158 reversed $2216 $-1 #
coedge $-1 -1 $-1 $2499 $3159 $2497 $2804 reversed $2224 $-1 #
edge $-1 -1 $-1 $2501 2.840000000000006963 $3160 3.100000000000022737 $2803 $3161 forward @7 unknown #
coedge $-1 -1 $-1 $2816 $3162 $2498 $2806 reversed $2507 $-1 #
edge $-1 -1 $-1 $3163 0 $2808 3.000000000000007105 $2498 $3164 forward @7 unknown #
coedge $-1 -1 $-1 $3165 $2499 $3162 $3166 forward $2224 $-1 #
vertex $-1 -1 $-1 $2806 $3167 #
straight-curve $-1 -1 $-1 94.84999999999999432 7.5 43.50000000000000711 1 0 0 F 0 F 2.840000000000006963 #
point $-1 -1 $-1 97.68999999999999773 7.5 43.50000000000000711 #
coedge $-1 -1 $-1 $2503 $2802 $3168 $3169 reversed $2216 $-1 #
straight-curve $-1 -1 $-1 97.68999999999999773 7.5 33.10999999999999943 0 1.110223024625000001e-16 1 F 7.389999999999998792 F 10.3900000000000059 #
DXID-attrib $-1 -1 $-1 $-1 $2506 @10 ASM ENTITY @2 19 #
loop $-1 -1 $-1 $-1 $2819 $2506 #
plane-surface $-1 -1 $-1 94.84999999999999432 7.5 40.5 0 1.110223024625000001e-16 1 0 -1 1.110223024625000001e-16 forward_v I I I I #
coedge $-1 -1 $-1 $3170 $2805 $3171 $3172 forward $2507 $-1 #
DXID-attrib $-1 -1 $-1 $-1 $2509 @10 ASM ENTITY @2 21 #
plane-surface $-1 -1 $-1 48.15999999999999659 7.5 29.30000000000000071 0 -1.110223024625000001e-16 -1 1 0 0 forward_v I I I I #
coedge $-1 -1 $-1 $3168 $3171 $2513 $2820 forward $2814 $-1 #
edge $-1 -1 $-1 $3163 0 $2795 2.840000000000006963 $2513 $3173 forward @7 unknown #
point $-1 -1 $-1 51.35000000000000853 4.599999999999999645 46.10000000000000142 #
loop $-1 -1 $-1 $-1 $3174 $1419 #
coedge $-1 -1 $-1 $3175 $3176 $3177 $3178 forward $2521 $-1 #
coedge $-1 -1 $-1 $2824 $2824 $2522 $2825 reversed $3179 $-1 #
edge $-1 -1 $-1 $3180 0 $3180 6.283185307179586232 $2522 $3181 forward @7 unknown #
coedge $-1 -1 $-1 $2524 $2523 $2868 $3182 reversed $1995 $-1 #
coedge $-1 -1 $-1 $2865 $2864 $2523 $2828 reversed $2866 $-1 #
edge $-1 -1 $-1 $2831 0 $3183 40 $2523 $3184 forward @7 unknown #
edge $-1 -1 $-1 $2876 0 $2830 40 $2524 $3185 forward @7 unknown #
vertex $-1 -1 $-1 $2526 $3186 #
vertex $-1 -1 $-1 $2526 $3187 #
straight-curve $-1 -1 $-1 56.00000000000000711 6.5 77.5 0 1 0 F 7.500000000000000888 F 9.5 #
coedge $-1 -1 $-1 $3188 $2527 $3189 $3190 forward $1703 $-1 #
coedge $-1 -1 $-1 $3191 $3192 $2527 $2835 forward $3193 $-1 #
edge $-1 -1 $-1 $3194 -45.25 $2837 -27.25 $2527 $3195 forward @7 unknown #
coedge $-1 -1 $-1 $2528 $2664 $3191 $3196 forward $2665 $-1 #
vertex $-1 -1 $-1 $2529 $3197 #
straight-curve $-1 -1 $-1 57 3.500000000000000444 77.5 0 1 0 F 4.5 F 23.99999999999999645 #
coedge $-1 -1 $-1 $3198 $2530 $3199 $3200 forward $2264 $-1 #
coedge $-1 -1 $-1 $2530 $3198 $3201 $3202 reversed $2264 $-1 #
coedge $-1 -1 $-1 $3203 $3204 $2530 $2842 reversed $3205 $-1 #
edge $-1 -1 $-1 $3206 0 $3207 40 $2530 $3208 forward @7 unknown #
coedge $-1 -1 $-1 $2532 $2531 $3209 $3210 forward $1997 $-1 #
coedge $-1 -1 $-1 $3211 $3212 $2531 $2845 reversed $3213 $-1 #
edge $-1 -1 $-1 $2852 9.5 $3214 11.49999999999999822 $2531 $3215 forward @7 unknown #
coedge $-1 -1 $-1 $3216 $3217 $2532 $2847 forward $3218 $-1 #
edge $-1 -1 $-1 $2851 9.5 $3219 11.49999999999999822 $2532 $3220 forward @7 unknown #
coedge $-1 -1 $-1 $3221 $2533 $3217 $3222 reversed $2850 $-1 #
coedge $-1 -1 $-1 $2533 $3221 $3211 $3223 forward $2850 $-1 #
loop $-1 -1 $-1 $-1 $2848 $3224 #
vertex $-1 -1 $-1 $2534 $3225 #
vertex $-1 -1 $-1 $2534 $3226 #
straight-curve $-1 -1 $-1 56.00000000000000711 19 80 -1 0 0 F 0 F 40 #
coedge $-1 -1 $-1 $3227 $2535 $2538 $2860 reversed $2856 $-1 #
coedge $-1 -1 $-1 $2535 $3227 $2537 $2859 forward $2856 $-1 #
loop $-1 -1 $-1 $-1 $2855 $3228 #
straight-curve $-1 -1 $-1 106.75 4.5 80 0 1 0 F 8.767949192431000682 F 12.23205080756900109 #
coedge $-1 -1 $-1 $2538 $2537 $3229 $3230 reversed $2539 $-1 #
edge $-1 -1 $-1 $3231 0.9999999999999964473 $2541 3.999999999999994671 $2537 $3232 forward @7 unknown #
edge $-1 -1 $-1 $3233 0.9999999999999964473 $2540 3.999999999999994671 $2538 $3234 forward @7 unknown #
face $3235 -1 $-1 $3228 $2539 $25 $-1 $3236 reversed single #
point $-1 -1 $-1 106.75 16.73205080756900287 80 #
point $-1 -1 $-1 106.75 13.26794919243100068 80 #
coedge $-1 -1 $-1 $2827 $2543 $2546 $2869 reversed $2866 $-1 #
coedge $-1 -1 $-1 $2543 $2827 $2550 $2872 forward $2866 $-1 #
loop $-1 -1 $-1 $-1 $2865 $3237 #
straight-curve $-1 -1 $-1 16 16 80 1 0 0 F 0 F 40 #
coedge $-1 -1 $-1 $2546 $2545 $2826 $3182 forward $2547 $-1 #
edge $-1 -1 $-1 $3183 0.9999999999999964473 $2548 3.499999999999996447 $2546 $3238 forward @7 unknown #
face $3239 -1 $-1 $3237 $2547 $25 $-1 $3240 forward single #
point $-1 -1 $-1 16 16 80 #
edge $-1 -1 $-1 $2831 0.9999999999999964473 $2553 3.499999999999996447 $2865 $3241 forward @7 unknown #
face $3242 -1 $-1 $2861 $2552 $25 $-1 $3243 reversed single #
point $-1 -1 $-1 56.00000000000000711 16 80 #
straight-curve $-1 -1 $-1 56.00000000000000711 14.00000000000000178 76.5 0 0 1 F 0.9999999999999964473 F 3.499999999999996447 #
vertex $-1 -1 $-1 $3182 $3244 #
straight-curve $-1 -1 $-1 16 14.00000000000000178 76.5 0 0 1 F 0.9999999999999964473 F 3.499999999999996447 #
DXID-attrib $-1 -1 $-1 $-1 $2558 @10 ASM ENTITY @2 44 #
plane-surface $-1 -1 $-1 48.00000000000000711 14.00000000000000178 76.5 0 1 0 0 0 1 forward_v I I I I #
coedge $-1 -1 $-1 $3245 $2561 $2564 $2885 forward $2882 $-1 #
coedge $-1 -1 $-1 $2561 $3245 $2568 $2889 reversed $2882 $-1 #
loop $-1 -1 $-1 $-1 $2881 $3246 #
straight-curve $-1 -1 $-1 72 11 0 0 1 0 F 11 F 13.00000000000000178 #
coedge $-1 -1 $-1 $2564 $2563 $3247 $3248 reversed $2565 $-1 #
edge $-1 -1 $-1 $2566 1 $3249 3.499999999999999556 $2880 $3250 forward @7 unknown #
face $3251 -1 $-1 $2558 $2565 $25 $-1 $3252 reversed single #
point $-1 -1 $-1 72 24.00000000000000355 0 #
coedge $-1 -1 $-1 $2569 $2568 $2956 $3253 reversed $2570 $-1 #
edge $-1 -1 $-1 $2571 1 $3254 3.499999999999999556 $2568 $3255 forward @7 unknown #
face $3256 -1 $-1 $3246 $2570 $25 $-1 $3257 forward single #
point $-1 -1 $-1 72 22 0 #
coedge $-1 -1 $-1 $2956 $3247 $2573 $2893 reversed $2644 $-1 #
edge $-1 -1 $-1 $2894 11.5 $2896 13.50000000000000178 $2892 $3258 forward @7 unknown #
vertex $-1 -1 $-1 $3253 $3259 #
straight-curve $-1 -1 $-1 112.0000000000000142 22 -1 0 0 1 F 1 F 3.499999999999999556 #
vertex $-1 -1 $-1 $3248 $3260 #
straight-curve $-1 -1 $-1 112.0000000000000142 24.00000000000000355 -1 0 0 1 F 1 F 3.499999999999999556 #
DXID-attrib $-1 -1 $-1 $-1 $2576 @10 ASM ENTITY @2 40 #
plane-surface $-1 -1 $-1 112.0000000000000142 22 -1 1 0 0 0 0 1 forward_v I I I I #
coedge $-1 -1 $-1 $2580 $2579 $2957 $3261 reversed $2581 $-1 #
face $3262 -1 $-1 $2585 $2581 $25 $-1 $3263 forward single #
coedge $-1 -1 $-1 $2591 $2957 $2583 $2903 forward $2369 $-1 #
edge $-1 -1 $-1 $2904 0 $2595 40.00000000000000711 $2902 $3264 forward @7 unknown #
vertex $-1 -1 $-1 $3261 $3265 #
straight-curve $-1 -1 $-1 72 19 -1 0 0 1 F 1 F 3.499999999999999556 #
DXID-attrib $-1 -1 $-1 $-1 $2585 @10 ASM ENTITY @2 39 #
plane-surface $-1 -1 $-1 104 19 -1 0 1 0 0 0 1 forward_v I I I I #
edge $-1 -1 $-1 $2593 0 $2909 40.00000000000000711 $2645 $3266 forward @7 unknown #
vertex $-1 -1 $-1 $2908 $3267 #
straight-curve $-1 -1 $-1 72 17 -1 0 0 1 F 1 F 3.499999999999999556 #
DXID-attrib $-1 -1 $-1 $-1 $2589 @10 ASM ENTITY @2 37 #
plane-surface $-1 -1 $-1 104 17 -1 0 1 0 0 0 1 forward_v I I I I #
straight-curve $-1 -1 $-1 112.0000000000000142 8 2.5 0 1 0 F 9 F 11 #
point $-1 -1 $-1 112.0000000000000142 17 2.5 #
point $-1 -1 $-1 112.0000000000000142 19 2.5 #
loop $-1 -1 $-1 $3268 $2599 $3269 #
vertex $-1 -1 $-1 $2600 $3270 #
ellipse-curve $-1 -1 $-1 56.00000000000000711 19.75 0.2999999999999999889 0 0 1 2 0 0 1 I I #
loop $-1 -1 $-1 $-1 $3271 $2920 #
face $3272 -1 $-1 $3269 $2601 $25 $-1 $3273 reversed single #
point $-1 -1 $-1 22 19.75 0.2999999999999999889 #
coedge $-1 -1 $-1 $2605 $3274 $3037 $3275 forward $1703 $-1 #
coedge $-1 -1 $-1 $3276 $2638 $2605 $2924 reversed $1491 $-1 #
edge $-1 -1 $-1 $3277 92.5 $2640 112.5 $2605 $3278 forward @7 unknown #
coedge $-1 -1 $-1 $3279 $2606 $3280 $3281 reversed $2608 $-1 #
coedge $-1 -1 $-1 $2607 $3282 $3283 $3284 reversed $2608 $-1 #
face $3285 -1 $-1 $1450 $2608 $25 $-1 $3286 reversed single #
coedge $-1 -1 $-1 $2611 $2610 $3287 $3288 reversed $2327 $-1 #
coedge $-1 -1 $-1 $2620 $3289 $2610 $2930 reversed $2946 $-1 #
edge $-1 -1 $-1 $2624 -34.75 $3290 -29.75 $2610 $3291 forward @7 unknown #
coedge $-1 -1 $-1 $3292 $3280 $2611 $2932 forward $3293 $-1 #
edge $-1 -1 $-1 $2933 4.330127018922000914 $3294 5 $2611 $3295 forward @7 unknown #
vertex $-1 -1 $-1 $2932 $3296 #
straight-curve $-1 -1 $-1 92.5 26.50000000000000355 56.33012701892199914 0 1 0 F 0 F 3.499999999999996447 #
DXID-attrib $-1 -1 $-1 $-1 $2613 @10 ASM ENTITY @2 27 #
plane-surface $-1 -1 $-1 92.5 26.50000000000000355 52 1 0 0 0 0 1 forward_v I I I I #
coedge $-1 -1 $-1 $2617 $2615 $3297 $3298 forward $2332 $-1 #
coedge $-1 -1 $-1 $3283 $3292 $2615 $2939 reversed $3293 $-1 #
edge $-1 -1 $-1 $2940 4.330127018922000914 $3299 5 $2615 $3300 forward @7 unknown #
vertex $-1 -1 $-1 $2939 $3301 #
straight-curve $-1 -1 $-1 97.5 26.50000000000000355 56.33012701892199914 0 1 0 F 0 F 3.499999999999996447 #
coedge $-1 -1 $-1 $3302 $2620 $2617 $2943 forward $2946 $-1 #
edge $-1 -1 $-1 $2622 -34.75 $3303 -29.75 $2617 $3304 forward @7 unknown #
DXID-attrib $-1 -1 $-1 $-1 $2618 @10 ASM ENTITY @2 28 #
plane-surface $-1 -1 $-1 97.5 26.50000000000000355 52 1 0 0 0 0 1 forward_v I I I I #
loop $-1 -1 $-1 $3305 $3289 $1791 #
ellipse-curve $-1 -1 $-1 95 27.5 62 0 1 0 0 0 2.5 1 F -1.570796326794896558 F 1.570796326794896558 #
point $-1 -1 $-1 97.5 27.5 62 #
point $-1 -1 $-1 92.5 27.5 62 #
coedge $-1 -1 $-1 $2950 $2950 $2628 $2951 forward $2637 $-1 #
edge $-1 -1 $-1 $3306 0 $3306 6.283185307179586232 $2628 $3307 forward @7 unknown #
ellipse-curve $-1 -1 $-1 25 27.5 52 0 1 0 0 0 5 1 F 0.5235987755983184666 F 5.759586531581267543 #
loop $-1 -1 $-1 $2946 $3308 $1791 #
ellipse-curve $-1 -1 $-1 115 27.5 75 0 -1 0 0 0 2.5 1 F -1.570796326794896558 F 0 #
point $-1 -1 $-1 115 27.5 77.5 #
coedge $-1 -1 $-1 $3309 $2892 $2888 $3253 forward $2644 $-1 #
coedge $-1 -1 $-1 $2902 $2645 $2900 $3261 forward $2369 $-1 #
coedge $-1 -1 $-1 $2647 $2646 $3310 $3311 reversed $2087 $-1 #
coedge $-1 -1 $-1 $3312 $3313 $2646 $2960 reversed $3314 $-1 #
edge $-1 -1 $-1 $2967 8.900000000000000355 $3315 13.34999999999999964 $2646 $3316 forward @7 unknown #
coedge $-1 -1 $-1 $3317 $3318 $2647 $2962 forward $3319 $-1 #
edge $-1 -1 $-1 $2966 8.900000000000000355 $3320 13.34999999999999964 $2647 $3321 forward @7 unknown #
coedge $-1 -1 $-1 $3322 $2648 $3318 $3323 reversed $2965 $-1 #
coedge $-1 -1 $-1 $2648 $3322 $3312 $3324 forward $2965 $-1 #
loop $-1 -1 $-1 $-1 $2963 $3325 #
vertex $-1 -1 $-1 $2649 $3326 #
vertex $-1 -1 $-1 $2649 $3327 #
straight-curve $-1 -1 $-1 27.12500000000000355 16.80000000000000071 2.5 -1 0 0 F -33.125 F -24.62500000000000355 #
coedge $-1 -1 $-1 $3328 $3329 $2650 $2970 forward $3330 $-1 #
edge $-1 -1 $-1 $2979 -15.12500000000000178 $2974 -6.625000000000000888 $2650 $3331 forward @7 unknown #
coedge $-1 -1 $-1 $3332 $2651 $2656 $2983 reversed $2973 $-1 #
coedge $-1 -1 $-1 $2651 $3332 $3328 $3333 forward $2973 $-1 #
loop $-1 -1 $-1 $-1 $2971 $3334 #
vertex $-1 -1 $-1 $2652 $3335 #
straight-curve $-1 -1 $-1 15.75000000000000178 7.900000000000000355 2.5 0 1 0 F 8.900000000000000355 F 13.34999999999999964 #
coedge $-1 -1 $-1 $3336 $2653 $3329 $3337 reversed $2978 $-1 #
coedge $-1 -1 $-1 $2653 $3336 $2655 $2982 forward $2978 $-1 #
loop $-1 -1 $-1 $-1 $2977 $3338 #
vertex $-1 -1 $-1 $2970 $3339 #
straight-curve $-1 -1 $-1 24.25000000000000355 7.900000000000000355 2.5 0 1 0 F 8.900000000000000355 F 13.34999999999999964 #
coedge $-1 -1 $-1 $2656 $2655 $3340 $3341 reversed $2657 $-1 #
edge $-1 -1 $-1 $3342 0 $2658 1.300000000000000044 $2655 $3343 forward @7 unknown #
edge $-1 -1 $-1 $3344 0 $2659 1.300000000000000044 $2656 $3345 forward @7 unknown #
face $3346 -1 $-1 $3334 $2657 $25 $-1 $3347 forward single #
point $-1 -1 $-1 24.25000000000000355 16.80000000000000071 2.5 #
point $-1 -1 $-1 15.75000000000000178 16.80000000000000071 2.5 #
coedge $-1 -1 $-1 $2661 $3348 $3188 $3349 reversed $1491 $-1 #
coedge $-1 -1 $-1 $3189 $3350 $2661 $2989 reversed $3351 $-1 #
edge $-1 -1 $-1 $3352 -38.49999999999999289 $2993 -36.5 $2661 $3353 forward @7 unknown #
coedge $-1 -1 $-1 $3354 $2662 $3350 $3355 reversed $2992 $-1 #
coedge $-1 -1 $-1 $2662 $3354 $2664 $2995 forward $2992 $-1 #
loop $-1 -1 $-1 $3356 $2991 $3357 #
vertex $-1 -1 $-1 $2989 $3358 #
straight-curve $-1 -1 $-1 29.75 27.5 75.5 1 0 0 F 27.25 F 45.25 #
edge $-1 -1 $-1 $3359 0 $2666 19.5 $2664 $3360 forward @7 unknown #
face $3361 -1 $-1 $3362 $2665 $25 $-1 $3363 reversed single #
point $-1 -1 $-1 57 27.5 75.5 #
coedge $-1 -1 $-1 $2670 $2669 $3364 $3365 reversed $2094 $-1 #
coedge $-1 -1 $-1 $3366 $3367 $2669 $3000 reversed $3368 $-1 #
edge $-1 -1 $-1 $3007 -30.25000000000000355 $3369 -16.25 $2669 $3370 forward @7 unknown #
coedge $-1 -1 $-1 $3371 $3372 $2670 $3002 forward $3373 $-1 #
edge $-1 -1 $-1 $3006 -30.25000000000000355 $3374 -16.25 $2670 $3375 forward @7 unknown #
coedge $-1 -1 $-1 $3376 $2671 $3372 $3377 reversed $3005 $-1 #
coedge $-1 -1 $-1 $2671 $3376 $3366 $3378 forward $3005 $-1 #
loop $-1 -1 $-1 $3379 $3003 $3380 #
vertex $-1 -1 $-1 $2672 $3381 #
vertex $-1 -1 $-1 $2672 $3382 #
straight-curve $-1 -1 $-1 3.500000000000000444 27.5 49 1 0 0 F 0.999999999999999778 F 10.5 #
coedge $-1 -1 $-1 $3383 $2673 $3384 $3385 forward $1790 $-1 #
coedge $-1 -1 $-1 $3386 $3387 $2673 $3011 reversed $3388 $-1 #
edge $-1 -1 $-1 $3015 20.24999999999999645 $3389 22.95000000000000284 $2673 $3390 forward @7 unknown #
coedge $-1 -1 $-1 $3391 $2674 $2680 $3027 reversed $3014 $-1 #
coedge $-1 -1 $-1 $2674 $3391 $3386 $3392 forward $3014 $-1 #
loop $-1 -1 $-1 $-1 $3013 $3393 #
vertex $-1 -1 $-1 $2675 $3394 #
straight-curve $-1 -1 $-1 43 27.5 15.75000000000000178 0 0 -1 F -16.25 F -13.25000000000000178 #
coedge $-1 -1 $-1 $2676 $3395 $3396 $3397 forward $1790 $-1 #
coedge $-1 -1 $-1 $3398 $3399 $2676 $3019 forward $3400 $-1 #
edge $-1 -1 $-1 $3023 21.25 $3401 42.75 $2676 $3402 forward @7 unknown #
coedge $-1 -1 $-1 $3403 $2677 $3399 $3404 reversed $3022 $-1 #
coedge $-1 -1 $-1 $2677 $3405 $2679 $3026 forward $3022 $-1 #
loop $-1 -1 $-1 $-1 $3405 $3406 #
vertex $-1 -1 $-1 $3019 $3407 #
straight-curve $-1 -1 $-1 45 27.5 14.75 0 0 -1 F -14.25000000000000178 F -12.25 #
coedge $-1 -1 $-1 $2680 $2679 $3408 $3409 reversed $2681 $-1 #
edge $-1 -1 $-1 $3410 4.499999999999999112 $2683 24.5 $2679 $3411 forward @7 unknown #
edge $-1 -1 $-1 $3412 0 $2682 20 $2680 $3413 forward @7 unknown #
face $3414 -1 $-1 $3393 $2681 $25 $-1 $3415 reversed single #
point $-1 -1 $-1 43 27.5 29.00000000000000355 #
point $-1 -1 $-1 45 27.5 29.00000000000000355 #
DXID-attrib $-1 -1 $-1 $-1 $2686 @10 ASM ENTITY @2 61 #
face $3416 -1 $-1 $3417 $3351 $25 $-1 $3418 forward single #
loop $-1 -1 $-1 $-1 $3419 $2686 #
plane-surface $-1 -1 $-1 77 8 75.5 1 0 0 0 0 1 forward_v I I I I #
coedge $-1 -1 $-1 $3420 $3421 $2689 $3038 forward $2687 $-1 #
coedge $-1 -1 $-1 $3422 $2689 $3423 $3424 forward $2387 $-1 #
coedge $-1 -1 $-1 $2689 $3422 $2922 $3275 reversed $2387 $-1 #
edge $-1 -1 $-1 $3425 0 $3426 1.999999999999992895 $2689 $3427 forward @7 unknown #
loop $-1 -1 $-1 $3428 $3429 $213 #
coedge $-1 -1 $-1 $3430 $3431 $3432 $3433 reversed $2690 $-1 #
coedge $-1 -1 $-1 $3434 $2691 $3435 $3436 forward $2389 $-1 #
coedge $-1 -1 $-1 $2691 $3434 $3437 $3438 reversed $2389 $-1 #
coedge $-1 -1 $-1 $3439 $3440 $2691 $3044 forward $3441 $-1 #
edge $-1 -1 $-1 $3442 29.5 $3443 50.49999999999999289 $2691 $3444 forward @7 unknown #
coedge $-1 -1 $-1 $3445 $2692 $3446 $3447 forward $2099 $-1 #
coedge $-1 -1 $-1 $3448 $3449 $2692 $3047 reversed $3450 $-1 #
edge $-1 -1 $-1 $3054 1.570796326794896558 $3451 3.141592653589793116 $2692 $3452 forward @7 unknown #
coedge $-1 -1 $-1 $2693 $3453 $3454 $3455 reversed $2099 $-1 #
coedge $-1 -1 $-1 $3456 $3457 $2693 $3050 forward $3458 $-1 #
edge $-1 -1 $-1 $3055 1.875 $3459 3.875 $2693 $3460 forward @7 unknown #
coedge $-1 -1 $-1 $3461 $2694 $3457 $3462 reversed $3053 $-1 #
coedge $-1 -1 $-1 $2694 $3461 $3448 $3463 reversed $3053 $-1 #
loop $-1 -1 $-1 $-1 $2694 $3464 #
vertex $-1 -1 $-1 $2695 $3465 #
vertex $-1 -1 $-1 $2695 $3466 #
straight-curve $-1 -1 $-1 2.75 0 2.75 0 0 1 F 2.249999999999999556 F 35.25 #
coedge $-1 -1 $-1 $3467 $3468 $2696 $3058 reversed $3469 $-1 #
edge $-1 -1 $-1 $3062 25.5 $3067 64.49999999999998579 $2696 $3470 forward @7 unknown #
coedge $-1 -1 $-1 $3471 $2697 $2702 $3071 forward $3061 $-1 #
coedge $-1 -1 $-1 $2697 $3471 $3467 $3472 reversed $3061 $-1 #
loop $-1 -1 $-1 $-1 $3059 $3473 #
vertex $-1 -1 $-1 $2698 $3474 #
straight-curve $-1 -1 $-1 51.00000000000000711 0 14.65000000000000036 0 0 -1 F -16.55000000000000071 F -14.65000000000000036 #
coedge $-1 -1 $-1 $3475 $2699 $3468 $3476 forward $3066 $-1 #
coedge $-1 -1 $-1 $2699 $3475 $2701 $3070 reversed $3066 $-1 #
loop $-1 -1 $-1 $-1 $3065 $3477 #
vertex $-1 -1 $-1 $3058 $3478 #
straight-curve $-1 -1 $-1 90 0 14.65000000000000036 0 0 -1 F -16.55000000000000071 F -14.65000000000000036 #
coedge $-1 -1 $-1 $2702 $2701 $3479 $3480 reversed $2703 $-1 #
edge $-1 -1 $-1 $2705 0.01000000000000000021 $3481 7.210000000000000853 $2701 $3482 forward @7 unknown #
edge $-1 -1 $-1 $2704 0.01000000000000000021 $3483 7.210000000000000853 $2702 $3484 forward @7 unknown #
face $3485 -1 $-1 $3473 $2703 $27 $-1 $3486 forward single #
point $-1 -1 $-1 51.00000000000000711 0 31.20000000000000284 #
point $-1 -1 $-1 90 0 31.20000000000000284 #
coedge $-1 -1 $-1 $3487 $2707 $2710 $3080 reversed $3077 $-1 #
coedge $-1 -1 $-1 $2707 $3487 $2714 $3084 forward $3077 $-1 #
loop $-1 -1 $-1 $-1 $2707 $3488 #
straight-curve $-1 -1 $-1 46.70000000000000995 0 53.70000000000000995 0 0 -1 F 0 F 7.60000000000000675 #
coedge $-1 -1 $-1 $2710 $2709 $3489 $3490 forward $2711 $-1 #
edge $-1 -1 $-1 $3491 0 $2712 2.600000000000000089 $2710 $3492 forward @7 unknown #
face $3493 -1 $-1 $3488 $2711 $27 $-1 $3494 reversed single #
point $-1 -1 $-1 46.70000000000000995 0 53.70000000000000995 #
coedge $-1 -1 $-1 $2715 $2714 $3495 $3496 forward $2716 $-1 #
edge $-1 -1 $-1 $3497 0 $2717 2.600000000000000089 $2714 $3498 forward @7 unknown #
face $3499 -1 $-1 $3081 $2716 $27 $-1 $3500 forward single #
point $-1 -1 $-1 46.70000000000000995 0 46.10000000000000142 #
coedge $-1 -1 $-1 $3501 $2719 $3502 $3503 forward $2402 $-1 #
coedge $-1 -1 $-1 $3495 $3504 $2719 $3089 reversed $3505 $-1 #
edge $-1 -1 $-1 $3090 0 $3506 0.8000000000000007105 $2719 $3507 forward @7 unknown #
vertex $-1 -1 $-1 $2720 $3508 #
straight-curve $-1 -1 $-1 57.5 -2.600000000000000089 46.10000000000000142 0 1 0 F 0 F 2.600000000000000089 #
coedge $-1 -1 $-1 $2721 $3501 $3509 $3510 reversed $2402 $-1 #
coedge $-1 -1 $-1 $3511 $3489 $2721 $3094 reversed $3505 $-1 #
edge $-1 -1 $-1 $3512 0 $3095 0.8000000000000095923 $2721 $3513 forward @7 unknown #
vertex $-1 -1 $-1 $2722 $3514 #
straight-curve $-1 -1 $-1 57.5 -2.600000000000000089 53.70000000000000995 0 1 0 F 0 F 2.600000000000000089 #
DXID-attrib $-1 -1 $-1 $-1 $2723 @10 ASM ENTITY @2 28 #
plane-surface $-1 -1 $-1 57.5 -2.600000000000000089 52.89999999999999858 1 0 0 0 0 1 forward_v I I I I #
coedge $-1 -1 $-1 $3515 $2726 $2729 $3104 reversed $3101 $-1 #
coedge $-1 -1 $-1 $2726 $3515 $2736 $3112 reversed $3101 $-1 #
loop $-1 -1 $-1 $-1 $3100 $3516 #
straight-curve $-1 -1 $-1 4.75 0 3.75 0 0 -1 F -70.90000000000000568 F -42.25 #
coedge $-1 -1 $-1 $2729 $2728 $3517 $3518 forward $2730 $-1 #
edge $-1 -1 $-1 $3519 -5 $2731 -1 $2729 $3520 forward @7 unknown #
face $3521 -1 $-1 $3113 $2730 $27 $-1 $3522 reversed single #
point $-1 -1 $-1 4.75 0 46.00000000000000711 #
coedge $-1 -1 $-1 $2745 $3517 $2733 $3108 forward $3121 $-1 #
edge $-1 -1 $-1 $3109 43.25 $2749 72.24999999999998579 $2733 $3523 forward @7 unknown #
vertex $-1 -1 $-1 $3108 $3524 #
straight-curve $-1 -1 $-1 2.75 -0.5 46.00000000000000711 0 -1 0 F -4.5 F -0.5 #
coedge $-1 -1 $-1 $2737 $2736 $3525 $3526 forward $2738 $-1 #
edge $-1 -1 $-1 $2739 1 $3527 5 $2736 $3528 forward @14 tangent_not_g2 #
face $3529 -1 $-1 $3516 $2738 $27 $-1 $3530 reversed single #
point $-1 -1 $-1 4.75 0 74.65000000000000568 #
coedge $-1 -1 $-1 $3525 $2745 $2741 $3116 forward $3121 $-1 #
edge $-1 -1 $-1 $2747 -38.5 $3117 -36.38733971723999616 $2741 $3531 forward @7 unknown #
vertex $-1 -1 $-1 $2742 $3532 #
straight-curve $-1 -1 $-1 5 -1 75.13733971723999616 0 1 0 F 1 F 5 #
DXID-attrib $-1 -1 $-1 $-1 $2743 @10 ASM ENTITY @2 24 #
plane-surface $-1 -1 $-1 5 -1 74.75 1 0 0 0 0 1 forward_v I I I I #
loop $-1 -1 $-1 $-1 $2745 $3533 #
ellipse-curve $-1 -1 $-1 5 4 75 0 1 0 0 0 2.25 1 F -1.570796326794896558 F 0 #
point $-1 -1 $-1 5 4 77.25 #
point $-1 -1 $-1 2.75 4 75 #
loop $-1 -1 $-1 $-1 $2753 $3130 #
vertex $-1 -1 $-1 $2754 $3534 #
ellipse-curve $-1 -1 $-1 54.10000000000000142 -2.5 34 0 1 0 0 0 1.500000000000000222 1 I I #
point $-1 -1 $-1 25 -2.200000000000000178 21.25 #
DXID-attrib $-1 -1 $-1 $-1 $2760 @10 ASM ENTITY @2 71 #
face $3535 -1 $-1 $3533 $3125 $27 $-1 $3536 forward single #
plane-surface $-1 -1 $-1 25 -2.200000000000000178 15 0 1 0 0 0 1 forward_v I I I I #
coedge $-1 -1 $-1 $2763 $2762 $3537 $3538 forward $2149 $-1 #
coedge $-1 -1 $-1 $3539 $3540 $2762 $3134 reversed $3541 $-1 #
edge $-1 -1 $-1 $3140 -30.39999999999999858 $3542 -0.4000000000000003553 $2762 $3543 forward @7 unknown #
coedge $-1 -1 $-1 $3544 $3545 $2763 $3136 forward $3546 $-1 #
edge $-1 -1 $-1 $3141 -30.39999999999999858 $3547 -0.4000000000000003553 $2763 $3548 forward @7 unknown #
coedge $-1 -1 $-1 $3549 $2764 $3545 $3550 forward $3139 $-1 #
coedge $-1 -1 $-1 $2764 $3549 $3539 $3551 reversed $3139 $-1 #
loop $-1 -1 $-1 $-1 $3137 $3552 #
vertex $-1 -1 $-1 $2765 $3553 #
vertex $-1 -1 $-1 $2765 $3554 #
straight-curve $-1 -1 $-1 92.30000000000001137 -2.200000000000000178 34.10000000000000142 0 0 1 F 0.4000000000000003553 F 16.40000000000000568 #
coedge $-1 -1 $-1 $2768 $2774 $2766 $3144 reversed $2780 $-1 #
edge $-1 -1 $-1 $2770 0 $2776 6.999999999999997335 $2766 $3555 forward @7 unknown #
DXID-attrib $-1 -1 $-1 $-1 $2767 @10 ASM ENTITY @2 44 #
plane-surface $-1 -1 $-1 73.40000000000000568 10.09999999999999964 38.5 1 0 0 0 -1 1.110223024625000001e-16 forward_v I I I I #
straight-curve $-1 -1 $-1 66.40000000000000568 10.09999999999999964 38.5 1 0 0 F 0 F 7.000000000000001776 #
point $-1 -1 $-1 73.40000000000000568 10.09999999999999964 38.5 #
straight-curve $-1 -1 $-1 66.40000000000000568 10.09999999999999964 45.5 1 0 0 F 0 F 7.000000000000001776 #
point $-1 -1 $-1 73.40000000000000568 10.09999999999999964 45.5 #
straight-curve $-1 -1 $-1 52.89999999999999858 12.90000000000000036 39.70000000000000284 0 1.110223024625000001e-16 1 F 0 F 4.599999999999990763 #
point $-1 -1 $-1 97.68999999999999773 7.5 40.5 #
coedge $-1 -1 $-1 $3556 $3557 $3170 $3558 reversed $2799 $-1 #
coedge $-1 -1 $-1 $3559 $2801 $2802 $3158 forward $2495 $-1 #
coedge $-1 -1 $-1 $2801 $3559 $3560 $3561 reversed $2495 $-1 #
coedge $-1 -1 $-1 $3562 $3168 $2801 $3157 forward $2814 $-1 #
edge $-1 -1 $-1 $3563 0 $3564 3.759999999999999343 $3156 $3565 forward @7 unknown #
edge $-1 -1 $-1 $3563 0 $3160 3.000000000000007105 $2802 $3566 forward @7 unknown #
coedge $-1 -1 $-1 $2803 $3165 $3559 $3567 reversed $2224 $-1 #
vertex $-1 -1 $-1 $3567 $3568 #
straight-curve $-1 -1 $-1 94.84999999999999432 7.5 43.50000000000000711 1 0 0 F 2.840000000000006963 F 3.100000000000022737 #
coedge $-1 -1 $-1 $2805 $3170 $2807 $3166 reversed $2507 $-1 #
vertex $-1 -1 $-1 $2820 $3569 #
straight-curve $-1 -1 $-1 94.84999999999999432 7.5 40.5 0 1.110223024625000001e-16 1 F 0 F 3.000000000000007105 #
coedge $-1 -1 $-1 $3159 $2807 $3557 $3570 forward $2224 $-1 #
edge $-1 -1 $-1 $2808 0 $3571 3.759999999999999343 $2807 $3572 forward @7 unknown #
point $-1 -1 $-1 94.84999999999999432 7.5 43.50000000000000711 #
coedge $-1 -1 $-1 $3156 $2819 $2811 $3169 forward $2814 $-1 #
edge $-1 -1 $-1 $2795 2.840000000000006963 $3563 3.100000000000022737 $3168 $3573 forward @7 unknown #
coedge $-1 -1 $-1 $3162 $2816 $3153 $3558 forward $2507 $-1 #
coedge $-1 -1 $-1 $2819 $3562 $2816 $3172 reversed $2814 $-1 #
edge $-1 -1 $-1 $3163 0 $3574 3.759999999999999343 $2816 $3575 forward @7 unknown #
straight-curve $-1 -1 $-1 94.84999999999999432 7.5 40.5 1 0 0 F 0 F 2.840000000000006963 #
coedge $-1 -1 $-1 $3576 $3577 $3578 $3579 forward $2822 $-1 #
coedge $-1 -1 $-1 $3580 $2823 $3581 $3582 forward $2521 $-1 #
coedge $-1 -1 $-1 $2823 $3580 $3221 $3583 forward $2521 $-1 #
coedge $-1 -1 $-1 $3217 $3216 $2823 $3178 reversed $3218 $-1 #
edge $-1 -1 $-1 $3584 10 $3585 12.00000000000000178 $2823 $3586 forward @7 unknown #
loop $-1 -1 $-1 $-1 $2824 $3362 #
vertex $-1 -1 $-1 $2825 $3587 #
ellipse-curve $-1 -1 $-1 104 15 77.5 0 0 1 7.000000000000000888 0 0 1 I I #
edge $-1 -1 $-1 $2876 7.500000000000000888 $3183 9.5 $2826 $3588 forward @7 unknown #
vertex $-1 -1 $-1 $2828 $3589 #
straight-curve $-1 -1 $-1 56.00000000000000711 16 77.5 -1 0 0 F 0 F 40 #
straight-curve $-1 -1 $-1 16 14.00000000000000178 77.5 1 0 0 F 0 F 40 #
point $-1 -1 $-1 56.00000000000000711 14.00000000000000178 77.5 #
point $-1 -1 $-1 56.00000000000000711 16 77.5 #
coedge $-1 -1 $-1 $3590 $2833 $2987 $3349 forward $1703 $-1 #
coedge $-1 -1 $-1 $3591 $2988 $2833 $3190 reversed $3351 $-1 #
edge $-1 -1 $-1 $3194 4.5 $3352 23.99999999999999645 $2833 $3592 forward @7 unknown #
coedge $-1 -1 $-1 $3593 $2834 $2836 $3196 reversed $3193 $-1 #
coedge $-1 -1 $-1 $2834 $3593 $3591 $3594 forward $3193 $-1 #
loop $-1 -1 $-1 $-1 $3192 $3417 #
vertex $-1 -1 $-1 $2835 $3595 #
straight-curve $-1 -1 $-1 29.75 8 77.5 -1 0 0 F -45.25 F -27.25 #
edge $-1 -1 $-1 $3359 0 $2837 1.999999999999992895 $3191 $3596 forward @7 unknown #
point $-1 -1 $-1 57 8 77.5 #
coedge $-1 -1 $-1 $2840 $2839 $3597 $3598 forward $2264 $-1 #
coedge $-1 -1 $-1 $3599 $3600 $2839 $3200 reversed $3601 $-1 #
edge $-1 -1 $-1 $3207 12.00000000000000178 $3602 13.99999999999999822 $2839 $3603 forward @7 unknown #
coedge $-1 -1 $-1 $3604 $3605 $2840 $3202 forward $3606 $-1 #
edge $-1 -1 $-1 $3206 12.00000000000000178 $3607 13.99999999999999822 $2840 $3608 forward @7 unknown #
coedge $-1 -1 $-1 $3609 $2841 $3605 $3610 reversed $3205 $-1 #
coedge $-1 -1 $-1 $2841 $3609 $3599 $3611 forward $3205 $-1 #
loop $-1 -1 $-1 $-1 $3203 $3612 #
vertex $-1 -1 $-1 $2842 $3613 #
vertex $-1 -1 $-1 $2842 $3614 #
straight-curve $-1 -1 $-1 56.00000000000000711 24.00000000000000355 80 -1 0 0 F 0 F 40 #
coedge $-1 -1 $-1 $3615 $3616 $2843 $3210 reversed $3617 $-1 #
edge $-1 -1 $-1 $3214 0 $3219 40 $2843 $3618 forward @7 unknown #
coedge $-1 -1 $-1 $3619 $2844 $2849 $3223 reversed $3213 $-1 #
coedge $-1 -1 $-1 $2844 $3619 $3615 $3620 forward $3213 $-1 #
loop $-1 -1 $-1 $-1 $3211 $3621 #
vertex $-1 -1 $-1 $2845 $3622 #
straight-curve $-1 -1 $-1 16 9.5 80 0 1 0 F 9.5 F 11.49999999999999822 #
coedge $-1 -1 $-1 $3177 $2846 $3616 $3623 reversed $3218 $-1 #
coedge $-1 -1 $-1 $2846 $3177 $2848 $3222 forward $3218 $-1 #
loop $-1 -1 $-1 $-1 $3217 $3624 #
vertex $-1 -1 $-1 $3210 $3625 #
straight-curve $-1 -1 $-1 56.00000000000000711 9.5 80 0 1 0 F 9.5 F 11.49999999999999822 #
coedge $-1 -1 $-1 $2849 $2848 $3176 $3583 reversed $2850 $-1 #
edge $-1 -1 $-1 $3584 0.9999999999999964473 $2851 3.499999999999996447 $2848 $3626 forward @7 unknown #
edge $-1 -1 $-1 $3627 0.9999999999999964473 $2852 3.499999999999996447 $2849 $3628 forward @7 unknown #
face $3629 -1 $-1 $3621 $2850 $25 $-1 $3630 forward single #
point $-1 -1 $-1 56.00000000000000711 19 80 #
point $-1 -1 $-1 16 19 80 #
coedge $-1 -1 $-1 $2855 $2854 $3631 $3632 reversed $2856 $-1 #
face $3633 -1 $-1 $3224 $2856 $25 $-1 $3634 reversed single #
coedge $-1 -1 $-1 $3631 $3631 $2858 $3230 forward $3635 $-1 #
edge $-1 -1 $-1 $3233 0.5620698030056583416 $3231 5.721115504173928556 $2858 $3636 forward @7 unknown #
vertex $-1 -1 $-1 $2859 $3637 #
straight-curve $-1 -1 $-1 106.75 13.26794919243100068 76 0 0 1 F 0.9999999999999964473 F 3.999999999999994671 #
vertex $-1 -1 $-1 $3230 $3638 #
straight-curve $-1 -1 $-1 106.75 16.73205080756900287 76 0 0 1 F 0.9999999999999964473 F 3.999999999999994671 #
DXID-attrib $-1 -1 $-1 $-1 $2861 @10 ASM ENTITY @2 48 #
cone-surface $-1 -1 $-1 104 15 76 0 0 1 3.25 0 0 1 I I 0 1 3.25 forward I I I I #
face $3639 -1 $-1 $2873 $2866 $25 $-1 $3640 reversed single #
straight-curve $-1 -1 $-1 16 16 76.5 0 0 1 F 0.9999999999999964473 F 3.499999999999996447 #
DXID-attrib $-1 -1 $-1 $-1 $2870 @10 ASM ENTITY @2 45 #
plane-surface $-1 -1 $-1 16 14.00000000000000178 76.5 1 0 0 0 0 1 forward_v I I I I #
straight-curve $-1 -1 $-1 56.00000000000000711 16 76.5 0 0 1 F 0.9999999999999964473 F 3.499999999999996447 #
DXID-attrib $-1 -1 $-1 $-1 $2873 @10 ASM ENTITY @2 47 #
plane-surface $-1 -1 $-1 56.00000000000000711 14.00000000000000178 76.5 1 0 0 0 0 1 forward_v I I I I #
point $-1 -1 $-1 16 14.00000000000000178 77.5 #
coedge $-1 -1 $-1 $2881 $2880 $3309 $3641 reversed $2882 $-1 #
face $3642 -1 $-1 $2886 $2882 $25 $-1 $3643 forward single #
coedge $-1 -1 $-1 $2892 $3309 $2884 $3248 forward $2644 $-1 #
edge $-1 -1 $-1 $3249 0 $2896 40.00000000000000711 $3247 $3644 forward @7 unknown #
vertex $-1 -1 $-1 $3641 $3645 #
straight-curve $-1 -1 $-1 72 24.00000000000000355 -1 0 0 1 F 1 F 3.499999999999999556 #
DXID-attrib $-1 -1 $-1 $-1 $2886 @10 ASM ENTITY @2 43 #
plane-surface $-1 -1 $-1 104 24.00000000000000355 -1 0 1 0 0 0 1 forward_v I I I I #
edge $-1 -1 $-1 $2894 0 $3254 40.00000000000000711 $2956 $3646 forward @7 unknown #
vertex $-1 -1 $-1 $3253 $3647 #
straight-curve $-1 -1 $-1 72 22 -1 0 0 1 F 1 F 3.499999999999999556 #
DXID-attrib $-1 -1 $-1 $-1 $2890 @10 ASM ENTITY @2 41 #
plane-surface $-1 -1 $-1 104 22 -1 0 1 0 0 0 1 forward_v I I I I #
straight-curve $-1 -1 $-1 112.0000000000000142 10.5 2.5 0 1 0 F 11.5 F 13.50000000000000178 #
point $-1 -1 $-1 112.0000000000000142 22 2.5 #
point $-1 -1 $-1 112.0000000000000142 24.00000000000000355 2.5 #
edge $-1 -1 $-1 $2909 9 $2904 11 $2957 $3648 forward @7 unknown #
DXID-attrib $-1 -1 $-1 $-1 $2901 @10 ASM ENTITY @2 38 #
plane-surface $-1 -1 $-1 72 17 -1 1 0 0 0 0 1 forward_v I I I I #
straight-curve $-1 -1 $-1 72 19 2.5 1 0 0 F 0 F 40.00000000000000711 #
point $-1 -1 $-1 72 19 2.5 #
straight-curve $-1 -1 $-1 112.0000000000000142 17 2.5 -1 0 0 F 0 F 40.00000000000000711 #
point $-1 -1 $-1 72 17 2.5 #
loop $-1 -1 $-1 $-1 $3649 $3269 #
face $3650 -1 $-1 $3651 $2916 $25 $-1 $3652 reversed single #
point $-1 -1 $-1 58.00000000000000711 19.75 0.2999999999999999889 #
coedge $-1 -1 $-1 $3271 $3271 $3653 $3654 forward $2919 $-1 #
DXID-attrib $-1 -1 $-1 $-1 $2920 @10 ASM ENTITY @2 77 #
plane-surface $-1 -1 $-1 20 19.75 0.2999999999999999889 0 0 1 1 0 0 forward_v I I I I #
coedge $-1 -1 $-1 $2922 $3590 $3420 $3655 reversed $1703 $-1 #
edge $-1 -1 $-1 $3426 4.5 $3277 23.99999999999999645 $2922 $3656 forward @7 unknown #
coedge $-1 -1 $-1 $3657 $2923 $3422 $3658 forward $1491 $-1 #
vertex $-1 -1 $-1 $3275 $3659 #
straight-curve $-1 -1 $-1 2.5 27.5 77.5 1 0 0 F 92.5 F 112.5 #
coedge $-1 -1 $-1 $3660 $2925 $3661 $3662 forward $2608 $-1 #
coedge $-1 -1 $-1 $2931 $3663 $2925 $3281 forward $3293 $-1 #
edge $-1 -1 $-1 $3664 -0.9272952180016129642 $2933 -0.5235987755983192438 $2925 $3665 forward @7 unknown #
coedge $-1 -1 $-1 $2926 $3660 $3666 $3667 reversed $2608 $-1 #
coedge $-1 -1 $-1 $3668 $2938 $2926 $3284 forward $3293 $-1 #
edge $-1 -1 $-1 $2940 0.5235987755983192438 $3669 0.9272952180016129642 $2926 $3670 forward @7 unknown #
DXID-attrib $-1 -1 $-1 $-1 $2927 @10 ASM ENTITY @2 29 #
cone-surface $-1 -1 $-1 95 26.50000000000000355 52 0 1 0 0 0 5 1 I I 0 1 5 forward I I I I #
coedge $-1 -1 $-1 $3671 $3672 $2928 $3288 forward $3673 $-1 #
edge $-1 -1 $-1 $3294 11.75000000000000178 $3290 12.74999999999999822 $2928 $3674 forward @7 unknown #
coedge $-1 -1 $-1 $2929 $3675 $3671 $3676 forward $2946 $-1 #
vertex $-1 -1 $-1 $2930 $3677 #
straight-curve $-1 -1 $-1 92.5 27.5 27.25 0 0 -1 F -34.75 F -29.75 #
coedge $-1 -1 $-1 $2938 $2931 $3672 $3678 reversed $3293 $-1 #
loop $-1 -1 $-1 $-1 $2938 $3679 #
vertex $-1 -1 $-1 $2932 $3680 #
straight-curve $-1 -1 $-1 92.5 26.50000000000000355 52 0 0 1 F 4.330127018922000914 F 5 #
point $-1 -1 $-1 92.5 26.50000000000000355 56.33012701892199914 #
coedge $-1 -1 $-1 $3672 $3681 $2937 $3298 reversed $3673 $-1 #
edge $-1 -1 $-1 $3299 11.75000000000000178 $3303 12.74999999999999822 $2937 $3682 forward @7 unknown #
vertex $-1 -1 $-1 $2939 $3683 #
straight-curve $-1 -1 $-1 97.5 26.50000000000000355 52 0 0 1 F 4.330127018922000914 F 5 #
point $-1 -1 $-1 97.5 26.50000000000000355 56.33012701892199914 #
coedge $-1 -1 $-1 $3684 $2942 $3681 $3685 forward $2946 $-1 #
vertex $-1 -1 $-1 $3298 $3686 #
straight-curve $-1 -1 $-1 97.5 27.5 27.25 0 0 -1 F -34.75 F -29.75 #
loop $-1 -1 $-1 $3687 $3688 $1791 #
vertex $-1 -1 $-1 $2951 $3689 #
ellipse-curve $-1 -1 $-1 60 27.5 16 0 1 0 0 0 2.25 1 I I #
coedge $-1 -1 $-1 $3690 $3691 $3692 $3693 forward $2953 $-1 #
coedge $-1 -1 $-1 $3247 $2956 $3245 $3641 forward $2644 $-1 #
coedge $-1 -1 $-1 $3694 $3695 $2958 $3311 forward $3696 $-1 #
edge $-1 -1 $-1 $3320 -33.125 $3315 -24.62500000000000355 $2958 $3697 forward @7 unknown #
coedge $-1 -1 $-1 $3698 $2959 $2964 $3324 reversed $3314 $-1 #
coedge $-1 -1 $-1 $2959 $3698 $3694 $3699 forward $3314 $-1 #
loop $-1 -1 $-1 $-1 $3312 $3700 #
vertex $-1 -1 $-1 $2960 $3701 #
straight-curve $-1 -1 $-1 51.75000000000000711 7.900000000000000355 2.5 0 1 0 F 8.900000000000000355 F 13.34999999999999964 #
coedge $-1 -1 $-1 $3702 $2961 $3695 $3703 reversed $3319 $-1 #
coedge $-1 -1 $-1 $2961 $3702 $2963 $3323 forward $3319 $-1 #
loop $-1 -1 $-1 $-1 $3318 $3704 #
vertex $-1 -1 $-1 $3311 $3705 #
straight-curve $-1 -1 $-1 60.25 7.900000000000000355 2.5 0 1 0 F 8.900000000000000355 F 13.34999999999999964 #
coedge $-1 -1 $-1 $2964 $2963 $3706 $3707 reversed $2965 $-1 #
edge $-1 -1 $-1 $3708 0 $2966 1.300000000000000044 $2963 $3709 forward @7 unknown #
edge $-1 -1 $-1 $3710 0 $2967 1.300000000000000044 $2964 $3711 forward @7 unknown #
face $3712 -1 $-1 $3700 $2965 $25 $-1 $3713 forward single #
point $-1 -1 $-1 60.25 16.80000000000000071 2.5 #
point $-1 -1 $-1 51.75000000000000711 16.80000000000000071 2.5 #
coedge $-1 -1 $-1 $3714 $2969 $2972 $3333 reversed $3330 $-1 #
coedge $-1 -1 $-1 $2969 $3714 $2976 $3337 forward $3330 $-1 #
loop $-1 -1 $-1 $-1 $3329 $3715 #
straight-curve $-1 -1 $-1 9.125 21.25 2.5 -1 0 0 F -15.12500000000000178 F -6.625000000000000888 #
coedge $-1 -1 $-1 $2972 $2971 $3716 $3717 forward $2973 $-1 #
edge $-1 -1 $-1 $3718 0 $2974 1.300000000000000044 $2972 $3719 forward @7 unknown #
face $3720 -1 $-1 $3715 $2973 $25 $-1 $3721 forward single #
point $-1 -1 $-1 15.75000000000000178 21.25 2.5 #
coedge $-1 -1 $-1 $2977 $2976 $3722 $3723 reversed $2978 $-1 #
edge $-1 -1 $-1 $3724 0 $2979 1.300000000000000044 $3329 $3725 forward @7 unknown #
face $3726 -1 $-1 $3325 $2978 $25 $-1 $3727 reversed single #
point $-1 -1 $-1 24.25000000000000355 21.25 2.5 #
coedge $-1 -1 $-1 $3722 $3716 $2981 $3341 forward $3728 $-1 #
edge $-1 -1 $-1 $3344 0 $3342 8.5 $2981 $3729 forward @7 unknown #
vertex $-1 -1 $-1 $2982 $3730 #
straight-curve $-1 -1 $-1 24.25000000000000355 16.80000000000000071 1.199999999999999956 0 0 1 F 0 F 1.300000000000000044 #
vertex $-1 -1 $-1 $3341 $3731 #
straight-curve $-1 -1 $-1 15.75000000000000178 16.80000000000000071 1.199999999999999956 0 0 1 F 0 F 1.300000000000000044 #
DXID-attrib $-1 -1 $-1 $-1 $2984 @10 ASM ENTITY @2 66 #
plane-surface $-1 -1 $-1 15.75000000000000178 16.80000000000000071 1.199999999999999956 0 1 0 0 0 1 forward_v I I I I #
coedge $-1 -1 $-1 $2987 $3657 $3732 $3733 reversed $1491 $-1 #
edge $-1 -1 $-1 $3352 72.5 $3734 74.5 $3188 $3735 forward @7 unknown #
coedge $-1 -1 $-1 $2988 $3591 $2990 $3355 forward $3351 $-1 #
loop $-1 -1 $-1 $-1 $3591 $3032 #
vertex $-1 -1 $-1 $3190 $3736 #
straight-curve $-1 -1 $-1 75 27.5 39 0 0 -1 F -38.49999999999999289 F -36.5 #
coedge $-1 -1 $-1 $2991 $2990 $3593 $3737 reversed $2992 $-1 #
edge $-1 -1 $-1 $3738 0 $2993 19.5 $3350 $3739 forward @7 unknown #
loop $-1 -1 $-1 $-1 $3740 $3357 #
face $3741 -1 $-1 $3742 $2992 $25 $-1 $3743 reversed single #
point $-1 -1 $-1 75 27.5 75.5 #
vertex $-1 -1 $-1 $3196 $3744 #
straight-curve $-1 -1 $-1 57 8 75.5 0 1 0 F 0 F 19.5 #
DXID-attrib $-1 -1 $-1 $-1 $2996 @10 ASM ENTITY @2 64 #
face $3745 -1 $-1 $2984 $3746 $25 $-1 $3747 forward single #
plane-surface $-1 -1 $-1 57 8 75.5 1 0 0 0 0 1 forward_v I I I I #
coedge $-1 -1 $-1 $3748 $3749 $2998 $3365 forward $3750 $-1 #
edge $-1 -1 $-1 $3374 0.999999999999999778 $3369 10.5 $2998 $3751 forward @7 unknown #
coedge $-1 -1 $-1 $3752 $2999 $3004 $3378 reversed $3368 $-1 #
coedge $-1 -1 $-1 $2999 $3752 $3748 $3753 forward $3368 $-1 #
loop $-1 -1 $-1 $-1 $3366 $3754 #
vertex $-1 -1 $-1 $3000 $3755 #
straight-curve $-1 -1 $-1 14.00000000000000178 27.5 18.75 0 0 -1 F -30.25000000000000355 F -16.25 #
coedge $-1 -1 $-1 $3756 $3001 $3749 $3757 reversed $3373 $-1 #
coedge $-1 -1 $-1 $3001 $3756 $3003 $3377 forward $3373 $-1 #
loop $-1 -1 $-1 $-1 $3372 $3758 #
vertex $-1 -1 $-1 $3365 $3759 #
straight-curve $-1 -1 $-1 4.5 27.5 18.75 0 0 -1 F -30.25000000000000355 F -16.25 #
coedge $-1 -1 $-1 $3004 $3003 $3760 $3761 forward $3005 $-1 #
edge $-1 -1 $-1 $3762 0 $3006 17.99999999999999645 $3003 $3763 forward @7 unknown #
edge $-1 -1 $-1 $3764 0 $3007 17.99999999999999645 $3004 $3765 forward @7 unknown #
loop $-1 -1 $-1 $-1 $3766 $3380 #
face $3767 -1 $-1 $3758 $3005 $25 $-1 $3768 forward single #
point $-1 -1 $-1 4.5 27.5 49 #
point $-1 -1 $-1 14.00000000000000178 27.5 49 #
coedge $-1 -1 $-1 $3769 $3009 $3770 $3771 forward $1790 $-1 #
coedge $-1 -1 $-1 $3772 $3773 $3009 $3385 reversed $3774 $-1 #
edge $-1 -1 $-1 $3389 -16.25 $3775 -13.25000000000000178 $3009 $3776 forward @7 unknown #
coedge $-1 -1 $-1 $3777 $3010 $3013 $3392 reversed $3388 $-1 #
coedge $-1 -1 $-1 $3010 $3777 $3772 $3778 forward $3388 $-1 #
loop $-1 -1 $-1 $-1 $3386 $3779 #
vertex $-1 -1 $-1 $3011 $3780 #
straight-curve $-1 -1 $-1 22.75 27.5 32 1 0 0 F 20.24999999999999645 F 22.95000000000000284 #
coedge $-1 -1 $-1 $3013 $3012 $3781 $3782 forward $3014 $-1 #
edge $-1 -1 $-1 $3783 0 $3015 20 $3013 $3784 forward @7 unknown #
face $3785 -1 $-1 $3406 $3014 $25 $-1 $3786 reversed single #
point $-1 -1 $-1 43 27.5 32 #
coedge $-1 -1 $-1 $3017 $3769 $3787 $3788 forward $1790 $-1 #
coedge $-1 -1 $-1 $3789 $3790 $3017 $3397 reversed $3791 $-1 #
edge $-1 -1 $-1 $3792 -15.85000000000000142 $3401 -12.75 $3017 $3793 forward @7 unknown #
coedge $-1 -1 $-1 $3794 $3018 $3790 $3795 reversed $3400 $-1 #
coedge $-1 -1 $-1 $3018 $3796 $3020 $3404 forward $3400 $-1 #
loop $-1 -1 $-1 $-1 $3018 $3797 #
vertex $-1 -1 $-1 $3397 $3798 #
straight-curve $-1 -1 $-1 23.75 27.5 27 1 0 0 F 21.25 F 42.75 #
coedge $-1 -1 $-1 $3405 $3020 $3799 $3800 forward $3022 $-1 #
edge $-1 -1 $-1 $3801 0 $3023 24.5 $3020 $3802 forward @7 unknown #
coedge $-1 -1 $-1 $3021 $3403 $3803 $3804 forward $3022 $-1 #
face $3805 -1 $-1 $3779 $3022 $25 $-1 $3806 reversed single #
point $-1 -1 $-1 45 27.5 27 #
coedge $-1 -1 $-1 $3807 $3781 $3025 $3409 forward $3808 $-1 #
edge $-1 -1 $-1 $3412 0 $3410 2.000000000000001776 $3025 $3809 forward @7 unknown #
vertex $-1 -1 $-1 $3026 $3810 #
straight-curve $-1 -1 $-1 45 3.000000000000000444 29.00000000000000355 0 1 0 F 4.499999999999999112 F 24.5 #
vertex $-1 -1 $-1 $3409 $3811 #
straight-curve $-1 -1 $-1 43 7.5 29.00000000000000355 0 1 0 F 0 F 20 #
DXID-attrib $-1 -1 $-1 $-1 $3028 @10 ASM ENTITY @2 82 #
plane-surface $-1 -1 $-1 43 7.5 29.00000000000000355 0 0 1 1 0 0 forward_v I I I I #
DXID-attrib $-1 -1 $-1 $-1 $3032 @10 ASM ENTITY @2 62 #
face $3812 -1 $-1 $2996 $3193 $25 $-1 $3813 reversed single #
plane-surface $-1 -1 $-1 75 8 75.5 1 0 0 0 0 1 forward_v I I I I #
coedge $-1 -1 $-1 $3814 $3815 $3816 $3817 forward $3033 $-1 #
coedge $-1 -1 $-1 $3816 $3035 $3274 $3655 forward $2687 $-1 #
coedge $-1 -1 $-1 $3035 $3816 $3818 $3819 forward $2687 $-1 #
coedge $-1 -1 $-1 $3037 $3036 $3276 $3658 reversed $2387 $-1 #
coedge $-1 -1 $-1 $3818 $3820 $3036 $3424 reversed $3821 $-1 #
edge $-1 -1 $-1 $3425 0 $3822 19.5 $3036 $3823 forward @7 unknown #
vertex $-1 -1 $-1 $3038 $3824 #
vertex $-1 -1 $-1 $3655 $3825 #
straight-curve $-1 -1 $-1 95 8 75.5 0 0 1 F 0 F 1.999999999999992895 #
loop $-1 -1 $-1 $-1 $3826 $213 #
coedge $-1 -1 $-1 $3827 $3828 $3829 $3830 reversed $3039 $-1 #
coedge $-1 -1 $-1 $3831 $3040 $3832 $3833 forward $2690 $-1 #
coedge $-1 -1 $-1 $3040 $3834 $3835 $3836 reversed $2690 $-1 #
coedge $-1 -1 $-1 $3837 $3838 $3040 $3433 forward $3839 $-1 #
edge $-1 -1 $-1 $3840 29.64999999999999858 $3841 65.64999999999999147 $3040 $3842 forward @7 unknown #
coedge $-1 -1 $-1 $3042 $3041 $3843 $3844 forward $2389 $-1 #
coedge $-1 -1 $-1 $3845 $3846 $3041 $3436 reversed $3847 $-1 #
edge $-1 -1 $-1 $3442 -28.30000000000000426 $3848 -26.39999999999999858 $3041 $3849 forward @7 unknown #
coedge $-1 -1 $-1 $3850 $3851 $3042 $3438 forward $3852 $-1 #
edge $-1 -1 $-1 $3443 -28.30000000000000426 $3853 -26.39999999999999858 $3042 $3854 forward @7 unknown #
coedge $-1 -1 $-1 $3855 $3043 $3851 $3856 forward $3441 $-1 #
coedge $-1 -1 $-1 $3043 $3855 $3845 $3857 reversed $3441 $-1 #
loop $-1 -1 $-1 $-1 $3440 $3858 #
vertex $-1 -1 $-1 $3044 $3859 #
vertex $-1 -1 $-1 $3044 $3860 #
straight-curve $-1 -1 $-1 29.5 0 54.70000000000000284 1 0 0 F 29.5 F 50.49999999999999289 #
coedge $-1 -1 $-1 $3861 $3045 $3862 $3863 reversed $2099 $-1 #
coedge $-1 -1 $-1 $3864 $3865 $3045 $3447 reversed $3866 $-1 #
edge $-1 -1 $-1 $3451 2.249999999999999556 $3867 112.2499999999999858 $3045 $3868 forward @7 unknown #
coedge $-1 -1 $-1 $3869 $3046 $3052 $3463 forward $3450 $-1 #
coedge $-1 -1 $-1 $3046 $3869 $3864 $3870 reversed $3450 $-1 #
loop $-1 -1 $-1 $-1 $3046 $3871 #
vertex $-1 -1 $-1 $3047 $3872 #
ellipse-curve $-1 -1 $-1 5 0 5 0 -1 0 0 0 2.25 1 F 1.570796326794896558 F 3.141592653589793116 #
coedge $-1 -1 $-1 $3048 $3873 $3874 $3875 forward $2099 $-1 #
coedge $-1 -1 $-1 $3876 $3877 $3048 $3455 forward $3878 $-1 #
edge $-1 -1 $-1 $3459 -34.25 $3879 -1.600000000000000311 $3048 $3880 forward @7 unknown #
coedge $-1 -1 $-1 $3881 $3049 $3877 $3882 reversed $3458 $-1 #
coedge $-1 -1 $-1 $3049 $3881 $3051 $3462 forward $3458 $-1 #
loop $-1 -1 $-1 $-1 $3881 $3883 #
vertex $-1 -1 $-1 $3455 $3884 #
straight-curve $-1 -1 $-1 0.875000000000000111 0 38 1 0 0 F 1.875 F 3.875 #
coedge $-1 -1 $-1 $3052 $3051 $3885 $3886 reversed $3053 $-1 #
edge $-1 -1 $-1 $3887 -4.5 $3055 -0.5 $3051 $3888 forward @7 unknown #
edge $-1 -1 $-1 $3054 0 $3889 4 $3052 $3890 forward @14 tangent_not_g2 #
face $3891 -1 $-1 $3871 $3053 $27 $-1 $3892 reversed single #
point $-1 -1 $-1 2.75 0 5 #
point $-1 -1 $-1 2.75 0 38 #
coedge $-1 -1 $-1 $3893 $3057 $3060 $3472 forward $3469 $-1 #
coedge $-1 -1 $-1 $3057 $3893 $3064 $3476 reversed $3469 $-1 #
loop $-1 -1 $-1 $-1 $3467 $3894 #
straight-curve $-1 -1 $-1 25.50000000000000355 0 29.30000000000000071 1 0 0 F 25.5 F 64.49999999999998579 #
coedge $-1 -1 $-1 $3060 $3059 $3895 $3896 reversed $3061 $-1 #
edge $-1 -1 $-1 $3062 0.01000000000000000021 $3897 7.210000000000000853 $3060 $3898 forward @7 unknown #
face $3899 -1 $-1 $3477 $3061 $27 $-1 $3900 reversed single #
point $-1 -1 $-1 51.00000000000000711 0 29.30000000000000071 #
coedge $-1 -1 $-1 $3065 $3064 $3901 $3902 forward $3066 $-1 #
edge $-1 -1 $-1 $3067 0.01000000000000000021 $3903 7.210000000000000853 $3064 $3904 forward @7 unknown #
face $3905 -1 $-1 $3894 $3066 $27 $-1 $3906 forward single #
point $-1 -1 $-1 90 0 29.30000000000000071 #
coedge $-1 -1 $-1 $3901 $3895 $3069 $3480 forward $3907 $-1 #
edge $-1 -1 $-1 $3483 0 $3481 38.99999999999999289 $3069 $3908 forward @7 unknown #
vertex $-1 -1 $-1 $3070 $3909 #
straight-curve $-1 -1 $-1 90 -0.01000000000000000021 31.20000000000000284 0 1 0 F 0.01000000000000000021 F 7.210000000000000853 #
vertex $-1 -1 $-1 $3071 $3910 #
straight-curve $-1 -1 $-1 51.00000000000000711 -0.01000000000000000021 31.20000000000000284 0 1 0 F 0.01000000000000000021 F 7.210000000000000853 #
DXID-attrib $-1 -1 $-1 $-1 $3072 @10 ASM ENTITY @2 32 #
plane-surface $-1 -1 $-1 51.00000000000000711 -0.01000000000000000021 31.20000000000000284 0 0 1 1 0 0 forward_v I I I I #
coedge $-1 -1 $-1 $3076 $3075 $3911 $3912 forward $3077 $-1 #
face $3913 -1 $-1 $3072 $3077 $27 $-1 $3914 forward single #
coedge $-1 -1 $-1 $3093 $3911 $3079 $3490 reversed $3505 $-1 #
edge $-1 -1 $-1 $3095 0 $3491 10.79999999999999183 $3079 $3915 forward @7 unknown #
vertex $-1 -1 $-1 $3080 $3916 #
straight-curve $-1 -1 $-1 46.70000000000000995 -2.600000000000000089 53.70000000000000995 0 1 0 F 0 F 2.600000000000000089 #
DXID-attrib $-1 -1 $-1 $-1 $3081 @10 ASM ENTITY @2 30 #
plane-surface $-1 -1 $-1 46.70000000000000995 -2.600000000000000089 53.70000000000000995 0 0 1 1 0 0 forward_v I I I I #
coedge $-1 -1 $-1 $3911 $3088 $3083 $3496 reversed $3505 $-1 #
edge $-1 -1 $-1 $3497 0 $3090 10.79999999999999183 $3083 $3917 forward @7 unknown #
vertex $-1 -1 $-1 $3084 $3918 #
straight-curve $-1 -1 $-1 46.70000000000000995 -2.600000000000000089 46.10000000000000142 0 1 0 F 0 F 2.600000000000000089 #
DXID-attrib $-1 -1 $-1 $-1 $3085 @10 ASM ENTITY @2 29 #
plane-surface $-1 -1 $-1 46.70000000000000995 -2.600000000000000089 46.10000000000000142 0 0 1 1 0 0 forward_v I I I I #
coedge $-1 -1 $-1 $3092 $3087 $3919 $3920 forward $2402 $-1 #
coedge $-1 -1 $-1 $3921 $3922 $3087 $3503 reversed $3923 $-1 #
edge $-1 -1 $-1 $3506 0 $3924 0.5999999999999999778 $3087 $3925 forward @7 unknown #
coedge $-1 -1 $-1 $3088 $3926 $3921 $3927 forward $3505 $-1 #
loop $-1 -1 $-1 $-1 $3489 $3928 #
vertex $-1 -1 $-1 $3089 $3929 #
straight-curve $-1 -1 $-1 57.5 -2.600000000000000089 46.10000000000000142 0 0 1 F 0 F 0.8000000000000007105 #
point $-1 -1 $-1 57.5 -2.600000000000000089 46.10000000000000142 #
coedge $-1 -1 $-1 $3930 $3931 $3092 $3510 forward $3932 $-1 #
edge $-1 -1 $-1 $3512 0 $3933 0.5999999999999999778 $3092 $3934 forward @7 unknown #
coedge $-1 -1 $-1 $3926 $3093 $3931 $3935 reversed $3505 $-1 #
vertex $-1 -1 $-1 $3510 $3936 #
straight-curve $-1 -1 $-1 57.5 -2.600000000000000089 52.89999999999999858 0 0 1 F 0 F 0.8000000000000095923 #
point $-1 -1 $-1 57.5 -2.600000000000000089 53.70000000000000995 #
coedge $-1 -1 $-1 $3100 $3099 $3937 $3938 reversed $3101 $-1 #
face $3939 -1 $-1 $2723 $3101 $27 $-1 $3940 forward single #
coedge $-1 -1 $-1 $3107 $3937 $3103 $3518 reversed $3121 $-1 #
edge $-1 -1 $-1 $3109 1.875 $3519 3.875 $3103 $3941 forward @7 unknown #
vertex $-1 -1 $-1 $3518 $3942 #
straight-curve $-1 -1 $-1 4.75 -1 46.00000000000000711 0 -1 0 F -5 F -1 #
DXID-attrib $-1 -1 $-1 $-1 $3105 @10 ASM ENTITY @2 25 #
plane-surface $-1 -1 $-1 -1 -1 46.00000000000000711 0 0 1 1 0 0 forward_v I I I I #
straight-curve $-1 -1 $-1 2.75 4 2.75 0 0 1 F 43.25 F 72.24999999999998579 #
point $-1 -1 $-1 2.75 4 46.00000000000000711 #
coedge $-1 -1 $-1 $3937 $3115 $3111 $3526 reversed $3121 $-1 #
edge $-1 -1 $-1 $3527 0 $3117 0.9479697413824544894 $3111 $3943 forward @7 unknown #
vertex $-1 -1 $-1 $3112 $3944 #
straight-curve $-1 -1 $-1 4.75 -1 74.65000000000000568 0 1 0 F 1 F 5 #
DXID-attrib $-1 -1 $-1 $-1 $3113 @10 ASM ENTITY @2 26 #
cone-surface $-1 -1 $-1 5.350000000000000533 -1 74.65000000000000568 0 1 0 -0.5999999999999999778 0 0 1 I I 0 1 0.5999999999999999778 forward I I I I #
straight-curve $-1 -1 $-1 5 4 38.75 0 0 -1 F -38.5 F -36.38733971723999616 #
point $-1 -1 $-1 5 4 75.13733971723999616 #
face $3945 -1 $-1 $3928 $3121 $27 $-1 $3946 forward single #
point $-1 -1 $-1 54.10000000000000142 -2.5 35.5 #
DXID-attrib $-1 -1 $-1 $-1 $3130 @10 ASM ENTITY @2 72 #
plane-surface $-1 -1 $-1 54.10000000000000142 -2.5 34 0 1 0 0 0 1 forward_v I I I I #
coedge $-1 -1 $-1 $3947 $3948 $3132 $3538 reversed $3949 $-1 #
edge $-1 -1 $-1 $3542 0.4000000000000003553 $3547 16.40000000000000568 $3132 $3950 forward @7 unknown #
coedge $-1 -1 $-1 $3951 $3133 $3138 $3551 forward $3541 $-1 #
coedge $-1 -1 $-1 $3133 $3951 $3947 $3952 reversed $3541 $-1 #
loop $-1 -1 $-1 $-1 $3540 $3953 #
vertex $-1 -1 $-1 $3134 $3954 #
straight-curve $-1 -1 $-1 61.90000000000000568 -2.200000000000000178 34.5 -1 0 0 F -30.39999999999999858 F -0.4000000000000003553 #
coedge $-1 -1 $-1 $3955 $3135 $3948 $3956 forward $3546 $-1 #
coedge $-1 -1 $-1 $3135 $3955 $3137 $3550 reversed $3546 $-1 #
loop $-1 -1 $-1 $-1 $3544 $3957 #
vertex $-1 -1 $-1 $3538 $3958 #
straight-curve $-1 -1 $-1 61.90000000000000568 -2.200000000000000178 50.50000000000000711 -1 0 0 F -30.39999999999999858 F -0.4000000000000003553 #
coedge $-1 -1 $-1 $3138 $3137 $3959 $3960 reversed $3139 $-1 #
edge $-1 -1 $-1 $3141 1.799999999999999822 $3961 2.700000000000000178 $3137 $3962 forward @7 unknown #
edge $-1 -1 $-1 $3140 1.799999999999999822 $3963 2.700000000000000178 $3138 $3964 forward @7 unknown #
face $3965 -1 $-1 $3953 $3139 $27 $-1 $3966 reversed single #
point $-1 -1 $-1 92.30000000000001137 -2.200000000000000178 34.5 #
point $-1 -1 $-1 92.30000000000001137 -2.200000000000000178 50.50000000000000711 #
straight-curve $-1 -1 $-1 73.40000000000000568 10.09999999999999964 38.5 0 1.110223024625000001e-16 1 F 0 F 6.999999999999997335 #
coedge $-1 -1 $-1 $3560 $3153 $3562 $3967 forward $2799 $-1 #
coedge $-1 -1 $-1 $3153 $3560 $3165 $3570 reversed $2799 $-1 #
edge $-1 -1 $-1 $3574 0 $3571 3.000000000000007105 $3170 $3968 forward @7 unknown #
coedge $-1 -1 $-1 $3155 $3154 $3159 $3567 forward $2495 $-1 #
coedge $-1 -1 $-1 $3557 $3556 $3155 $3561 forward $2799 $-1 #
edge $-1 -1 $-1 $3564 0 $3969 3.000000000000007105 $3155 $3970 forward @7 unknown #
coedge $-1 -1 $-1 $3171 $3156 $3556 $3967 reversed $2814 $-1 #
vertex $-1 -1 $-1 $3169 $3971 #
vertex $-1 -1 $-1 $3157 $3972 #
straight-curve $-1 -1 $-1 97.95000000000001705 7.5 40.5 0 -1 1.110223024625000001e-16 F 0 F 3.759999999999999343 #
straight-curve $-1 -1 $-1 97.95000000000001705 7.5 40.5 0 1.110223024625000001e-16 1 F 0 F 3.000000000000007105 #
edge $-1 -1 $-1 $3160 0 $3969 3.759999999999999343 $3159 $3973 forward @7 unknown #
point $-1 -1 $-1 97.95000000000001705 7.5 43.50000000000000711 #
point $-1 -1 $-1 94.84999999999999432 7.5 40.5 #
edge $-1 -1 $-1 $3571 0 $3969 3.100000000000022737 $3165 $3974 forward @7 unknown #
vertex $-1 -1 $-1 $3166 $3975 #
straight-curve $-1 -1 $-1 94.84999999999999432 7.5 43.50000000000000711 0 -1 1.110223024625000001e-16 F 0 F 3.759999999999999343 #
straight-curve $-1 -1 $-1 94.84999999999999432 7.5 40.5 1 0 0 F 2.840000000000006963 F 3.100000000000022737 #
vertex $-1 -1 $-1 $3172 $3976 #
straight-curve $-1 -1 $-1 94.84999999999999432 7.5 40.5 0 -1 1.110223024625000001e-16 F 0 F 3.759999999999999343 #
coedge $-1 -1 $-1 $3977 $3174 $3978 $3979 forward $2822 $-1 #
coedge $-1 -1 $-1 $3174 $3977 $3609 $3980 forward $2822 $-1 #
coedge $-1 -1 $-1 $3605 $3604 $3174 $3579 reversed $3606 $-1 #
edge $-1 -1 $-1 $3981 12.50000000000000178 $3982 14.49999999999999822 $3174 $3983 forward @7 unknown #
coedge $-1 -1 $-1 $3176 $3175 $3619 $3984 reversed $2521 $-1 #
coedge $-1 -1 $-1 $3616 $3615 $3175 $3582 reversed $3617 $-1 #
edge $-1 -1 $-1 $3585 0 $3985 40 $3175 $3986 forward @7 unknown #
edge $-1 -1 $-1 $3627 0 $3584 40 $3176 $3987 forward @7 unknown #
vertex $-1 -1 $-1 $3178 $3988 #
vertex $-1 -1 $-1 $3178 $3989 #
straight-curve $-1 -1 $-1 56.00000000000000711 9 77.5 0 1 0 F 10 F 12.00000000000000178 #
point $-1 -1 $-1 111.0000000000000142 15 77.5 #
straight-curve $-1 -1 $-1 16 6.5 77.5 0 1 0 F 7.500000000000000888 F 9.5 #
point $-1 -1 $-1 16 16 77.5 #
coedge $-1 -1 $-1 $3274 $3188 $3814 $3990 reversed $1703 $-1 #
coedge $-1 -1 $-1 $3350 $3189 $3192 $3594 reversed $3351 $-1 #
straight-curve $-1 -1 $-1 75 3.500000000000000444 77.5 0 1 0 F 4.5 F 23.99999999999999645 #
coedge $-1 -1 $-1 $3192 $3191 $3354 $3737 forward $3193 $-1 #
edge $-1 -1 $-1 $3738 0 $3194 1.999999999999992895 $3591 $3991 forward @7 unknown #
point $-1 -1 $-1 75 8 77.5 #
straight-curve $-1 -1 $-1 57 8 75.5 0 0 1 F 0 F 1.999999999999992895 #
coedge $-1 -1 $-1 $3992 $3993 $3198 $3598 reversed $3994 $-1 #
edge $-1 -1 $-1 $3602 0 $3607 40 $3198 $3995 forward @7 unknown #
coedge $-1 -1 $-1 $3996 $3199 $3204 $3611 reversed $3601 $-1 #
coedge $-1 -1 $-1 $3199 $3996 $3992 $3997 forward $3601 $-1 #
loop $-1 -1 $-1 $-1 $3599 $3998 #
vertex $-1 -1 $-1 $3200 $3999 #
straight-curve $-1 -1 $-1 16 12.00000000000000178 80 0 1 0 F 12.00000000000000178 F 13.99999999999999822 #
coedge $-1 -1 $-1 $3578 $3201 $3993 $4000 reversed $3606 $-1 #
coedge $-1 -1 $-1 $3201 $3578 $3203 $3610 forward $3606 $-1 #
loop $-1 -1 $-1 $-1 $3605 $4001 #
vertex $-1 -1 $-1 $3598 $4002 #
straight-curve $-1 -1 $-1 56.00000000000000711 12.00000000000000178 80 0 1 0 F 12.00000000000000178 F 13.99999999999999822 #
coedge $-1 -1 $-1 $3204 $3203 $3577 $3980 reversed $3205 $-1 #
edge $-1 -1 $-1 $3981 0.9999999999999964473 $3206 3.499999999999996447 $3203 $4003 forward @7 unknown #
edge $-1 -1 $-1 $4004 0.9999999999999964473 $3207 3.499999999999996447 $3204 $4005 forward @7 unknown #
face $4006 -1 $-1 $3998 $3205 $25 $-1 $4007 forward single #
point $-1 -1 $-1 56.00000000000000711 24.00000000000000355 80 #
point $-1 -1 $-1 16 24.00000000000000355 80 #
coedge $-1 -1 $-1 $3581 $3209 $3212 $3620 reversed $3617 $-1 #
coedge $-1 -1 $-1 $3209 $3581 $3216 $3623 forward $3617 $-1 #
loop $-1 -1 $-1 $-1 $3616 $4008 #
straight-curve $-1 -1 $-1 16 21 80 1 0 0 F 0 F 40 #
coedge $-1 -1 $-1 $3212 $3211 $3580 $3984 forward $3213 $-1 #
edge $-1 -1 $-1 $3985 0.9999999999999964473 $3214 3.499999999999996447 $3212 $4009 forward @7 unknown #
face $4010 -1 $-1 $4008 $3213 $25 $-1 $4011 forward single #
point $-1 -1 $-1 16 21 80 #
edge $-1 -1 $-1 $3585 0.9999999999999964473 $3219 3.499999999999996447 $3616 $4012 forward @7 unknown #
face $4013 -1 $-1 $3612 $3218 $25 $-1 $4014 reversed single #
point $-1 -1 $-1 56.00000000000000711 21 80 #
straight-curve $-1 -1 $-1 56.00000000000000711 19 76.5 0 0 1 F 0.9999999999999964473 F 3.499999999999996447 #
vertex $-1 -1 $-1 $3984 $4015 #
straight-curve $-1 -1 $-1 16 19 76.5 0 0 1 F 0.9999999999999964473 F 3.499999999999996447 #
DXID-attrib $-1 -1 $-1 $-1 $3224 @10 ASM ENTITY @2 50 #
plane-surface $-1 -1 $-1 48.00000000000000711 19 76.5 0 1 0 0 0 1 forward_v I I I I #
coedge $-1 -1 $-1 $3229 $3229 $3227 $3632 forward $3635 $-1 #
edge $-1 -1 $-1 $3231 1.26794919243099935 $3233 4.732050807568999318 $3227 $4016 forward @7 unknown #
DXID-attrib $-1 -1 $-1 $-1 $3228 @10 ASM ENTITY @2 49 #
plane-surface $-1 -1 $-1 106.75 9 75 1 0 0 0 0 1 forward_v I I I I #
loop $-1 -1 $-1 $-1 $3229 $3651 #
ellipse-curve $-1 -1 $-1 104 15 77 0 0 1 3.25 0 0 1 F 0.5620698030056583416 F 5.721115504173928556 #
point $-1 -1 $-1 106.75 13.26794919243100068 77 #
point $-1 -1 $-1 106.75 16.73205080756900287 77 #
DXID-attrib $-1 -1 $-1 $-1 $3237 @10 ASM ENTITY @2 46 #
plane-surface $-1 -1 $-1 48.00000000000000711 16 76.5 0 1 0 0 0 1 forward_v I I I I #
edge $-1 -1 $-1 $3254 11.5 $3249 13.50000000000000178 $3309 $4017 forward @7 unknown #
DXID-attrib $-1 -1 $-1 $-1 $3246 @10 ASM ENTITY @2 42 #
plane-surface $-1 -1 $-1 72 22 -1 1 0 0 0 0 1 forward_v I I I I #
straight-curve $-1 -1 $-1 72 24.00000000000000355 2.5 1 0 0 F 0 F 40.00000000000000711 #
point $-1 -1 $-1 72 24.00000000000000355 2.5 #
straight-curve $-1 -1 $-1 112.0000000000000142 22 2.5 -1 0 0 F 0 F 40.00000000000000711 #
point $-1 -1 $-1 72 22 2.5 #
straight-curve $-1 -1 $-1 72 8 2.5 0 1 0 F 9 F 11 #
coedge $-1 -1 $-1 $3649 $3649 $4018 $4019 forward $3268 $-1 #
DXID-attrib $-1 -1 $-1 $-1 $3269 @10 ASM ENTITY @2 78 #
face $4020 -1 $-1 $3357 $4021 $25 $-1 $4022 reversed single #
plane-surface $-1 -1 $-1 56.00000000000000711 19.75 0.2999999999999999889 0 0 1 1 0 0 forward_v I I I I #
coedge $-1 -1 $-1 $3653 $3653 $3271 $3654 reversed $4023 $-1 #
edge $-1 -1 $-1 $4024 0 $4024 6.283185307179586232 $3271 $4025 forward @7 unknown #
edge $-1 -1 $-1 $3426 -55.25 $4026 -37.25 $3274 $4027 forward @7 unknown #
straight-curve $-1 -1 $-1 95 3.500000000000000444 77.5 0 1 0 F 4.5 F 23.99999999999999645 #
coedge $-1 -1 $-1 $3348 $3276 $3820 $4028 reversed $1491 $-1 #
edge $-1 -1 $-1 $3277 -38.49999999999999289 $3822 -36.5 $3276 $4029 forward @7 unknown #
point $-1 -1 $-1 95 27.5 77.5 #
coedge $-1 -1 $-1 $3282 $3279 $4030 $4031 reversed $2608 $-1 #
coedge $-1 -1 $-1 $4032 $4033 $3279 $3662 reversed $4034 $-1 #
edge $-1 -1 $-1 $3664 0 $4035 0.9999999999999964473 $3279 $4036 forward @7 unknown #
coedge $-1 -1 $-1 $3280 $4037 $4032 $4038 forward $3293 $-1 #
vertex $-1 -1 $-1 $3281 $4039 #
ellipse-curve $-1 -1 $-1 95 26.50000000000000355 52 0 1 0 0 0 5 1 F -0.9272952180016129642 F -0.5235987755983192438 #
coedge $-1 -1 $-1 $4040 $4041 $3282 $3667 forward $4034 $-1 #
edge $-1 -1 $-1 $3669 0 $4042 0.9999999999999964473 $3282 $4043 forward @7 unknown #
coedge $-1 -1 $-1 $4044 $3283 $4041 $4045 forward $3293 $-1 #
vertex $-1 -1 $-1 $3667 $4046 #
ellipse-curve $-1 -1 $-1 95 26.50000000000000355 52 0 1 0 0 0 5 1 F 0.5235987755983192438 F 0.9272952180016129642 #
coedge $-1 -1 $-1 $4047 $3287 $3289 $3676 reversed $3673 $-1 #
coedge $-1 -1 $-1 $3287 $3297 $3292 $3678 forward $3673 $-1 #
loop $-1 -1 $-1 $-1 $4047 $4048 #
straight-curve $-1 -1 $-1 92.5 14.75 57 0 1 0 F 11.75000000000000178 F 12.74999999999999822 #
coedge $-1 -1 $-1 $3289 $4049 $4050 $4051 reversed $2946 $-1 #
edge $-1 -1 $-1 $4052 21.25 $3290 68.75 $3289 $4053 forward @7 unknown #
point $-1 -1 $-1 92.5 27.5 57 #
edge $-1 -1 $-1 $3299 -27.5 $3294 -22.5 $3292 $4054 forward @7 unknown #
face $4055 -1 $-1 $4048 $3293 $25 $-1 $4056 forward single #
point $-1 -1 $-1 92.5 26.50000000000000355 57 #
coedge $-1 -1 $-1 $3297 $4057 $3302 $3685 reversed $3673 $-1 #
straight-curve $-1 -1 $-1 97.5 14.75 57 0 1 0 F 11.75000000000000178 F 12.74999999999999822 #
point $-1 -1 $-1 97.5 26.50000000000000355 57 #
coedge $-1 -1 $-1 $4058 $3302 $4059 $4060 forward $2946 $-1 #
edge $-1 -1 $-1 $3303 73.75 $4061 76.25 $3302 $4062 forward @7 unknown #
point $-1 -1 $-1 97.5 27.5 57 #
loop $-1 -1 $-1 $-1 $4063 $1791 #
coedge $-1 -1 $-1 $4064 $4065 $4066 $4067 forward $3305 $-1 #
point $-1 -1 $-1 60 27.5 18.25 #
coedge $-1 -1 $-1 $4068 $3308 $4069 $4070 forward $2953 $-1 #
coedge $-1 -1 $-1 $3308 $4071 $4072 $4073 forward $2953 $-1 #
coedge $-1 -1 $-1 $4074 $4075 $3308 $3693 reversed $4076 $-1 #
edge $-1 -1 $-1 $4077 70.95000000000000284 $4078 76.25 $3308 $4079 forward @7 unknown #
coedge $-1 -1 $-1 $4080 $3310 $3313 $3699 reversed $3696 $-1 #
coedge $-1 -1 $-1 $3310 $4080 $3317 $3703 forward $3696 $-1 #
loop $-1 -1 $-1 $-1 $3695 $4081 #
straight-curve $-1 -1 $-1 27.12500000000000355 21.25 2.5 -1 0 0 F -33.125 F -24.62500000000000355 #
coedge $-1 -1 $-1 $3313 $3312 $4082 $4083 forward $3314 $-1 #
edge $-1 -1 $-1 $4084 0 $3315 1.300000000000000044 $3313 $4085 forward @7 unknown #
face $4086 -1 $-1 $4081 $3314 $25 $-1 $4087 forward single #
point $-1 -1 $-1 51.75000000000000711 21.25 2.5 #
coedge $-1 -1 $-1 $3318 $3317 $4088 $4089 reversed $3319 $-1 #
edge $-1 -1 $-1 $4090 0 $3320 1.300000000000000044 $3695 $4091 forward @7 unknown #
face $4092 -1 $-1 $3679 $3319 $25 $-1 $4093 reversed single #
point $-1 -1 $-1 60.25 21.25 2.5 #
coedge $-1 -1 $-1 $4088 $4082 $3322 $3707 forward $4094 $-1 #
edge $-1 -1 $-1 $3710 0 $3708 8.499999999999996447 $3322 $4095 forward @7 unknown #
vertex $-1 -1 $-1 $3323 $4096 #
straight-curve $-1 -1 $-1 60.25 16.80000000000000071 1.199999999999999956 0 0 1 F 0 F 1.300000000000000044 #
vertex $-1 -1 $-1 $3707 $4097 #
straight-curve $-1 -1 $-1 51.75000000000000711 16.80000000000000071 1.199999999999999956 0 0 1 F 0 F 1.300000000000000044 #
DXID-attrib $-1 -1 $-1 $-1 $3325 @10 ASM ENTITY @2 70 #
plane-surface $-1 -1 $-1 51.75000000000000711 16.80000000000000071 1.199999999999999956 0 1 0 0 0 1 forward_v I I I I #
coedge $-1 -1 $-1 $3329 $3328 $4098 $4099 forward $3330 $-1 #
face $4100 -1 $-1 $3338 $3330 $25 $-1 $4101 reversed single #
coedge $-1 -1 $-1 $3340 $4098 $3332 $3717 reversed $3728 $-1 #
edge $-1 -1 $-1 $3344 0 $3718 4.449999999999998401 $3332 $4102 forward @7 unknown #
vertex $-1 -1 $-1 $3717 $4103 #
straight-curve $-1 -1 $-1 15.75000000000000178 21.25 1.199999999999999956 0 0 1 F 0 F 1.300000000000000044 #
DXID-attrib $-1 -1 $-1 $-1 $3334 @10 ASM ENTITY @2 67 #
plane-surface $-1 -1 $-1 15.75000000000000178 16.80000000000000071 1.199999999999999956 1 0 0 0 0 1 forward_v I I I I #
coedge $-1 -1 $-1 $4098 $3340 $3336 $3723 forward $3728 $-1 #
edge $-1 -1 $-1 $3342 0 $3724 4.449999999999998401 $3336 $4104 forward @7 unknown #
vertex $-1 -1 $-1 $3337 $4105 #
straight-curve $-1 -1 $-1 24.25000000000000355 21.25 1.199999999999999956 0 0 1 F 0 F 1.300000000000000044 #
DXID-attrib $-1 -1 $-1 $-1 $3338 @10 ASM ENTITY @2 69 #
plane-surface $-1 -1 $-1 24.25000000000000355 16.80000000000000071 1.199999999999999956 1 0 0 0 0 1 forward_v I I I I #
loop $-1 -1 $-1 $4106 $3716 $4107 #
straight-curve $-1 -1 $-1 15.75000000000000178 16.80000000000000071 1.199999999999999956 1 0 0 F 0 F 8.5 #
point $-1 -1 $-1 24.25000000000000355 16.80000000000000071 1.199999999999999956 #
point $-1 -1 $-1 15.75000000000000178 16.80000000000000071 1.199999999999999956 #
coedge $-1 -1 $-1 $3815 $3814 $3348 $3733 forward $3033 $-1 #
edge $-1 -1 $-1 $3734 -38.49999999999999289 $4108 -36.5 $3348 $4109 forward @7 unknown #
vertex $-1 -1 $-1 $3349 $4110 #
straight-curve $-1 -1 $-1 2.5 27.5 77.5 1 0 0 F 72.5 F 74.5 #
point $-1 -1 $-1 75 27.5 77.5 #
edge $-1 -1 $-1 $3359 0 $3738 17.99999999999999645 $3593 $4111 forward @7 unknown #
vertex $-1 -1 $-1 $3594 $4112 #
straight-curve $-1 -1 $-1 75 8 75.5 0 1 0 F 0 F 19.5 #
coedge $-1 -1 $-1 $4113 $4114 $4115 $4116 reversed $3356 $-1 #
DXID-attrib $-1 -1 $-1 $-1 $3357 @10 ASM ENTITY @2 80 #
face $4117 -1 $-1 $3028 $3821 $25 $-1 $4118 reversed single #
plane-surface $-1 -1 $-1 57 8 75.5 0 0 1 1 0 0 forward_v I I I I #
point $-1 -1 $-1 57 8 75.5 #
DXID-attrib $-1 -1 $-1 $-1 $3362 @10 ASM ENTITY @2 65 #
loop $-1 -1 $-1 $3179 $4119 $3362 #
cone-surface $-1 -1 $-1 104 15 77 0 0 1 7.000000000000000888 0 0 1 I I 0 1 7.000000000000000888 forward I I I I #
coedge $-1 -1 $-1 $4120 $3364 $3367 $3753 reversed $3750 $-1 #
coedge $-1 -1 $-1 $3364 $4120 $3371 $3757 forward $3750 $-1 #
loop $-1 -1 $-1 $4121 $3749 $4122 #
straight-curve $-1 -1 $-1 3.500000000000000444 27.5 35 1 0 0 F 0.999999999999999778 F 10.5 #
coedge $-1 -1 $-1 $3367 $3366 $4123 $4124 reversed $3368 $-1 #
edge $-1 -1 $-1 $4125 0 $3369 17.99999999999999645 $3367 $4126 forward @7 unknown #
face $4127 -1 $-1 $4122 $3368 $25 $-1 $4128 forward single #
point $-1 -1 $-1 14.00000000000000178 27.5 35 #
coedge $-1 -1 $-1 $3372 $3371 $4129 $4130 forward $3373 $-1 #
edge $-1 -1 $-1 $4131 0 $3374 17.99999999999999645 $3371 $4132 forward @7 unknown #
face $4133 -1 $-1 $3754 $3373 $25 $-1 $4134 reversed single #
point $-1 -1 $-1 4.5 27.5 35 #
coedge $-1 -1 $-1 $4129 $4123 $3376 $3761 reversed $4135 $-1 #
edge $-1 -1 $-1 $3762 0 $3764 9.500000000000001776 $3376 $4136 forward @7 unknown #
vertex $-1 -1 $-1 $3377 $4137 #
straight-curve $-1 -1 $-1 4.5 9.5 49 0 1 0 F 0 F 17.99999999999999645 #
vertex $-1 -1 $-1 $3761 $4138 #
straight-curve $-1 -1 $-1 14.00000000000000178 9.5 49 0 1 0 F 0 F 17.99999999999999645 #
coedge $-1 -1 $-1 $4139 $4140 $4141 $4142 forward $3379 $-1 #
DXID-attrib $-1 -1 $-1 $-1 $3380 @10 ASM ENTITY @2 92 #
plane-surface $-1 -1 $-1 4.5 9.5 49 0 0 1 1 0 0 forward_v I I I I #
coedge $-1 -1 $-1 $3395 $3383 $4143 $4144 reversed $1790 $-1 #
coedge $-1 -1 $-1 $4145 $4146 $3383 $3771 reversed $4076 $-1 #
edge $-1 -1 $-1 $3775 21.95000000000000284 $4147 23.75 $3383 $4148 forward @7 unknown #
coedge $-1 -1 $-1 $4149 $3384 $3387 $3778 reversed $3774 $-1 #
coedge $-1 -1 $-1 $3384 $4149 $4145 $4150 forward $3774 $-1 #
loop $-1 -1 $-1 $-1 $3772 $4151 #
vertex $-1 -1 $-1 $3385 $4152 #
straight-curve $-1 -1 $-1 45.70000000000000284 27.5 15.75000000000000178 0 0 -1 F -16.25 F -13.25000000000000178 #
coedge $-1 -1 $-1 $3387 $3386 $4153 $4154 forward $3388 $-1 #
edge $-1 -1 $-1 $4155 0 $3389 20 $3387 $4156 forward @7 unknown #
face $4157 -1 $-1 $3797 $3388 $25 $-1 $4158 forward single #
point $-1 -1 $-1 45.70000000000000284 27.5 32 #
coedge $-1 -1 $-1 $3408 $4153 $3391 $3782 reversed $3808 $-1 #
edge $-1 -1 $-1 $3412 0 $3783 2.999999999999998224 $3391 $4159 forward @7 unknown #
vertex $-1 -1 $-1 $3392 $4160 #
straight-curve $-1 -1 $-1 43 7.5 32 0 1 0 F 0 F 20 #
DXID-attrib $-1 -1 $-1 $-1 $3393 @10 ASM ENTITY @2 83 #
plane-surface $-1 -1 $-1 43 7.5 29.00000000000000355 1 0 0 0 0 1 forward_v I I I I #
coedge $-1 -1 $-1 $4161 $4162 $3395 $3788 reversed $4163 $-1 #
edge $-1 -1 $-1 $4164 22.5 $3792 41.5 $3395 $4165 forward @7 unknown #
coedge $-1 -1 $-1 $4166 $3396 $4162 $4167 reversed $3791 $-1 #
coedge $-1 -1 $-1 $3396 $4166 $3398 $3795 forward $3791 $-1 #
loop $-1 -1 $-1 $-1 $4166 $4168 #
vertex $-1 -1 $-1 $3788 $4169 #
straight-curve $-1 -1 $-1 66.5 27.5 14.25 0 0 -1 F -15.85000000000000142 F -12.75 #
coedge $-1 -1 $-1 $4170 $3398 $4171 $4172 reversed $3400 $-1 #
edge $-1 -1 $-1 $4173 5.650000000000000355 $3401 18.84999999999999787 $3398 $4174 forward @7 unknown #
coedge $-1 -1 $-1 $3399 $4175 $4176 $4177 reversed $3400 $-1 #
face $4178 -1 $-1 $4151 $3400 $25 $-1 $4179 reversed single #
point $-1 -1 $-1 66.5 27.5 27 #
coedge $-1 -1 $-1 $4176 $4180 $3403 $3800 reversed $4181 $-1 #
edge $-1 -1 $-1 $3801 0 $4182 2.000000000000001776 $3403 $4183 forward @7 unknown #
vertex $-1 -1 $-1 $3404 $4184 #
straight-curve $-1 -1 $-1 45 3.000000000000000444 27 0 1 0 F 0 F 24.5 #
coedge $-1 -1 $-1 $4185 $4186 $3405 $3804 reversed $4076 $-1 #
edge $-1 -1 $-1 $4182 0 $3410 4.499999999999999112 $3405 $4187 forward @7 unknown #
DXID-attrib $-1 -1 $-1 $-1 $3406 @10 ASM ENTITY @2 84 #
plane-surface $-1 -1 $-1 45 3.000000000000000444 27 1 0 0 0 0 1 forward_v I I I I #
coedge $-1 -1 $-1 $4188 $3408 $4186 $4189 forward $3808 $-1 #
loop $-1 -1 $-1 $-1 $3408 $4190 #
straight-curve $-1 -1 $-1 43 7.5 29.00000000000000355 1 0 0 F 0 F 2.000000000000001776 #
point $-1 -1 $-1 45 7.5 29.00000000000000355 #
point $-1 -1 $-1 43 7.5 29.00000000000000355 #
DXID-attrib $-1 -1 $-1 $-1 $3417 @10 ASM ENTITY @2 63 #
plane-surface $-1 -1 $-1 57 8 75.5 0 1 0 0 0 1 forward_v I I I I #
coedge $-1 -1 $-1 $3732 $3419 $3590 $3990 forward $3033 $-1 #
coedge $-1 -1 $-1 $3419 $3732 $4191 $4192 reversed $3033 $-1 #
coedge $-1 -1 $-1 $3421 $3420 $3419 $3817 reversed $2687 $-1 #
edge $-1 -1 $-1 $4193 0 $4026 1.999999999999992895 $3816 $4194 forward @7 unknown #
coedge $-1 -1 $-1 $4191 $3423 $3421 $3819 reversed $3821 $-1 #
edge $-1 -1 $-1 $4193 0 $3425 17.99999999999999645 $3421 $4195 forward @7 unknown #
coedge $-1 -1 $-1 $3423 $4191 $3657 $4028 forward $3821 $-1 #
loop $-1 -1 $-1 $4196 $4191 $3742 #
vertex $-1 -1 $-1 $3658 $4197 #
straight-curve $-1 -1 $-1 95 8 75.5 0 1 0 F 0 F 19.5 #
point $-1 -1 $-1 95 8 75.5 #
point $-1 -1 $-1 95 8 77.5 #
coedge $-1 -1 $-1 $4198 $4199 $4200 $4201 reversed $3428 $-1 #
coedge $-1 -1 $-1 $4202 $3429 $4203 $4204 forward $3039 $-1 #
coedge $-1 -1 $-1 $3429 $4202 $4205 $4206 reversed $3039 $-1 #
coedge $-1 -1 $-1 $4207 $4208 $3429 $3830 forward $4209 $-1 #
edge $-1 -1 $-1 $4210 30 $4211 42 $3429 $4212 forward @7 unknown #
coedge $-1 -1 $-1 $4213 $3430 $4214 $4215 forward $2690 $-1 #
coedge $-1 -1 $-1 $4216 $4217 $3430 $3833 reversed $4218 $-1 #
edge $-1 -1 $-1 $3840 -35.875 $4219 -30.125 $3430 $4220 forward @7 unknown #
coedge $-1 -1 $-1 $3431 $4221 $4222 $4223 reversed $2690 $-1 #
coedge $-1 -1 $-1 $4224 $4225 $3431 $3836 forward $4226 $-1 #
edge $-1 -1 $-1 $3841 -35.875 $4227 -30.125 $3431 $4228 forward @7 unknown #
coedge $-1 -1 $-1 $4229 $3432 $4225 $4230 reversed $3839 $-1 #
coedge $-1 -1 $-1 $3432 $4229 $4216 $4231 forward $3839 $-1 #
loop $-1 -1 $-1 $-1 $3838 $4232 #
vertex $-1 -1 $-1 $3433 $4233 #
vertex $-1 -1 $-1 $3433 $4234 #
straight-curve $-1 -1 $-1 29.64999999999999858 0 52.25000000000000711 1 0 0 F 29.64999999999999858 F 65.64999999999999147 #
coedge $-1 -1 $-1 $4235 $4236 $3434 $3844 reversed $4237 $-1 #
edge $-1 -1 $-1 $3848 29.5 $3853 50.49999999999999289 $3434 $4238 forward @7 unknown #
coedge $-1 -1 $-1 $4239 $3435 $3440 $3857 forward $3847 $-1 #
coedge $-1 -1 $-1 $3435 $4239 $4235 $4240 reversed $3847 $-1 #
loop $-1 -1 $-1 $-1 $3845 $4241 #
vertex $-1 -1 $-1 $3436 $4242 #
straight-curve $-1 -1 $-1 59 0 26.40000000000000213 0 0 -1 F -28.30000000000000426 F -26.39999999999999858 #
coedge $-1 -1 $-1 $4243 $3437 $4236 $4244 forward $3852 $-1 #
coedge $-1 -1 $-1 $3437 $4243 $3439 $3856 reversed $3852 $-1 #
loop $-1 -1 $-1 $-1 $3851 $4245 #
vertex $-1 -1 $-1 $3844 $4246 #
straight-curve $-1 -1 $-1 80 0 26.40000000000000213 0 0 -1 F -28.30000000000000426 F -26.39999999999999858 #
coedge $-1 -1 $-1 $3440 $3439 $4247 $4248 reversed $3441 $-1 #
edge $-1 -1 $-1 $3443 0.01000000000000000021 $4249 7.210000000000000853 $3439 $4250 forward @7 unknown #
edge $-1 -1 $-1 $3442 0.01000000000000000021 $4251 7.210000000000000853 $3440 $4252 forward @7 unknown #
face $4253 -1 $-1 $4241 $3441 $27 $-1 $4254 forward single #
point $-1 -1 $-1 59 0 54.70000000000000284 #
point $-1 -1 $-1 80 0 54.70000000000000284 #
coedge $-1 -1 $-1 $4255 $3445 $4256 $4257 forward $2099 $-1 #
coedge $-1 -1 $-1 $4258 $4259 $3445 $3863 forward $4260 $-1 #
edge $-1 -1 $-1 $4261 1.570796326794896558 $3867 3.141592653589793116 $3445 $4262 forward @7 unknown #
coedge $-1 -1 $-1 $4263 $3446 $3449 $3870 forward $3866 $-1 #
coedge $-1 -1 $-1 $3446 $4264 $4258 $4265 reversed $3866 $-1 #
loop $-1 -1 $-1 $-1 $4263 $4266 #
vertex $-1 -1 $-1 $3447 $4267 #
straight-curve $-1 -1 $-1 2.75 0 2.75 1 0 0 F 2.249999999999999556 F 112.2499999999999858 #
coedge $-1 -1 $-1 $3449 $3448 $4268 $4269 forward $3450 $-1 #
edge $-1 -1 $-1 $3451 0 $4270 4 $3449 $4271 forward @14 tangent_not_g2 #
face $4272 -1 $-1 $3883 $3450 $27 $-1 $4273 forward single #
point $-1 -1 $-1 5 0 2.75 #
coedge $-1 -1 $-1 $3453 $4274 $4275 $4276 reversed $2099 $-1 #
coedge $-1 -1 $-1 $4277 $4278 $3453 $3875 reversed $4279 $-1 #
edge $-1 -1 $-1 $4280 -1.570796326794896558 $3879 0 $3453 $4281 forward @7 unknown #
coedge $-1 -1 $-1 $4282 $3454 $4278 $4283 forward $3878 $-1 #
coedge $-1 -1 $-1 $3454 $4282 $3456 $3882 forward $3878 $-1 #
loop $-1 -1 $-1 $-1 $3877 $4284 #
vertex $-1 -1 $-1 $3875 $4285 #
straight-curve $-1 -1 $-1 4.75 0 3.75 0 0 -1 F -34.25 F -1.600000000000000311 #
coedge $-1 -1 $-1 $3457 $3456 $4286 $4287 reversed $3458 $-1 #
edge $-1 -1 $-1 $4288 -5 $3459 -1 $3456 $4289 forward @7 unknown #
face $4290 -1 $-1 $4266 $3458 $27 $-1 $4291 forward single #
point $-1 -1 $-1 4.75 0 38 #
coedge $-1 -1 $-1 $4286 $4268 $3461 $3886 forward $4292 $-1 #
edge $-1 -1 $-1 $3889 2.249999999999999556 $3887 35.25 $3461 $4293 forward @7 unknown #
vertex $-1 -1 $-1 $3462 $4294 #
straight-curve $-1 -1 $-1 2.75 -0.5 38 0 -1 0 F -4.5 F -0.5 #
vertex $-1 -1 $-1 $3886 $4295 #
straight-curve $-1 -1 $-1 2.75 0 5 0 1 0 F 0 F 4 #
DXID-attrib $-1 -1 $-1 $-1 $3464 @10 ASM ENTITY @2 36 #
plane-surface $-1 -1 $-1 2.75 0 2.75 1 0 0 0 0 1 forward_v I I I I #
coedge $-1 -1 $-1 $3468 $3467 $4296 $4297 forward $3469 $-1 #
face $4298 -1 $-1 $3464 $3469 $27 $-1 $4299 reversed single #
coedge $-1 -1 $-1 $3479 $4296 $3471 $3896 forward $3907 $-1 #
edge $-1 -1 $-1 $3897 0 $3483 1.899999999999999467 $3471 $4300 forward @7 unknown #
vertex $-1 -1 $-1 $3896 $4301 #
straight-curve $-1 -1 $-1 51.00000000000000711 -0.01000000000000000021 29.30000000000000071 0 1 0 F 0.01000000000000000021 F 7.210000000000000853 #
DXID-attrib $-1 -1 $-1 $-1 $3473 @10 ASM ENTITY @2 33 #
plane-surface $-1 -1 $-1 51.00000000000000711 -0.01000000000000000021 29.30000000000000071 1 0 0 0 0 1 forward_v I I I I #
coedge $-1 -1 $-1 $4296 $3479 $3475 $3902 reversed $3907 $-1 #
edge $-1 -1 $-1 $3903 0 $3481 1.899999999999999467 $3475 $4302 forward @7 unknown #
vertex $-1 -1 $-1 $3476 $4303 #
straight-curve $-1 -1 $-1 90 -0.01000000000000000021 29.30000000000000071 0 1 0 F 0.01000000000000000021 F 7.210000000000000853 #
DXID-attrib $-1 -1 $-1 $-1 $3477 @10 ASM ENTITY @2 34 #
plane-surface $-1 -1 $-1 90 -0.01000000000000000021 29.30000000000000071 1 0 0 0 0 1 forward_v I I I I #
loop $-1 -1 $-1 $-1 $4296 $4304 #
straight-curve $-1 -1 $-1 51.00000000000000711 7.200000000000001066 31.20000000000000284 1 0 0 F 0 F 38.99999999999999289 #
point $-1 -1 $-1 90 7.200000000000001066 31.20000000000000284 #
point $-1 -1 $-1 51.00000000000000711 7.200000000000001066 31.20000000000000284 #
coedge $-1 -1 $-1 $3489 $3495 $3487 $3912 reversed $3505 $-1 #
edge $-1 -1 $-1 $3491 0 $3497 7.60000000000000675 $3487 $4305 forward @7 unknown #
DXID-attrib $-1 -1 $-1 $-1 $3488 @10 ASM ENTITY @2 31 #
plane-surface $-1 -1 $-1 46.70000000000000995 -2.600000000000000089 46.10000000000000142 1 0 0 0 0 1 forward_v I I I I #
straight-curve $-1 -1 $-1 57.5 -2.600000000000000089 53.70000000000000995 -1 0 0 F 0 F 10.79999999999999183 #
point $-1 -1 $-1 46.70000000000000995 -2.600000000000000089 53.70000000000000995 #
straight-curve $-1 -1 $-1 46.70000000000000995 -2.600000000000000089 46.10000000000000142 1 0 0 F 0 F 10.79999999999999183 #
point $-1 -1 $-1 46.70000000000000995 -2.600000000000000089 46.10000000000000142 #
coedge $-1 -1 $-1 $4306 $4307 $3501 $3920 reversed $4308 $-1 #
edge $-1 -1 $-1 $3924 0 $3933 5.999999999999996447 $3501 $4309 forward @7 unknown #
coedge $-1 -1 $-1 $4310 $3502 $3504 $3927 reversed $3923 $-1 #
coedge $-1 -1 $-1 $3502 $4310 $4306 $4311 forward $3923 $-1 #
loop $-1 -1 $-1 $-1 $3922 $4312 #
vertex $-1 -1 $-1 $3503 $4313 #
straight-curve $-1 -1 $-1 57.5 -2.600000000000000089 46.90000000000000568 0 1 0 F 0 F 0.5999999999999999778 #
coedge $-1 -1 $-1 $3504 $3511 $4314 $4315 reversed $3505 $-1 #
edge $-1 -1 $-1 $4316 0.7999999999999918288 $3506 10.79999999999999183 $3504 $4317 forward @7 unknown #
face $4318 -1 $-1 $4319 $3505 $27 $-1 $4320 forward single #
point $-1 -1 $-1 57.5 -2.600000000000000089 46.90000000000000568 #
coedge $-1 -1 $-1 $4321 $3509 $4307 $4322 reversed $3932 $-1 #
coedge $-1 -1 $-1 $3509 $4321 $3511 $3935 forward $3932 $-1 #
loop $-1 -1 $-1 $-1 $3930 $4319 #
vertex $-1 -1 $-1 $3920 $4323 #
straight-curve $-1 -1 $-1 57.5 -2.600000000000000089 52.89999999999999858 0 1 0 F 0 F 0.5999999999999999778 #
edge $-1 -1 $-1 $4324 0.7999999999999918288 $3512 10.79999999999999183 $3511 $4325 forward @7 unknown #
point $-1 -1 $-1 57.5 -2.600000000000000089 52.89999999999999858 #
coedge $-1 -1 $-1 $3517 $3525 $3515 $3938 forward $3121 $-1 #
edge $-1 -1 $-1 $3527 -70.90000000000000568 $3519 -42.25 $3515 $4326 forward @7 unknown #
DXID-attrib $-1 -1 $-1 $-1 $3516 @10 ASM ENTITY @2 27 #
plane-surface $-1 -1 $-1 4.75 -1 4.75 1 0 0 0 0 1 forward_v I I I I #
straight-curve $-1 -1 $-1 0.875000000000000111 4 46.00000000000000711 1 0 0 F 1.875 F 3.875 #
point $-1 -1 $-1 4.75 4 46.00000000000000711 #
ellipse-curve $-1 -1 $-1 5.350000000000000533 4 74.65000000000000568 0 1 0 -0.5999999999999999778 0 0 1 F 0 F 0.9479697413824544894 #
point $-1 -1 $-1 4.75 4 74.65000000000000568 #
DXID-attrib $-1 -1 $-1 $-1 $3533 @10 ASM ENTITY @2 73 #
plane-surface $-1 -1 $-1 2.75 4 2.75 0 1 0 0 0 1 forward_v I I I I #
coedge $-1 -1 $-1 $4327 $3537 $3540 $3952 forward $3949 $-1 #
coedge $-1 -1 $-1 $3537 $4327 $3544 $3956 reversed $3949 $-1 #
loop $-1 -1 $-1 $-1 $3948 $4328 #
straight-curve $-1 -1 $-1 62.30000000000000426 -2.200000000000000178 34.10000000000000142 0 0 1 F 0.4000000000000003553 F 16.40000000000000568 #
coedge $-1 -1 $-1 $3540 $3539 $4329 $4330 forward $3541 $-1 #
edge $-1 -1 $-1 $3542 1.799999999999999822 $4331 2.700000000000000178 $3540 $4332 forward @7 unknown #
face $4333 -1 $-1 $4328 $3541 $27 $-1 $4334 forward single #
point $-1 -1 $-1 62.30000000000000426 -2.200000000000000178 34.5 #
coedge $-1 -1 $-1 $3545 $3544 $4335 $4336 reversed $3546 $-1 #
edge $-1 -1 $-1 $3547 1.799999999999999822 $4337 2.700000000000000178 $3948 $4338 forward @7 unknown #
face $4339 -1 $-1 $4340 $3546 $27 $-1 $4341 reversed single #
point $-1 -1 $-1 62.30000000000000426 -2.200000000000000178 50.50000000000000711 #
coedge $-1 -1 $-1 $4335 $4329 $3549 $3960 forward $4342 $-1 #
edge $-1 -1 $-1 $3963 0.8749999999999991118 $3961 16.87500000000000355 $3959 $4343 forward @7 unknown #
vertex $-1 -1 $-1 $3960 $4344 #
straight-curve $-1 -1 $-1 92.30000000000001137 -4 50.50000000000000711 0 1 0 F 1.799999999999999822 F 2.700000000000000178 #
vertex $-1 -1 $-1 $3960 $4345 #
straight-curve $-1 -1 $-1 92.30000000000001137 -4 34.5 0 1 0 F 1.799999999999999822 F 2.700000000000000178 #
DXID-attrib $-1 -1 $-1 $-1 $3552 @10 ASM ENTITY @3 110 #
plane-surface $-1 -1 $-1 92.30000000000001137 -4 34.5 1 0 0 0 0 1 forward_v I I I I #
edge $-1 -1 $-1 $3574 0 $3564 3.100000000000022737 $3562 $4346 forward @7 unknown #
straight-curve $-1 -1 $-1 94.84999999999999432 3.740000000000000657 40.5 0 1.110223024625000001e-16 1 F 0 F 3.000000000000007105 #
vertex $-1 -1 $-1 $3570 $4347 #
straight-curve $-1 -1 $-1 97.95000000000001705 3.740000000000000657 40.5 0 1.110223024625000001e-16 1 F 0 F 3.000000000000007105 #
point $-1 -1 $-1 97.95000000000001705 7.5 40.5 #
point $-1 -1 $-1 97.95000000000001705 3.740000000000000657 40.5 #
straight-curve $-1 -1 $-1 97.95000000000001705 7.5 43.50000000000000711 0 -1 1.110223024625000001e-16 F 0 F 3.759999999999999343 #
straight-curve $-1 -1 $-1 94.84999999999999432 3.740000000000000657 43.50000000000000711 1 0 0 F 0 F 3.100000000000022737 #
point $-1 -1 $-1 94.84999999999999432 3.740000000000000657 43.50000000000000711 #
point $-1 -1 $-1 94.84999999999999432 3.740000000000000657 40.5 #
coedge $-1 -1 $-1 $3577 $3576 $3996 $4348 reversed $2822 $-1 #
coedge $-1 -1 $-1 $3993 $3992 $3576 $3979 reversed $3994 $-1 #
edge $-1 -1 $-1 $3982 0 $4349 40 $3576 $4350 forward @7 unknown #
edge $-1 -1 $-1 $4004 0 $3981 40 $3577 $4351 forward @7 unknown #
vertex $-1 -1 $-1 $3579 $4352 #
vertex $-1 -1 $-1 $3579 $4353 #
straight-curve $-1 -1 $-1 56.00000000000000711 11.50000000000000178 77.5 0 1 0 F 12.50000000000000178 F 14.49999999999999822 #
edge $-1 -1 $-1 $3627 10 $3985 12.00000000000000178 $3580 $4354 forward @7 unknown #
vertex $-1 -1 $-1 $3582 $4355 #
straight-curve $-1 -1 $-1 56.00000000000000711 21 77.5 -1 0 0 F 0 F 40 #
straight-curve $-1 -1 $-1 16 19 77.5 1 0 0 F 0 F 40 #
point $-1 -1 $-1 56.00000000000000711 19 77.5 #
point $-1 -1 $-1 56.00000000000000711 21 77.5 #
edge $-1 -1 $-1 $4026 4.5 $3734 23.99999999999999645 $3590 $4356 forward @7 unknown #
straight-curve $-1 -1 $-1 75 8 75.5 0 0 1 F 0 F 1.999999999999992895 #
coedge $-1 -1 $-1 $3978 $3597 $3600 $3997 reversed $3994 $-1 #
coedge $-1 -1 $-1 $3597 $3978 $3604 $4000 forward $3994 $-1 #
loop $-1 -1 $-1 $-1 $3993 $4357 #
straight-curve $-1 -1 $-1 16 26 80 1 0 0 F 0 F 40 #
coedge $-1 -1 $-1 $3600 $3599 $3977 $4348 forward $3601 $-1 #
edge $-1 -1 $-1 $4349 0.9999999999999964473 $3602 3.499999999999996447 $3600 $4358 forward @7 unknown #
face $4359 -1 $-1 $4357 $3601 $25 $-1 $4360 forward single #
point $-1 -1 $-1 16 26 80 #
edge $-1 -1 $-1 $3982 0.9999999999999964473 $3607 3.499999999999996447 $3993 $4361 forward @7 unknown #
face $4362 -1 $-1 $1791 $3606 $25 $-1 $4363 reversed single #
point $-1 -1 $-1 56.00000000000000711 26 80 #
straight-curve $-1 -1 $-1 56.00000000000000711 24.00000000000000355 76.5 0 0 1 F 0.9999999999999964473 F 3.499999999999996447 #
vertex $-1 -1 $-1 $4348 $4364 #
straight-curve $-1 -1 $-1 16 24.00000000000000355 76.5 0 0 1 F 0.9999999999999964473 F 3.499999999999996447 #
DXID-attrib $-1 -1 $-1 $-1 $3612 @10 ASM ENTITY @2 54 #
plane-surface $-1 -1 $-1 48.00000000000000711 24.00000000000000355 76.5 0 1 0 0 0 1 forward_v I I I I #
face $4365 -1 $-1 $3624 $3617 $25 $-1 $4366 reversed single #
straight-curve $-1 -1 $-1 16 21 76.5 0 0 1 F 0.9999999999999964473 F 3.499999999999996447 #
DXID-attrib $-1 -1 $-1 $-1 $3621 @10 ASM ENTITY @2 51 #
plane-surface $-1 -1 $-1 16 19 76.5 1 0 0 0 0 1 forward_v I I I I #
straight-curve $-1 -1 $-1 56.00000000000000711 21 76.5 0 0 1 F 0.9999999999999964473 F 3.499999999999996447 #
DXID-attrib $-1 -1 $-1 $-1 $3624 @10 ASM ENTITY @2 53 #
plane-surface $-1 -1 $-1 56.00000000000000711 19 76.5 1 0 0 0 0 1 forward_v I I I I #
point $-1 -1 $-1 16 19 77.5 #
straight-curve $-1 -1 $-1 106.75 12.00000000000000178 77 0 1 0 F 1.26794919243099935 F 4.732050807568999318 #
straight-curve $-1 -1 $-1 72 10.5 2.5 0 1 0 F 11.5 F 13.50000000000000178 #
coedge $-1 -1 $-1 $4018 $4018 $3649 $4019 reversed $4367 $-1 #
edge $-1 -1 $-1 $4368 0 $4368 6.283185307179586232 $3649 $4369 forward @7 unknown #
DXID-attrib $-1 -1 $-1 $-1 $3651 @10 ASM ENTITY @2 79 #
loop $-1 -1 $-1 $3635 $4370 $3651 #
plane-surface $-1 -1 $-1 104 15 77 0 0 1 1 0 0 forward_v I I I I #
loop $-1 -1 $-1 $4371 $3653 $4372 #
vertex $-1 -1 $-1 $3654 $4373 #
ellipse-curve $-1 -1 $-1 20 19.75 0.2999999999999999889 0 0 1 1.100000000000000089 0 0 1 I I #
vertex $-1 -1 $-1 $3990 $4374 #
straight-curve $-1 -1 $-1 39.75 8 77.5 -1 0 0 F -55.25 F -37.25 #
edge $-1 -1 $-1 $4108 37.25 $3822 55.25 $3657 $4375 forward @7 unknown #
straight-curve $-1 -1 $-1 95 27.5 39 0 0 -1 F -38.49999999999999289 F -36.5 #
coedge $-1 -1 $-1 $4376 $4058 $3660 $4031 forward $2946 $-1 #
edge $-1 -1 $-1 $4042 0.9272952180016129642 $4035 5.355890089177973046 $3660 $4377 forward @7 unknown #
coedge $-1 -1 $-1 $4378 $3661 $3663 $4038 reversed $4034 $-1 #
coedge $-1 -1 $-1 $3661 $4379 $4376 $4380 forward $4034 $-1 #
loop $-1 -1 $-1 $-1 $4381 $4382 #
vertex $-1 -1 $-1 $3662 $4383 #
straight-curve $-1 -1 $-1 91 26.50000000000000355 55 0 1 0 F 0 F 0.9999999999999964473 #
coedge $-1 -1 $-1 $3663 $4384 $4385 $4386 forward $3293 $-1 #
edge $-1 -1 $-1 $4387 -22.27000000000000313 $3664 -20.99999999999999645 $3663 $4388 forward @7 unknown #
point $-1 -1 $-1 91 26.50000000000000355 55 #
coedge $-1 -1 $-1 $4389 $3666 $4058 $4390 forward $4034 $-1 #
coedge $-1 -1 $-1 $3666 $4391 $3668 $4045 reversed $4034 $-1 #
vertex $-1 -1 $-1 $4031 $4392 #
straight-curve $-1 -1 $-1 99 26.50000000000000355 55 0 1 0 F 0 F 0.9999999999999964473 #
coedge $-1 -1 $-1 $4384 $3668 $4393 $4394 reversed $3293 $-1 #
edge $-1 -1 $-1 $3669 -29.00000000000000355 $4395 -24.70000000000000639 $3668 $4396 forward @7 unknown #
point $-1 -1 $-1 99 26.50000000000000355 55 #
coedge $-1 -1 $-1 $4397 $3671 $4398 $4399 reversed $3673 $-1 #
face $4400 -1 $-1 $4382 $3673 $25 $-1 $4401 forward single #
coedge $-1 -1 $-1 $3675 $4402 $4403 $4404 forward $2946 $-1 #
coedge $-1 -1 $-1 $4405 $4398 $3675 $4051 forward $4406 $-1 #
edge $-1 -1 $-1 $4052 -28.25 $4407 -26.25 $3675 $4408 forward @7 unknown #
vertex $-1 -1 $-1 $3676 $4409 #
straight-curve $-1 -1 $-1 23.75 27.5 57 1 0 0 F 21.25 F 68.75 #
straight-curve $-1 -1 $-1 70 26.50000000000000355 57 -1 0 0 F -27.5 F -22.5 #
DXID-attrib $-1 -1 $-1 $-1 $3679 @10 ASM ENTITY @2 74 #
plane-surface $-1 -1 $-1 95 26.50000000000000355 52 0 1 0 0 0 1 forward_v I I I I #
coedge $-1 -1 $-1 $3681 $4397 $4410 $4411 forward $3673 $-1 #
coedge $-1 -1 $-1 $4030 $3684 $4040 $4390 reversed $2946 $-1 #
coedge $-1 -1 $-1 $4410 $4412 $3684 $4060 reversed $4413 $-1 #
edge $-1 -1 $-1 $4061 -28.25 $4414 -26.25 $3684 $4415 forward @7 unknown #
vertex $-1 -1 $-1 $3685 $4416 #
straight-curve $-1 -1 $-1 23.75 27.5 57 1 0 0 F 73.75 F 76.25 #
coedge $-1 -1 $-1 $4417 $4418 $4419 $4420 forward $3687 $-1 #
coedge $-1 -1 $-1 $4421 $3688 $4422 $4423 forward $3305 $-1 #
coedge $-1 -1 $-1 $3688 $4421 $4424 $4425 reversed $3305 $-1 #
coedge $-1 -1 $-1 $4426 $4427 $3688 $4067 reversed $4428 $-1 #
edge $-1 -1 $-1 $4429 47.75 $4430 49.74999999999999289 $3688 $4431 forward @7 unknown #
coedge $-1 -1 $-1 $4432 $3690 $4433 $4434 reversed $2953 $-1 #
coedge $-1 -1 $-1 $4435 $4436 $3690 $4070 reversed $4437 $-1 #
edge $-1 -1 $-1 $4078 -14.25000000000000178 $4438 -12.25 $3690 $4439 forward @7 unknown #
coedge $-1 -1 $-1 $3691 $4432 $4440 $4441 forward $2953 $-1 #
coedge $-1 -1 $-1 $4442 $4443 $3691 $4073 reversed $4444 $-1 #
edge $-1 -1 $-1 $4445 -14.34999999999999964 $4077 -13.25000000000000178 $3691 $4446 forward @7 unknown #
coedge $-1 -1 $-1 $4447 $3692 $4443 $4448 reversed $4076 $-1 #
coedge $-1 -1 $-1 $3692 $4185 $4435 $4449 forward $4076 $-1 #
loop $-1 -1 $-1 $-1 $3770 $4450 #
vertex $-1 -1 $-1 $3693 $4451 #
vertex $-1 -1 $-1 $3693 $4452 #
straight-curve $-1 -1 $-1 23.75 27.5 29.00000000000000355 1 0 0 F 70.95000000000000284 F 76.25 #
coedge $-1 -1 $-1 $3695 $3694 $4453 $4454 forward $3696 $-1 #
face $4455 -1 $-1 $3704 $3696 $25 $-1 $4456 reversed single #
coedge $-1 -1 $-1 $3706 $4453 $3698 $4083 reversed $4094 $-1 #
edge $-1 -1 $-1 $3710 0 $4084 4.449999999999998401 $3698 $4457 forward @7 unknown #
vertex $-1 -1 $-1 $4083 $4458 #
straight-curve $-1 -1 $-1 51.75000000000000711 21.25 1.199999999999999956 0 0 1 F 0 F 1.300000000000000044 #
DXID-attrib $-1 -1 $-1 $-1 $3700 @10 ASM ENTITY @2 71 #
plane-surface $-1 -1 $-1 51.75000000000000711 16.80000000000000071 1.199999999999999956 1 0 0 0 0 1 forward_v I I I I #
coedge $-1 -1 $-1 $4453 $3706 $3702 $4089 forward $4094 $-1 #
edge $-1 -1 $-1 $3708 0 $4090 4.449999999999998401 $3702 $4459 forward @7 unknown #
vertex $-1 -1 $-1 $3703 $4460 #
straight-curve $-1 -1 $-1 60.25 21.25 1.199999999999999956 0 0 1 F 0 F 1.300000000000000044 #
DXID-attrib $-1 -1 $-1 $-1 $3704 @10 ASM ENTITY @2 73 #
plane-surface $-1 -1 $-1 60.25 16.80000000000000071 1.199999999999999956 1 0 0 0 0 1 forward_v I I I I #
loop $-1 -1 $-1 $4461 $4082 $4462 #
straight-curve $-1 -1 $-1 51.75000000000000711 16.80000000000000071 1.199999999999999956 1 0 0 F 0 F 8.499999999999996447 #
point $-1 -1 $-1 60.25 16.80000000000000071 1.199999999999999956 #
point $-1 -1 $-1 51.75000000000000711 16.80000000000000071 1.199999999999999956 #
coedge $-1 -1 $-1 $3716 $3722 $3714 $4099 reversed $3728 $-1 #
edge $-1 -1 $-1 $3718 0 $3724 8.5 $3714 $4463 forward @7 unknown #
DXID-attrib $-1 -1 $-1 $-1 $3715 @10 ASM ENTITY @2 68 #
plane-surface $-1 -1 $-1 15.75000000000000178 21.25 1.199999999999999956 0 1 0 0 0 1 forward_v I I I I #
straight-curve $-1 -1 $-1 15.75000000000000178 16.80000000000000071 1.199999999999999956 0 1 0 F 0 F 4.449999999999998401 #
point $-1 -1 $-1 15.75000000000000178 21.25 1.199999999999999956 #
straight-curve $-1 -1 $-1 24.25000000000000355 16.80000000000000071 1.199999999999999956 0 1 0 F 0 F 4.449999999999998401 #
point $-1 -1 $-1 24.25000000000000355 21.25 1.199999999999999956 #
loop $-1 -1 $-1 $-1 $4464 $4107 #
face $4465 -1 $-1 $4462 $3728 $25 $-1 $4466 forward single #
vertex $-1 -1 $-1 $4028 $4467 #
straight-curve $-1 -1 $-1 77 27.5 39 0 0 -1 F -38.49999999999999289 F -36.5 #
point $-1 -1 $-1 77 27.5 77.5 #
straight-curve $-1 -1 $-1 57 8 75.5 1 0 0 F 0 F 17.99999999999999645 #
point $-1 -1 $-1 75 8 75.5 #
coedge $-1 -1 $-1 $4468 $3740 $4469 $4470 forward $3356 $-1 #
coedge $-1 -1 $-1 $3740 $4468 $4471 $4472 reversed $3356 $-1 #
coedge $-1 -1 $-1 $4473 $4474 $3740 $4116 forward $4475 $-1 #
edge $-1 -1 $-1 $4476 -14.24999999999999822 $4477 -1.25 $3740 $4478 forward @7 unknown #
DXID-attrib $-1 -1 $-1 $-1 $3742 @10 ASM ENTITY @2 81 #
plane-surface $-1 -1 $-1 77 8 75.5 0 0 1 1 0 0 forward_v I I I I #
coedge $-1 -1 $-1 $4119 $4119 $4370 $4479 forward $3746 $-1 #
coedge $-1 -1 $-1 $3749 $3748 $4480 $4481 reversed $3750 $-1 #
loop $-1 -1 $-1 $-1 $4482 $4122 #
face $4483 -1 $-1 $4484 $3750 $25 $-1 $4485 reversed single #
coedge $-1 -1 $-1 $3760 $4480 $3752 $4124 forward $4135 $-1 #
edge $-1 -1 $-1 $4125 0 $3764 14.00000000000000355 $3752 $4486 forward @7 unknown #
vertex $-1 -1 $-1 $4124 $4487 #
straight-curve $-1 -1 $-1 14.00000000000000178 9.5 35 0 1 0 F 0 F 17.99999999999999645 #
DXID-attrib $-1 -1 $-1 $-1 $3754 @10 ASM ENTITY @2 94 #
plane-surface $-1 -1 $-1 14.00000000000000178 9.5 35 1 0 0 0 0 1 forward_v I I I I #
coedge $-1 -1 $-1 $4480 $3760 $3756 $4130 reversed $4135 $-1 #
edge $-1 -1 $-1 $4131 0 $3762 14.00000000000000355 $3756 $4488 forward @7 unknown #
vertex $-1 -1 $-1 $3757 $4489 #
straight-curve $-1 -1 $-1 4.5 9.5 35 0 1 0 F 0 F 17.99999999999999645 #
DXID-attrib $-1 -1 $-1 $-1 $3758 @10 ASM ENTITY @2 93 #
plane-surface $-1 -1 $-1 4.5 9.5 35 1 0 0 0 0 1 forward_v I I I I #
loop $-1 -1 $-1 $-1 $4480 $4490 #
straight-curve $-1 -1 $-1 4.5 9.5 49 1 0 0 F 0 F 9.500000000000001776 #
point $-1 -1 $-1 4.5 9.5 49 #
point $-1 -1 $-1 14.00000000000000178 9.5 49 #
coedge $-1 -1 $-1 $4491 $3766 $4492 $4493 forward $3379 $-1 #
coedge $-1 -1 $-1 $3766 $4491 $4494 $4495 reversed $3379 $-1 #
coedge $-1 -1 $-1 $4496 $4497 $3766 $4142 reversed $4498 $-1 #
edge $-1 -1 $-1 $4499 -6.500000000000000888 $4500 -0.999999999999999778 $3766 $4501 forward @7 unknown #
coedge $-1 -1 $-1 $4502 $4503 $3769 $4144 forward $4504 $-1 #
edge $-1 -1 $-1 $4164 -14.34999999999999964 $4147 -13.25000000000000178 $3769 $4505 forward @7 unknown #
coedge $-1 -1 $-1 $4186 $3770 $3773 $4150 reversed $4076 $-1 #
coedge $-1 -1 $-1 $3770 $4447 $4502 $4506 forward $4076 $-1 #
vertex $-1 -1 $-1 $3771 $4507 #
straight-curve $-1 -1 $-1 23.75 27.5 29.00000000000000355 1 0 0 F 21.95000000000000284 F 23.75 #
coedge $-1 -1 $-1 $3773 $3772 $4188 $4508 reversed $3774 $-1 #
edge $-1 -1 $-1 $4509 0 $3775 20 $3773 $4510 forward @7 unknown #
face $4511 -1 $-1 $4168 $3774 $25 $-1 $4512 forward single #
point $-1 -1 $-1 45.70000000000000284 27.5 29.00000000000000355 #
coedge $-1 -1 $-1 $3781 $4188 $3777 $4154 reversed $3808 $-1 #
edge $-1 -1 $-1 $3783 0 $4155 2.700000000000004619 $3777 $4513 forward @7 unknown #
vertex $-1 -1 $-1 $4154 $4514 #
straight-curve $-1 -1 $-1 45.70000000000000284 7.5 32 0 1 0 F 0 F 20 #
DXID-attrib $-1 -1 $-1 $-1 $3779 @10 ASM ENTITY @2 85 #
plane-surface $-1 -1 $-1 43 7.5 32 0 0 1 1 0 0 forward_v I I I I #
straight-curve $-1 -1 $-1 43 7.5 29.00000000000000355 0 0 1 F 0 F 2.999999999999998224 #
point $-1 -1 $-1 43 7.5 32 #
coedge $-1 -1 $-1 $4515 $3787 $4503 $4516 reversed $4163 $-1 #
coedge $-1 -1 $-1 $3787 $4517 $3789 $4167 forward $4163 $-1 #
loop $-1 -1 $-1 $-1 $3787 $4518 #
vertex $-1 -1 $-1 $4144 $4519 #
straight-curve $-1 -1 $-1 25 27.5 30.10000000000000142 1 0 0 F 22.5 F 41.5 #
coedge $-1 -1 $-1 $3790 $3789 $4520 $4521 reversed $3791 $-1 #
edge $-1 -1 $-1 $4522 2.5 $3792 15.69999999999999751 $3789 $4523 forward @7 unknown #
face $4524 -1 $-1 $4450 $3791 $25 $-1 $4525 forward single #
point $-1 -1 $-1 66.5 27.5 30.10000000000000142 #
coedge $-1 -1 $-1 $4433 $3794 $4526 $4527 forward $3400 $-1 #
coedge $-1 -1 $-1 $4520 $4528 $3794 $4172 forward $4529 $-1 #
edge $-1 -1 $-1 $4530 -18.75 $4173 -10.75000000000000178 $3794 $4531 forward @7 unknown #
vertex $-1 -1 $-1 $3795 $4532 #
straight-curve $-1 -1 $-1 66.5 8.650000000000000355 27 0 1 0 F 5.650000000000000355 F 18.84999999999999787 #
coedge $-1 -1 $-1 $3796 $4433 $4436 $4533 reversed $3400 $-1 #
coedge $-1 -1 $-1 $4534 $3799 $3796 $4177 forward $4181 $-1 #
edge $-1 -1 $-1 $3801 0 $4535 55 $3796 $4536 forward @7 unknown #
DXID-attrib $-1 -1 $-1 $-1 $3797 @10 ASM ENTITY @2 86 #
plane-surface $-1 -1 $-1 45 3.000000000000000444 27 0 0 1 1 0 0 forward_v I I I I #
coedge $-1 -1 $-1 $3799 $4534 $4185 $4537 reversed $4181 $-1 #
loop $-1 -1 $-1 $-1 $4176 $4538 #
vertex $-1 -1 $-1 $3804 $4539 #
straight-curve $-1 -1 $-1 45 3.000000000000000444 27 0 0 1 F 0 F 2.000000000000001776 #
point $-1 -1 $-1 45 3.000000000000000444 27 #
coedge $-1 -1 $-1 $4075 $3803 $4180 $4537 forward $4076 $-1 #
coedge $-1 -1 $-1 $3803 $4145 $3807 $4189 reversed $4076 $-1 #
straight-curve $-1 -1 $-1 45 3.000000000000000444 29.00000000000000355 0 1 0 F 0 F 4.499999999999999112 #
coedge $-1 -1 $-1 $4153 $3807 $4149 $4508 forward $3808 $-1 #
edge $-1 -1 $-1 $3410 2.000000000000001776 $4509 2.700000000000004619 $4186 $4540 forward @7 unknown #
face $4541 -1 $-1 $4538 $3808 $25 $-1 $4542 reversed single #
coedge $-1 -1 $-1 $3820 $3818 $3815 $4192 forward $3821 $-1 #
edge $-1 -1 $-1 $4193 0 $4108 19.5 $3815 $4543 forward @7 unknown #
vertex $-1 -1 $-1 $3817 $4544 #
straight-curve $-1 -1 $-1 77 8 75.5 0 0 1 F 0 F 1.999999999999992895 #
straight-curve $-1 -1 $-1 77 8 75.5 1 0 0 F 0 F 17.99999999999999645 #
loop $-1 -1 $-1 $-1 $4545 $3742 #
point $-1 -1 $-1 95 27.5 75.5 #
coedge $-1 -1 $-1 $4546 $3826 $4547 $4548 forward $3428 $-1 #
coedge $-1 -1 $-1 $3826 $4546 $4549 $4550 reversed $3428 $-1 #
coedge $-1 -1 $-1 $4551 $4552 $3826 $4201 forward $4553 $-1 #
edge $-1 -1 $-1 $4554 40 $4555 52.00000000000000711 $3826 $4556 forward @7 unknown #
coedge $-1 -1 $-1 $3828 $3827 $4557 $4558 forward $3039 $-1 #
coedge $-1 -1 $-1 $4559 $4560 $3827 $4204 reversed $4561 $-1 #
edge $-1 -1 $-1 $4210 -38.75 $4562 -36.5 $3827 $4563 forward @7 unknown #
coedge $-1 -1 $-1 $4564 $4565 $3828 $4206 forward $4566 $-1 #
edge $-1 -1 $-1 $4211 -38.75 $4567 -36.5 $3828 $4568 forward @7 unknown #
coedge $-1 -1 $-1 $4569 $3829 $4565 $4570 forward $4209 $-1 #
coedge $-1 -1 $-1 $3829 $4569 $4559 $4571 reversed $4209 $-1 #
loop $-1 -1 $-1 $-1 $4208 $4572 #
vertex $-1 -1 $-1 $3830 $4573 #
vertex $-1 -1 $-1 $3830 $4574 #
straight-curve $-1 -1 $-1 30 0 75.25 1 0 0 F 30 F 42 #
coedge $-1 -1 $-1 $4575 $3831 $4576 $4577 forward $2690 $-1 #
coedge $-1 -1 $-1 $4578 $4579 $3831 $4215 reversed $4580 $-1 #
edge $-1 -1 $-1 $4219 -30.125 $4581 -22.12499999999999645 $3831 $4582 forward @7 unknown #
coedge $-1 -1 $-1 $4583 $3832 $3838 $4231 reversed $4218 $-1 #
coedge $-1 -1 $-1 $3832 $4584 $4585 $4586 forward $4218 $-1 #
loop $-1 -1 $-1 $-1 $4216 $4587 #
vertex $-1 -1 $-1 $3833 $4588 #
straight-curve $-1 -1 $-1 59.29999999999999716 0 16.375 0 0 -1 F -35.875 F -30.125 #
coedge $-1 -1 $-1 $3834 $4575 $4589 $4590 reversed $2690 $-1 #
coedge $-1 -1 $-1 $4591 $4592 $3834 $4223 forward $4593 $-1 #
edge $-1 -1 $-1 $4227 -30.125 $4594 -22.12499999999999645 $3834 $4595 forward @7 unknown #
coedge $-1 -1 $-1 $4596 $3835 $4597 $4598 reversed $4226 $-1 #
coedge $-1 -1 $-1 $3835 $4599 $3837 $4230 forward $4226 $-1 #
loop $-1 -1 $-1 $-1 $4225 $4600 #
vertex $-1 -1 $-1 $4223 $4601 #
straight-curve $-1 -1 $-1 95.29999999999999716 0 16.375 0 0 -1 F -35.875 F -30.125 #
coedge $-1 -1 $-1 $3838 $3837 $4602 $4603 reversed $3839 $-1 #
edge $-1 -1 $-1 $4604 0 $3841 1.300000000000000044 $3837 $4605 forward @7 unknown #
edge $-1 -1 $-1 $4606 0 $3840 1.300000000000000044 $3838 $4607 forward @7 unknown #
face $4608 -1 $-1 $4587 $3839 $27 $-1 $4609 reversed single #
point $-1 -1 $-1 59.29999999999999716 0 52.25000000000000711 #
point $-1 -1 $-1 95.29999999999999716 0 52.25000000000000711 #
coedge $-1 -1 $-1 $4610 $3843 $3846 $4240 forward $4237 $-1 #
coedge $-1 -1 $-1 $3843 $4610 $3850 $4244 reversed $4237 $-1 #
loop $-1 -1 $-1 $-1 $4235 $4611 #
straight-curve $-1 -1 $-1 29.5 0 52.80000000000000426 1 0 0 F 29.5 F 50.49999999999999289 #
coedge $-1 -1 $-1 $3846 $3845 $4612 $4613 reversed $3847 $-1 #
edge $-1 -1 $-1 $3848 0.01000000000000000021 $4614 7.210000000000000853 $3846 $4615 forward @7 unknown #
face $4616 -1 $-1 $4245 $3847 $27 $-1 $4617 reversed single #
point $-1 -1 $-1 59 0 52.80000000000000426 #
coedge $-1 -1 $-1 $3851 $3850 $4618 $4619 forward $3852 $-1 #
edge $-1 -1 $-1 $3853 0.01000000000000000021 $4620 7.210000000000000853 $3850 $4621 forward @7 unknown #
face $4622 -1 $-1 $4611 $3852 $27 $-1 $4623 forward single #
point $-1 -1 $-1 80 0 52.80000000000000426 #
coedge $-1 -1 $-1 $4618 $4612 $3855 $4248 forward $4624 $-1 #
edge $-1 -1 $-1 $4251 0 $4249 20.99999999999999645 $3855 $4625 forward @7 unknown #
vertex $-1 -1 $-1 $3856 $4626 #
straight-curve $-1 -1 $-1 80 -0.01000000000000000021 54.70000000000000284 0 1 0 F 0.01000000000000000021 F 7.210000000000000853 #
vertex $-1 -1 $-1 $3857 $4627 #
straight-curve $-1 -1 $-1 59 -0.01000000000000000021 54.70000000000000284 0 1 0 F 0.01000000000000000021 F 7.210000000000000853 #
DXID-attrib $-1 -1 $-1 $-1 $3858 @10 ASM ENTITY @2 50 #
plane-surface $-1 -1 $-1 59 -0.01000000000000000021 54.70000000000000284 0 0 1 1 0 0 forward_v I I I I #
coedge $-1 -1 $-1 $4628 $3861 $4629 $4630 forward $2099 $-1 #
coedge $-1 -1 $-1 $4631 $4632 $3861 $4257 reversed $4633 $-1 #
edge $-1 -1 $-1 $4261 2.249999999999999556 $4634 72.24999999999998579 $3861 $4635 forward @7 unknown #
coedge $-1 -1 $-1 $4636 $3862 $3865 $4265 forward $4260 $-1 #
coedge $-1 -1 $-1 $3862 $4636 $4631 $4637 reversed $4260 $-1 #
loop $-1 -1 $-1 $-1 $3862 $4638 #
vertex $-1 -1 $-1 $3863 $4639 #
ellipse-curve $-1 -1 $-1 115 0 5 0 1 0 0 0 2.25 1 F 1.570796326794896558 F 3.141592653589793116 #
coedge $-1 -1 $-1 $4640 $3864 $4641 $4642 forward $3866 $-1 #
coedge $-1 -1 $-1 $3865 $4643 $4644 $4645 forward $3866 $-1 #
edge $-1 -1 $-1 $3867 0 $4646 4 $3865 $4647 forward @14 tangent_not_g2 #
face $4648 -1 $-1 $4284 $3866 $27 $-1 $4649 reversed single #
point $-1 -1 $-1 115 0 2.75 #
coedge $-1 -1 $-1 $3885 $4641 $3869 $4269 reversed $4292 $-1 #
edge $-1 -1 $-1 $3889 1.570796326794896558 $4270 3.141592653589793116 $3869 $4650 forward @7 unknown #
vertex $-1 -1 $-1 $4269 $4651 #
straight-curve $-1 -1 $-1 5 0 2.75 0 1 0 F 0 F 4 #
DXID-attrib $-1 -1 $-1 $-1 $3871 @10 ASM ENTITY @2 37 #
cone-surface $-1 -1 $-1 5 0 5 0 1 0 -2.25 0 0 1 I I 0 1 2.25 forward I I I I #
coedge $-1 -1 $-1 $3873 $4652 $4653 $4654 forward $2099 $-1 #
coedge $-1 -1 $-1 $4655 $4656 $3873 $4276 forward $4657 $-1 #
edge $-1 -1 $-1 $4280 1.600000000000000311 $4658 110.9000000000000057 $3873 $4659 forward @7 unknown #
coedge $-1 -1 $-1 $4660 $3874 $4656 $4661 forward $4279 $-1 #
coedge $-1 -1 $-1 $3874 $4660 $3876 $4283 reversed $4279 $-1 #
loop $-1 -1 $-1 $-1 $4278 $4662 #
vertex $-1 -1 $-1 $4276 $4663 #
ellipse-curve $-1 -1 $-1 5.350000000000000533 0 5.350000000000000533 0 1 0 -0.5999999999999999778 0 0 1 F -1.570796326794896558 F 0 #
coedge $-1 -1 $-1 $3877 $3876 $4664 $4665 reversed $3878 $-1 #
edge $-1 -1 $-1 $3879 1 $4666 5 $3876 $4667 forward @14 tangent_not_g2 #
face $4668 -1 $-1 $4638 $3878 $27 $-1 $4669 forward single #
point $-1 -1 $-1 4.75 0 5.350000000000000533 #
coedge $-1 -1 $-1 $4664 $3885 $3881 $4287 forward $4292 $-1 #
edge $-1 -1 $-1 $3887 1.875 $4288 3.875 $3881 $4670 forward @7 unknown #
vertex $-1 -1 $-1 $4287 $4671 #
straight-curve $-1 -1 $-1 4.75 -1 38 0 -1 0 F -5 F -1 #
DXID-attrib $-1 -1 $-1 $-1 $3883 @10 ASM ENTITY @2 38 #
plane-surface $-1 -1 $-1 -1 -1 38 0 0 1 1 0 0 forward_v I I I I #
loop $-1 -1 $-1 $-1 $4641 $4672 #
straight-curve $-1 -1 $-1 2.75 4 2.75 0 0 1 F 2.249999999999999556 F 35.25 #
point $-1 -1 $-1 2.75 4 38 #
point $-1 -1 $-1 2.75 4 5 #
coedge $-1 -1 $-1 $3895 $3901 $3893 $4297 reversed $3907 $-1 #
edge $-1 -1 $-1 $3897 0 $3903 38.99999999999999289 $3893 $4673 forward @7 unknown #
DXID-attrib $-1 -1 $-1 $-1 $3894 @10 ASM ENTITY @2 35 #
plane-surface $-1 -1 $-1 51.00000000000000711 -0.01000000000000000021 29.30000000000000071 0 0 1 1 0 0 forward_v I I I I #
straight-curve $-1 -1 $-1 51.00000000000000711 7.200000000000001066 29.30000000000000071 0 0 1 F 0 F 1.899999999999999467 #
point $-1 -1 $-1 51.00000000000000711 7.200000000000001066 29.30000000000000071 #
straight-curve $-1 -1 $-1 90 7.200000000000001066 29.30000000000000071 0 0 1 F 0 F 1.899999999999999467 #
point $-1 -1 $-1 90 7.200000000000001066 29.30000000000000071 #
face $4674 -1 $-1 $4672 $3907 $27 $-1 $4675 forward single #
straight-curve $-1 -1 $-1 46.70000000000000995 -2.600000000000000089 53.70000000000000995 0 0 -1 F 0 F 7.60000000000000675 #
coedge $-1 -1 $-1 $4676 $3919 $3922 $4311 reversed $4308 $-1 #
coedge $-1 -1 $-1 $3919 $4676 $3930 $4322 forward $4308 $-1 #
loop $-1 -1 $-1 $4677 $4306 $4678 #
straight-curve $-1 -1 $-1 57.5 -2 46.90000000000000568 0 0 1 F 0 F 5.999999999999996447 #
coedge $-1 -1 $-1 $3922 $3921 $4679 $4680 reversed $3923 $-1 #
edge $-1 -1 $-1 $4681 0 $3924 10 $4306 $4682 forward @7 unknown #
face $4683 -1 $-1 $4304 $3923 $27 $-1 $4684 reversed single #
point $-1 -1 $-1 57.5 -2 46.90000000000000568 #
coedge $-1 -1 $-1 $4685 $4679 $3926 $4315 forward $4686 $-1 #
edge $-1 -1 $-1 $4316 0.8000000000000007105 $4324 6.799999999999997158 $3926 $4687 forward @7 unknown #
vertex $-1 -1 $-1 $4315 $4688 #
straight-curve $-1 -1 $-1 46.70000000000000995 -2.600000000000000089 46.90000000000000568 1 0 0 F 0.7999999999999918288 F 10.79999999999999183 #
DXID-attrib $-1 -1 $-1 $-1 $3928 @10 ASM ENTITY @2 74 #
face $4689 -1 $-1 $4678 $3932 $27 $-1 $4690 forward single #
plane-surface $-1 -1 $-1 46.70000000000000995 -2.600000000000000089 46.10000000000000142 0 1 0 0 0 1 forward_v I I I I #
coedge $-1 -1 $-1 $3931 $3930 $4685 $4691 forward $3932 $-1 #
edge $-1 -1 $-1 $4692 0 $3933 10 $3930 $4693 forward @7 unknown #
point $-1 -1 $-1 57.5 -2 52.89999999999999858 #
vertex $-1 -1 $-1 $3935 $4694 #
straight-curve $-1 -1 $-1 46.70000000000000995 -2.600000000000000089 52.89999999999999858 1 0 0 F 0.7999999999999918288 F 10.79999999999999183 #
straight-curve $-1 -1 $-1 4.75 4 3.75 0 0 -1 F -70.90000000000000568 F -42.25 #
coedge $-1 -1 $-1 $3948 $3947 $4695 $4696 forward $3949 $-1 #
face $4697 -1 $-1 $3957 $3949 $27 $-1 $4698 forward single #
coedge $-1 -1 $-1 $3959 $4695 $3951 $4330 reversed $4342 $-1 #
edge $-1 -1 $-1 $3963 -31.50000000000000355 $4331 -1.500000000000003553 $4329 $4699 forward @7 unknown #
vertex $-1 -1 $-1 $4696 $4700 #
straight-curve $-1 -1 $-1 62.30000000000000426 -4 34.5 0 1 0 F 1.799999999999999822 F 2.700000000000000178 #
DXID-attrib $-1 -1 $-1 $-1 $3953 @10 ASM ENTITY @3 111 #
plane-surface $-1 -1 $-1 62.30000000000000426 -4 34.5 0 0 1 1 0 0 forward_v I I I I #
coedge $-1 -1 $-1 $4695 $3959 $3955 $4336 forward $4342 $-1 #
edge $-1 -1 $-1 $3961 -31.50000000000000355 $4337 -1.500000000000003553 $4335 $4701 forward @7 unknown #
vertex $-1 -1 $-1 $4336 $4702 #
straight-curve $-1 -1 $-1 62.30000000000000426 -4 50.50000000000000711 0 1 0 F 1.799999999999999822 F 2.700000000000000178 #
DXID-attrib $-1 -1 $-1 $-1 $3957 @10 ASM ENTITY @3 113 #
face $4703 -1 $-1 $4704 $4686 $27 $-1 $4705 reversed single #
plane-surface $-1 -1 $-1 62.30000000000000426 -4 50.50000000000000711 0 0 1 1 0 0 forward_v I I I I #
loop $-1 -1 $-1 $-1 $3959 $4706 #
straight-curve $-1 -1 $-1 92.30000000000001137 -1.300000000000000044 33.625 0 0 1 F 0.8749999999999991118 F 16.87500000000000355 #
point $-1 -1 $-1 92.30000000000001137 -1.300000000000000044 50.50000000000000711 #
point $-1 -1 $-1 92.30000000000001137 -1.300000000000000044 34.5 #
straight-curve $-1 -1 $-1 94.84999999999999432 3.740000000000000657 40.5 1 0 0 F 0 F 3.100000000000022737 #
point $-1 -1 $-1 97.95000000000001705 3.740000000000000657 43.50000000000000711 #
edge $-1 -1 $-1 $4004 12.50000000000000178 $4349 14.49999999999999822 $3977 $4707 forward @7 unknown #
vertex $-1 -1 $-1 $3979 $4708 #
straight-curve $-1 -1 $-1 56.00000000000000711 26 77.5 -1 0 0 F 0 F 40 #
straight-curve $-1 -1 $-1 16 24.00000000000000355 77.5 1 0 0 F 0 F 40 #
point $-1 -1 $-1 56.00000000000000711 24.00000000000000355 77.5 #
point $-1 -1 $-1 56.00000000000000711 26 77.5 #
straight-curve $-1 -1 $-1 16 9 77.5 0 1 0 F 10 F 12.00000000000000178 #
point $-1 -1 $-1 16 21 77.5 #
straight-curve $-1 -1 $-1 77 3.500000000000000444 77.5 0 1 0 F 4.5 F 23.99999999999999645 #
face $4709 -1 $-1 $4001 $3994 $25 $-1 $4710 reversed single #
straight-curve $-1 -1 $-1 16 26 76.5 0 0 1 F 0.9999999999999964473 F 3.499999999999996447 #
DXID-attrib $-1 -1 $-1 $-1 $3998 @10 ASM ENTITY @2 55 #
plane-surface $-1 -1 $-1 16 24.00000000000000355 76.5 1 0 0 0 0 1 forward_v I I I I #
straight-curve $-1 -1 $-1 56.00000000000000711 26 76.5 0 0 1 F 0.9999999999999964473 F 3.499999999999996447 #
DXID-attrib $-1 -1 $-1 $-1 $4001 @10 ASM ENTITY @2 57 #
plane-surface $-1 -1 $-1 56.00000000000000711 24.00000000000000355 76.5 1 0 0 0 0 1 forward_v I I I I #
point $-1 -1 $-1 16 24.00000000000000355 77.5 #
DXID-attrib $-1 -1 $-1 $-1 $4008 @10 ASM ENTITY @2 52 #
plane-surface $-1 -1 $-1 48.00000000000000711 21 76.5 0 1 0 0 0 1 forward_v I I I I #
loop $-1 -1 $-1 $4711 $4018 $4712 #
vertex $-1 -1 $-1 $4019 $4713 #
ellipse-curve $-1 -1 $-1 56.00000000000000711 19.75 0.2999999999999999889 0 0 1 1.100000000000000089 0 0 1 I I #
coedge $-1 -1 $-1 $4370 $4370 $4119 $4479 reversed $4021 $-1 #
loop $-1 -1 $-1 $-1 $4714 $4372 #
face $4715 -1 $-1 $4712 $4023 $25 $-1 $4716 reversed single #
point $-1 -1 $-1 21.10000000000000142 19.75 0.2999999999999999889 #
point $-1 -1 $-1 77 8 77.5 #
straight-curve $-1 -1 $-1 39.75 27.5 75.5 1 0 0 F 37.25 F 55.25 #
coedge $-1 -1 $-1 $4717 $4030 $4033 $4380 reversed $2946 $-1 #
ellipse-curve $-1 -1 $-1 95 27.5 52 0 1 0 0 0 5 1 F 0.9272952180016129642 F 5.355890089177973046 #
coedge $-1 -1 $-1 $4718 $4032 $4719 $4720 reversed $4034 $-1 #
coedge $-1 -1 $-1 $4033 $4721 $4722 $4723 forward $4034 $-1 #
edge $-1 -1 $-1 $4724 64.12000000000000455 $4035 67.24999999999998579 $4376 $4725 forward @7 unknown #
coedge $-1 -1 $-1 $4726 $4727 $4728 $4729 forward $4034 $-1 #
face $4730 -1 $-1 $2920 $4034 $25 $-1 $4731 reversed single #
point $-1 -1 $-1 91 27.5 55 #
coedge $-1 -1 $-1 $4037 $4044 $4732 $4733 forward $3293 $-1 #
coedge $-1 -1 $-1 $4734 $4719 $4037 $4386 reversed $4735 $-1 #
edge $-1 -1 $-1 $4736 0.9499999999999975131 $4387 2.049999999999991829 $4037 $4737 forward @7 unknown #
vertex $-1 -1 $-1 $4386 $4738 #
straight-curve $-1 -1 $-1 70 26.50000000000000355 55 -1 0 0 F -22.27000000000000313 F -20.99999999999999645 #
coedge $-1 -1 $-1 $4739 $4040 $4412 $4740 reversed $4034 $-1 #
edge $-1 -1 $-1 $4042 75.25 $4414 76.25 $4058 $4741 forward @7 unknown #
coedge $-1 -1 $-1 $4041 $4718 $4742 $4743 forward $4034 $-1 #
point $-1 -1 $-1 99 27.5 55 #
coedge $-1 -1 $-1 $4742 $4744 $4044 $4394 forward $4745 $-1 #
edge $-1 -1 $-1 $4746 0.9499999999999975131 $4395 2.049999999999991829 $4044 $4747 forward @7 unknown #
vertex $-1 -1 $-1 $4045 $4748 #
straight-curve $-1 -1 $-1 70 26.50000000000000355 55 -1 0 0 F -29.00000000000000355 F -24.70000000000000639 #
coedge $-1 -1 $-1 $4057 $4047 $4749 $4750 forward $3673 $-1 #
coedge $-1 -1 $-1 $4050 $4751 $4047 $4399 forward $4406 $-1 #
edge $-1 -1 $-1 $4752 0 $4052 24.5 $4047 $4753 forward @7 unknown #
DXID-attrib $-1 -1 $-1 $-1 $4048 @10 ASM ENTITY @2 75 #
plane-surface $-1 -1 $-1 45 3.000000000000000444 57 0 0 1 1 0 0 forward_v I I I I #
coedge $-1 -1 $-1 $4049 $4754 $4755 $4756 reversed $2946 $-1 #
coedge $-1 -1 $-1 $4757 $4758 $4049 $4404 reversed $4759 $-1 #
edge $-1 -1 $-1 $4760 20.24999999999999645 $4407 22.25 $4049 $4761 forward @7 unknown #
coedge $-1 -1 $-1 $4762 $4050 $4758 $4763 reversed $4406 $-1 #
loop $-1 -1 $-1 $-1 $4398 $4764 #
vertex $-1 -1 $-1 $4404 $4765 #
straight-curve $-1 -1 $-1 45 27.5 28.75 0 0 -1 F -28.25 F -26.25 #
point $-1 -1 $-1 45 27.5 57 #
coedge $-1 -1 $-1 $4766 $4059 $4057 $4411 reversed $4413 $-1 #
edge $-1 -1 $-1 $4767 0 $4061 24.5 $4057 $4768 forward @7 unknown #
coedge $-1 -1 $-1 $4059 $4766 $4389 $4740 forward $4413 $-1 #
loop $-1 -1 $-1 $-1 $4410 $4769 #
vertex $-1 -1 $-1 $4060 $4770 #
straight-curve $-1 -1 $-1 100 27.5 28.75 0 0 -1 F -28.25 F -26.25 #
point $-1 -1 $-1 100 27.5 57 #
coedge $-1 -1 $-1 $4771 $4063 $4772 $4773 forward $3687 $-1 #
coedge $-1 -1 $-1 $4063 $4771 $4774 $4775 reversed $3687 $-1 #
coedge $-1 -1 $-1 $4776 $4777 $4063 $4420 reversed $4778 $-1 #
edge $-1 -1 $-1 $4779 49.25000000000000711 $4780 57.24999999999999289 $4063 $4781 forward @7 unknown #
coedge $-1 -1 $-1 $4065 $4064 $4782 $4783 reversed $3305 $-1 #
coedge $-1 -1 $-1 $4784 $4785 $4064 $4423 reversed $4786 $-1 #
edge $-1 -1 $-1 $4430 -27.25 $4787 -17.25 $4064 $4788 forward @7 unknown #
coedge $-1 -1 $-1 $4789 $4790 $4065 $4425 forward $4791 $-1 #
edge $-1 -1 $-1 $4429 -27.25 $4792 -17.25 $4065 $4793 forward @7 unknown #
coedge $-1 -1 $-1 $4794 $4066 $4790 $4795 reversed $4428 $-1 #
coedge $-1 -1 $-1 $4066 $4794 $4784 $4796 forward $4428 $-1 #
loop $-1 -1 $-1 $-1 $4426 $4797 #
vertex $-1 -1 $-1 $4067 $4798 #
vertex $-1 -1 $-1 $4067 $4799 #
straight-curve $-1 -1 $-1 50.25 27.5 47 1 0 0 F 47.75 F 49.74999999999999289 #
coedge $-1 -1 $-1 $4071 $4068 $4800 $4801 reversed $2953 $-1 #
coedge $-1 -1 $-1 $4175 $4170 $4068 $4434 forward $3400 $-1 #
edge $-1 -1 $-1 $4802 50.75 $4438 76.25 $4068 $4803 forward @7 unknown #
coedge $-1 -1 $-1 $4804 $4069 $4075 $4449 reversed $4437 $-1 #
coedge $-1 -1 $-1 $4069 $4804 $4175 $4533 forward $4437 $-1 #
loop $-1 -1 $-1 $-1 $4435 $4805 #
vertex $-1 -1 $-1 $4070 $4806 #
straight-curve $-1 -1 $-1 100 27.5 14.75 0 0 -1 F -14.25000000000000178 F -12.25 #
coedge $-1 -1 $-1 $4807 $4808 $4071 $4441 reversed $4163 $-1 #
edge $-1 -1 $-1 $4809 49.5 $4445 69.70000000000000284 $4071 $4810 forward @7 unknown #
coedge $-1 -1 $-1 $4811 $4072 $4808 $4812 reversed $4444 $-1 #
coedge $-1 -1 $-1 $4072 $4811 $4074 $4448 forward $4444 $-1 #
loop $-1 -1 $-1 $-1 $4442 $4484 #
vertex $-1 -1 $-1 $4441 $4813 #
straight-curve $-1 -1 $-1 94.70000000000000284 27.5 15.75000000000000178 0 0 -1 F -14.34999999999999964 F -13.25000000000000178 #
coedge $-1 -1 $-1 $4146 $4074 $4814 $4815 reversed $4076 $-1 #
edge $-1 -1 $-1 $4816 0 $4077 18.19999999999999574 $4074 $4817 forward @7 unknown #
edge $-1 -1 $-1 $4818 0 $4078 24.5 $4075 $4819 forward @7 unknown #
face $4820 -1 $-1 $4518 $4076 $25 $-1 $4821 forward single #
point $-1 -1 $-1 94.70000000000000284 27.5 29.00000000000000355 #
point $-1 -1 $-1 100 27.5 29.00000000000000355 #
coedge $-1 -1 $-1 $4082 $4088 $4080 $4454 reversed $4094 $-1 #
edge $-1 -1 $-1 $4084 0 $4090 8.499999999999996447 $4080 $4822 forward @7 unknown #
DXID-attrib $-1 -1 $-1 $-1 $4081 @10 ASM ENTITY @2 72 #
plane-surface $-1 -1 $-1 51.75000000000000711 21.25 1.199999999999999956 0 1 0 0 0 1 forward_v I I I I #
straight-curve $-1 -1 $-1 51.75000000000000711 16.80000000000000071 1.199999999999999956 0 1 0 F 0 F 4.449999999999998401 #
point $-1 -1 $-1 51.75000000000000711 21.25 1.199999999999999956 #
straight-curve $-1 -1 $-1 60.25 16.80000000000000071 1.199999999999999956 0 1 0 F 0 F 4.449999999999998401 #
point $-1 -1 $-1 60.25 21.25 1.199999999999999956 #
loop $-1 -1 $-1 $-1 $4823 $4462 #
face $4824 -1 $-1 $4825 $4094 $25 $-1 $4826 forward single #
straight-curve $-1 -1 $-1 15.75000000000000178 21.25 1.199999999999999956 1 0 0 F 0 F 8.5 #
coedge $-1 -1 $-1 $4464 $4464 $4714 $4827 reversed $4106 $-1 #
DXID-attrib $-1 -1 $-1 $-1 $4107 @10 ASM ENTITY @3 119 #
plane-surface $-1 -1 $-1 15.75000000000000178 16.80000000000000071 1.199999999999999956 0 0 1 1 0 0 forward_v I I I I #
point $-1 -1 $-1 77 27.5 75.5 #
coedge $-1 -1 $-1 $4114 $4113 $4828 $4829 forward $3356 $-1 #
coedge $-1 -1 $-1 $4830 $4831 $4113 $4470 reversed $4832 $-1 #
edge $-1 -1 $-1 $4476 1.25 $4833 4.750000000000000888 $4113 $4834 forward @7 unknown #
coedge $-1 -1 $-1 $4835 $4836 $4114 $4472 forward $4837 $-1 #
edge $-1 -1 $-1 $4477 1.25 $4838 4.750000000000000888 $4114 $4839 forward @7 unknown #
coedge $-1 -1 $-1 $4840 $4115 $4836 $4841 forward $4475 $-1 #
coedge $-1 -1 $-1 $4115 $4840 $4830 $4842 reversed $4475 $-1 #
loop $-1 -1 $-1 $-1 $4474 $4843 #
vertex $-1 -1 $-1 $4116 $4844 #
vertex $-1 -1 $-1 $4116 $4845 #
straight-curve $-1 -1 $-1 58.25 10.5 75.5 -1 0 0 F -14.24999999999999822 F -1.25 #
edge $-1 -1 $-1 $4846 0 $4846 6.283185307179586232 $4119 $4847 forward @7 unknown #
coedge $-1 -1 $-1 $4123 $4129 $4120 $4481 forward $4135 $-1 #
edge $-1 -1 $-1 $4131 0 $4125 9.500000000000001776 $4120 $4848 forward @7 unknown #
coedge $-1 -1 $-1 $4849 $4850 $4851 $4852 reversed $4121 $-1 #
DXID-attrib $-1 -1 $-1 $-1 $4122 @10 ASM ENTITY @2 95 #
face $4853 -1 $-1 $4805 $4444 $25 $-1 $4854 forward single #
plane-surface $-1 -1 $-1 4.5 9.5 35 0 0 1 1 0 0 forward_v I I I I #
straight-curve $-1 -1 $-1 14.00000000000000178 9.5 35 0 0 1 F 0 F 14.00000000000000355 #
point $-1 -1 $-1 14.00000000000000178 9.5 35 #
straight-curve $-1 -1 $-1 4.5 9.5 35 0 0 1 F 0 F 14.00000000000000355 #
point $-1 -1 $-1 4.5 9.5 35 #
face $4855 -1 $-1 $4856 $4135 $25 $-1 $4857 reversed single #
coedge $-1 -1 $-1 $4140 $4139 $4858 $4859 reversed $3379 $-1 #
coedge $-1 -1 $-1 $4860 $4861 $4139 $4493 reversed $4862 $-1 #
edge $-1 -1 $-1 $4500 0.5000000000000004441 $4863 2.5 $4139 $4864 forward @7 unknown #
coedge $-1 -1 $-1 $4865 $4866 $4140 $4495 forward $4867 $-1 #
edge $-1 -1 $-1 $4499 0.5000000000000004441 $4868 2.5 $4140 $4869 forward @7 unknown #
coedge $-1 -1 $-1 $4851 $4141 $4866 $4870 reversed $4498 $-1 #
coedge $-1 -1 $-1 $4141 $4851 $4860 $4871 forward $4498 $-1 #
loop $-1 -1 $-1 $-1 $4496 $4856 #
vertex $-1 -1 $-1 $4142 $4872 #
vertex $-1 -1 $-1 $4142 $4873 #
straight-curve $-1 -1 $-1 5.5 10.5 49 -1 0 0 F -6.500000000000000888 F -0.999999999999999778 #
coedge $-1 -1 $-1 $4874 $4143 $4146 $4506 reversed $4504 $-1 #
coedge $-1 -1 $-1 $4143 $4874 $4161 $4516 forward $4504 $-1 #
loop $-1 -1 $-1 $-1 $4503 $4875 #
straight-curve $-1 -1 $-1 47.5 27.5 15.75000000000000178 0 0 -1 F -14.34999999999999964 F -13.25000000000000178 #
edge $-1 -1 $-1 $4876 0 $4147 18.19999999999999574 $4146 $4877 forward @7 unknown #
point $-1 -1 $-1 47.5 27.5 29.00000000000000355 #
edge $-1 -1 $-1 $4509 0 $4155 2.999999999999998224 $4149 $4878 forward @7 unknown #
vertex $-1 -1 $-1 $4508 $4879 #
straight-curve $-1 -1 $-1 45.70000000000000284 7.5 29.00000000000000355 0 1 0 F 0 F 20 #
DXID-attrib $-1 -1 $-1 $-1 $4151 @10 ASM ENTITY @2 87 #
plane-surface $-1 -1 $-1 45.70000000000000284 7.5 29.00000000000000355 1 0 0 0 0 1 forward_v I I I I #
straight-curve $-1 -1 $-1 43 7.5 32 1 0 0 F 0 F 2.700000000000004619 #
point $-1 -1 $-1 45.70000000000000284 7.5 32 #
coedge $-1 -1 $-1 $4808 $4161 $4880 $4881 forward $4163 $-1 #
edge $-1 -1 $-1 $4882 0 $4164 18.19999999999999574 $4161 $4883 forward @7 unknown #
coedge $-1 -1 $-1 $4162 $4807 $4884 $4885 forward $4163 $-1 #
face $4886 -1 $-1 $4875 $4163 $25 $-1 $4887 forward single #
point $-1 -1 $-1 47.5 27.5 30.10000000000000142 #
coedge $-1 -1 $-1 $4884 $4171 $4166 $4521 forward $4529 $-1 #
edge $-1 -1 $-1 $4173 1.000000000000000888 $4522 4.100000000000001421 $4166 $4888 forward @7 unknown #
vertex $-1 -1 $-1 $4521 $4889 #
straight-curve $-1 -1 $-1 66.5 11.80000000000000071 30.10000000000000142 0 1 0 F 2.5 F 15.69999999999999751 #
DXID-attrib $-1 -1 $-1 $-1 $4168 @10 ASM ENTITY @2 88 #
plane-surface $-1 -1 $-1 66.5 14.30000000000000071 26 1 0 0 0 0 1 forward_v I I I I #
coedge $-1 -1 $-1 $4890 $4800 $4170 $4527 reversed $4891 $-1 #
edge $-1 -1 $-1 $4530 5.650000000000000355 $4802 18.84999999999999787 $4170 $4892 forward @7 unknown #
coedge $-1 -1 $-1 $4171 $4884 $4890 $4893 reversed $4529 $-1 #
loop $-1 -1 $-1 $-1 $4528 $4894 #
vertex $-1 -1 $-1 $4172 $4895 #
straight-curve $-1 -1 $-1 55.75 14.30000000000000071 27 -1 0 0 F -18.75 F -10.75000000000000178 #
point $-1 -1 $-1 66.5 14.30000000000000071 27 #
edge $-1 -1 $-1 $4535 0 $4438 24.5 $4175 $4896 forward @7 unknown #
coedge $-1 -1 $-1 $4180 $4176 $4804 $4897 forward $4181 $-1 #
vertex $-1 -1 $-1 $4533 $4898 #
straight-curve $-1 -1 $-1 45 3.000000000000000444 27 1 0 0 F 0 F 55 #
edge $-1 -1 $-1 $4182 0 $4818 55 $4185 $4899 forward @7 unknown #
face $4900 -1 $-1 $4894 $4181 $25 $-1 $4901 reversed single #
point $-1 -1 $-1 45 3.000000000000000444 29.00000000000000355 #
straight-curve $-1 -1 $-1 43 7.5 29.00000000000000355 1 0 0 F 2.000000000000001776 F 2.700000000000004619 #
DXID-attrib $-1 -1 $-1 $-1 $4190 @10 ASM ENTITY @3 139 #
plane-surface $-1 -1 $-1 43 7.5 29.00000000000000355 0 1 0 0 0 1 forward_v I I I I #
straight-curve $-1 -1 $-1 77 8 75.5 0 1 0 F 0 F 19.5 #
point $-1 -1 $-1 77 8 75.5 #
coedge $-1 -1 $-1 $4902 $4903 $4904 $4905 reversed $4196 $-1 #
coedge $-1 -1 $-1 $4199 $4198 $4906 $4907 forward $3428 $-1 #
coedge $-1 -1 $-1 $4908 $4909 $4198 $4548 reversed $4910 $-1 #
edge $-1 -1 $-1 $4554 -38.75 $4911 -36.5 $4198 $4912 forward @7 unknown #
coedge $-1 -1 $-1 $4913 $4914 $4199 $4550 forward $4915 $-1 #
edge $-1 -1 $-1 $4555 -38.75 $4916 -36.5 $4199 $4917 forward @7 unknown #
coedge $-1 -1 $-1 $4918 $4200 $4914 $4919 forward $4553 $-1 #
coedge $-1 -1 $-1 $4200 $4918 $4908 $4920 reversed $4553 $-1 #
loop $-1 -1 $-1 $-1 $4552 $4921 #
vertex $-1 -1 $-1 $4201 $4922 #
vertex $-1 -1 $-1 $4201 $4923 #
straight-curve $-1 -1 $-1 40 0 75.25 1 0 0 F 40 F 52.00000000000000711 #
coedge $-1 -1 $-1 $4924 $4925 $4202 $4558 reversed $4926 $-1 #
edge $-1 -1 $-1 $4562 30 $4567 42 $4202 $4927 forward @7 unknown #
coedge $-1 -1 $-1 $4928 $4203 $4208 $4571 forward $4561 $-1 #
coedge $-1 -1 $-1 $4203 $4929 $4924 $4930 reversed $4561 $-1 #
loop $-1 -1 $-1 $-1 $4559 $4931 #
vertex $-1 -1 $-1 $4204 $4932 #
straight-curve $-1 -1 $-1 60 0 36.5 0 0 -1 F -38.75 F -36.5 #
coedge $-1 -1 $-1 $4933 $4205 $4925 $4934 forward $4566 $-1 #
coedge $-1 -1 $-1 $4205 $4935 $4207 $4570 reversed $4566 $-1 #
loop $-1 -1 $-1 $-1 $4565 $4936 #
vertex $-1 -1 $-1 $4558 $4937 #
straight-curve $-1 -1 $-1 72 0 36.5 0 0 -1 F -38.75 F -36.5 #
coedge $-1 -1 $-1 $4208 $4207 $4938 $4939 forward $4209 $-1 #
edge $-1 -1 $-1 $4211 0.01000000000000000021 $4940 10.76996015936299855 $4207 $4941 forward @7 unknown #
edge $-1 -1 $-1 $4210 0.01000000000000000021 $4942 10.76996015936299855 $4208 $4943 forward @7 unknown #
face $4944 -1 $-1 $4931 $4209 $27 $-1 $4945 forward single #
point $-1 -1 $-1 60 0 75.25 #
point $-1 -1 $-1 72 0 75.25 #
coedge $-1 -1 $-1 $4221 $4213 $4946 $4947 forward $2690 $-1 #
coedge $-1 -1 $-1 $4948 $4949 $4213 $4577 reversed $4218 $-1 #
edge $-1 -1 $-1 $4581 -22.12499999999999645 $4950 -16.375 $4213 $4951 forward @7 unknown #
coedge $-1 -1 $-1 $4952 $4214 $4953 $4954 forward $4580 $-1 #
coedge $-1 -1 $-1 $4214 $4952 $4955 $4956 reversed $4580 $-1 #
loop $-1 -1 $-1 $-1 $4578 $4957 #
vertex $-1 -1 $-1 $4215 $4958 #
straight-curve $-1 -1 $-1 59.29999999999999716 0 16.375 0 0 -1 F -30.125 F -22.12499999999999645 #
coedge $-1 -1 $-1 $4949 $4216 $4959 $4960 reversed $4218 $-1 #
coedge $-1 -1 $-1 $4217 $4948 $4961 $4962 forward $4218 $-1 #
coedge $-1 -1 $-1 $4963 $4953 $4217 $4586 reversed $4964 $-1 #
edge $-1 -1 $-1 $4965 0 $4219 0.1000000000000000194 $4217 $4966 forward @7 unknown #
face $4967 -1 $-1 $4600 $4218 $27 $-1 $4968 forward single #
point $-1 -1 $-1 59.29999999999999716 0 46.5 #
coedge $-1 -1 $-1 $4969 $4970 $4221 $4590 forward $4226 $-1 #
edge $-1 -1 $-1 $4594 -22.12499999999999645 $4971 -16.375 $4221 $4972 forward @7 unknown #
coedge $-1 -1 $-1 $4973 $4222 $4974 $4975 forward $4593 $-1 #
coedge $-1 -1 $-1 $4222 $4973 $4976 $4977 reversed $4593 $-1 #
loop $-1 -1 $-1 $-1 $4592 $4978 #
vertex $-1 -1 $-1 $4590 $4979 #
straight-curve $-1 -1 $-1 95.29999999999999716 0 16.375 0 0 -1 F -30.125 F -22.12499999999999645 #
coedge $-1 -1 $-1 $4970 $4224 $4980 $4981 reversed $4226 $-1 #
coedge $-1 -1 $-1 $4976 $4982 $4224 $4598 forward $4983 $-1 #
edge $-1 -1 $-1 $4984 0 $4227 0.1000000000000000194 $4224 $4985 forward @7 unknown #
coedge $-1 -1 $-1 $4225 $4969 $4986 $4987 forward $4226 $-1 #
face $4988 -1 $-1 $4957 $4226 $27 $-1 $4989 reversed single #
point $-1 -1 $-1 95.29999999999999716 0 46.5 #
coedge $-1 -1 $-1 $4986 $4959 $4229 $4603 forward $4990 $-1 #
edge $-1 -1 $-1 $4606 0 $4604 35.99999999999999289 $4229 $4991 forward @7 unknown #
vertex $-1 -1 $-1 $4230 $4992 #
straight-curve $-1 -1 $-1 95.29999999999999716 -1.300000000000000044 52.25000000000000711 0 1 0 F 0 F 1.300000000000000044 #
vertex $-1 -1 $-1 $4231 $4993 #
straight-curve $-1 -1 $-1 59.29999999999999716 -1.300000000000000044 52.25000000000000711 0 1 0 F 0 F 1.300000000000000044 #
DXID-attrib $-1 -1 $-1 $-1 $4232 @10 ASM ENTITY @2 54 #
plane-surface $-1 -1 $-1 59.29999999999999716 -1.300000000000000044 52.25000000000000711 0 0 1 1 0 0 forward_v I I I I #
coedge $-1 -1 $-1 $4236 $4235 $4994 $4995 forward $4237 $-1 #
face $4996 -1 $-1 $4232 $4237 $27 $-1 $4997 reversed single #
coedge $-1 -1 $-1 $4247 $4994 $4239 $4613 forward $4624 $-1 #
edge $-1 -1 $-1 $4614 0 $4251 1.900000000000003908 $4239 $4998 forward @7 unknown #
vertex $-1 -1 $-1 $4613 $4999 #
straight-curve $-1 -1 $-1 59 -0.01000000000000000021 52.80000000000000426 0 1 0 F 0.01000000000000000021 F 7.210000000000000853 #
DXID-attrib $-1 -1 $-1 $-1 $4241 @10 ASM ENTITY @2 51 #
plane-surface $-1 -1 $-1 59 -0.01000000000000000021 52.80000000000000426 1 0 0 0 0 1 forward_v I I I I #
coedge $-1 -1 $-1 $4994 $4247 $4243 $4619 reversed $4624 $-1 #
edge $-1 -1 $-1 $4620 0 $4249 1.900000000000003908 $4243 $5000 forward @7 unknown #
vertex $-1 -1 $-1 $4244 $5001 #
straight-curve $-1 -1 $-1 80 -0.01000000000000000021 52.80000000000000426 0 1 0 F 0.01000000000000000021 F 7.210000000000000853 #
DXID-attrib $-1 -1 $-1 $-1 $4245 @10 ASM ENTITY @2 52 #
plane-surface $-1 -1 $-1 80 -0.01000000000000000021 52.80000000000000426 1 0 0 0 0 1 forward_v I I I I #
loop $-1 -1 $-1 $-1 $4994 $5002 #
straight-curve $-1 -1 $-1 59 7.200000000000001066 54.70000000000000284 1 0 0 F 0 F 20.99999999999999645 #
point $-1 -1 $-1 80 7.200000000000001066 54.70000000000000284 #
point $-1 -1 $-1 59 7.200000000000001066 54.70000000000000284 #
coedge $-1 -1 $-1 $5003 $4255 $5004 $5005 forward $2099 $-1 #
coedge $-1 -1 $-1 $5006 $5007 $4255 $4630 reversed $5008 $-1 #
edge $-1 -1 $-1 $4634 -1.570796326794896558 $5009 0 $4255 $5010 forward @7 unknown #
coedge $-1 -1 $-1 $5011 $4256 $4259 $4637 forward $4633 $-1 #
coedge $-1 -1 $-1 $4256 $5011 $5006 $5012 reversed $4633 $-1 #
loop $-1 -1 $-1 $-1 $4256 $5013 #
vertex $-1 -1 $-1 $4257 $5014 #
straight-curve $-1 -1 $-1 117.2500000000000142 0 2.75 0 0 1 F 2.249999999999999556 F 72.24999999999998579 #
coedge $-1 -1 $-1 $4259 $4258 $5015 $5016 reversed $4260 $-1 #
edge $-1 -1 $-1 $4261 0 $5017 4 $4259 $5018 forward @14 tangent_not_g2 #
face $5019 -1 $-1 $4662 $4260 $27 $-1 $5020 forward single #
point $-1 -1 $-1 117.2500000000000142 0 5 #
coedge $-1 -1 $-1 $5021 $4263 $5022 $5023 forward $3866 $-1 #
coedge $-1 -1 $-1 $4268 $5024 $4263 $4642 reversed $4292 $-1 #
edge $-1 -1 $-1 $4270 2.249999999999999556 $5025 13.25000000000000178 $4263 $5026 forward @7 unknown #
coedge $-1 -1 $-1 $4264 $5027 $5028 $5029 reversed $3866 $-1 #
coedge $-1 -1 $-1 $5030 $5015 $4264 $4645 reversed $5031 $-1 #
edge $-1 -1 $-1 $5032 57.24999999999999289 $4646 112.2499999999999858 $4264 $5033 forward @7 unknown #
vertex $-1 -1 $-1 $4645 $5034 #
straight-curve $-1 -1 $-1 115 0 2.75 0 1 0 F 0 F 4 #
DXID-attrib $-1 -1 $-1 $-1 $4266 @10 ASM ENTITY @2 39 #
plane-surface $-1 -1 $-1 2.75 0 2.75 0 0 1 1 0 0 forward_v I I I I #
ellipse-curve $-1 -1 $-1 5 4 5 0 -1 0 0 0 2.25 1 F 1.570796326794896558 F 3.141592653589793116 #
point $-1 -1 $-1 5 4 2.75 #
coedge $-1 -1 $-1 $4274 $5003 $5035 $5036 forward $2099 $-1 #
coedge $-1 -1 $-1 $5037 $5038 $4274 $4654 reversed $5039 $-1 #
edge $-1 -1 $-1 $5040 0 $4658 1.570796326794896558 $4274 $5041 forward @7 unknown #
coedge $-1 -1 $-1 $5042 $4275 $5038 $5043 forward $4657 $-1 #
coedge $-1 -1 $-1 $4275 $5044 $4277 $4661 reversed $4657 $-1 #
loop $-1 -1 $-1 $-1 $5044 $5045 #
vertex $-1 -1 $-1 $4654 $5046 #
straight-curve $-1 -1 $-1 3.75 0 4.75 1 0 0 F 1.600000000000000311 F 110.9000000000000057 #
coedge $-1 -1 $-1 $4278 $4277 $5047 $5048 forward $4279 $-1 #
edge $-1 -1 $-1 $4280 1 $5049 5 $4277 $5050 forward @14 tangent_not_g2 #
face $5051 -1 $-1 $5013 $4279 $27 $-1 $5052 reversed single #
point $-1 -1 $-1 5.350000000000000533 0 4.75 #
coedge $-1 -1 $-1 $5047 $4286 $4282 $4665 forward $4292 $-1 #
edge $-1 -1 $-1 $4288 -34.25 $4666 -1.600000000000000311 $4282 $5053 forward @7 unknown #
vertex $-1 -1 $-1 $4283 $5054 #
straight-curve $-1 -1 $-1 4.75 -1 5.350000000000000533 0 1 0 F 1 F 5 #
DXID-attrib $-1 -1 $-1 $-1 $4284 @10 ASM ENTITY @2 40 #
plane-surface $-1 -1 $-1 4.75 -1 4.75 1 0 0 0 0 1 forward_v I I I I #
straight-curve $-1 -1 $-1 0.875000000000000111 4 38 1 0 0 F 1.875 F 3.875 #
point $-1 -1 $-1 4.75 4 38 #
face $5055 -1 $-1 $5056 $4292 $27 $-1 $5057 forward single #
straight-curve $-1 -1 $-1 51.00000000000000711 7.200000000000001066 29.30000000000000071 1 0 0 F 0 F 38.99999999999999289 #
DXID-attrib $-1 -1 $-1 $-1 $4304 @10 ASM ENTITY @2 78 #
plane-surface $-1 -1 $-1 51.00000000000000711 7.200000000000001066 29.30000000000000071 0 1 0 0 0 1 forward_v I I I I #
coedge $-1 -1 $-1 $4307 $4306 $5058 $5059 forward $4308 $-1 #
loop $-1 -1 $-1 $-1 $5060 $4678 #
face $5061 -1 $-1 $4312 $4308 $27 $-1 $5062 forward single #
coedge $-1 -1 $-1 $4314 $5058 $4310 $4680 forward $4686 $-1 #
edge $-1 -1 $-1 $4681 -0.5999999999999999778 $4316 0 $4310 $5063 forward @7 unknown #
vertex $-1 -1 $-1 $4311 $5064 #
straight-curve $-1 -1 $-1 47.5 -2 46.90000000000000568 1 0 0 F 0 F 10 #
DXID-attrib $-1 -1 $-1 $-1 $4312 @10 ASM ENTITY @2 77 #
plane-surface $-1 -1 $-1 46.70000000000000995 -2.600000000000000089 46.90000000000000568 0 0 1 1 0 0 forward_v I I I I #
coedge $-1 -1 $-1 $5058 $4314 $4321 $4691 reversed $4686 $-1 #
loop $-1 -1 $-1 $-1 $5058 $4340 #
straight-curve $-1 -1 $-1 47.5 -2.600000000000000089 46.10000000000000142 0 0 1 F 0.8000000000000007105 F 6.799999999999997158 #
point $-1 -1 $-1 47.5 -2.600000000000000089 46.90000000000000568 #
DXID-attrib $-1 -1 $-1 $-1 $4319 @10 ASM ENTITY @2 75 #
plane-surface $-1 -1 $-1 46.70000000000000995 -2.600000000000000089 52.89999999999999858 0 0 1 1 0 0 forward_v I I I I #
edge $-1 -1 $-1 $4692 -0.5999999999999999778 $4324 0 $4321 $5065 forward @7 unknown #
vertex $-1 -1 $-1 $4322 $5066 #
straight-curve $-1 -1 $-1 47.5 -2 52.89999999999999858 1 0 0 F 0 F 10 #
point $-1 -1 $-1 47.5 -2.600000000000000089 52.89999999999999858 #
coedge $-1 -1 $-1 $4329 $4335 $4327 $4696 reversed $4342 $-1 #
edge $-1 -1 $-1 $4331 0.8749999999999991118 $4337 16.87500000000000355 $4695 $5067 forward @7 unknown #
DXID-attrib $-1 -1 $-1 $-1 $4328 @10 ASM ENTITY @3 112 #
plane-surface $-1 -1 $-1 62.30000000000000426 -4 34.5 1 0 0 0 0 1 forward_v I I I I #
straight-curve $-1 -1 $-1 60.79999999999999716 -1.300000000000000044 34.5 -1 0 0 F -31.50000000000000355 F -1.500000000000003553 #
point $-1 -1 $-1 62.30000000000000426 -1.300000000000000044 34.5 #
straight-curve $-1 -1 $-1 60.79999999999999716 -1.300000000000000044 50.50000000000000711 -1 0 0 F -31.50000000000000355 F -1.500000000000003553 #
point $-1 -1 $-1 62.30000000000000426 -1.300000000000000044 50.50000000000000711 #
DXID-attrib $-1 -1 $-1 $-1 $4340 @10 ASM ENTITY @3 114 #
face $5068 -1 $-1 $5069 $5070 $27 $-1 $5071 forward single #
plane-surface $-1 -1 $-1 47.5 -2.600000000000000089 46.10000000000000142 1 0 0 0 0 1 forward_v I I I I #
face $5072 -1 $-1 $5073 $4990 $27 $-1 $5074 forward single #
straight-curve $-1 -1 $-1 16 11.50000000000000178 77.5 0 1 0 F 12.50000000000000178 F 14.49999999999999822 #
point $-1 -1 $-1 16 26 77.5 #
DXID-attrib $-1 -1 $-1 $-1 $4357 @10 ASM ENTITY @2 56 #
plane-surface $-1 -1 $-1 48.00000000000000711 26 76.5 0 1 0 0 0 1 forward_v I I I I #
loop $-1 -1 $-1 $-1 $5075 $4712 #
face $5076 -1 $-1 $4843 $4367 $25 $-1 $5077 reversed single #
point $-1 -1 $-1 57.10000000000000853 19.75 0.2999999999999999889 #
coedge $-1 -1 $-1 $4714 $4714 $4464 $4827 forward $4371 $-1 #
DXID-attrib $-1 -1 $-1 $-1 $4372 @10 ASM ENTITY @3 129 #
cone-surface $-1 -1 $-1 20 19.75 -1 0 0 1 1.100000000000000089 0 0 1 I I 0 1 1.100000000000000089 forward I I I I #
coedge $-1 -1 $-1 $5078 $4376 $5079 $5080 forward $2946 $-1 #
coedge $-1 -1 $-1 $4391 $4378 $5081 $5082 forward $4034 $-1 #
coedge $-1 -1 $-1 $4385 $5083 $4378 $4720 forward $4735 $-1 #
edge $-1 -1 $-1 $5084 0 $4387 17.19999999999999929 $4378 $5085 forward @7 unknown #
coedge $-1 -1 $-1 $4379 $5086 $5087 $5088 forward $4034 $-1 #
coedge $-1 -1 $-1 $5089 $5079 $4379 $4723 reversed $5090 $-1 #
edge $-1 -1 $-1 $5091 0 $4724 18.19999999999999574 $4379 $5092 forward @7 unknown #
vertex $-1 -1 $-1 $4380 $5093 #
straight-curve $-1 -1 $-1 23.75 27.5 55 1 0 0 F 64.12000000000000455 F 67.24999999999998579 #
coedge $-1 -1 $-1 $5094 $4381 $5095 $5096 reversed $4034 $-1 #
coedge $-1 -1 $-1 $4381 $5097 $5098 $5099 forward $4034 $-1 #
coedge $-1 -1 $-1 $5100 $5101 $4381 $4729 reversed $2946 $-1 #
edge $-1 -1 $-1 $5102 21.95000000000000284 $5103 32.96000000000000085 $4728 $5104 forward @7 unknown #
DXID-attrib $-1 -1 $-1 $-1 $4382 @10 ASM ENTITY @2 76 #
plane-surface $-1 -1 $-1 45 3.000000000000000444 55 0 0 1 1 0 0 forward_v I I I I #
coedge $-1 -1 $-1 $5105 $5106 $4384 $4733 reversed $5107 $-1 #
edge $-1 -1 $-1 $4746 -1.065000000000004832 $4736 1.364999999999998437 $4384 $5108 forward @7 unknown #
coedge $-1 -1 $-1 $5083 $4385 $5106 $5109 reversed $4735 $-1 #
loop $-1 -1 $-1 $-1 $4719 $4825 #
vertex $-1 -1 $-1 $4733 $5110 #
straight-curve $-1 -1 $-1 92.27000000000001023 26.50000000000000355 52.95000000000000995 0 0 1 F 0.9499999999999975131 F 2.049999999999991829 #
point $-1 -1 $-1 92.27000000000001023 26.50000000000000355 55 #
coedge $-1 -1 $-1 $5111 $4389 $5112 $5113 reversed $4034 $-1 #
edge $-1 -1 $-1 $5114 0 $4414 24.5 $4389 $5115 forward @7 unknown #
straight-curve $-1 -1 $-1 23.75 27.5 55 1 0 0 F 75.25 F 76.25 #
coedge $-1 -1 $-1 $5116 $4393 $4391 $4743 reversed $4745 $-1 #
edge $-1 -1 $-1 $5117 0 $4395 17.19999999999999929 $4391 $5118 forward @7 unknown #
coedge $-1 -1 $-1 $4393 $5116 $5105 $5119 forward $4745 $-1 #
loop $-1 -1 $-1 $-1 $4742 $5120 #
vertex $-1 -1 $-1 $4394 $5121 #
straight-curve $-1 -1 $-1 94.70000000000000284 26.50000000000000355 52.95000000000000995 0 0 1 F 0.9499999999999975131 F 2.049999999999991829 #
point $-1 -1 $-1 94.70000000000000284 26.50000000000000355 55 #
coedge $-1 -1 $-1 $5122 $5123 $4397 $4750 reversed $5124 $-1 #
edge $-1 -1 $-1 $4752 0 $4767 55 $4397 $5125 forward @7 unknown #
coedge $-1 -1 $-1 $4398 $4762 $5122 $5126 forward $4406 $-1 #
vertex $-1 -1 $-1 $4399 $5127 #
straight-curve $-1 -1 $-1 45 3.000000000000000444 57 0 1 0 F 0 F 24.5 #
coedge $-1 -1 $-1 $4402 $5100 $5128 $5129 reversed $2946 $-1 #
coedge $-1 -1 $-1 $5130 $5131 $4402 $4756 forward $5132 $-1 #
edge $-1 -1 $-1 $4760 -27.74999999999999645 $5133 -24.75 $4402 $5134 forward @7 unknown #
coedge $-1 -1 $-1 $5135 $4403 $5131 $5136 reversed $4759 $-1 #
coedge $-1 -1 $-1 $4403 $5135 $4405 $4763 forward $4759 $-1 #
loop $-1 -1 $-1 $-1 $4403 $5137 #
vertex $-1 -1 $-1 $4756 $5138 #
straight-curve $-1 -1 $-1 22.75 27.5 55 1 0 0 F 20.24999999999999645 F 22.25 #
coedge $-1 -1 $-1 $4751 $4405 $5111 $5139 reversed $4406 $-1 #
edge $-1 -1 $-1 $5140 4.499999999999999112 $4407 24.5 $4405 $5141 forward @7 unknown #
face $5142 -1 $-1 $5137 $4406 $25 $-1 $5143 reversed single #
point $-1 -1 $-1 45 27.5 55 #
coedge $-1 -1 $-1 $4412 $4410 $5123 $5144 reversed $4413 $-1 #
vertex $-1 -1 $-1 $4750 $5145 #
straight-curve $-1 -1 $-1 100 3.000000000000000444 57 0 1 0 F 0 F 24.5 #
face $5146 -1 $-1 $5147 $4413 $25 $-1 $5148 forward single #
point $-1 -1 $-1 100 27.5 55 #
coedge $-1 -1 $-1 $4418 $4417 $5149 $5150 reversed $3687 $-1 #
coedge $-1 -1 $-1 $5151 $5152 $4417 $4773 reversed $5153 $-1 #
edge $-1 -1 $-1 $4780 -34.24999999999999289 $5154 -28.25 $4417 $5155 forward @7 unknown #
coedge $-1 -1 $-1 $5156 $5157 $4418 $4775 forward $5158 $-1 #
edge $-1 -1 $-1 $4779 -34.24999999999999289 $5159 -28.25 $4418 $5160 forward @7 unknown #
coedge $-1 -1 $-1 $5161 $4419 $5157 $5162 reversed $4778 $-1 #
coedge $-1 -1 $-1 $4419 $5161 $5151 $5163 forward $4778 $-1 #
loop $-1 -1 $-1 $-1 $4776 $5164 #
vertex $-1 -1 $-1 $4420 $5165 #
vertex $-1 -1 $-1 $4420 $5166 #
straight-curve $-1 -1 $-1 51.75000000000000711 27.5 65 1 0 0 F 49.25000000000000711 F 57.24999999999999289 #
coedge $-1 -1 $-1 $5167 $5168 $4421 $4783 forward $5169 $-1 #
edge $-1 -1 $-1 $4792 47.75 $4787 49.74999999999999289 $4421 $5170 forward @7 unknown #
coedge $-1 -1 $-1 $5171 $4422 $4427 $4796 reversed $4786 $-1 #
coedge $-1 -1 $-1 $4422 $5171 $5167 $5172 forward $4786 $-1 #
loop $-1 -1 $-1 $-1 $4784 $5173 #
vertex $-1 -1 $-1 $4423 $5174 #
straight-curve $-1 -1 $-1 100 27.5 19.75 0 0 -1 F -27.25 F -17.25 #
coedge $-1 -1 $-1 $5175 $4424 $5168 $5176 reversed $4791 $-1 #
coedge $-1 -1 $-1 $4424 $5175 $4426 $4795 forward $4791 $-1 #
loop $-1 -1 $-1 $-1 $4790 $5177 #
vertex $-1 -1 $-1 $4783 $5178 #
straight-curve $-1 -1 $-1 98 27.5 19.75 0 0 -1 F -27.25 F -17.25 #
coedge $-1 -1 $-1 $4427 $4426 $5179 $5180 forward $4428 $-1 #
edge $-1 -1 $-1 $5181 0 $4429 20 $4426 $5182 forward @7 unknown #
edge $-1 -1 $-1 $5183 0 $4430 20 $4427 $5184 forward @7 unknown #
face $5185 -1 $-1 $5177 $4428 $25 $-1 $5186 forward single #
point $-1 -1 $-1 98 27.5 47 #
point $-1 -1 $-1 100 27.5 47 #
coedge $-1 -1 $-1 $4526 $5187 $4432 $4801 forward $4891 $-1 #
edge $-1 -1 $-1 $4809 -15.85000000000000142 $4802 -12.75 $4432 $5188 forward @7 unknown #
vertex $-1 -1 $-1 $4434 $5189 #
straight-curve $-1 -1 $-1 23.75 27.5 27 1 0 0 F 50.75 F 76.25 #
coedge $-1 -1 $-1 $4436 $4435 $4534 $4897 reversed $4437 $-1 #
face $5190 -1 $-1 $5191 $4437 $25 $-1 $5192 forward single #
point $-1 -1 $-1 100 27.5 27 #
coedge $-1 -1 $-1 $4517 $4440 $5187 $5193 reversed $4163 $-1 #
coedge $-1 -1 $-1 $4440 $4515 $4442 $4812 forward $4163 $-1 #
vertex $-1 -1 $-1 $4801 $5194 #
straight-curve $-1 -1 $-1 25 27.5 30.10000000000000142 1 0 0 F 49.5 F 69.70000000000000284 #
coedge $-1 -1 $-1 $4443 $4442 $5195 $5196 reversed $4444 $-1 #
edge $-1 -1 $-1 $5197 0 $4445 18.19999999999999574 $4808 $5198 forward @7 unknown #
point $-1 -1 $-1 94.70000000000000284 27.5 30.10000000000000142 #
coedge $-1 -1 $-1 $5195 $5199 $4447 $4815 forward $5200 $-1 #
edge $-1 -1 $-1 $4876 0 $4816 47.20000000000000284 $4447 $5201 forward @7 unknown #
vertex $-1 -1 $-1 $4448 $5202 #
straight-curve $-1 -1 $-1 94.70000000000000284 9.300000000000000711 29.00000000000000355 0 1 0 F 0 F 18.19999999999999574 #
vertex $-1 -1 $-1 $4537 $5203 #
straight-curve $-1 -1 $-1 100 3.000000000000000444 29.00000000000000355 0 1 0 F 0 F 24.5 #
DXID-attrib $-1 -1 $-1 $-1 $4450 @10 ASM ENTITY @2 89 #
plane-surface $-1 -1 $-1 45 3.000000000000000444 29.00000000000000355 0 0 1 1 0 0 forward_v I I I I #
straight-curve $-1 -1 $-1 51.75000000000000711 21.25 1.199999999999999956 1 0 0 F 0 F 8.499999999999996447 #
coedge $-1 -1 $-1 $4823 $4823 $5075 $5204 reversed $4461 $-1 #
DXID-attrib $-1 -1 $-1 $-1 $4462 @10 ASM ENTITY @3 120 #
face $5205 -1 $-1 $5206 $4735 $25 $-1 $5207 reversed single #
plane-surface $-1 -1 $-1 51.75000000000000711 16.80000000000000071 1.199999999999999956 0 0 1 1 0 0 forward_v I I I I #
edge $-1 -1 $-1 $5208 0 $5208 6.283185307179586232 $4464 $5209 forward @7 unknown #
coedge $-1 -1 $-1 $5210 $5211 $4468 $4829 reversed $5212 $-1 #
edge $-1 -1 $-1 $4833 -14.24999999999999822 $4838 -1.25 $4468 $5213 forward @7 unknown #
coedge $-1 -1 $-1 $5214 $4469 $4474 $4842 forward $4832 $-1 #
coedge $-1 -1 $-1 $4469 $5214 $5210 $5215 reversed $4832 $-1 #
loop $-1 -1 $-1 $-1 $4830 $5216 #
vertex $-1 -1 $-1 $4470 $5217 #
straight-curve $-1 -1 $-1 72.5 9.25 75.5 0 1 0 F 1.25 F 4.750000000000000888 #
coedge $-1 -1 $-1 $5218 $4471 $5211 $5219 forward $4837 $-1 #
coedge $-1 -1 $-1 $4471 $5218 $4473 $4841 reversed $4837 $-1 #
loop $-1 -1 $-1 $-1 $4836 $5220 #
vertex $-1 -1 $-1 $4829 $5221 #
straight-curve $-1 -1 $-1 59.5 9.25 75.5 0 1 0 F 1.25 F 4.750000000000000888 #
coedge $-1 -1 $-1 $4474 $4473 $5222 $5223 forward $4475 $-1 #
edge $-1 -1 $-1 $4477 1.000000000000005329 $5224 3.599999999999994316 $4473 $5225 forward @7 unknown #
edge $-1 -1 $-1 $4476 1.000000000000005329 $5226 3.599999999999994316 $4474 $5227 forward @7 unknown #
face $5228 -1 $-1 $5216 $4475 $25 $-1 $5229 forward single #
point $-1 -1 $-1 72.5 10.5 75.5 #
point $-1 -1 $-1 59.5 10.5 75.5 #
vertex $-1 -1 $-1 $4479 $5230 #
ellipse-curve $-1 -1 $-1 104 15 77 0 0 1 7.000000000000000888 0 0 1 I I #
straight-curve $-1 -1 $-1 4.5 9.5 35 1 0 0 F 0 F 9.500000000000001776 #
coedge $-1 -1 $-1 $5231 $4482 $5232 $5233 forward $4121 $-1 #
coedge $-1 -1 $-1 $4482 $5231 $5234 $5235 reversed $4121 $-1 #
coedge $-1 -1 $-1 $4497 $4496 $4482 $4852 forward $4498 $-1 #
edge $-1 -1 $-1 $5236 -6.500000000000000888 $5237 -0.999999999999999778 $4482 $5238 forward @7 unknown #
DXID-attrib $-1 -1 $-1 $-1 $4484 @10 ASM ENTITY @2 96 #
plane-surface $-1 -1 $-1 94.70000000000000284 9.300000000000000711 29.00000000000000355 1 0 0 0 0 1 forward_v I I I I #
DXID-attrib $-1 -1 $-1 $-1 $4490 @10 ASM ENTITY @3 143 #
face $5239 -1 $-1 $5240 $4498 $25 $-1 $5241 forward single #
plane-surface $-1 -1 $-1 4.5 9.5 35 0 1 0 0 0 1 forward_v I I I I #
coedge $-1 -1 $-1 $5242 $5243 $4491 $4859 forward $5244 $-1 #
edge $-1 -1 $-1 $4868 -6.500000000000000888 $4863 -0.999999999999999778 $4491 $5245 forward @7 unknown #
coedge $-1 -1 $-1 $5234 $4492 $4497 $4871 reversed $4862 $-1 #
coedge $-1 -1 $-1 $4492 $5234 $5242 $5246 forward $4862 $-1 #
loop $-1 -1 $-1 $-1 $4860 $5247 #
vertex $-1 -1 $-1 $4493 $5248 #
straight-curve $-1 -1 $-1 6.5 10 49 0 1 0 F 0.5000000000000004441 F 2.5 #
coedge $-1 -1 $-1 $5232 $4494 $5243 $5249 reversed $4867 $-1 #
coedge $-1 -1 $-1 $4494 $5232 $4496 $4870 forward $4867 $-1 #
loop $-1 -1 $-1 $-1 $4866 $5240 #
vertex $-1 -1 $-1 $4859 $5250 #
straight-curve $-1 -1 $-1 12.00000000000000178 10 49 0 1 0 F 0.5000000000000004441 F 2.5 #
edge $-1 -1 $-1 $5236 0.9999999999999964473 $4499 15 $4496 $5251 forward @7 unknown #
edge $-1 -1 $-1 $5237 0.9999999999999964473 $4500 15 $4497 $5252 forward @7 unknown #
point $-1 -1 $-1 12.00000000000000178 10.5 49 #
point $-1 -1 $-1 6.5 10.5 49 #
coedge $-1 -1 $-1 $4503 $4502 $5199 $5253 forward $4504 $-1 #
face $5254 -1 $-1 $3380 $4504 $25 $-1 $5255 reversed single #
vertex $-1 -1 $-1 $4815 $5256 #
straight-curve $-1 -1 $-1 47.5 9.300000000000000711 29.00000000000000355 0 1 0 F 0 F 18.19999999999999574 #
straight-curve $-1 -1 $-1 45.70000000000000284 7.5 29.00000000000000355 0 0 1 F 0 F 2.999999999999998224 #
point $-1 -1 $-1 45.70000000000000284 7.5 29.00000000000000355 #
coedge $-1 -1 $-1 $5199 $5195 $4515 $4881 reversed $5200 $-1 #
edge $-1 -1 $-1 $4882 0 $5197 47.20000000000000284 $4515 $5257 forward @7 unknown #
vertex $-1 -1 $-1 $4516 $5258 #
straight-curve $-1 -1 $-1 47.5 9.300000000000000711 30.10000000000000142 0 1 0 F 0 F 18.19999999999999574 #
coedge $-1 -1 $-1 $4528 $4520 $4517 $4885 reversed $4529 $-1 #
edge $-1 -1 $-1 $5259 -17.5 $4522 -9.500000000000001776 $4517 $5260 forward @7 unknown #
DXID-attrib $-1 -1 $-1 $-1 $4518 @10 ASM ENTITY @2 90 #
plane-surface $-1 -1 $-1 47.5 9.300000000000000711 30.10000000000000142 0 0 1 1 0 0 forward_v I I I I #
straight-curve $-1 -1 $-1 66.5 14.30000000000000071 26 0 0 1 F 1.000000000000000888 F 4.100000000000001421 #
point $-1 -1 $-1 66.5 14.30000000000000071 30.10000000000000142 #
coedge $-1 -1 $-1 $5187 $4526 $4528 $4893 forward $4891 $-1 #
loop $-1 -1 $-1 $-1 $4890 $5191 #
straight-curve $-1 -1 $-1 74.5 8.650000000000000355 27 0 1 0 F 5.650000000000000355 F 18.84999999999999787 #
edge $-1 -1 $-1 $4530 1.000000000000000888 $5259 4.100000000000001421 $4890 $5261 forward @7 unknown #
face $5262 -1 $-1 $5263 $4529 $25 $-1 $5264 forward single #
point $-1 -1 $-1 74.5 14.30000000000000071 27 #
straight-curve $-1 -1 $-1 100 3.000000000000000444 27 0 1 0 F 0 F 24.5 #
edge $-1 -1 $-1 $4535 0 $4818 2.000000000000001776 $4804 $5265 forward @7 unknown #
point $-1 -1 $-1 100 3.000000000000000444 27 #
straight-curve $-1 -1 $-1 45 3.000000000000000444 29.00000000000000355 1 0 0 F 0 F 55 #
DXID-attrib $-1 -1 $-1 $-1 $4538 @10 ASM ENTITY @3 140 #
plane-surface $-1 -1 $-1 45 3.000000000000000444 27 0 1 0 0 0 1 forward_v I I I I #
coedge $-1 -1 $-1 $5266 $4545 $5267 $5268 forward $4196 $-1 #
coedge $-1 -1 $-1 $4545 $5266 $5269 $5270 reversed $4196 $-1 #
coedge $-1 -1 $-1 $5271 $5272 $4545 $4905 forward $5273 $-1 #
edge $-1 -1 $-1 $5274 -14.24999999999999822 $5275 -1.25 $4545 $5276 forward @7 unknown #
coedge $-1 -1 $-1 $5277 $5278 $4546 $4907 reversed $5279 $-1 #
edge $-1 -1 $-1 $4911 40 $4916 52.00000000000000711 $4546 $5280 forward @7 unknown #
coedge $-1 -1 $-1 $5281 $4547 $4552 $4920 forward $4910 $-1 #
coedge $-1 -1 $-1 $4547 $5282 $5277 $5283 reversed $4910 $-1 #
loop $-1 -1 $-1 $-1 $4908 $5284 #
vertex $-1 -1 $-1 $4548 $5285 #
straight-curve $-1 -1 $-1 80 0 36.5 0 0 -1 F -38.75 F -36.5 #
coedge $-1 -1 $-1 $5286 $4549 $5278 $5287 forward $4915 $-1 #
coedge $-1 -1 $-1 $4549 $5288 $4551 $4919 reversed $4915 $-1 #
loop $-1 -1 $-1 $-1 $4914 $5289 #
vertex $-1 -1 $-1 $4907 $5290 #
straight-curve $-1 -1 $-1 92.00000000000001421 0 36.5 0 0 -1 F -38.75 F -36.5 #
coedge $-1 -1 $-1 $4552 $4551 $5291 $5292 forward $4553 $-1 #
edge $-1 -1 $-1 $4555 0.01000000000000000021 $5293 10.76996015936299855 $4551 $5294 forward @7 unknown #
edge $-1 -1 $-1 $4554 0.01000000000000000021 $5295 10.76996015936299855 $4552 $5296 forward @7 unknown #
face $5297 -1 $-1 $5284 $4553 $27 $-1 $5298 forward single #
point $-1 -1 $-1 80 0 75.25 #
point $-1 -1 $-1 92.00000000000001421 0 75.25 #
coedge $-1 -1 $-1 $5299 $4557 $4560 $4930 forward $4926 $-1 #
coedge $-1 -1 $-1 $4557 $5299 $4564 $4934 reversed $4926 $-1 #
loop $-1 -1 $-1 $-1 $4924 $5300 #
straight-curve $-1 -1 $-1 30 0 73 1 0 0 F 30 F 42 #
coedge $-1 -1 $-1 $5301 $4559 $5302 $5303 reversed $4561 $-1 #
coedge $-1 -1 $-1 $4560 $5304 $5305 $5306 reversed $4561 $-1 #
edge $-1 -1 $-1 $4562 0.01000000000000000021 $5307 14.00999999999999979 $4560 $5308 forward @7 unknown #
face $5309 -1 $-1 $4936 $4561 $27 $-1 $5310 reversed single #
point $-1 -1 $-1 60 0 73 #
coedge $-1 -1 $-1 $5311 $4564 $5312 $5313 forward $4566 $-1 #
edge $-1 -1 $-1 $4567 0.01000000000000000021 $5314 14.00999999999999979 $4564 $5315 forward @7 unknown #
coedge $-1 -1 $-1 $4565 $5316 $5317 $5318 forward $4566 $-1 #
face $5319 -1 $-1 $5300 $4566 $27 $-1 $5320 forward single #
point $-1 -1 $-1 72 0 73 #
coedge $-1 -1 $-1 $5317 $5302 $4569 $4939 reversed $5321 $-1 #
edge $-1 -1 $-1 $4940 -12.00000000000000178 $4942 0 $4569 $5322 forward @7 unknown #
vertex $-1 -1 $-1 $4570 $5323 #
straight-curve $-1 -1 $-1 72 -0.01000000000000000021 75.25 0 1 0 F 0.01000000000000000021 F 10.76996015936299855 #
vertex $-1 -1 $-1 $4571 $5324 #
straight-curve $-1 -1 $-1 60 -0.01000000000000000021 75.25 0 1 0 F 0.01000000000000000021 F 10.76996015936299855 #
DXID-attrib $-1 -1 $-1 $-1 $4572 @10 ASM ENTITY @2 60 #
plane-surface $-1 -1 $-1 60 -0.01000000000000000021 75.25 0 0 1 1 0 0 forward_v I I I I #
coedge $-1 -1 $-1 $5325 $5326 $4575 $4947 reversed $5327 $-1 #
edge $-1 -1 $-1 $4950 29.64999999999999858 $4971 65.64999999999999147 $4575 $5328 forward @7 unknown #
coedge $-1 -1 $-1 $4584 $4576 $5329 $5330 reversed $4218 $-1 #
coedge $-1 -1 $-1 $4576 $4583 $5325 $5331 forward $4218 $-1 #
vertex $-1 -1 $-1 $4577 $5332 #
straight-curve $-1 -1 $-1 59.29999999999999716 0 16.375 0 0 -1 F -22.12499999999999645 F -16.375 #
coedge $-1 -1 $-1 $4579 $4578 $5333 $5334 reversed $4580 $-1 #
coedge $-1 -1 $-1 $4585 $5335 $4578 $4954 reversed $4964 $-1 #
edge $-1 -1 $-1 $4219 0.1000000000000000194 $5336 0.7000000000000000666 $4578 $5337 forward @7 unknown #
coedge $-1 -1 $-1 $5338 $5329 $4579 $4956 forward $5339 $-1 #
edge $-1 -1 $-1 $4581 0.1000000000000000194 $5340 0.7000000000000000666 $4579 $5341 forward @7 unknown #
face $5342 -1 $-1 $4978 $4580 $27 $-1 $5343 reversed single #
point $-1 -1 $-1 59.29999999999999716 0 38.5 #
coedge $-1 -1 $-1 $4602 $5344 $4583 $4960 forward $4990 $-1 #
edge $-1 -1 $-1 $5345 0 $4606 19.5 $4583 $5346 forward @7 unknown #
coedge $-1 -1 $-1 $5347 $5348 $4584 $4962 reversed $5349 $-1 #
edge $-1 -1 $-1 $5350 0 $4965 8.000000000000001776 $4584 $5351 forward @7 unknown #
coedge $-1 -1 $-1 $5352 $4585 $5348 $5353 forward $4964 $-1 #
loop $-1 -1 $-1 $-1 $4585 $5073 #
vertex $-1 -1 $-1 $4962 $5354 #
straight-curve $-1 -1 $-1 59.29999999999999716 -0.1000000000000000194 46.5 0 1 0 F 0 F 0.1000000000000000194 #
DXID-attrib $-1 -1 $-1 $-1 $4587 @10 ASM ENTITY @2 55 #
plane-surface $-1 -1 $-1 59.29999999999999716 -1.300000000000000044 32.75 1 0 0 0 0 1 forward_v I I I I #
coedge $-1 -1 $-1 $4599 $4589 $5326 $5355 reversed $4226 $-1 #
coedge $-1 -1 $-1 $4589 $4596 $5356 $5357 forward $4226 $-1 #
vertex $-1 -1 $-1 $4947 $5358 #
straight-curve $-1 -1 $-1 95.29999999999999716 0 16.375 0 0 -1 F -22.12499999999999645 F -16.375 #
coedge $-1 -1 $-1 $4592 $4591 $5359 $5360 forward $4593 $-1 #
coedge $-1 -1 $-1 $5356 $5361 $4591 $4975 reversed $5362 $-1 #
edge $-1 -1 $-1 $4594 0.1000000000000000194 $5363 0.7000000000000000666 $4591 $5364 forward @7 unknown #
coedge $-1 -1 $-1 $5365 $4597 $4592 $4977 forward $4983 $-1 #
edge $-1 -1 $-1 $4227 0.1000000000000000194 $5366 0.7000000000000000666 $4592 $5367 forward @7 unknown #
face $5368 -1 $-1 $5369 $4593 $27 $-1 $5370 forward single #
point $-1 -1 $-1 95.29999999999999716 0 38.5 #
coedge $-1 -1 $-1 $5371 $5372 $4596 $4981 forward $5373 $-1 #
edge $-1 -1 $-1 $5374 0 $4984 8.000000000000001776 $4596 $5375 forward @7 unknown #
coedge $-1 -1 $-1 $4597 $5376 $5371 $5377 forward $4983 $-1 #
loop $-1 -1 $-1 $-1 $5376 $5378 #
vertex $-1 -1 $-1 $4598 $5379 #
straight-curve $-1 -1 $-1 95.29999999999999716 -0.1000000000000000194 46.5 0 1 0 F 0 F 0.1000000000000000194 #
coedge $-1 -1 $-1 $5344 $4602 $4599 $4987 reversed $4990 $-1 #
edge $-1 -1 $-1 $5380 0 $4604 19.5 $4599 $5381 forward @7 unknown #
DXID-attrib $-1 -1 $-1 $-1 $4600 @10 ASM ENTITY @2 56 #
plane-surface $-1 -1 $-1 95.29999999999999716 -1.300000000000000044 32.75 1 0 0 0 0 1 forward_v I I I I #
loop $-1 -1 $-1 $4342 $5344 $4706 #
straight-curve $-1 -1 $-1 59.29999999999999716 -1.300000000000000044 52.25000000000000711 1 0 0 F 0 F 35.99999999999999289 #
point $-1 -1 $-1 95.29999999999999716 -1.300000000000000044 52.25000000000000711 #
point $-1 -1 $-1 59.29999999999999716 -1.300000000000000044 52.25000000000000711 #
coedge $-1 -1 $-1 $4612 $4618 $4610 $4995 reversed $4624 $-1 #
edge $-1 -1 $-1 $4614 0 $4620 20.99999999999999645 $4610 $5382 forward @7 unknown #
DXID-attrib $-1 -1 $-1 $-1 $4611 @10 ASM ENTITY @2 53 #
plane-surface $-1 -1 $-1 59 -0.01000000000000000021 52.80000000000000426 0 0 1 1 0 0 forward_v I I I I #
straight-curve $-1 -1 $-1 59 7.200000000000001066 52.80000000000000426 0 0 1 F 0 F 1.900000000000003908 #
point $-1 -1 $-1 59 7.200000000000001066 52.80000000000000426 #
straight-curve $-1 -1 $-1 80 7.200000000000001066 52.80000000000000426 0 0 1 F 0 F 1.900000000000003908 #
point $-1 -1 $-1 80 7.200000000000001066 52.80000000000000426 #
face $5383 -1 $-1 $4706 $4624 $27 $-1 $5384 forward single #
coedge $-1 -1 $-1 $4652 $4628 $5385 $5386 forward $2099 $-1 #
coedge $-1 -1 $-1 $5387 $5388 $4628 $5005 reversed $5389 $-1 #
edge $-1 -1 $-1 $5009 -38.5 $5390 -36.38733971723999616 $4628 $5391 forward @7 unknown #
coedge $-1 -1 $-1 $5392 $4629 $4632 $5012 forward $5008 $-1 #
coedge $-1 -1 $-1 $4629 $5392 $5387 $5393 reversed $5008 $-1 #
loop $-1 -1 $-1 $-1 $4629 $5394 #
vertex $-1 -1 $-1 $4630 $5395 #
ellipse-curve $-1 -1 $-1 115 0 75 0 -1 0 0 0 2.25 1 F -1.570796326794896558 F 0 #
coedge $-1 -1 $-1 $4632 $4631 $5396 $5397 forward $4633 $-1 #
edge $-1 -1 $-1 $4634 0 $5398 4 $4632 $5399 forward @14 tangent_not_g2 #
face $5400 -1 $-1 $5045 $4633 $27 $-1 $5401 forward single #
point $-1 -1 $-1 117.2500000000000142 0 75 #
coedge $-1 -1 $-1 $4644 $5396 $4636 $5016 forward $5031 $-1 #
edge $-1 -1 $-1 $5017 1.570796326794896558 $4646 3.141592653589793116 $4636 $5402 forward @7 unknown #
vertex $-1 -1 $-1 $5016 $5403 #
straight-curve $-1 -1 $-1 117.2500000000000142 0 5 0 1 0 F 0 F 4 #
DXID-attrib $-1 -1 $-1 $-1 $4638 @10 ASM ENTITY @2 41 #
cone-surface $-1 -1 $-1 115 0 5 0 1 0 2.25 0 0 1 I I 0 1 2.25 forward I I I I #
coedge $-1 -1 $-1 $5404 $4640 $5405 $5406 reversed $3866 $-1 #
coedge $-1 -1 $-1 $5407 $5408 $4640 $5023 reversed $5409 $-1 #
edge $-1 -1 $-1 $5025 0.01000000000000000888 $5410 13.21693069306900092 $4640 $5411 forward @7 unknown #
coedge $-1 -1 $-1 $4641 $5412 $5407 $5413 forward $4292 $-1 #
vertex $-1 -1 $-1 $4642 $5414 #
straight-curve $-1 -1 $-1 2.75 4 2.75 1 0 0 F 2.249999999999999556 F 13.25000000000000178 #
coedge $-1 -1 $-1 $4643 $5415 $5416 $5417 reversed $3866 $-1 #
coedge $-1 -1 $-1 $5418 $5419 $4643 $5029 forward $5420 $-1 #
edge $-1 -1 $-1 $5032 0.01000000000000000888 $5421 13.21693069306900092 $4643 $5422 forward @7 unknown #
coedge $-1 -1 $-1 $5423 $4644 $5419 $5424 reversed $5031 $-1 #
loop $-1 -1 $-1 $-1 $5030 $5425 #
vertex $-1 -1 $-1 $5029 $5426 #
straight-curve $-1 -1 $-1 2.75 4 2.75 1 0 0 F 57.24999999999999289 F 112.2499999999999858 #
point $-1 -1 $-1 115 4 2.75 #
coedge $-1 -1 $-1 $5427 $5428 $4652 $5036 reversed $5429 $-1 #
edge $-1 -1 $-1 $5430 -70.90000000000000568 $5040 -1.600000000000000311 $4652 $5431 forward @7 unknown #
coedge $-1 -1 $-1 $5432 $4653 $5428 $5433 forward $5039 $-1 #
coedge $-1 -1 $-1 $4653 $5432 $4655 $5043 reversed $5039 $-1 #
loop $-1 -1 $-1 $-1 $5037 $5434 #
vertex $-1 -1 $-1 $5036 $5435 #
ellipse-curve $-1 -1 $-1 114.6500000000000199 0 5.350000000000000533 0 1 0 0.5999999999999999778 0 0 1 F 0 F 1.570796326794896558 #
coedge $-1 -1 $-1 $5436 $4655 $5423 $5437 reversed $4657 $-1 #
edge $-1 -1 $-1 $4658 1 $5438 5 $4655 $5439 forward @14 tangent_not_g2 #
coedge $-1 -1 $-1 $4656 $5440 $5412 $5441 reversed $4657 $-1 #
face $5442 -1 $-1 $5394 $4657 $27 $-1 $5443 forward single #
point $-1 -1 $-1 114.6500000000000199 0 4.75 #
coedge $-1 -1 $-1 $5412 $4664 $4660 $5048 reversed $4292 $-1 #
edge $-1 -1 $-1 $5049 -1.570796326794896558 $4666 0 $4660 $5444 forward @7 unknown #
vertex $-1 -1 $-1 $4661 $5445 #
straight-curve $-1 -1 $-1 5.350000000000000533 -1 4.75 0 1 0 F 1 F 5 #
DXID-attrib $-1 -1 $-1 $-1 $4662 @10 ASM ENTITY @2 42 #
cone-surface $-1 -1 $-1 5.350000000000000533 -1 5.350000000000000533 0 1 0 -0.5999999999999999778 0 0 1 I I 0 1 0.5999999999999999778 forward I I I I #
straight-curve $-1 -1 $-1 4.75 4 3.75 0 0 -1 F -34.25 F -1.600000000000000311 #
point $-1 -1 $-1 4.75 4 5.350000000000000533 #
DXID-attrib $-1 -1 $-1 $-1 $4672 @10 ASM ENTITY @2 79 #
face $5446 -1 $-1 $5447 $5409 $27 $-1 $5448 reversed single #
plane-surface $-1 -1 $-1 2.75 4 2.75 0 1 0 0 0 1 forward_v I I I I #
coedge $-1 -1 $-1 $4679 $4685 $4676 $5059 reversed $4686 $-1 #
edge $-1 -1 $-1 $4681 0 $4692 5.999999999999996447 $4676 $5449 forward @7 unknown #
coedge $-1 -1 $-1 $5060 $5060 $5450 $5451 reversed $4677 $-1 #
DXID-attrib $-1 -1 $-1 $-1 $4678 @10 ASM ENTITY @2 76 #
plane-surface $-1 -1 $-1 47.5 -2 46.90000000000000568 0 1 0 0 0 1 forward_v I I I I #
straight-curve $-1 -1 $-1 47.5 -2.600000000000000089 46.90000000000000568 0 -1 0 F -0.5999999999999999778 F 0 #
point $-1 -1 $-1 47.5 -2 46.90000000000000568 #
straight-curve $-1 -1 $-1 47.5 -2.600000000000000089 52.89999999999999858 0 -1 0 F -0.5999999999999999778 F 0 #
point $-1 -1 $-1 47.5 -2 52.89999999999999858 #
straight-curve $-1 -1 $-1 62.30000000000000426 -1.300000000000000044 33.625 0 0 1 F 0.8749999999999991118 F 16.87500000000000355 #
DXID-attrib $-1 -1 $-1 $-1 $4704 @10 ASM ENTITY @3 115 #
face $5452 -1 $-1 $5453 $5454 $27 $-1 $5455 reversed single #
loop $-1 -1 $-1 $5456 $5457 $4704 #
cone-surface $-1 -1 $-1 49.40000000000000568 -2.009999999999999787 49.90000000000000568 0 1 0 0 0 1.25 1 I I 0 1 1.25 forward I I I I #
DXID-attrib $-1 -1 $-1 $-1 $4706 @10 ASM ENTITY @2 91 #
face $5458 -1 $-1 $5459 $4964 $27 $-1 $5460 forward single #
plane-surface $-1 -1 $-1 59.29999999999999716 -1.300000000000000044 32.75 0 1 0 0 0 1 forward_v I I I I #
coedge $-1 -1 $-1 $5075 $5075 $4823 $5204 forward $4711 $-1 #
DXID-attrib $-1 -1 $-1 $-1 $4712 @10 ASM ENTITY @3 130 #
cone-surface $-1 -1 $-1 56.00000000000000711 19.75 -1 0 0 1 1.100000000000000089 0 0 1 I I 0 1 1.100000000000000089 forward I I I I #
coedge $-1 -1 $-1 $5461 $4717 $5462 $5463 reversed $2946 $-1 #
coedge $-1 -1 $-1 $4722 $5464 $4717 $5080 reversed $5090 $-1 #
edge $-1 -1 $-1 $4724 -26.79999999999999716 $5465 -25.70000000000000284 $4717 $5466 forward @7 unknown #
coedge $-1 -1 $-1 $5467 $5468 $4718 $5082 reversed $5469 $-1 #
edge $-1 -1 $-1 $5084 0 $5117 2.430000000000003268 $4718 $5470 forward @7 unknown #
coedge $-1 -1 $-1 $4719 $4734 $5467 $5471 forward $4735 $-1 #
vertex $-1 -1 $-1 $4720 $5472 #
straight-curve $-1 -1 $-1 92.27000000000001023 9.300000000000000711 55 0 1 0 F 0 F 17.19999999999999929 #
coedge $-1 -1 $-1 $4721 $5473 $5474 $5475 reversed $4034 $-1 #
coedge $-1 -1 $-1 $5476 $5477 $4721 $5088 reversed $5478 $-1 #
edge $-1 -1 $-1 $5479 0 $5091 3.219999999999991758 $4721 $5480 forward @7 unknown #
coedge $-1 -1 $-1 $5464 $4722 $5477 $5481 reversed $5090 $-1 #
loop $-1 -1 $-1 $-1 $4722 $5482 #
vertex $-1 -1 $-1 $5088 $5483 #
straight-curve $-1 -1 $-1 87.87000000000000455 9.300000000000000711 55 0 1 0 F 0 F 18.19999999999999574 #
point $-1 -1 $-1 87.87000000000000455 27.5 55 #
coedge $-1 -1 $-1 $5484 $4726 $5485 $5486 forward $4034 $-1 #
coedge $-1 -1 $-1 $5487 $5488 $4726 $5096 forward $5489 $-1 #
edge $-1 -1 $-1 $5490 0 $5103 18.19999999999999574 $4726 $5491 forward @7 unknown #
coedge $-1 -1 $-1 $4727 $5111 $5492 $5493 forward $4034 $-1 #
coedge $-1 -1 $-1 $5494 $5495 $4727 $5099 reversed $5496 $-1 #
edge $-1 -1 $-1 $5497 0 $5102 20 $4727 $5498 forward @7 unknown #
coedge $-1 -1 $-1 $4754 $4728 $5495 $5499 forward $2946 $-1 #
coedge $-1 -1 $-1 $4728 $5500 $5487 $5501 reversed $2946 $-1 #
vertex $-1 -1 $-1 $4729 $5502 #
vertex $-1 -1 $-1 $5501 $5503 #
straight-curve $-1 -1 $-1 23.75 27.5 55 1 0 0 F 21.95000000000000284 F 32.96000000000000085 #
coedge $-1 -1 $-1 $5504 $4732 $4744 $5119 reversed $5107 $-1 #
coedge $-1 -1 $-1 $4732 $5504 $4734 $5109 forward $5107 $-1 #
loop $-1 -1 $-1 $-1 $5106 $5206 #
straight-curve $-1 -1 $-1 93.63500000000000512 26.50000000000000355 53.90000000000000568 -1 0 0 F -1.065000000000004832 F 1.364999999999998437 #
edge $-1 -1 $-1 $5505 0 $4736 17.19999999999999929 $4734 $5506 forward @7 unknown #
point $-1 -1 $-1 92.27000000000001023 26.50000000000000355 53.90000000000000568 #
coedge $-1 -1 $-1 $5097 $4739 $4762 $5139 forward $4034 $-1 #
coedge $-1 -1 $-1 $5123 $5122 $4739 $5113 forward $5124 $-1 #
edge $-1 -1 $-1 $5507 0 $5114 55 $4739 $5508 forward @7 unknown #
vertex $-1 -1 $-1 $4740 $5509 #
straight-curve $-1 -1 $-1 100 3.000000000000000444 55 0 1 0 F 0 F 24.5 #
coedge $-1 -1 $-1 $4744 $4742 $5468 $5510 reversed $4745 $-1 #
vertex $-1 -1 $-1 $5082 $5511 #
straight-curve $-1 -1 $-1 94.70000000000000284 9.300000000000000711 55 0 1 0 F 0 F 17.19999999999999929 #
edge $-1 -1 $-1 $5512 0 $4746 17.19999999999999929 $5105 $5513 forward @7 unknown #
face $5514 -1 $-1 $5515 $4745 $25 $-1 $5516 forward single #
point $-1 -1 $-1 94.70000000000000284 26.50000000000000355 53.90000000000000568 #
coedge $-1 -1 $-1 $5112 $4749 $4751 $5126 reversed $5124 $-1 #
coedge $-1 -1 $-1 $4749 $5112 $4766 $5144 forward $5124 $-1 #
loop $-1 -1 $-1 $-1 $5112 $5515 #
straight-curve $-1 -1 $-1 45 3.000000000000000444 57 1 0 0 F 0 F 55 #
edge $-1 -1 $-1 $5507 0 $4752 2.000000000000001776 $4751 $5517 forward @7 unknown #
point $-1 -1 $-1 45 3.000000000000000444 57 #
coedge $-1 -1 $-1 $5518 $5519 $4754 $5129 forward $5520 $-1 #
edge $-1 -1 $-1 $5133 20.24999999999999645 $5521 22.95000000000000284 $4754 $5522 forward @7 unknown #
coedge $-1 -1 $-1 $5523 $4755 $5519 $5524 reversed $5132 $-1 #
coedge $-1 -1 $-1 $4755 $5523 $4757 $5136 forward $5132 $-1 #
loop $-1 -1 $-1 $-1 $5131 $5525 #
vertex $-1 -1 $-1 $5129 $5526 #
straight-curve $-1 -1 $-1 43 27.5 27.25 0 0 -1 F -27.74999999999999645 F -24.75 #
coedge $-1 -1 $-1 $4758 $4757 $5527 $5528 forward $4759 $-1 #
edge $-1 -1 $-1 $5529 0 $4760 20 $4757 $5530 forward @7 unknown #
face $5531 -1 $-1 $5525 $4759 $25 $-1 $5532 forward single #
point $-1 -1 $-1 43 27.5 55 #
edge $-1 -1 $-1 $5507 0 $5140 4.499999999999999112 $5111 $5533 forward @7 unknown #
vertex $-1 -1 $-1 $5139 $5534 #
straight-curve $-1 -1 $-1 45 3.000000000000000444 55 0 1 0 F 4.499999999999999112 F 24.5 #
DXID-attrib $-1 -1 $-1 $-1 $4764 @10 ASM ENTITY @2 99 #
plane-surface $-1 -1 $-1 45 3.000000000000000444 55 1 0 0 0 0 1 forward_v I I I I #
edge $-1 -1 $-1 $5114 0 $4767 2.000000000000001776 $4766 $5535 forward @7 unknown #
point $-1 -1 $-1 100 3.000000000000000444 57 #
DXID-attrib $-1 -1 $-1 $-1 $4769 @10 ASM ENTITY @3 104 #
face $5536 -1 $-1 $5537 $5489 $25 $-1 $5538 reversed single #
plane-surface $-1 -1 $-1 100 3.000000000000000444 55 1 0 0 0 0 1 forward_v I I I I #
coedge $-1 -1 $-1 $5539 $5540 $4771 $5150 forward $5541 $-1 #
edge $-1 -1 $-1 $5159 49.25000000000000711 $5154 57.24999999999999289 $4771 $5542 forward @7 unknown #
coedge $-1 -1 $-1 $5543 $4772 $4777 $5163 reversed $5153 $-1 #
coedge $-1 -1 $-1 $4772 $5543 $5539 $5544 forward $5153 $-1 #
loop $-1 -1 $-1 $5545 $5151 $5546 #
vertex $-1 -1 $-1 $4773 $5547 #
straight-curve $-1 -1 $-1 109 27.5 30.75 0 0 -1 F -34.24999999999999289 F -28.25 #
coedge $-1 -1 $-1 $5548 $4774 $5540 $5549 reversed $5158 $-1 #
coedge $-1 -1 $-1 $4774 $5548 $4776 $5162 forward $5158 $-1 #
loop $-1 -1 $-1 $5550 $5157 $5551 #
vertex $-1 -1 $-1 $5150 $5552 #
straight-curve $-1 -1 $-1 101.0000000000000142 27.5 30.75 0 0 -1 F -34.24999999999999289 F -28.25 #
coedge $-1 -1 $-1 $4777 $4776 $5553 $5554 forward $4778 $-1 #
edge $-1 -1 $-1 $5555 0 $4779 6.999999999999997335 $4776 $5556 forward @7 unknown #
edge $-1 -1 $-1 $5557 0 $4780 6.999999999999997335 $4777 $5558 forward @7 unknown #
face $5559 -1 $-1 $5551 $4778 $25 $-1 $5560 forward single #
point $-1 -1 $-1 101.0000000000000142 27.5 65 #
point $-1 -1 $-1 109 27.5 65 #
coedge $-1 -1 $-1 $5561 $4782 $4785 $5172 reversed $5169 $-1 #
coedge $-1 -1 $-1 $4782 $5561 $4789 $5176 forward $5169 $-1 #
loop $-1 -1 $-1 $-1 $5168 $5562 #
straight-curve $-1 -1 $-1 50.25 27.5 37 1 0 0 F 47.75 F 49.74999999999999289 #
coedge $-1 -1 $-1 $4785 $4784 $5563 $5564 reversed $4786 $-1 #
edge $-1 -1 $-1 $5565 0 $4787 20 $4785 $5566 forward @7 unknown #
face $5567 -1 $-1 $5562 $4786 $25 $-1 $5568 forward single #
point $-1 -1 $-1 100 27.5 37 #
coedge $-1 -1 $-1 $4790 $4789 $5569 $5570 forward $4791 $-1 #
edge $-1 -1 $-1 $5571 0 $4792 20 $4789 $5572 forward @7 unknown #
face $5573 -1 $-1 $5173 $4791 $25 $-1 $5574 reversed single #
point $-1 -1 $-1 98 27.5 37 #
coedge $-1 -1 $-1 $5569 $5563 $4794 $5180 reversed $5575 $-1 #
edge $-1 -1 $-1 $5181 0 $5183 1.999999999999992895 $4794 $5576 forward @7 unknown #
vertex $-1 -1 $-1 $4795 $5577 #
straight-curve $-1 -1 $-1 98 7.5 47 0 1 0 F 0 F 20 #
vertex $-1 -1 $-1 $5180 $5578 #
straight-curve $-1 -1 $-1 100 7.5 47 0 1 0 F 0 F 20 #
DXID-attrib $-1 -1 $-1 $-1 $4797 @10 ASM ENTITY @3 111 #
plane-surface $-1 -1 $-1 98 7.5 47 0 0 1 1 0 0 forward_v I I I I #
coedge $-1 -1 $-1 $4800 $4890 $4807 $5193 forward $4891 $-1 #
straight-curve $-1 -1 $-1 74.5 27.5 14.25 0 0 -1 F -15.85000000000000142 F -12.75 #
point $-1 -1 $-1 74.5 27.5 27 #
DXID-attrib $-1 -1 $-1 $-1 $4805 @10 ASM ENTITY @2 97 #
face $5579 -1 $-1 $4764 $4891 $25 $-1 $5580 reversed single #
plane-surface $-1 -1 $-1 100 3.000000000000000444 27 1 0 0 0 0 1 forward_v I I I I #
edge $-1 -1 $-1 $5259 2.5 $4809 15.69999999999999751 $4807 $5581 forward @7 unknown #
point $-1 -1 $-1 74.5 27.5 30.10000000000000142 #
coedge $-1 -1 $-1 $4880 $4814 $4811 $5196 forward $5200 $-1 #
edge $-1 -1 $-1 $4816 0 $5197 1.099999999999998757 $4811 $5582 forward @7 unknown #
vertex $-1 -1 $-1 $4881 $5583 #
straight-curve $-1 -1 $-1 94.70000000000000284 9.300000000000000711 30.10000000000000142 0 1 0 F 0 F 18.19999999999999574 #
coedge $-1 -1 $-1 $4814 $4880 $4874 $5253 reversed $5200 $-1 #
loop $-1 -1 $-1 $-1 $4814 $5263 #
straight-curve $-1 -1 $-1 47.5 9.300000000000000711 29.00000000000000355 1 0 0 F 0 F 47.20000000000000284 #
point $-1 -1 $-1 94.70000000000000284 9.300000000000000711 29.00000000000000355 #
point $-1 -1 $-1 100 3.000000000000000444 29.00000000000000355 #
edge $-1 -1 $-1 $5584 0 $5584 6.283185307179586232 $4823 $5585 forward @7 unknown #
DXID-attrib $-1 -1 $-1 $-1 $4825 @10 ASM ENTITY @3 121 #
face $5586 -1 $-1 $5120 $5107 $25 $-1 $5587 reversed single #
plane-surface $-1 -1 $-1 92.27000000000001023 9.300000000000000711 53.90000000000000568 1 0 0 0 0 1 forward_v I I I I #
vertex $-1 -1 $-1 $4827 $5588 #
ellipse-curve $-1 -1 $-1 20 19.75 1.199999999999999956 0 0 1 1.100000000000000089 0 0 1 I I #
coedge $-1 -1 $-1 $5589 $4828 $4831 $5215 forward $5212 $-1 #
coedge $-1 -1 $-1 $4828 $5589 $4835 $5219 reversed $5212 $-1 #
loop $-1 -1 $-1 $-1 $5210 $5590 #
straight-curve $-1 -1 $-1 58.25 14.00000000000000178 75.5 -1 0 0 F -14.24999999999999822 F -1.25 #
coedge $-1 -1 $-1 $4831 $4830 $5591 $5592 forward $4832 $-1 #
edge $-1 -1 $-1 $4833 1.000000000000005329 $5593 3.599999999999994316 $4831 $5594 forward @7 unknown #
face $5595 -1 $-1 $5590 $4832 $25 $-1 $5596 reversed single #
point $-1 -1 $-1 72.5 14.00000000000000178 75.5 #
coedge $-1 -1 $-1 $4836 $4835 $5597 $5598 reversed $4837 $-1 #
edge $-1 -1 $-1 $4838 1.000000000000005329 $5599 3.599999999999994316 $5211 $5600 forward @7 unknown #
face $5601 -1 $-1 $5602 $4837 $25 $-1 $5603 forward single #
point $-1 -1 $-1 59.5 14.00000000000000178 75.5 #
coedge $-1 -1 $-1 $5597 $5591 $4840 $5223 reversed $5604 $-1 #
edge $-1 -1 $-1 $5224 0 $5226 12.99999999999999822 $4840 $5605 forward @7 unknown #
vertex $-1 -1 $-1 $4841 $5606 #
straight-curve $-1 -1 $-1 59.5 10.5 74.5 0 0 1 F 1.000000000000005329 F 3.599999999999994316 #
vertex $-1 -1 $-1 $4842 $5607 #
straight-curve $-1 -1 $-1 72.5 10.5 74.5 0 0 1 F 1.000000000000005329 F 3.599999999999994316 #
DXID-attrib $-1 -1 $-1 $-1 $4843 @10 ASM ENTITY @3 131 #
plane-surface $-1 -1 $-1 59.5 10.5 74.5 0 1 0 0 0 1 forward_v I I I I #
point $-1 -1 $-1 111.0000000000000142 15 77 #
coedge $-1 -1 $-1 $4850 $4849 $5608 $5609 forward $4121 $-1 #
coedge $-1 -1 $-1 $4866 $4865 $4849 $5233 reversed $4867 $-1 #
edge $-1 -1 $-1 $5236 0.5000000000000004441 $5610 2.5 $4849 $5611 forward @7 unknown #
coedge $-1 -1 $-1 $4861 $4860 $4850 $5235 forward $4862 $-1 #
edge $-1 -1 $-1 $5237 0.5000000000000004441 $5612 2.5 $4850 $5613 forward @7 unknown #
vertex $-1 -1 $-1 $4852 $5614 #
vertex $-1 -1 $-1 $4852 $5615 #
straight-curve $-1 -1 $-1 5.5 10.5 35 -1 0 0 F -6.500000000000000888 F -0.999999999999999778 #
DXID-attrib $-1 -1 $-1 $-1 $4856 @10 ASM ENTITY @3 144 #
face $5616 -1 $-1 $5247 $4867 $25 $-1 $5617 reversed single #
plane-surface $-1 -1 $-1 6.5 10.5 34 0 1 0 0 0 1 forward_v I I I I #
coedge $-1 -1 $-1 $5608 $4858 $4861 $5246 reversed $5244 $-1 #
coedge $-1 -1 $-1 $4858 $5608 $4865 $5249 forward $5244 $-1 #
loop $-1 -1 $-1 $-1 $5243 $5618 #
straight-curve $-1 -1 $-1 5.5 12.5 49 -1 0 0 F -6.500000000000000888 F -0.999999999999999778 #
edge $-1 -1 $-1 $5612 0.9999999999999964473 $4863 15 $4861 $5619 forward @7 unknown #
face $5620 -1 $-1 $5618 $4862 $25 $-1 $5621 forward single #
point $-1 -1 $-1 6.5 12.5 49 #
edge $-1 -1 $-1 $5610 0.9999999999999964473 $4868 15 $4865 $5622 forward @7 unknown #
point $-1 -1 $-1 12.00000000000000178 12.5 49 #
straight-curve $-1 -1 $-1 12.00000000000000178 10.5 34 0 0 1 F 0.9999999999999964473 F 15 #
straight-curve $-1 -1 $-1 6.5 10.5 34 0 0 1 F 0.9999999999999964473 F 15 #
edge $-1 -1 $-1 $4876 0 $4882 1.099999999999998757 $4874 $5623 forward @7 unknown #
DXID-attrib $-1 -1 $-1 $-1 $4875 @10 ASM ENTITY @2 91 #
plane-surface $-1 -1 $-1 47.5 9.300000000000000711 29.00000000000000355 1 0 0 0 0 1 forward_v I I I I #
point $-1 -1 $-1 47.5 9.300000000000000711 29.00000000000000355 #
straight-curve $-1 -1 $-1 47.5 9.300000000000000711 30.10000000000000142 1 0 0 F 0 F 47.20000000000000284 #
point $-1 -1 $-1 47.5 9.300000000000000711 30.10000000000000142 #
vertex $-1 -1 $-1 $5193 $5624 #
straight-curve $-1 -1 $-1 57 14.30000000000000071 30.10000000000000142 -1 0 0 F -17.5 F -9.500000000000001776 #
straight-curve $-1 -1 $-1 74.5 14.30000000000000071 26 0 0 1 F 1.000000000000000888 F 4.100000000000001421 #
DXID-attrib $-1 -1 $-1 $-1 $4894 @10 ASM ENTITY @3 141 #
face $5625 -1 $-1 $4490 $5200 $25 $-1 $5626 reversed single #
plane-surface $-1 -1 $-1 66.5 14.30000000000000071 26 0 1 0 0 0 1 forward_v I I I I #
straight-curve $-1 -1 $-1 100 3.000000000000000444 27 0 0 1 F 0 F 2.000000000000001776 #
coedge $-1 -1 $-1 $4903 $4902 $5627 $5628 forward $4196 $-1 #
coedge $-1 -1 $-1 $5629 $5630 $4902 $5268 reversed $5631 $-1 #
edge $-1 -1 $-1 $5274 1.25 $5632 4.750000000000000888 $4902 $5633 forward @7 unknown #
coedge $-1 -1 $-1 $5634 $5635 $4903 $5270 forward $5636 $-1 #
edge $-1 -1 $-1 $5275 1.25 $5637 4.750000000000000888 $4903 $5638 forward @7 unknown #
coedge $-1 -1 $-1 $5639 $4904 $5635 $5640 forward $5273 $-1 #
coedge $-1 -1 $-1 $4904 $5639 $5629 $5641 reversed $5273 $-1 #
loop $-1 -1 $-1 $-1 $5272 $5602 #
vertex $-1 -1 $-1 $4905 $5642 #
vertex $-1 -1 $-1 $4905 $5643 #
straight-curve $-1 -1 $-1 78.25 10.5 75.5 -1 0 0 F -14.24999999999999822 F -1.25 #
coedge $-1 -1 $-1 $5644 $4906 $4909 $5283 forward $5279 $-1 #
coedge $-1 -1 $-1 $4906 $5644 $4913 $5287 reversed $5279 $-1 #
loop $-1 -1 $-1 $-1 $5277 $5645 #
straight-curve $-1 -1 $-1 40 0 73 1 0 0 F 40 F 52.00000000000000711 #
coedge $-1 -1 $-1 $5646 $4908 $5647 $5648 reversed $4910 $-1 #
coedge $-1 -1 $-1 $4909 $5649 $5650 $5651 reversed $4910 $-1 #
edge $-1 -1 $-1 $4911 0.01000000000000000021 $5652 14.00999999999999979 $4909 $5653 forward @7 unknown #
face $5654 -1 $-1 $5289 $4910 $27 $-1 $5655 reversed single #
point $-1 -1 $-1 80 0 73 #
coedge $-1 -1 $-1 $5656 $4913 $5657 $5658 forward $4915 $-1 #
edge $-1 -1 $-1 $4916 0.01000000000000000021 $5659 14.00999999999999979 $4913 $5660 forward @7 unknown #
coedge $-1 -1 $-1 $4914 $5661 $5662 $5663 forward $4915 $-1 #
face $5664 -1 $-1 $5645 $4915 $27 $-1 $5665 forward single #
point $-1 -1 $-1 92.00000000000001421 0 73 #
coedge $-1 -1 $-1 $5662 $5647 $4918 $5292 reversed $5666 $-1 #
edge $-1 -1 $-1 $5293 -12.00000000000001066 $5295 0 $4918 $5667 forward @7 unknown #
vertex $-1 -1 $-1 $4919 $5668 #
straight-curve $-1 -1 $-1 92.00000000000001421 -0.01000000000000000021 75.25 0 1 0 F 0.01000000000000000021 F 10.76996015936299855 #
vertex $-1 -1 $-1 $4920 $5669 #
straight-curve $-1 -1 $-1 80 -0.01000000000000000021 75.25 0 1 0 F 0.01000000000000000021 F 10.76996015936299855 #
DXID-attrib $-1 -1 $-1 $-1 $4921 @10 ASM ENTITY @2 64 #
plane-surface $-1 -1 $-1 80 -0.01000000000000000021 75.25 0 0 1 1 0 0 forward_v I I I I #
coedge $-1 -1 $-1 $4925 $4924 $5670 $5671 forward $4926 $-1 #
face $5672 -1 $-1 $4921 $4926 $27 $-1 $5673 reversed single #
coedge $-1 -1 $-1 $5674 $4928 $5675 $5676 reversed $4561 $-1 #
coedge $-1 -1 $-1 $4938 $5677 $4928 $5303 forward $5321 $-1 #
edge $-1 -1 $-1 $5678 0 $4942 3.528498038537627668 $4928 $5679 forward @7 unknown #
coedge $-1 -1 $-1 $4929 $5674 $5680 $5681 forward $4561 $-1 #
coedge $-1 -1 $-1 $5682 $5670 $4929 $5306 forward $5683 $-1 #
edge $-1 -1 $-1 $5307 0 $5684 2.249999999999996447 $4929 $5685 forward @7 unknown #
vertex $-1 -1 $-1 $5306 $5686 #
straight-curve $-1 -1 $-1 60 -0.01000000000000000021 73 0 1 0 F 0.01000000000000000021 F 14.00999999999999979 #
DXID-attrib $-1 -1 $-1 $-1 $4931 @10 ASM ENTITY @2 61 #
plane-surface $-1 -1 $-1 60 -0.01000000000000000021 73 1 0 0 0 0 1 forward_v I I I I #
coedge $-1 -1 $-1 $5687 $4933 $5688 $5689 reversed $4566 $-1 #
coedge $-1 -1 $-1 $5670 $5682 $4933 $5313 reversed $5683 $-1 #
edge $-1 -1 $-1 $5314 0 $5690 2.249999999999996447 $4933 $5691 forward @7 unknown #
vertex $-1 -1 $-1 $4934 $5692 #
straight-curve $-1 -1 $-1 72 -0.01000000000000000021 73 0 1 0 F 0.01000000000000000021 F 14.00999999999999979 #
coedge $-1 -1 $-1 $4935 $5687 $5693 $5694 forward $4566 $-1 #
coedge $-1 -1 $-1 $5677 $4938 $4935 $5318 reversed $5321 $-1 #
edge $-1 -1 $-1 $5695 0 $4940 3.528498038537627668 $4935 $5696 forward @7 unknown #
DXID-attrib $-1 -1 $-1 $-1 $4936 @10 ASM ENTITY @2 62 #
plane-surface $-1 -1 $-1 72 -0.01000000000000000021 73 1 0 0 0 0 1 forward_v I I I I #
loop $-1 -1 $-1 $-1 $5302 $5697 #
straight-curve $-1 -1 $-1 60 10.75996015936300054 75.25 -1 0 0 F -12.00000000000000178 F 0 #
point $-1 -1 $-1 72 10.75996015936300054 75.25 #
point $-1 -1 $-1 60 10.75996015936300054 75.25 #
coedge $-1 -1 $-1 $5698 $4946 $4949 $5331 reversed $5327 $-1 #
coedge $-1 -1 $-1 $4946 $5698 $4969 $5355 forward $5327 $-1 #
loop $-1 -1 $-1 $-1 $5325 $5369 #
straight-curve $-1 -1 $-1 29.64999999999999858 0 32.75 1 0 0 F 29.64999999999999858 F 65.64999999999999147 #
coedge $-1 -1 $-1 $4955 $5699 $4948 $5330 forward $5339 $-1 #
edge $-1 -1 $-1 $5350 0 $4581 0.1000000000000000194 $4948 $5700 forward @7 unknown #
edge $-1 -1 $-1 $5345 0 $4950 1.300000000000000044 $4949 $5701 forward @7 unknown #
point $-1 -1 $-1 59.29999999999999716 0 32.75 #
coedge $-1 -1 $-1 $5702 $5703 $4952 $5334 forward $5704 $-1 #
edge $-1 -1 $-1 $5340 0 $5336 8.000000000000001776 $4952 $5705 forward @7 unknown #
coedge $-1 -1 $-1 $4953 $5352 $5702 $5706 reversed $4964 $-1 #
vertex $-1 -1 $-1 $4954 $5707 #
straight-curve $-1 -1 $-1 59.29999999999999716 -0.1000000000000000194 46.5 0 1 0 F 0.1000000000000000194 F 0.7000000000000000666 #
coedge $-1 -1 $-1 $5708 $4955 $5703 $5709 forward $5339 $-1 #
loop $-1 -1 $-1 $-1 $5329 $5710 #
vertex $-1 -1 $-1 $5334 $5711 #
straight-curve $-1 -1 $-1 59.29999999999999716 -0.1000000000000000194 38.5 0 1 0 F 0.1000000000000000194 F 0.7000000000000000666 #
DXID-attrib $-1 -1 $-1 $-1 $4957 @10 ASM ENTITY @2 57 #
plane-surface $-1 -1 $-1 59.29999999999999716 -0.1000000000000000194 38.5 1 0 0 0 0 1 forward_v I I I I #
coedge $-1 -1 $-1 $4959 $4986 $5698 $5712 reversed $4990 $-1 #
vertex $-1 -1 $-1 $4960 $5713 #
straight-curve $-1 -1 $-1 59.29999999999999716 -1.300000000000000044 32.75 0 0 1 F 0 F 19.5 #
coedge $-1 -1 $-1 $5714 $4961 $5699 $5715 forward $5349 $-1 #
coedge $-1 -1 $-1 $4961 $5714 $4963 $5353 reversed $5349 $-1 #
loop $-1 -1 $-1 $-1 $5347 $5459 #
vertex $-1 -1 $-1 $5330 $5716 #
straight-curve $-1 -1 $-1 59.29999999999999716 -0.1000000000000000194 38.5 0 0 1 F 0 F 8.000000000000001776 #
coedge $-1 -1 $-1 $5335 $4963 $5717 $5718 forward $4964 $-1 #
edge $-1 -1 $-1 $4965 0 $5719 0.6000000000000049738 $4963 $5720 forward @7 unknown #
point $-1 -1 $-1 59.29999999999999716 -0.1000000000000000194 46.5 #
edge $-1 -1 $-1 $5380 0 $4971 1.300000000000000044 $4969 $5721 forward @7 unknown #
coedge $-1 -1 $-1 $5722 $4974 $4970 $5357 reversed $5362 $-1 #
edge $-1 -1 $-1 $5374 0 $4594 0.1000000000000000194 $4970 $5723 forward @7 unknown #
point $-1 -1 $-1 95.29999999999999716 0 32.75 #
coedge $-1 -1 $-1 $5724 $5725 $4973 $5360 reversed $5726 $-1 #
edge $-1 -1 $-1 $5363 0 $5366 8.000000000000001776 $4973 $5727 forward @7 unknown #
coedge $-1 -1 $-1 $4974 $5728 $5724 $5729 forward $5362 $-1 #
loop $-1 -1 $-1 $-1 $5728 $5730 #
vertex $-1 -1 $-1 $4975 $5731 #
straight-curve $-1 -1 $-1 95.29999999999999716 -0.1000000000000000194 38.5 0 1 0 F 0.1000000000000000194 F 0.7000000000000000666 #
coedge $-1 -1 $-1 $5376 $4976 $5725 $5732 reversed $4983 $-1 #
vertex $-1 -1 $-1 $4977 $5733 #
straight-curve $-1 -1 $-1 95.29999999999999716 -0.1000000000000000194 46.5 0 1 0 F 0.1000000000000000194 F 0.7000000000000000666 #
DXID-attrib $-1 -1 $-1 $-1 $4978 @10 ASM ENTITY @2 58 #
face $5734 -1 $-1 $4572 $5327 $27 $-1 $5735 forward single #
plane-surface $-1 -1 $-1 95.29999999999999716 -0.1000000000000000194 38.5 1 0 0 0 0 1 forward_v I I I I #
coedge $-1 -1 $-1 $5736 $4980 $4982 $5377 reversed $5373 $-1 #
coedge $-1 -1 $-1 $4980 $5736 $5722 $5737 forward $5373 $-1 #
loop $-1 -1 $-1 $-1 $5372 $5738 #
vertex $-1 -1 $-1 $4981 $5739 #
straight-curve $-1 -1 $-1 95.29999999999999716 -0.1000000000000000194 38.5 0 0 1 F 0 F 8.000000000000001776 #
coedge $-1 -1 $-1 $4982 $5365 $5740 $5741 reversed $4983 $-1 #
edge $-1 -1 $-1 $5742 0 $4984 0.5999999999999872102 $4982 $5743 forward @7 unknown #
face $5744 -1 $-1 $5738 $4983 $27 $-1 $5745 forward single #
point $-1 -1 $-1 95.29999999999999716 -0.1000000000000000194 46.5 #
vertex $-1 -1 $-1 $5355 $5746 #
straight-curve $-1 -1 $-1 95.29999999999999716 -1.300000000000000044 32.75 0 0 1 F 0 F 19.5 #
straight-curve $-1 -1 $-1 59 7.200000000000001066 52.80000000000000426 1 0 0 F 0 F 20.99999999999999645 #
DXID-attrib $-1 -1 $-1 $-1 $5002 @10 ASM ENTITY @2 90 #
plane-surface $-1 -1 $-1 59 7.200000000000001066 52.80000000000000426 0 1 0 0 0 1 forward_v I I I I #
coedge $-1 -1 $-1 $5747 $5748 $5003 $5386 reversed $5749 $-1 #
edge $-1 -1 $-1 $5390 -0.9479697413824879071 $5430 0 $5003 $5750 forward @7 unknown #
coedge $-1 -1 $-1 $5751 $5004 $5007 $5393 forward $5389 $-1 #
coedge $-1 -1 $-1 $5004 $5751 $5747 $5752 reversed $5389 $-1 #
loop $-1 -1 $-1 $-1 $5387 $5753 #
vertex $-1 -1 $-1 $5005 $5754 #
straight-curve $-1 -1 $-1 115 0 38.75 0 0 -1 F -38.5 F -36.38733971723999616 #
coedge $-1 -1 $-1 $5007 $5006 $5755 $5756 forward $5008 $-1 #
edge $-1 -1 $-1 $5009 0 $5757 4 $5007 $5758 forward @7 unknown #
face $5759 -1 $-1 $5434 $5008 $27 $-1 $5760 forward single #
point $-1 -1 $-1 115 0 77.25 #
coedge $-1 -1 $-1 $5015 $5755 $5011 $5397 reversed $5031 $-1 #
edge $-1 -1 $-1 $5017 2.249999999999999556 $5398 72.24999999999998579 $5011 $5761 forward @7 unknown #
vertex $-1 -1 $-1 $5397 $5762 #
straight-curve $-1 -1 $-1 117.2500000000000142 0 75 0 1 0 F 0 F 4 #
DXID-attrib $-1 -1 $-1 $-1 $5013 @10 ASM ENTITY @2 43 #
plane-surface $-1 -1 $-1 117.2500000000000142 0 2.75 1 0 0 0 0 1 forward_v I I I I #
ellipse-curve $-1 -1 $-1 115 4 5 0 1 0 0 0 2.25 1 F 1.570796326794896558 F 3.141592653589793116 #
point $-1 -1 $-1 117.2500000000000142 4 5 #
coedge $-1 -1 $-1 $5763 $5021 $5764 $5765 reversed $3866 $-1 #
coedge $-1 -1 $-1 $5766 $5767 $5021 $5406 forward $5768 $-1 #
edge $-1 -1 $-1 $5769 -14.62500000000000355 $5410 -6.625000000000000888 $5021 $5770 forward @7 unknown #
coedge $-1 -1 $-1 $5771 $5022 $5024 $5413 reversed $5409 $-1 #
coedge $-1 -1 $-1 $5022 $5772 $5766 $5773 reversed $5409 $-1 #
loop $-1 -1 $-1 $-1 $5774 $5056 #
vertex $-1 -1 $-1 $5023 $5775 #
straight-curve $-1 -1 $-1 16 3.990000000000000213 2.75 0 1 0 F 0.01000000000000000888 F 13.21693069306900092 #
coedge $-1 -1 $-1 $5024 $5047 $5044 $5441 forward $4292 $-1 #
edge $-1 -1 $-1 $5776 0 $5025 2 $5024 $5777 forward @7 unknown #
point $-1 -1 $-1 16 4 2.75 #
coedge $-1 -1 $-1 $5027 $5763 $5778 $5779 forward $3866 $-1 #
coedge $-1 -1 $-1 $5780 $5781 $5027 $5417 forward $5782 $-1 #
edge $-1 -1 $-1 $5421 -32.62499999999999289 $5783 -24.62499999999999645 $5027 $5784 forward @7 unknown #
coedge $-1 -1 $-1 $5785 $5028 $5781 $5786 forward $5420 $-1 #
coedge $-1 -1 $-1 $5028 $5787 $5030 $5424 forward $5420 $-1 #
loop $-1 -1 $-1 $-1 $5788 $5789 #
vertex $-1 -1 $-1 $5417 $5790 #
straight-curve $-1 -1 $-1 60 3.990000000000000213 2.75 0 1 0 F 0.01000000000000000888 F 13.21693069306900092 #
coedge $-1 -1 $-1 $5791 $5030 $5042 $5437 forward $5031 $-1 #
edge $-1 -1 $-1 $5792 0 $5032 2 $5419 $5793 forward @7 unknown #
face $5794 -1 $-1 $5795 $5031 $27 $-1 $5796 forward single #
point $-1 -1 $-1 60 4 2.75 #
coedge $-1 -1 $-1 $5797 $5035 $5748 $5798 forward $5429 $-1 #
coedge $-1 -1 $-1 $5035 $5797 $5037 $5433 reversed $5429 $-1 #
loop $-1 -1 $-1 $-1 $5035 $5799 #
vertex $-1 -1 $-1 $5386 $5800 #
straight-curve $-1 -1 $-1 115.25 0 3.75 0 0 -1 F -70.90000000000000568 F -1.600000000000000311 #
coedge $-1 -1 $-1 $5038 $5037 $5791 $5801 forward $5039 $-1 #
edge $-1 -1 $-1 $5040 1 $5802 5 $5037 $5803 forward @14 tangent_not_g2 #
face $5804 -1 $-1 $5753 $5039 $27 $-1 $5805 reversed single #
point $-1 -1 $-1 115.25 0 5.350000000000000533 #
coedge $-1 -1 $-1 $5806 $5042 $5787 $5807 reversed $4657 $-1 #
edge $-1 -1 $-1 $5792 56.25 $5438 110.9000000000000057 $5042 $5808 forward @7 unknown #
vertex $-1 -1 $-1 $5043 $5809 #
straight-curve $-1 -1 $-1 114.6500000000000199 -1 4.75 0 1 0 F 1 F 5 #
coedge $-1 -1 $-1 $5044 $5810 $5771 $5811 forward $4657 $-1 #
edge $-1 -1 $-1 $5049 1.600000000000000311 $5776 12.25 $5044 $5812 forward @7 unknown #
DXID-attrib $-1 -1 $-1 $-1 $5045 @10 ASM ENTITY @2 44 #
plane-surface $-1 -1 $-1 4.75 -1 4.75 0 0 1 1 0 0 forward_v I I I I #
ellipse-curve $-1 -1 $-1 5.350000000000000533 4 5.350000000000000533 0 1 0 -0.5999999999999999778 0 0 1 F -1.570796326794896558 F 0 #
point $-1 -1 $-1 5.350000000000000533 4 4.75 #
DXID-attrib $-1 -1 $-1 $-1 $5056 @10 ASM ENTITY @2 80 #
face $5813 -1 $-1 $5814 $5768 $27 $-1 $5815 reversed single #
plane-surface $-1 -1 $-1 16 4.241022907320999735 4.341022907321000268 1 0 0 0 0 1 forward_v I I I I #
straight-curve $-1 -1 $-1 47.5 -2 46.90000000000000568 0 0 1 F 0 F 5.999999999999996447 #
coedge $-1 -1 $-1 $5450 $5450 $5060 $5451 forward $5456 $-1 #
edge $-1 -1 $-1 $5816 0 $5816 6.283185307179586232 $5060 $5817 forward @7 unknown #
DXID-attrib $-1 -1 $-1 $-1 $5069 @10 ASM ENTITY @3 116 #
face $5818 -1 $-1 $5819 $5820 $27 $-1 $5821 reversed single #
loop $-1 -1 $-1 $-1 $5822 $5069 #
plane-surface $-1 -1 $-1 16 17.89999999999999858 1.750000000000000222 0 0 1 0 1 0 forward_v I I I I #
loop $-1 -1 $-1 $-1 $5450 $4704 #
coedge $-1 -1 $-1 $5457 $5457 $5823 $5824 reversed $5070 $-1 #
DXID-attrib $-1 -1 $-1 $-1 $5073 @10 ASM ENTITY @2 92 #
face $5825 -1 $-1 $5710 $5349 $27 $-1 $5826 reversed single #
plane-surface $-1 -1 $-1 59.29999999999999716 -0.1000000000000000194 46.5 0 0 1 1 0 0 forward_v I I I I #
coedge $-1 -1 $-1 $5827 $5078 $5828 $5829 reversed $2946 $-1 #
coedge $-1 -1 $-1 $5830 $5831 $5078 $5463 forward $5832 $-1 #
edge $-1 -1 $-1 $5833 41.07500000000000284 $5465 44.2949999999999946 $5078 $5834 forward @7 unknown #
coedge $-1 -1 $-1 $5079 $5089 $5830 $5835 forward $5090 $-1 #
vertex $-1 -1 $-1 $5080 $5836 #
straight-curve $-1 -1 $-1 87.87000000000000455 27.5 28.20000000000000284 0 0 -1 F -26.79999999999999716 F -25.70000000000000284 #
coedge $-1 -1 $-1 $5837 $5081 $5083 $5471 reversed $5469 $-1 #
coedge $-1 -1 $-1 $5081 $5837 $5116 $5510 forward $5469 $-1 #
loop $-1 -1 $-1 $-1 $5837 $5838 #
straight-curve $-1 -1 $-1 92.27000000000001023 9.300000000000000711 55 1 0 0 F 0 F 2.430000000000003268 #
edge $-1 -1 $-1 $5505 0 $5084 1.099999999999994316 $5083 $5839 forward @7 unknown #
point $-1 -1 $-1 92.27000000000001023 9.300000000000000711 55 #
coedge $-1 -1 $-1 $5086 $5484 $5827 $5840 forward $4034 $-1 #
coedge $-1 -1 $-1 $5828 $5841 $5086 $5475 forward $5842 $-1 #
edge $-1 -1 $-1 $5479 0 $5843 18.19999999999999574 $5086 $5844 forward @7 unknown #
coedge $-1 -1 $-1 $5845 $5087 $5841 $5846 reversed $5478 $-1 #
coedge $-1 -1 $-1 $5087 $5845 $5089 $5481 forward $5478 $-1 #
loop $-1 -1 $-1 $-1 $5845 $5847 #
vertex $-1 -1 $-1 $5475 $5848 #
straight-curve $-1 -1 $-1 84.6500000000000199 9.300000000000000711 55 1 0 0 F 0 F 3.219999999999991758 #
edge $-1 -1 $-1 $5849 0 $5091 1.099999999999994316 $5089 $5850 forward @7 unknown #
face $5851 -1 $-1 $5852 $5090 $25 $-1 $5853 forward single #
point $-1 -1 $-1 87.87000000000000455 9.300000000000000711 55 #
coedge $-1 -1 $-1 $5473 $5094 $5854 $5855 forward $4034 $-1 #
coedge $-1 -1 $-1 $5856 $5857 $5094 $5486 reversed $5858 $-1 #
edge $-1 -1 $-1 $5490 0 $5859 23.53999999999999915 $5094 $5860 forward @7 unknown #
coedge $-1 -1 $-1 $5861 $5095 $5101 $5501 forward $5489 $-1 #
coedge $-1 -1 $-1 $5095 $5861 $5856 $5862 forward $5489 $-1 #
loop $-1 -1 $-1 $-1 $5095 $5147 #
vertex $-1 -1 $-1 $5096 $5863 #
straight-curve $-1 -1 $-1 56.71000000000000085 9.300000000000000711 55 0 1 0 F 0 F 18.19999999999999574 #
coedge $-1 -1 $-1 $5527 $5864 $5097 $5493 reversed $5865 $-1 #
edge $-1 -1 $-1 $5140 2.000000000000001776 $5497 2.700000000000004619 $5097 $5866 forward @7 unknown #
coedge $-1 -1 $-1 $5867 $5098 $5864 $5868 reversed $5496 $-1 #
coedge $-1 -1 $-1 $5098 $5867 $5100 $5499 reversed $5496 $-1 #
loop $-1 -1 $-1 $-1 $5098 $5869 #
vertex $-1 -1 $-1 $5493 $5870 #
straight-curve $-1 -1 $-1 45.70000000000000284 7.5 55 0 1 0 F 0 F 20 #
edge $-1 -1 $-1 $5102 -27.74999999999999645 $5521 -24.75 $5100 $5871 forward @7 unknown #
coedge $-1 -1 $-1 $5101 $5872 $5873 $5874 reversed $2946 $-1 #
edge $-1 -1 $-1 $5103 -26.79999999999999716 $5875 -25.70000000000000284 $5101 $5876 forward @7 unknown #
point $-1 -1 $-1 45.70000000000000284 27.5 55 #
point $-1 -1 $-1 56.71000000000000085 27.5 55 #
coedge $-1 -1 $-1 $5106 $5105 $5837 $5877 reversed $5107 $-1 #
vertex $-1 -1 $-1 $5109 $5878 #
straight-curve $-1 -1 $-1 92.27000000000001023 9.300000000000000711 53.90000000000000568 0 1 0 F 0 F 17.19999999999999929 #
vertex $-1 -1 $-1 $5113 $5879 #
straight-curve $-1 -1 $-1 45 3.000000000000000444 55 1 0 0 F 0 F 55 #
point $-1 -1 $-1 100 3.000000000000000444 55 #
edge $-1 -1 $-1 $5512 0 $5117 1.099999999999994316 $5116 $5880 forward @7 unknown #
point $-1 -1 $-1 94.70000000000000284 9.300000000000000711 55 #
vertex $-1 -1 $-1 $5119 $5881 #
straight-curve $-1 -1 $-1 94.70000000000000284 9.300000000000000711 53.90000000000000568 0 1 0 F 0 F 17.19999999999999929 #
DXID-attrib $-1 -1 $-1 $-1 $5120 @10 ASM ENTITY @3 123 #
face $5882 -1 $-1 $5883 $5124 $25 $-1 $5884 reversed single #
plane-surface $-1 -1 $-1 94.70000000000000284 9.300000000000000711 53.90000000000000568 1 0 0 0 0 1 forward_v I I I I #
straight-curve $-1 -1 $-1 45 3.000000000000000444 55 0 0 1 F 0 F 2.000000000000001776 #
coedge $-1 -1 $-1 $5885 $5128 $5867 $5886 reversed $5520 $-1 #
coedge $-1 -1 $-1 $5128 $5885 $5130 $5524 forward $5520 $-1 #
loop $-1 -1 $-1 $-1 $5519 $5887 #
vertex $-1 -1 $-1 $5499 $5888 #
straight-curve $-1 -1 $-1 22.75 27.5 52 1 0 0 F 20.24999999999999645 F 22.95000000000000284 #
coedge $-1 -1 $-1 $5131 $5130 $5889 $5890 forward $5132 $-1 #
edge $-1 -1 $-1 $5891 0 $5133 20 $5130 $5892 forward @7 unknown #
face $5893 -1 $-1 $5887 $5132 $25 $-1 $5894 reversed single #
point $-1 -1 $-1 43 27.5 52 #
coedge $-1 -1 $-1 $5889 $5492 $5135 $5528 reversed $5865 $-1 #
edge $-1 -1 $-1 $5529 0 $5140 2.000000000000001776 $5135 $5895 forward @7 unknown #
vertex $-1 -1 $-1 $5136 $5896 #
straight-curve $-1 -1 $-1 43 7.5 55 0 1 0 F 0 F 20 #
DXID-attrib $-1 -1 $-1 $-1 $5137 @10 ASM ENTITY @3 100 #
plane-surface $-1 -1 $-1 43 7.5 55 0 0 1 1 0 0 forward_v I I I I #
straight-curve $-1 -1 $-1 45 3.000000000000000444 55 0 1 0 F 0 F 4.499999999999999112 #
point $-1 -1 $-1 45 7.5 55 #
straight-curve $-1 -1 $-1 100 3.000000000000000444 55 0 0 1 F 0 F 2.000000000000001776 #
DXID-attrib $-1 -1 $-1 $-1 $5147 @10 ASM ENTITY @3 105 #
face $5897 -1 $-1 $5898 $5899 $25 $-1 $5900 reversed single #
plane-surface $-1 -1 $-1 56.71000000000000085 9.300000000000000711 53.90000000000000568 1 0 0 0 0 1 forward_v I I I I #
coedge $-1 -1 $-1 $5901 $5149 $5152 $5544 reversed $5541 $-1 #
coedge $-1 -1 $-1 $5149 $5901 $5156 $5549 forward $5541 $-1 #
loop $-1 -1 $-1 $-1 $5540 $5902 #
straight-curve $-1 -1 $-1 51.75000000000000711 27.5 59 1 0 0 F 49.25000000000000711 F 57.24999999999999289 #
coedge $-1 -1 $-1 $5152 $5151 $5903 $5904 reversed $5153 $-1 #
edge $-1 -1 $-1 $5905 0 $5154 6.999999999999997335 $5152 $5906 forward @7 unknown #
loop $-1 -1 $-1 $-1 $5907 $5546 #
face $5908 -1 $-1 $5902 $5153 $25 $-1 $5909 forward single #
point $-1 -1 $-1 109 27.5 59 #
coedge $-1 -1 $-1 $5157 $5156 $5910 $5911 forward $5158 $-1 #
edge $-1 -1 $-1 $5912 0 $5159 6.999999999999997335 $5156 $5913 forward @7 unknown #
loop $-1 -1 $-1 $-1 $5914 $5551 #
face $5915 -1 $-1 $5546 $5158 $25 $-1 $5916 reversed single #
point $-1 -1 $-1 101.0000000000000142 27.5 59 #
coedge $-1 -1 $-1 $5910 $5903 $5161 $5554 reversed $5917 $-1 #
edge $-1 -1 $-1 $5555 0 $5557 7.999999999999989342 $5161 $5918 forward @7 unknown #
vertex $-1 -1 $-1 $5162 $5919 #
straight-curve $-1 -1 $-1 101.0000000000000142 20.50000000000000355 65 0 1 0 F 0 F 6.999999999999997335 #
vertex $-1 -1 $-1 $5554 $5920 #
straight-curve $-1 -1 $-1 109 20.50000000000000355 65 0 1 0 F 0 F 6.999999999999997335 #
DXID-attrib $-1 -1 $-1 $-1 $5164 @10 ASM ENTITY @3 115 #
plane-surface $-1 -1 $-1 101.0000000000000142 20.50000000000000355 65 0 0 1 1 0 0 forward_v I I I I #
coedge $-1 -1 $-1 $5168 $5167 $5921 $5922 reversed $5169 $-1 #
face $5923 -1 $-1 $5164 $5169 $25 $-1 $5924 reversed single #
coedge $-1 -1 $-1 $5179 $5921 $5171 $5564 forward $5575 $-1 #
edge $-1 -1 $-1 $5565 0 $5183 10 $5171 $5925 forward @7 unknown #
vertex $-1 -1 $-1 $5564 $5926 #
straight-curve $-1 -1 $-1 100 7.5 37 0 1 0 F 0 F 20 #
DXID-attrib $-1 -1 $-1 $-1 $5173 @10 ASM ENTITY @3 113 #
plane-surface $-1 -1 $-1 100 7.5 37 1 0 0 0 0 1 forward_v I I I I #
coedge $-1 -1 $-1 $5921 $5179 $5175 $5570 reversed $5575 $-1 #
edge $-1 -1 $-1 $5571 0 $5181 10 $5175 $5927 forward @7 unknown #
vertex $-1 -1 $-1 $5176 $5928 #
straight-curve $-1 -1 $-1 98 7.5 37 0 1 0 F 0 F 20 #
DXID-attrib $-1 -1 $-1 $-1 $5177 @10 ASM ENTITY @3 112 #
plane-surface $-1 -1 $-1 98 7.5 37 1 0 0 0 0 1 forward_v I I I I #
loop $-1 -1 $-1 $-1 $5921 $5929 #
straight-curve $-1 -1 $-1 98 7.5 47 1 0 0 F 0 F 1.999999999999992895 #
point $-1 -1 $-1 98 7.5 47 #
point $-1 -1 $-1 100 7.5 47 #
DXID-attrib $-1 -1 $-1 $-1 $5191 @10 ASM ENTITY @2 98 #
plane-surface $-1 -1 $-1 74.5 14.30000000000000071 26 1 0 0 0 0 1 forward_v I I I I #
straight-curve $-1 -1 $-1 74.5 11.80000000000000071 30.10000000000000142 0 1 0 F 2.5 F 15.69999999999999751 #
straight-curve $-1 -1 $-1 94.70000000000000284 9.300000000000000711 29.00000000000000355 0 0 1 F 0 F 1.099999999999998757 #
point $-1 -1 $-1 94.70000000000000284 9.300000000000000711 30.10000000000000142 #
vertex $-1 -1 $-1 $5204 $5930 #
ellipse-curve $-1 -1 $-1 56.00000000000000711 19.75 1.199999999999999956 0 0 1 1.100000000000000089 0 0 1 I I #
DXID-attrib $-1 -1 $-1 $-1 $5206 @10 ASM ENTITY @3 122 #
plane-surface $-1 -1 $-1 92.27000000000001023 9.300000000000000711 53.90000000000000568 0 0 1 1 0 0 forward_v I I I I #
point $-1 -1 $-1 21.10000000000000142 19.75 1.199999999999999956 #
coedge $-1 -1 $-1 $5211 $5210 $5931 $5932 reversed $5212 $-1 #
face $5933 -1 $-1 $5220 $5212 $25 $-1 $5934 reversed single #
coedge $-1 -1 $-1 $5222 $5931 $5214 $5592 reversed $5604 $-1 #
edge $-1 -1 $-1 $5226 0 $5593 3.500000000000000888 $5214 $5935 forward @7 unknown #
vertex $-1 -1 $-1 $5592 $5936 #
straight-curve $-1 -1 $-1 72.5 14.00000000000000178 74.5 0 0 1 F 1.000000000000005329 F 3.599999999999994316 #
DXID-attrib $-1 -1 $-1 $-1 $5216 @10 ASM ENTITY @3 132 #
plane-surface $-1 -1 $-1 72.5 10.5 74.5 1 0 0 0 0 1 forward_v I I I I #
coedge $-1 -1 $-1 $5931 $5222 $5218 $5598 forward $5604 $-1 #
edge $-1 -1 $-1 $5224 0 $5599 3.500000000000000888 $5218 $5937 forward @7 unknown #
vertex $-1 -1 $-1 $5932 $5938 #
straight-curve $-1 -1 $-1 59.5 14.00000000000000178 74.5 0 0 1 F 1.000000000000005329 F 3.599999999999994316 #
DXID-attrib $-1 -1 $-1 $-1 $5220 @10 ASM ENTITY @3 134 #
face $5939 -1 $-1 $5940 $5273 $25 $-1 $5941 forward single #
plane-surface $-1 -1 $-1 59.5 10.5 74.5 1 0 0 0 0 1 forward_v I I I I #
loop $-1 -1 $-1 $-1 $5597 $5942 #
straight-curve $-1 -1 $-1 59.5 10.5 78.09999999999999432 1 0 0 F 0 F 12.99999999999999822 #
point $-1 -1 $-1 59.5 10.5 78.09999999999999432 #
point $-1 -1 $-1 72.5 10.5 78.09999999999999432 #
coedge $-1 -1 $-1 $5243 $5242 $5231 $5609 reversed $5244 $-1 #
edge $-1 -1 $-1 $5610 -6.500000000000000888 $5612 -0.999999999999999778 $5231 $5943 forward @7 unknown #
vertex $-1 -1 $-1 $5233 $5944 #
straight-curve $-1 -1 $-1 12.00000000000000178 10 35 0 1 0 F 0.5000000000000004441 F 2.5 #
vertex $-1 -1 $-1 $5609 $5945 #
straight-curve $-1 -1 $-1 6.5 10 35 0 1 0 F 0.5000000000000004441 F 2.5 #
point $-1 -1 $-1 12.00000000000000178 10.5 35 #
point $-1 -1 $-1 6.5 10.5 35 #
DXID-attrib $-1 -1 $-1 $-1 $5240 @10 ASM ENTITY @3 145 #
plane-surface $-1 -1 $-1 12.00000000000000178 10.5 34 1 0 0 0 0 1 forward_v I I I I #
face $5946 -1 $-1 $5929 $5244 $25 $-1 $5947 reversed single #
straight-curve $-1 -1 $-1 6.5 12.5 34 0 0 1 F 0.9999999999999964473 F 15 #
DXID-attrib $-1 -1 $-1 $-1 $5247 @10 ASM ENTITY @3 146 #
plane-surface $-1 -1 $-1 6.5 10.5 34 1 0 0 0 0 1 forward_v I I I I #
straight-curve $-1 -1 $-1 12.00000000000000178 12.5 34 0 0 1 F 0.9999999999999964473 F 15 #
straight-curve $-1 -1 $-1 47.5 9.300000000000000711 29.00000000000000355 0 0 1 F 0 F 1.099999999999998757 #
point $-1 -1 $-1 74.5 14.30000000000000071 30.10000000000000142 #
DXID-attrib $-1 -1 $-1 $-1 $5263 @10 ASM ENTITY @3 142 #
plane-surface $-1 -1 $-1 47.5 9.300000000000000711 29.00000000000000355 0 1 0 0 0 1 forward_v I I I I #
coedge $-1 -1 $-1 $5948 $5949 $5266 $5628 reversed $5950 $-1 #
edge $-1 -1 $-1 $5632 -14.24999999999999822 $5637 -1.25 $5266 $5951 forward @7 unknown #
coedge $-1 -1 $-1 $5952 $5267 $5272 $5641 forward $5631 $-1 #
coedge $-1 -1 $-1 $5267 $5952 $5948 $5953 reversed $5631 $-1 #
loop $-1 -1 $-1 $-1 $5629 $5940 #
vertex $-1 -1 $-1 $5268 $5954 #
straight-curve $-1 -1 $-1 92.5 9.25 75.5 0 1 0 F 1.25 F 4.750000000000000888 #
coedge $-1 -1 $-1 $5955 $5269 $5949 $5956 forward $5636 $-1 #
coedge $-1 -1 $-1 $5269 $5955 $5271 $5640 reversed $5636 $-1 #
loop $-1 -1 $-1 $-1 $5635 $5957 #
vertex $-1 -1 $-1 $5628 $5958 #
straight-curve $-1 -1 $-1 79.5 9.25 75.5 0 1 0 F 1.25 F 4.750000000000000888 #
coedge $-1 -1 $-1 $5272 $5271 $5959 $5960 forward $5273 $-1 #
edge $-1 -1 $-1 $5275 1.000000000000005329 $5961 3.599999999999994316 $5271 $5962 forward @7 unknown #
edge $-1 -1 $-1 $5274 1.000000000000005329 $5963 3.599999999999994316 $5272 $5964 forward @7 unknown #
point $-1 -1 $-1 92.5 10.5 75.5 #
point $-1 -1 $-1 79.5 10.5 75.5 #
coedge $-1 -1 $-1 $5278 $5277 $5965 $5966 forward $5279 $-1 #
face $5967 -1 $-1 $2151 $5279 $27 $-1 $5968 reversed single #
coedge $-1 -1 $-1 $5969 $5281 $5970 $5971 reversed $4910 $-1 #
coedge $-1 -1 $-1 $5291 $5972 $5281 $5648 forward $5666 $-1 #
edge $-1 -1 $-1 $5973 0 $5295 3.528498038537627668 $5281 $5974 forward @7 unknown #
coedge $-1 -1 $-1 $5282 $5969 $5975 $5976 forward $4910 $-1 #
coedge $-1 -1 $-1 $5977 $5965 $5282 $5651 forward $5978 $-1 #
edge $-1 -1 $-1 $5652 0 $5979 2.249999999999996447 $5282 $5980 forward @7 unknown #
vertex $-1 -1 $-1 $5651 $5981 #
straight-curve $-1 -1 $-1 80 -0.01000000000000000021 73 0 1 0 F 0.01000000000000000021 F 14.00999999999999979 #
DXID-attrib $-1 -1 $-1 $-1 $5284 @10 ASM ENTITY @2 65 #
plane-surface $-1 -1 $-1 80 -0.01000000000000000021 73 1 0 0 0 0 1 forward_v I I I I #
coedge $-1 -1 $-1 $5982 $5286 $5983 $5984 reversed $4915 $-1 #
coedge $-1 -1 $-1 $5965 $5977 $5286 $5658 reversed $5978 $-1 #
edge $-1 -1 $-1 $5659 0 $5985 2.249999999999996447 $5286 $5986 forward @7 unknown #
vertex $-1 -1 $-1 $5287 $5987 #
straight-curve $-1 -1 $-1 92.00000000000001421 -0.01000000000000000021 73 0 1 0 F 0.01000000000000000021 F 14.00999999999999979 #
coedge $-1 -1 $-1 $5288 $5982 $5988 $5989 forward $4915 $-1 #
coedge $-1 -1 $-1 $5972 $5291 $5288 $5663 reversed $5666 $-1 #
edge $-1 -1 $-1 $5990 0 $5293 3.528498038537627668 $5288 $5991 forward @7 unknown #
DXID-attrib $-1 -1 $-1 $-1 $5289 @10 ASM ENTITY @2 66 #
plane-surface $-1 -1 $-1 92.00000000000001421 -0.01000000000000000021 73 1 0 0 0 0 1 forward_v I I I I #
loop $-1 -1 $-1 $-1 $5647 $5992 #
straight-curve $-1 -1 $-1 80 10.75996015936300054 75.25 -1 0 0 F -12.00000000000001066 F 0 #
point $-1 -1 $-1 92.00000000000001421 10.75996015936300054 75.25 #
point $-1 -1 $-1 80 10.75996015936300054 75.25 #
coedge $-1 -1 $-1 $5305 $5312 $5299 $5671 reversed $5683 $-1 #
edge $-1 -1 $-1 $5307 0 $5314 12.00000000000000178 $5299 $5993 forward @7 unknown #
DXID-attrib $-1 -1 $-1 $-1 $5300 @10 ASM ENTITY @2 63 #
plane-surface $-1 -1 $-1 60 -0.01000000000000000021 73 0 0 1 1 0 0 forward_v I I I I #
coedge $-1 -1 $-1 $5304 $5301 $5994 $5995 reversed $4561 $-1 #
coedge $-1 -1 $-1 $5996 $5997 $5301 $5676 forward $5998 $-1 #
edge $-1 -1 $-1 $5999 0 $5678 0.4999999999999982236 $5301 $6000 forward @7 unknown #
coedge $-1 -1 $-1 $5302 $5317 $5996 $6001 reversed $5321 $-1 #
vertex $-1 -1 $-1 $5303 $6002 #
straight-curve $-1 -1 $-1 60 13.25000000000000178 77.75 0 -0.7056939846480001499 -0.708516760585999994 F 0 F 3.528498038537627668 #
coedge $-1 -1 $-1 $6003 $6004 $5304 $5681 reversed $6005 $-1 #
edge $-1 -1 $-1 $6006 13.75999999999999801 $5684 14.00999999999999979 $5304 $6007 forward @7 unknown #
coedge $-1 -1 $-1 $5312 $5305 $6004 $6008 forward $5683 $-1 #
loop $-1 -1 $-1 $-1 $5670 $6009 #
vertex $-1 -1 $-1 $5681 $6010 #
straight-curve $-1 -1 $-1 60 14.00000000000000178 73 0 0 1 F 0 F 2.249999999999996447 #
point $-1 -1 $-1 60 14.00000000000000178 73 #
coedge $-1 -1 $-1 $5316 $5311 $6011 $6012 forward $4566 $-1 #
coedge $-1 -1 $-1 $6004 $6003 $5311 $5689 forward $6005 $-1 #
edge $-1 -1 $-1 $6013 13.75999999999999801 $5690 14.00999999999999979 $5311 $6014 forward @7 unknown #
vertex $-1 -1 $-1 $5313 $6015 #
straight-curve $-1 -1 $-1 72 14.00000000000000178 73 0 0 1 F 0 F 2.249999999999996447 #
point $-1 -1 $-1 72 14.00000000000000178 73 #
coedge $-1 -1 $-1 $5997 $5996 $5316 $5694 reversed $5998 $-1 #
edge $-1 -1 $-1 $6016 0 $5695 0.4999999999999982236 $5316 $6017 forward @7 unknown #
vertex $-1 -1 $-1 $5694 $6018 #
straight-curve $-1 -1 $-1 72 13.25000000000000178 77.75 0 -0.7056939846480001499 -0.708516760585999994 F 0 F 3.528498038537627668 #
face $6019 -1 $-1 $6009 $5321 $27 $-1 $6020 reversed single #
coedge $-1 -1 $-1 $5326 $5325 $5344 $5712 forward $5327 $-1 #
coedge $-1 -1 $-1 $5329 $5708 $5347 $5715 reversed $5339 $-1 #
straight-curve $-1 -1 $-1 59.29999999999999716 -0.1000000000000000194 38.5 0 1 0 F 0 F 0.1000000000000000194 #
straight-curve $-1 -1 $-1 59.29999999999999716 -1.300000000000000044 32.75 0 1 0 F 0 F 1.300000000000000044 #
coedge $-1 -1 $-1 $6021 $5333 $5335 $5706 forward $5704 $-1 #
coedge $-1 -1 $-1 $5333 $6021 $5338 $5709 reversed $5704 $-1 #
loop $-1 -1 $-1 $-1 $5703 $6022 #
straight-curve $-1 -1 $-1 59.29999999999999716 0.5999999999999999778 38.5 0 0 1 F 0 F 8.000000000000001776 #
edge $-1 -1 $-1 $5336 0 $6023 0.6000000000000049738 $5335 $6024 forward @7 unknown #
point $-1 -1 $-1 59.29999999999999716 0.5999999999999999778 46.5 #
coedge $-1 -1 $-1 $5699 $5338 $6025 $6026 reversed $5339 $-1 #
edge $-1 -1 $-1 $5340 0 $6027 0.6000000000000049738 $5338 $6028 forward @7 unknown #
face $6029 -1 $-1 $5378 $5339 $27 $-1 $6030 reversed single #
point $-1 -1 $-1 59.29999999999999716 0.5999999999999999778 38.5 #
edge $-1 -1 $-1 $5345 0 $5380 35.99999999999999289 $5698 $6031 forward @7 unknown #
point $-1 -1 $-1 59.29999999999999716 -1.300000000000000044 32.75 #
coedge $-1 -1 $-1 $5348 $5347 $6032 $6033 forward $5349 $-1 #
edge $-1 -1 $-1 $5350 0 $6034 0.6000000000000049738 $5347 $6035 forward @7 unknown #
point $-1 -1 $-1 59.29999999999999716 -0.1000000000000000194 38.5 #
coedge $-1 -1 $-1 $6032 $6036 $5352 $5718 reversed $6037 $-1 #
edge $-1 -1 $-1 $5719 0 $6023 0.7000000000000000666 $5352 $6038 forward @7 unknown #
vertex $-1 -1 $-1 $5353 $6039 #
straight-curve $-1 -1 $-1 59.29999999999999716 -0.1000000000000000194 46.5 1 0 0 F 0 F 0.6000000000000049738 #
straight-curve $-1 -1 $-1 95.29999999999999716 -1.300000000000000044 32.75 0 1 0 F 0 F 1.300000000000000044 #
coedge $-1 -1 $-1 $5728 $5356 $5372 $5737 reversed $5362 $-1 #
straight-curve $-1 -1 $-1 95.29999999999999716 -0.1000000000000000194 38.5 0 1 0 F 0 F 0.1000000000000000194 #
coedge $-1 -1 $-1 $6040 $5359 $5361 $5729 reversed $5726 $-1 #
coedge $-1 -1 $-1 $5359 $6040 $5365 $5732 forward $5726 $-1 #
loop $-1 -1 $-1 $-1 $5724 $6041 #
straight-curve $-1 -1 $-1 95.29999999999999716 0.5999999999999999778 38.5 0 0 1 F 0 F 8.000000000000001776 #
coedge $-1 -1 $-1 $5361 $5722 $6042 $6043 forward $5362 $-1 #
edge $-1 -1 $-1 $6044 0 $5363 0.5999999999999872102 $5361 $6045 forward @7 unknown #
face $6046 -1 $-1 $6022 $5362 $27 $-1 $6047 reversed single #
point $-1 -1 $-1 95.29999999999999716 0.5999999999999999778 38.5 #
edge $-1 -1 $-1 $6048 0 $5366 0.5999999999999872102 $5365 $6049 forward @7 unknown #
point $-1 -1 $-1 95.29999999999999716 0.5999999999999999778 46.5 #
DXID-attrib $-1 -1 $-1 $-1 $5369 @10 ASM ENTITY @2 59 #
plane-surface $-1 -1 $-1 59.29999999999999716 -1.300000000000000044 32.75 0 0 1 1 0 0 forward_v I I I I #
coedge $-1 -1 $-1 $5372 $5371 $6050 $6051 reversed $5373 $-1 #
edge $-1 -1 $-1 $6052 0 $5374 0.5999999999999872102 $5372 $6053 forward @7 unknown #
face $6054 -1 $-1 $5730 $5373 $27 $-1 $6055 reversed single #
point $-1 -1 $-1 95.29999999999999716 -0.1000000000000000194 38.5 #
coedge $-1 -1 $-1 $6056 $6050 $5376 $5741 forward $6057 $-1 #
edge $-1 -1 $-1 $5742 0 $6048 0.7000000000000000666 $5376 $6058 forward @7 unknown #
vertex $-1 -1 $-1 $5741 $6059 #
straight-curve $-1 -1 $-1 94.70000000000000284 -0.1000000000000000194 46.5 1 0 0 F 0 F 0.5999999999999872102 #
DXID-attrib $-1 -1 $-1 $-1 $5378 @10 ASM ENTITY @2 95 #
plane-surface $-1 -1 $-1 94.70000000000000284 -0.1000000000000000194 46.5 0 0 1 1 0 0 forward_v I I I I #
point $-1 -1 $-1 95.29999999999999716 -1.300000000000000044 32.75 #
coedge $-1 -1 $-1 $6060 $5385 $5388 $5752 forward $5749 $-1 #
coedge $-1 -1 $-1 $5385 $6060 $5427 $5798 reversed $5749 $-1 #
loop $-1 -1 $-1 $-1 $5748 $6061 #
ellipse-curve $-1 -1 $-1 114.6500000000000199 0 74.65000000000000568 0 1 0 0.5999999999999999778 0 0 1 F -0.9479697413824879071 F 0 #
coedge $-1 -1 $-1 $5388 $5387 $6062 $6063 forward $5389 $-1 #
edge $-1 -1 $-1 $5390 1 $6064 5 $5388 $6065 forward @7 unknown #
face $6066 -1 $-1 $5799 $5389 $27 $-1 $6067 reversed single #
point $-1 -1 $-1 115 0 75.13733971723999616 #
coedge $-1 -1 $-1 $5396 $6062 $5392 $5756 reversed $5031 $-1 #
edge $-1 -1 $-1 $5398 -1.570796326794896558 $5757 0 $5392 $6068 forward @7 unknown #
vertex $-1 -1 $-1 $5756 $6069 #
straight-curve $-1 -1 $-1 115 0 77.25 0 1 0 F 0 F 4 #
DXID-attrib $-1 -1 $-1 $-1 $5394 @10 ASM ENTITY @2 45 #
cone-surface $-1 -1 $-1 115 0 75 0 1 0 2.25 0 0 1 I I 0 1 2.25 forward I I I I #
straight-curve $-1 -1 $-1 117.2500000000000142 4 2.75 0 0 1 F 2.249999999999999556 F 72.24999999999998579 #
point $-1 -1 $-1 117.2500000000000142 4 75 #
coedge $-1 -1 $-1 $5415 $5404 $6070 $6071 forward $3866 $-1 #
coedge $-1 -1 $-1 $6072 $6073 $5404 $5765 forward $6074 $-1 #
edge $-1 -1 $-1 $6075 0.01000000000000000888 $5769 13.21693069306900092 $5404 $6076 forward @7 unknown #
coedge $-1 -1 $-1 $6077 $5405 $5408 $5773 forward $5768 $-1 #
coedge $-1 -1 $-1 $5405 $6077 $6072 $6078 reversed $5768 $-1 #
loop $-1 -1 $-1 $-1 $5766 $5447 #
vertex $-1 -1 $-1 $5406 $6079 #
straight-curve $-1 -1 $-1 9.375 17.20693069306900114 2.75 -1 0 0 F -14.62500000000000355 F -6.625000000000000888 #
coedge $-1 -1 $-1 $5774 $5407 $5440 $5811 reversed $5409 $-1 #
coedge $-1 -1 $-1 $5408 $6080 $6081 $6082 reversed $5409 $-1 #
edge $-1 -1 $-1 $5410 0.01216694318292945234 $6083 1.22886126149342112 $5408 $6084 forward @7 unknown #
coedge $-1 -1 $-1 $6085 $5771 $6086 $6087 reversed $5409 $-1 #
point $-1 -1 $-1 16 17.20693069306900114 2.75 #
vertex $-1 -1 $-1 $5441 $6088 #
straight-curve $-1 -1 $-1 16 4 4.75 0 0 -1 F 0 F 2 #
coedge $-1 -1 $-1 $6089 $6090 $5415 $5779 reversed $6091 $-1 #
edge $-1 -1 $-1 $6092 0.01000000000000000888 $5783 13.21693069306900092 $5415 $6093 forward @7 unknown #
coedge $-1 -1 $-1 $6094 $5416 $6090 $6095 forward $5782 $-1 #
coedge $-1 -1 $-1 $5416 $6094 $5418 $5786 reversed $5782 $-1 #
loop $-1 -1 $-1 $-1 $5780 $6096 #
vertex $-1 -1 $-1 $5779 $6097 #
straight-curve $-1 -1 $-1 27.37500000000000355 17.20693069306900114 2.75 -1 0 0 F -32.62499999999999289 F -24.62499999999999645 #
coedge $-1 -1 $-1 $6098 $5418 $6099 $6100 forward $5420 $-1 #
edge $-1 -1 $-1 $5421 0.01216694318292945234 $6101 1.22886126149342112 $5781 $6102 forward @7 unknown #
coedge $-1 -1 $-1 $5419 $5788 $5436 $5807 forward $5420 $-1 #
coedge $-1 -1 $-1 $5787 $6103 $6104 $6105 forward $5420 $-1 #
face $6106 -1 $-1 $5425 $5420 $27 $-1 $6107 forward single #
point $-1 -1 $-1 60 17.20693069306900114 2.75 #
coedge $-1 -1 $-1 $6108 $5423 $5432 $5801 reversed $5031 $-1 #
vertex $-1 -1 $-1 $5437 $6109 #
straight-curve $-1 -1 $-1 60 4 4.75 0 0 -1 F 0 F 2 #
DXID-attrib $-1 -1 $-1 $-1 $5425 @10 ASM ENTITY @2 87 #
face $6110 -1 $-1 $6111 $6112 $27 $-1 $6113 reversed single #
plane-surface $-1 -1 $-1 2.75 4 2.75 0 1 0 0 0 1 forward_v I I I I #
coedge $-1 -1 $-1 $5428 $5427 $6108 $6114 forward $5429 $-1 #
edge $-1 -1 $-1 $5430 1 $6115 5 $5427 $6116 forward @14 tangent_not_g2 #
face $6117 -1 $-1 $6061 $5429 $27 $-1 $6118 reversed single #
point $-1 -1 $-1 115.25 0 74.65000000000000568 #
edge $-1 -1 $-1 $5802 0 $5438 1.570796326794896558 $5432 $6119 forward @7 unknown #
vertex $-1 -1 $-1 $5433 $6120 #
straight-curve $-1 -1 $-1 115.25 -1 5.350000000000000533 0 1 0 F 1 F 5 #
DXID-attrib $-1 -1 $-1 $-1 $5434 @10 ASM ENTITY @2 46 #
cone-surface $-1 -1 $-1 114.6500000000000199 -1 5.350000000000000533 0 1 0 0.5999999999999999778 0 0 1 I I 0 1 0.5999999999999999778 forward I I I I #
coedge $-1 -1 $-1 $6121 $5436 $6122 $6123 forward $4657 $-1 #
edge $-1 -1 $-1 $6124 2.369488546339000301 $5792 2.379488546339000088 $5436 $6125 forward @7 unknown #
straight-curve $-1 -1 $-1 3.75 4 4.75 1 0 0 F 56.25 F 110.9000000000000057 #
point $-1 -1 $-1 114.6500000000000199 4 4.75 #
coedge $-1 -1 $-1 $5440 $6126 $6127 $6128 forward $4657 $-1 #
edge $-1 -1 $-1 $6129 2.369488546339000301 $5776 2.379488546339000088 $5440 $6130 forward @7 unknown #
straight-curve $-1 -1 $-1 3.75 4 4.75 1 0 0 F 1.600000000000000311 F 12.25 #
DXID-attrib $-1 -1 $-1 $-1 $5447 @10 ASM ENTITY @2 81 #
face $6131 -1 $-1 $6132 $6074 $27 $-1 $6133 forward single #
plane-surface $-1 -1 $-1 16 17.19999999999999929 2.759999999999999787 0 0.8218991286067831581 0.569633059429849764 0 0.569633059429849764 -0.8218991286067832691 forward_v I I I I #
vertex $-1 -1 $-1 $5451 $6134 #
ellipse-curve $-1 -1 $-1 49.40000000000000568 -2 49.90000000000000568 0 1 0 0 0 1.25 1 I I #
DXID-attrib $-1 -1 $-1 $-1 $5453 @10 ASM ENTITY @3 117 #
face $6135 -1 $-1 $6136 $6137 $27 $-1 $6138 reversed single #
loop $-1 -1 $-1 $-1 $6139 $5453 #
plane-surface $-1 -1 $-1 16 18.5 1.750000000000000222 0 -0.3745856892499754842 0.9271923001239392725 0 0.9271923001239390505 0.3745856892499754287 forward_v I I I I #
coedge $-1 -1 $-1 $6081 $6140 $6077 $6141 reversed $5454 $-1 #
coedge $-1 -1 $-1 $5823 $5823 $5457 $5824 forward $6142 $-1 #
edge $-1 -1 $-1 $6143 0 $6143 6.283185307179586232 $5457 $6144 forward @7 unknown #
DXID-attrib $-1 -1 $-1 $-1 $5459 @10 ASM ENTITY @2 93 #
plane-surface $-1 -1 $-1 59.29999999999999716 -0.1000000000000000194 38.5 0 1 0 0 0 1 forward_v I I I I #
coedge $-1 -1 $-1 $5872 $5461 $5473 $5840 reversed $2946 $-1 #
coedge $-1 -1 $-1 $6145 $5474 $5461 $5829 forward $5842 $-1 #
edge $-1 -1 $-1 $5843 -26.79999999999999716 $5833 -25.70000000000000284 $5461 $6146 forward @7 unknown #
coedge $-1 -1 $-1 $6147 $5462 $5464 $5835 reversed $5832 $-1 #
coedge $-1 -1 $-1 $5462 $6147 $6145 $6148 forward $5832 $-1 #
loop $-1 -1 $-1 $-1 $5831 $5852 #
vertex $-1 -1 $-1 $5463 $6149 #
straight-curve $-1 -1 $-1 43.57500000000000995 27.5 53.90000000000000568 1 0 0 F 41.07500000000000284 F 44.2949999999999946 #
edge $-1 -1 $-1 $5849 0 $5465 18.19999999999999574 $5464 $6150 forward @7 unknown #
point $-1 -1 $-1 87.87000000000000455 27.5 53.90000000000000568 #
coedge $-1 -1 $-1 $5468 $5467 $5504 $5877 forward $5469 $-1 #
face $6151 -1 $-1 $6152 $5469 $25 $-1 $6153 reversed single #
straight-curve $-1 -1 $-1 92.27000000000001023 9.300000000000000711 53.90000000000000568 0 0 1 F 0 F 1.099999999999994316 #
edge $-1 -1 $-1 $6154 56.5 $5843 60.90000000000001279 $5827 $6155 forward @7 unknown #
coedge $-1 -1 $-1 $5474 $6145 $5476 $5846 forward $5842 $-1 #
loop $-1 -1 $-1 $-1 $5474 $6156 #
vertex $-1 -1 $-1 $5829 $6157 #
straight-curve $-1 -1 $-1 84.6500000000000199 9.300000000000000711 55 0 1 0 F 0 F 18.19999999999999574 #
coedge $-1 -1 $-1 $5477 $5476 $6147 $6158 forward $5478 $-1 #
edge $-1 -1 $-1 $6159 0 $5479 1.099999999999994316 $5841 $6160 forward @7 unknown #
face $6161 -1 $-1 $5838 $5478 $25 $-1 $6162 reversed single #
point $-1 -1 $-1 84.6500000000000199 9.300000000000000711 55 #
vertex $-1 -1 $-1 $5481 $6163 #
straight-curve $-1 -1 $-1 87.87000000000000455 9.300000000000000711 53.90000000000000568 0 0 1 F 0 F 1.099999999999994316 #
DXID-attrib $-1 -1 $-1 $-1 $5482 @10 ASM ENTITY @3 108 #
face $6164 -1 $-1 $6156 $5832 $25 $-1 $6165 reversed single #
plane-surface $-1 -1 $-1 87.87000000000000455 9.300000000000000711 53.90000000000000568 1 0 0 0 0 1 forward_v I I I I #
coedge $-1 -1 $-1 $6166 $6167 $5484 $5855 reversed $6168 $-1 #
edge $-1 -1 $-1 $5859 0 $6154 18.19999999999999574 $5484 $6169 forward @7 unknown #
coedge $-1 -1 $-1 $6170 $5485 $5488 $5862 reversed $5858 $-1 #
coedge $-1 -1 $-1 $5485 $6170 $6166 $6171 forward $5858 $-1 #
loop $-1 -1 $-1 $-1 $6170 $5883 #
vertex $-1 -1 $-1 $5486 $6172 #
straight-curve $-1 -1 $-1 56.71000000000000085 9.300000000000000711 55 1 0 0 F 0 F 23.53999999999999915 #
coedge $-1 -1 $-1 $5488 $5487 $6173 $6174 reversed $5489 $-1 #
edge $-1 -1 $-1 $6175 0 $5490 1.099999999999994316 $5488 $6176 forward @7 unknown #
point $-1 -1 $-1 56.71000000000000085 9.300000000000000711 55 #
coedge $-1 -1 $-1 $5492 $6177 $5494 $5868 forward $5865 $-1 #
loop $-1 -1 $-1 $-1 $6177 $6152 #
straight-curve $-1 -1 $-1 43 7.5 55 1 0 0 F 2.000000000000001776 F 2.700000000000004619 #
coedge $-1 -1 $-1 $5495 $5494 $5518 $5886 forward $5496 $-1 #
edge $-1 -1 $-1 $6178 0 $5497 2.999999999999998224 $5494 $6179 forward @7 unknown #
face $6180 -1 $-1 $4769 $5496 $25 $-1 $6181 forward single #
point $-1 -1 $-1 45.70000000000000284 7.5 55 #
straight-curve $-1 -1 $-1 45.70000000000000284 27.5 27.25 0 0 -1 F -27.74999999999999645 F -24.75 #
coedge $-1 -1 $-1 $5500 $5827 $6167 $6182 forward $2946 $-1 #
coedge $-1 -1 $-1 $6183 $6173 $5500 $5874 forward $5899 $-1 #
edge $-1 -1 $-1 $5875 27.10500000000000043 $6184 50.64500000000000313 $5500 $6185 forward @7 unknown #
vertex $-1 -1 $-1 $5874 $6186 #
straight-curve $-1 -1 $-1 56.71000000000000085 27.5 28.20000000000000284 0 0 -1 F -26.79999999999999716 F -25.70000000000000284 #
edge $-1 -1 $-1 $5505 0 $5512 2.430000000000003268 $5504 $6187 forward @7 unknown #
point $-1 -1 $-1 92.27000000000001023 9.300000000000000711 53.90000000000000568 #
point $-1 -1 $-1 45 3.000000000000000444 55 #
straight-curve $-1 -1 $-1 94.70000000000000284 9.300000000000000711 53.90000000000000568 0 0 1 F 0 F 1.099999999999994316 #
point $-1 -1 $-1 94.70000000000000284 9.300000000000000711 53.90000000000000568 #
DXID-attrib $-1 -1 $-1 $-1 $5515 @10 ASM ENTITY @3 124 #
face $6188 -1 $-1 $5847 $5858 $25 $-1 $6189 reversed single #
plane-surface $-1 -1 $-1 45 3.000000000000000444 55 0 1 0 0 0 1 forward_v I I I I #
coedge $-1 -1 $-1 $5519 $5518 $6177 $6190 reversed $5520 $-1 #
edge $-1 -1 $-1 $6178 0 $5521 20 $5518 $6191 forward @7 unknown #
face $6192 -1 $-1 $5869 $5520 $25 $-1 $6193 reversed single #
point $-1 -1 $-1 45.70000000000000284 27.5 52 #
coedge $-1 -1 $-1 $6177 $5527 $5523 $5890 reversed $5865 $-1 #
edge $-1 -1 $-1 $5891 0 $5529 2.999999999999998224 $5523 $6194 forward @7 unknown #
vertex $-1 -1 $-1 $5524 $6195 #
straight-curve $-1 -1 $-1 43 7.5 52 0 1 0 F 0 F 20 #
DXID-attrib $-1 -1 $-1 $-1 $5525 @10 ASM ENTITY @3 101 #
plane-surface $-1 -1 $-1 43 7.5 52 1 0 0 0 0 1 forward_v I I I I #
straight-curve $-1 -1 $-1 43 7.5 55 1 0 0 F 0 F 2.000000000000001776 #
point $-1 -1 $-1 43 7.5 55 #
DXID-attrib $-1 -1 $-1 $-1 $5537 @10 ASM ENTITY @3 106 #
face $6196 -1 $-1 $5482 $6168 $25 $-1 $6197 forward single #
loop $-1 -1 $-1 $-1 $6173 $5537 #
plane-surface $-1 -1 $-1 56.71000000000000085 9.300000000000000711 53.90000000000000568 0 0 1 1 0 0 forward_v I I I I #
coedge $-1 -1 $-1 $5540 $5539 $6198 $6199 reversed $5541 $-1 #
face $6200 -1 $-1 $4107 $5541 $25 $-1 $6201 reversed single #
coedge $-1 -1 $-1 $5553 $6198 $5543 $5904 forward $5917 $-1 #
edge $-1 -1 $-1 $5905 0 $5557 5.999999999999996447 $5543 $6202 forward @7 unknown #
vertex $-1 -1 $-1 $5904 $6203 #
straight-curve $-1 -1 $-1 109 20.50000000000000355 59 0 1 0 F 0 F 6.999999999999997335 #
coedge $-1 -1 $-1 $6204 $6205 $6206 $6207 forward $5545 $-1 #
DXID-attrib $-1 -1 $-1 $-1 $5546 @10 ASM ENTITY @3 117 #
plane-surface $-1 -1 $-1 109 20.50000000000000355 59 1 0 0 0 0 1 forward_v I I I I #
coedge $-1 -1 $-1 $6198 $5553 $5548 $5911 reversed $5917 $-1 #
edge $-1 -1 $-1 $5912 0 $5555 5.999999999999996447 $5548 $6208 forward @7 unknown #
vertex $-1 -1 $-1 $5549 $6209 #
straight-curve $-1 -1 $-1 101.0000000000000142 20.50000000000000355 59 0 1 0 F 0 F 6.999999999999997335 #
coedge $-1 -1 $-1 $6210 $6211 $6212 $6213 reversed $5550 $-1 #
DXID-attrib $-1 -1 $-1 $-1 $5551 @10 ASM ENTITY @3 116 #
plane-surface $-1 -1 $-1 101.0000000000000142 20.50000000000000355 59 1 0 0 0 0 1 forward_v I I I I #
loop $-1 -1 $-1 $-1 $6198 $6214 #
straight-curve $-1 -1 $-1 101.0000000000000142 20.50000000000000355 65 1 0 0 F 0 F 7.999999999999989342 #
point $-1 -1 $-1 101.0000000000000142 20.50000000000000355 65 #
point $-1 -1 $-1 109 20.50000000000000355 65 #
coedge $-1 -1 $-1 $5563 $5569 $5561 $5922 forward $5575 $-1 #
edge $-1 -1 $-1 $5571 0 $5565 1.999999999999992895 $5561 $6215 forward @7 unknown #
DXID-attrib $-1 -1 $-1 $-1 $5562 @10 ASM ENTITY @3 114 #
plane-surface $-1 -1 $-1 98 7.5 37 0 0 1 1 0 0 forward_v I I I I #
straight-curve $-1 -1 $-1 100 7.5 37 0 0 1 F 0 F 10 #
point $-1 -1 $-1 100 7.5 37 #
straight-curve $-1 -1 $-1 98 7.5 37 0 0 1 F 0 F 10 #
point $-1 -1 $-1 98 7.5 37 #
face $6216 -1 $-1 $6214 $5575 $25 $-1 $6217 reversed single #
point $-1 -1 $-1 57.10000000000000853 19.75 1.199999999999999956 #
coedge $-1 -1 $-1 $5591 $5597 $5589 $5932 forward $5604 $-1 #
edge $-1 -1 $-1 $5599 0 $5593 12.99999999999999822 $5589 $6218 forward @7 unknown #
DXID-attrib $-1 -1 $-1 $-1 $5590 @10 ASM ENTITY @3 133 #
plane-surface $-1 -1 $-1 59.5 14.00000000000000178 74.5 0 1 0 0 0 1 forward_v I I I I #
straight-curve $-1 -1 $-1 72.5 10.5 78.09999999999999432 0 1 0 F 0 F 3.500000000000000888 #
point $-1 -1 $-1 72.5 14.00000000000000178 78.09999999999999432 #
straight-curve $-1 -1 $-1 59.5 10.5 78.09999999999999432 0 1 0 F 0 F 3.500000000000000888 #
point $-1 -1 $-1 59.5 14.00000000000000178 78.09999999999999432 #
DXID-attrib $-1 -1 $-1 $-1 $5602 @10 ASM ENTITY @3 135 #
face $6219 -1 $-1 $6220 $5631 $25 $-1 $6221 reversed single #
plane-surface $-1 -1 $-1 79.5 10.5 74.5 0 1 0 0 0 1 forward_v I I I I #
face $6222 -1 $-1 $6223 $5604 $25 $-1 $6224 reversed single #
straight-curve $-1 -1 $-1 5.5 12.5 35 -1 0 0 F -6.500000000000000888 F -0.999999999999999778 #
point $-1 -1 $-1 12.00000000000000178 12.5 35 #
point $-1 -1 $-1 6.5 12.5 35 #
DXID-attrib $-1 -1 $-1 $-1 $5618 @10 ASM ENTITY @3 147 #
plane-surface $-1 -1 $-1 6.5 12.5 34 0 1 0 0 0 1 forward_v I I I I #
coedge $-1 -1 $-1 $6225 $5627 $5630 $5953 forward $5950 $-1 #
coedge $-1 -1 $-1 $5627 $6225 $5634 $5956 reversed $5950 $-1 #
loop $-1 -1 $-1 $-1 $5948 $6220 #
straight-curve $-1 -1 $-1 78.25 14.00000000000000178 75.5 -1 0 0 F -14.24999999999999822 F -1.25 #
coedge $-1 -1 $-1 $5630 $5629 $6226 $6227 forward $5631 $-1 #
edge $-1 -1 $-1 $5632 1.000000000000005329 $6228 3.599999999999994316 $5630 $6229 forward @7 unknown #
point $-1 -1 $-1 92.5 14.00000000000000178 75.5 #
coedge $-1 -1 $-1 $5635 $5634 $6230 $6231 reversed $5636 $-1 #
edge $-1 -1 $-1 $5637 1.000000000000005329 $6232 3.599999999999994316 $5949 $6233 forward @7 unknown #
face $6234 -1 $-1 $4190 $5636 $25 $-1 $6235 forward single #
point $-1 -1 $-1 79.5 14.00000000000000178 75.5 #
coedge $-1 -1 $-1 $6230 $6226 $5639 $5960 reversed $6236 $-1 #
edge $-1 -1 $-1 $5961 0 $5963 12.99999999999999822 $5639 $6237 forward @7 unknown #
vertex $-1 -1 $-1 $5640 $6238 #
straight-curve $-1 -1 $-1 79.5 10.5 74.5 0 0 1 F 1.000000000000005329 F 3.599999999999994316 #
vertex $-1 -1 $-1 $5641 $6239 #
straight-curve $-1 -1 $-1 92.5 10.5 74.5 0 0 1 F 1.000000000000005329 F 3.599999999999994316 #
coedge $-1 -1 $-1 $5650 $5657 $5644 $5966 reversed $5978 $-1 #
edge $-1 -1 $-1 $5652 0 $5659 12.00000000000001066 $5644 $6240 forward @7 unknown #
DXID-attrib $-1 -1 $-1 $-1 $5645 @10 ASM ENTITY @2 67 #
plane-surface $-1 -1 $-1 80 -0.01000000000000000021 73 0 0 1 1 0 0 forward_v I I I I #
coedge $-1 -1 $-1 $5649 $5646 $6241 $6242 reversed $4910 $-1 #
coedge $-1 -1 $-1 $6243 $6244 $5646 $5971 forward $6245 $-1 #
edge $-1 -1 $-1 $6246 0 $5973 0.4999999999999982236 $5646 $6247 forward @7 unknown #
coedge $-1 -1 $-1 $5647 $5662 $6243 $6248 reversed $5666 $-1 #
vertex $-1 -1 $-1 $5648 $6249 #
straight-curve $-1 -1 $-1 80 13.25000000000000178 77.75 0 -0.7056939846480001499 -0.708516760585999994 F 0 F 3.528498038537627668 #
coedge $-1 -1 $-1 $6250 $6251 $5649 $5976 reversed $6252 $-1 #
edge $-1 -1 $-1 $6253 13.75999999999999801 $5979 14.00999999999999979 $5649 $6254 forward @7 unknown #
coedge $-1 -1 $-1 $5657 $5650 $6251 $6255 forward $5978 $-1 #
loop $-1 -1 $-1 $-1 $5965 $6256 #
vertex $-1 -1 $-1 $5976 $6257 #
straight-curve $-1 -1 $-1 80 14.00000000000000178 73 0 0 1 F 0 F 2.249999999999996447 #
point $-1 -1 $-1 80 14.00000000000000178 73 #
coedge $-1 -1 $-1 $5661 $5656 $6258 $6259 forward $4915 $-1 #
coedge $-1 -1 $-1 $6251 $6250 $5656 $5984 forward $6252 $-1 #
edge $-1 -1 $-1 $6260 13.75999999999999801 $5985 14.00999999999999979 $5656 $6261 forward @7 unknown #
vertex $-1 -1 $-1 $5658 $6262 #
straight-curve $-1 -1 $-1 92.00000000000001421 14.00000000000000178 73 0 0 1 F 0 F 2.249999999999996447 #
point $-1 -1 $-1 92.00000000000001421 14.00000000000000178 73 #
coedge $-1 -1 $-1 $6244 $6243 $5661 $5989 reversed $6245 $-1 #
edge $-1 -1 $-1 $6263 0 $5990 0.4999999999999982236 $5661 $6264 forward @7 unknown #
vertex $-1 -1 $-1 $5989 $6265 #
straight-curve $-1 -1 $-1 92.00000000000001421 13.25000000000000178 77.75 0 -0.7056939846480001499 -0.708516760585999994 F 0 F 3.528498038537627668 #
face $6266 -1 $-1 $6256 $5666 $27 $-1 $6267 reversed single #
straight-curve $-1 -1 $-1 60 14.00000000000000178 73 1 0 0 F 0 F 12.00000000000000178 #
coedge $-1 -1 $-1 $6268 $6269 $5674 $5995 forward $6270 $-1 #
edge $-1 -1 $-1 $6006 0.01000000000000333955 $5999 2.51000000000000334 $5674 $6271 forward @7 unknown #
coedge $-1 -1 $-1 $5693 $5675 $5677 $6001 forward $5998 $-1 #
coedge $-1 -1 $-1 $5675 $5693 $6268 $6272 reversed $5998 $-1 #
loop $-1 -1 $-1 $-1 $5997 $6273 #
vertex $-1 -1 $-1 $5676 $6274 #
straight-curve $-1 -1 $-1 60 13.75 77.75 0 -1 0 F 0 F 0.4999999999999982236 #
edge $-1 -1 $-1 $5678 0 $5695 12.00000000000000178 $5677 $6275 forward @7 unknown #
point $-1 -1 $-1 60 13.25000000000000178 77.75 #
coedge $-1 -1 $-1 $5688 $5680 $6269 $6276 forward $6005 $-1 #
coedge $-1 -1 $-1 $5680 $5688 $5682 $6008 reversed $6005 $-1 #
loop $-1 -1 $-1 $-1 $5680 $6277 #
vertex $-1 -1 $-1 $5995 $6278 #
straight-curve $-1 -1 $-1 60 -0.01000000000000000021 75.25 0 1 0 F 13.75999999999999801 F 14.00999999999999979 #
edge $-1 -1 $-1 $5684 0 $5690 12.00000000000000178 $5682 $6279 forward @7 unknown #
face $6280 -1 $-1 $6277 $5683 $27 $-1 $6281 forward single #
point $-1 -1 $-1 60 14.00000000000000178 75.25 #
coedge $-1 -1 $-1 $6269 $6268 $5687 $6012 reversed $6270 $-1 #
edge $-1 -1 $-1 $6013 0.01000000000000333955 $6016 2.51000000000000334 $5687 $6282 forward @7 unknown #
vertex $-1 -1 $-1 $5689 $6283 #
straight-curve $-1 -1 $-1 72 -0.01000000000000000021 75.25 0 1 0 F 13.75999999999999801 F 14.00999999999999979 #
point $-1 -1 $-1 72 14.00000000000000178 75.25 #
vertex $-1 -1 $-1 $6012 $6284 #
straight-curve $-1 -1 $-1 72 13.75 77.75 0 -1 0 F 0 F 0.4999999999999982236 #
point $-1 -1 $-1 72 13.25000000000000178 77.75 #
DXID-attrib $-1 -1 $-1 $-1 $5697 @10 ASM ENTITY @3 100 #
plane-surface $-1 -1 $-1 60 13.25000000000000178 77.75 0 0.7085167605861236728 -0.7056939846481231626 0 -0.7056939846481231626 -0.7085167605861236728 forward_v I I I I #
coedge $-1 -1 $-1 $5703 $5702 $6036 $6285 reversed $5704 $-1 #
face $6286 -1 $-1 $6041 $5704 $27 $-1 $6287 forward single #
vertex $-1 -1 $-1 $5718 $6288 #
straight-curve $-1 -1 $-1 59.29999999999999716 0.5999999999999999778 46.5 1 0 0 F 0 F 0.6000000000000049738 #
coedge $-1 -1 $-1 $6036 $6032 $5708 $6026 forward $6037 $-1 #
edge $-1 -1 $-1 $6034 0 $6027 0.7000000000000000666 $5708 $6289 forward @7 unknown #
vertex $-1 -1 $-1 $5709 $6290 #
straight-curve $-1 -1 $-1 59.29999999999999716 0.5999999999999999778 38.5 1 0 0 F 0 F 0.6000000000000049738 #
DXID-attrib $-1 -1 $-1 $-1 $5710 @10 ASM ENTITY @2 94 #
plane-surface $-1 -1 $-1 59.29999999999999716 -0.1000000000000000194 38.5 0 0 1 1 0 0 forward_v I I I I #
straight-curve $-1 -1 $-1 59.29999999999999716 -1.300000000000000044 32.75 1 0 0 F 0 F 35.99999999999999289 #
coedge $-1 -1 $-1 $6025 $5717 $5714 $6033 reversed $6037 $-1 #
edge $-1 -1 $-1 $6034 0 $5719 8.000000000000001776 $5714 $6291 forward @7 unknown #
vertex $-1 -1 $-1 $5715 $6292 #
straight-curve $-1 -1 $-1 59.29999999999999716 -0.1000000000000000194 38.5 1 0 0 F 0 F 0.6000000000000049738 #
coedge $-1 -1 $-1 $5717 $6025 $6021 $6285 forward $6037 $-1 #
loop $-1 -1 $-1 $-1 $6032 $6293 #
straight-curve $-1 -1 $-1 59.90000000000000568 -0.1000000000000000194 46.5 0 1 0 F 0 F 0.7000000000000000666 #
point $-1 -1 $-1 59.90000000000000568 -0.1000000000000000194 46.5 #
coedge $-1 -1 $-1 $5725 $5724 $6056 $6294 forward $5726 $-1 #
face $6295 -1 $-1 $5697 $5726 $27 $-1 $6296 forward single #
coedge $-1 -1 $-1 $6050 $6056 $5728 $6043 reversed $6057 $-1 #
edge $-1 -1 $-1 $6052 0 $6044 0.7000000000000000666 $5728 $6297 forward @7 unknown #
vertex $-1 -1 $-1 $6043 $6298 #
straight-curve $-1 -1 $-1 94.70000000000000284 0.5999999999999999778 38.5 1 0 0 F 0 F 0.5999999999999872102 #
DXID-attrib $-1 -1 $-1 $-1 $5730 @10 ASM ENTITY @2 97 #
plane-surface $-1 -1 $-1 94.70000000000000284 -0.1000000000000000194 38.5 0 0 1 1 0 0 forward_v I I I I #
vertex $-1 -1 $-1 $5741 $6299 #
straight-curve $-1 -1 $-1 94.70000000000000284 0.5999999999999999778 46.5 1 0 0 F 0 F 0.5999999999999872102 #
coedge $-1 -1 $-1 $5740 $6042 $5736 $6051 forward $6057 $-1 #
edge $-1 -1 $-1 $6052 0 $5742 8.000000000000001776 $5736 $6300 forward @7 unknown #
vertex $-1 -1 $-1 $5737 $6301 #
straight-curve $-1 -1 $-1 94.70000000000000284 -0.1000000000000000194 38.5 1 0 0 F 0 F 0.5999999999999872102 #
DXID-attrib $-1 -1 $-1 $-1 $5738 @10 ASM ENTITY @2 96 #
plane-surface $-1 -1 $-1 94.70000000000000284 -0.1000000000000000194 38.5 0 1 0 0 0 1 forward_v I I I I #
coedge $-1 -1 $-1 $6042 $5740 $6040 $6294 reversed $6057 $-1 #
loop $-1 -1 $-1 $-1 $6050 $6302 #
straight-curve $-1 -1 $-1 94.70000000000000284 -0.1000000000000000194 46.5 0 1 0 F 0 F 0.7000000000000000666 #
point $-1 -1 $-1 94.70000000000000284 -0.1000000000000000194 46.5 #
coedge $-1 -1 $-1 $5748 $5747 $6303 $6304 forward $5749 $-1 #
face $6305 -1 $-1 $3858 $5749 $27 $-1 $6306 reversed single #
coedge $-1 -1 $-1 $5755 $6303 $5751 $6063 reversed $5031 $-1 #
edge $-1 -1 $-1 $5757 -38.5 $6064 -36.38733971723999616 $5751 $6307 forward @7 unknown #
vertex $-1 -1 $-1 $6063 $6308 #
straight-curve $-1 -1 $-1 115 -1 75.13733971723999616 0 1 0 F 1 F 5 #
DXID-attrib $-1 -1 $-1 $-1 $5753 @10 ASM ENTITY @2 47 #
plane-surface $-1 -1 $-1 115 -1 74.75 1 0 0 0 0 1 forward_v I I I I #
ellipse-curve $-1 -1 $-1 115 4 75 0 -1 0 0 0 2.25 1 F -1.570796326794896558 F 0 #
point $-1 -1 $-1 115 4 77.25 #
coedge $-1 -1 $-1 $6309 $6310 $5763 $6071 reversed $6311 $-1 #
edge $-1 -1 $-1 $6075 21.25000000000000355 $6092 49.24999999999999289 $5763 $6312 forward @7 unknown #
coedge $-1 -1 $-1 $6313 $5764 $5767 $6078 forward $6074 $-1 #
coedge $-1 -1 $-1 $5764 $6314 $6309 $6315 forward $6074 $-1 #
loop $-1 -1 $-1 $-1 $6316 $5814 #
vertex $-1 -1 $-1 $5765 $6317 #
straight-curve $-1 -1 $-1 24.00000000000000355 3.990000000000000213 2.75 0 1 0 F 0.01000000000000000888 F 13.21693069306900092 #
coedge $-1 -1 $-1 $5767 $5766 $5822 $6141 forward $5768 $-1 #
edge $-1 -1 $-1 $5769 0.01216694318292945234 $6318 1.22886126149342112 $5767 $6319 forward @7 unknown #
point $-1 -1 $-1 24.00000000000000355 17.20693069306900114 2.75 #
coedge $-1 -1 $-1 $5772 $6320 $6139 $6321 reversed $5409 $-1 #
coedge $-1 -1 $-1 $6322 $5822 $5772 $6082 forward $5454 $-1 #
edge $-1 -1 $-1 $6083 0 $6323 0.6000000000000005329 $5772 $6324 forward @7 unknown #
vertex $-1 -1 $-1 $6082 $6325 #
straight-curve $-1 -1 $-1 16 17.19999999999999929 2.759999999999999787 0 0.5696330594300000882 -0.8218991286069999846 F 0.01216694318292945234 F 1.22886126149342112 #
coedge $-1 -1 $-1 $6326 $5774 $6327 $6328 reversed $5409 $-1 #
coedge $-1 -1 $-1 $6127 $6329 $5774 $6087 forward $6112 $-1 #
edge $-1 -1 $-1 $6330 0 $6129 0.0499999999999994893 $5774 $6331 forward @7 unknown #
point $-1 -1 $-1 16 4 4.75 #
coedge $-1 -1 $-1 $6332 $5778 $6310 $6333 reversed $6091 $-1 #
coedge $-1 -1 $-1 $5778 $6334 $5780 $6095 reversed $6091 $-1 #
loop $-1 -1 $-1 $-1 $6335 $6336 #
vertex $-1 -1 $-1 $6071 $6337 #
straight-curve $-1 -1 $-1 52 3.990000000000000213 2.75 0 1 0 F 0.01000000000000000888 F 13.21693069306900092 #
coedge $-1 -1 $-1 $5781 $5780 $6338 $6339 forward $5782 $-1 #
edge $-1 -1 $-1 $5783 0.01216694318292945234 $6340 1.22886126149342112 $6090 $6341 forward @7 unknown #
face $6342 -1 $-1 $5789 $5782 $27 $-1 $6343 reversed single #
point $-1 -1 $-1 52 17.20693069306900114 2.75 #
coedge $-1 -1 $-1 $6344 $5785 $6345 $6346 forward $5420 $-1 #
coedge $-1 -1 $-1 $6338 $6347 $5785 $6100 reversed $6348 $-1 #
edge $-1 -1 $-1 $6101 0 $6349 0.6000000000000005329 $5785 $6350 forward @7 unknown #
vertex $-1 -1 $-1 $6339 $6351 #
straight-curve $-1 -1 $-1 60 17.19999999999999929 2.759999999999999787 0 0.5696330594300000882 -0.8218991286069999846 F 0.01216694318292945234 F 1.22886126149342112 #
coedge $-1 -1 $-1 $5788 $6352 $6353 $6354 forward $5420 $-1 #
coedge $-1 -1 $-1 $6355 $6122 $5788 $6105 reversed $6356 $-1 #
edge $-1 -1 $-1 $6357 0 $6124 0.0499999999999994893 $5788 $6358 forward @7 unknown #
DXID-attrib $-1 -1 $-1 $-1 $5789 @10 ASM ENTITY @2 86 #
plane-surface $-1 -1 $-1 60 4.241022907320999735 4.341022907321000268 1 0 0 0 0 1 forward_v I I I I #
coedge $-1 -1 $-1 $6303 $5791 $5797 $6114 reversed $5031 $-1 #
point $-1 -1 $-1 60 4 4.75 #
DXID-attrib $-1 -1 $-1 $-1 $5795 @10 ASM ENTITY @2 88 #
face $6359 -1 $-1 $5002 $6356 $27 $-1 $6360 reversed single #
loop $-1 -1 $-1 $-1 $6086 $5795 #
plane-surface $-1 -1 $-1 16 3.990000000000000213 4.799999999999999822 0 1 0 0 0 -1 forward_v I I I I #
edge $-1 -1 $-1 $6115 -70.90000000000000568 $5802 -1.600000000000000311 $5797 $6361 forward @7 unknown #
vertex $-1 -1 $-1 $5798 $6362 #
straight-curve $-1 -1 $-1 115.25 -1 74.65000000000000568 0 1 0 F 1 F 5 #
DXID-attrib $-1 -1 $-1 $-1 $5799 @10 ASM ENTITY @2 48 #
plane-surface $-1 -1 $-1 115.25 -1 4.75 1 0 0 0 0 1 forward_v I I I I #
ellipse-curve $-1 -1 $-1 114.6500000000000199 4 5.350000000000000533 0 1 0 0.5999999999999999778 0 0 1 F 0 F 1.570796326794896558 #
point $-1 -1 $-1 115.25 4 5.350000000000000533 #
coedge $-1 -1 $-1 $6363 $5806 $6332 $6364 forward $4657 $-1 #
coedge $-1 -1 $-1 $6104 $6365 $5806 $6123 reversed $6356 $-1 #
edge $-1 -1 $-1 $6124 -31.62499999999999645 $6366 -23.62499999999999645 $5806 $6367 forward @7 unknown #
vertex $-1 -1 $-1 $5807 $6368 #
straight-curve $-1 -1 $-1 60 1.620511453660999912 4.75 0 1 0 F 2.369488546339000301 F 2.379488546339000088 #
coedge $-1 -1 $-1 $5810 $6363 $6314 $6369 reversed $4657 $-1 #
coedge $-1 -1 $-1 $6370 $6086 $5810 $6128 reversed $6112 $-1 #
edge $-1 -1 $-1 $6371 -13.62500000000000178 $6129 -5.625 $5810 $6372 forward @7 unknown #
vertex $-1 -1 $-1 $6128 $6373 #
straight-curve $-1 -1 $-1 16 1.620511453660999912 4.75 0 1 0 F 2.369488546339000301 F 2.379488546339000088 #
DXID-attrib $-1 -1 $-1 $-1 $5814 @10 ASM ENTITY @2 82 #
face $6374 -1 $-1 $6336 $6311 $27 $-1 $6375 forward single #
plane-surface $-1 -1 $-1 24.00000000000000355 4.241022907320999735 4.341022907321000268 1 0 0 0 0 1 forward_v I I I I #
point $-1 -1 $-1 49.40000000000000568 -2 51.15000000000000568 #
DXID-attrib $-1 -1 $-1 $-1 $5819 @10 ASM ENTITY @3 118 #
face $6376 -1 $-1 $6377 $6378 $27 $-1 $6379 forward single #
loop $-1 -1 $-1 $-1 $6380 $5819 #
plane-surface $-1 -1 $-1 2.75 0 2.75 0 0 1 1 0 0 forward_v I I I I #
coedge $-1 -1 $-1 $6381 $6382 $6080 $6321 forward $5820 $-1 #
coedge $-1 -1 $-1 $5822 $6322 $6313 $6383 reversed $5454 $-1 #
edge $-1 -1 $-1 $6083 0 $6318 8.000000000000001776 $6077 $6384 forward @7 unknown #
loop $-1 -1 $-1 $-1 $5823 $6385 #
vertex $-1 -1 $-1 $5824 $6386 #
ellipse-curve $-1 -1 $-1 49.40000000000000568 5.200000000000000178 49.90000000000000568 0 1 0 0 0 1.25 1 I I #
coedge $-1 -1 $-1 $5841 $5828 $5831 $6148 reversed $5842 $-1 #
straight-curve $-1 -1 $-1 84.6500000000000199 27.5 28.20000000000000284 0 0 -1 F -26.79999999999999716 F -25.70000000000000284 #
coedge $-1 -1 $-1 $5831 $5830 $5845 $6158 reversed $5832 $-1 #
edge $-1 -1 $-1 $6159 0 $5833 18.19999999999999574 $5831 $6387 forward @7 unknown #
point $-1 -1 $-1 84.6500000000000199 27.5 53.90000000000000568 #
straight-curve $-1 -1 $-1 87.87000000000000455 9.300000000000000711 53.90000000000000568 0 1 0 F 0 F 18.19999999999999574 #
DXID-attrib $-1 -1 $-1 $-1 $5838 @10 ASM ENTITY @3 127 #
face $6388 -1 $-1 $4372 $5865 $25 $-1 $6389 reversed single #
plane-surface $-1 -1 $-1 92.27000000000001023 9.300000000000000711 53.90000000000000568 0 1 0 0 0 1 forward_v I I I I #
vertex $-1 -1 $-1 $5840 $6390 #
straight-curve $-1 -1 $-1 23.75 27.5 55 1 0 0 F 56.5 F 60.90000000000001279 #
face $6391 -1 $-1 $4797 $5842 $25 $-1 $6392 reversed single #
point $-1 -1 $-1 84.6500000000000199 27.5 55 #
edge $-1 -1 $-1 $6159 0 $5849 3.219999999999991758 $6147 $6393 forward @7 unknown #
vertex $-1 -1 $-1 $6148 $6394 #
straight-curve $-1 -1 $-1 84.6500000000000199 9.300000000000000711 53.90000000000000568 0 0 1 F 0 F 1.099999999999994316 #
DXID-attrib $-1 -1 $-1 $-1 $5847 @10 ASM ENTITY @3 126 #
plane-surface $-1 -1 $-1 84.6500000000000199 9.300000000000000711 53.90000000000000568 0 1 0 0 0 1 forward_v I I I I #
point $-1 -1 $-1 87.87000000000000455 9.300000000000000711 53.90000000000000568 #
DXID-attrib $-1 -1 $-1 $-1 $5852 @10 ASM ENTITY @3 109 #
plane-surface $-1 -1 $-1 84.6500000000000199 9.300000000000000711 53.90000000000000568 0 0 1 1 0 0 forward_v I I I I #
coedge $-1 -1 $-1 $6395 $5854 $5857 $6171 reversed $6168 $-1 #
coedge $-1 -1 $-1 $5854 $6395 $5872 $6182 reversed $6168 $-1 #
loop $-1 -1 $-1 $-1 $5854 $5898 #
straight-curve $-1 -1 $-1 80.25 9.300000000000000711 55 0 1 0 F 0 F 18.19999999999999574 #
coedge $-1 -1 $-1 $5857 $5856 $6396 $6397 forward $5858 $-1 #
edge $-1 -1 $-1 $6398 0 $5859 1.099999999999994316 $6166 $6399 forward @7 unknown #
point $-1 -1 $-1 80.25 9.300000000000000711 55 #
coedge $-1 -1 $-1 $5873 $6396 $5861 $6174 forward $5899 $-1 #
edge $-1 -1 $-1 $6175 0 $5875 18.19999999999999574 $5861 $6400 forward @7 unknown #
vertex $-1 -1 $-1 $6174 $6401 #
straight-curve $-1 -1 $-1 56.71000000000000085 9.300000000000000711 53.90000000000000568 0 0 1 F 0 F 1.099999999999994316 #
coedge $-1 -1 $-1 $5864 $5889 $5885 $6190 forward $5865 $-1 #
vertex $-1 -1 $-1 $5886 $6402 #
straight-curve $-1 -1 $-1 45.70000000000000284 7.5 52 0 0 1 F 0 F 2.999999999999998224 #
DXID-attrib $-1 -1 $-1 $-1 $5869 @10 ASM ENTITY @3 103 #
plane-surface $-1 -1 $-1 45.70000000000000284 7.5 52 1 0 0 0 0 1 forward_v I I I I #
edge $-1 -1 $-1 $6154 -26.79999999999999716 $6184 -25.70000000000000284 $5872 $6403 forward @7 unknown #
coedge $-1 -1 $-1 $6396 $5873 $6395 $6404 reversed $5899 $-1 #
vertex $-1 -1 $-1 $6182 $6405 #
straight-curve $-1 -1 $-1 29.60500000000000043 27.5 53.90000000000000568 1 0 0 F 27.10500000000000043 F 50.64500000000000313 #
point $-1 -1 $-1 56.71000000000000085 27.5 53.90000000000000568 #
straight-curve $-1 -1 $-1 92.27000000000001023 9.300000000000000711 53.90000000000000568 1 0 0 F 0 F 2.430000000000003268 #
DXID-attrib $-1 -1 $-1 $-1 $5883 @10 ASM ENTITY @3 125 #
plane-surface $-1 -1 $-1 56.71000000000000085 9.300000000000000711 53.90000000000000568 0 1 0 0 0 1 forward_v I I I I #
edge $-1 -1 $-1 $5891 0 $6178 2.700000000000004619 $5885 $6406 forward @7 unknown #
straight-curve $-1 -1 $-1 45.70000000000000284 7.5 52 0 1 0 F 0 F 20 #
DXID-attrib $-1 -1 $-1 $-1 $5887 @10 ASM ENTITY @3 102 #
plane-surface $-1 -1 $-1 43 7.5 52 0 0 1 1 0 0 forward_v I I I I #
straight-curve $-1 -1 $-1 43 7.5 52 0 0 1 F 0 F 2.999999999999998224 #
point $-1 -1 $-1 43 7.5 52 #
DXID-attrib $-1 -1 $-1 $-1 $5898 @10 ASM ENTITY @3 107 #
plane-surface $-1 -1 $-1 80.25 9.300000000000000711 53.90000000000000568 1 0 0 0 0 1 forward_v I I I I #
coedge $-1 -1 $-1 $5903 $5910 $5901 $6199 forward $5917 $-1 #
edge $-1 -1 $-1 $5912 0 $5905 7.999999999999989342 $5901 $6407 forward @7 unknown #
DXID-attrib $-1 -1 $-1 $-1 $5902 @10 ASM ENTITY @3 118 #
plane-surface $-1 -1 $-1 101.0000000000000142 20.50000000000000355 59 0 0 1 1 0 0 forward_v I I I I #
straight-curve $-1 -1 $-1 109 20.50000000000000355 59 0 0 1 F 0 F 5.999999999999996447 #
point $-1 -1 $-1 109 20.50000000000000355 59 #
coedge $-1 -1 $-1 $6408 $5907 $6409 $6410 forward $5545 $-1 #
coedge $-1 -1 $-1 $5907 $6408 $6411 $6412 reversed $5545 $-1 #
coedge $-1 -1 $-1 $6413 $6414 $5907 $6207 reversed $6415 $-1 #
edge $-1 -1 $-1 $6416 -3.000000000000002665 $6417 -1.000000000000000888 $5907 $6418 forward @7 unknown #
straight-curve $-1 -1 $-1 101.0000000000000142 20.50000000000000355 59 0 0 1 F 0 F 5.999999999999996447 #
point $-1 -1 $-1 101.0000000000000142 20.50000000000000355 59 #
coedge $-1 -1 $-1 $6419 $5914 $6420 $6421 forward $5550 $-1 #
coedge $-1 -1 $-1 $5914 $6419 $6422 $6423 reversed $5550 $-1 #
coedge $-1 -1 $-1 $6414 $6413 $5914 $6213 forward $6415 $-1 #
edge $-1 -1 $-1 $6424 -3.000000000000002665 $6425 -1.000000000000000888 $5914 $6426 forward @7 unknown #
face $6427 -1 $-1 $6428 $5917 $25 $-1 $6429 reversed single #
straight-curve $-1 -1 $-1 98 7.5 37 1 0 0 F 0 F 1.999999999999992895 #
DXID-attrib $-1 -1 $-1 $-1 $5929 @10 ASM ENTITY @3 148 #
plane-surface $-1 -1 $-1 98 7.5 37 0 1 0 0 0 1 forward_v I I I I #
straight-curve $-1 -1 $-1 59.5 14.00000000000000178 78.09999999999999432 1 0 0 F 0 F 12.99999999999999822 #
DXID-attrib $-1 -1 $-1 $-1 $5940 @10 ASM ENTITY @3 136 #
face $6430 -1 $-1 $5957 $5950 $25 $-1 $6431 reversed single #
plane-surface $-1 -1 $-1 92.5 10.5 74.5 1 0 0 0 0 1 forward_v I I I I #
DXID-attrib $-1 -1 $-1 $-1 $5942 @10 ASM ENTITY @3 154 #
face $6432 -1 $-1 $-1 $6236 $25 $-1 $6433 reversed single #
plane-surface $-1 -1 $-1 59.5 10.5 78.09999999999999432 0 0 1 1 0 0 forward_v I I I I #
coedge $-1 -1 $-1 $5949 $5948 $6434 $6435 reversed $5950 $-1 #
coedge $-1 -1 $-1 $5959 $6434 $5952 $6227 reversed $6236 $-1 #
edge $-1 -1 $-1 $5963 0 $6228 3.500000000000000888 $5952 $6436 forward @7 unknown #
vertex $-1 -1 $-1 $6227 $6437 #
straight-curve $-1 -1 $-1 92.5 14.00000000000000178 74.5 0 0 1 F 1.000000000000005329 F 3.599999999999994316 #
coedge $-1 -1 $-1 $6434 $5959 $5955 $6231 forward $6236 $-1 #
edge $-1 -1 $-1 $5961 0 $6232 3.500000000000000888 $5955 $6438 forward @7 unknown #
vertex $-1 -1 $-1 $6435 $6439 #
straight-curve $-1 -1 $-1 79.5 14.00000000000000178 74.5 0 0 1 F 1.000000000000005329 F 3.599999999999994316 #
DXID-attrib $-1 -1 $-1 $-1 $5957 @10 ASM ENTITY @3 138 #
plane-surface $-1 -1 $-1 79.5 10.5 74.5 1 0 0 0 0 1 forward_v I I I I #
loop $-1 -1 $-1 $-1 $6230 $6223 #
straight-curve $-1 -1 $-1 79.5 10.5 78.09999999999999432 1 0 0 F 0 F 12.99999999999999822 #
point $-1 -1 $-1 79.5 10.5 78.09999999999999432 #
point $-1 -1 $-1 92.5 10.5 78.09999999999999432 #
straight-curve $-1 -1 $-1 80 14.00000000000000178 73 1 0 0 F 0 F 12.00000000000001066 #
coedge $-1 -1 $-1 $6440 $6441 $5969 $6242 forward $6442 $-1 #
edge $-1 -1 $-1 $6253 0.01000000000000333955 $6246 2.51000000000000334 $5969 $6443 forward @7 unknown #
coedge $-1 -1 $-1 $5988 $5970 $5972 $6248 forward $6245 $-1 #
coedge $-1 -1 $-1 $5970 $5988 $6440 $6444 reversed $6245 $-1 #
loop $-1 -1 $-1 $-1 $6244 $6445 #
vertex $-1 -1 $-1 $5971 $6446 #
straight-curve $-1 -1 $-1 80 13.75 77.75 0 -1 0 F 0 F 0.4999999999999982236 #
edge $-1 -1 $-1 $5973 0 $5990 12.00000000000001066 $5972 $6447 forward @7 unknown #
point $-1 -1 $-1 80 13.25000000000000178 77.75 #
coedge $-1 -1 $-1 $5983 $5975 $6441 $6448 forward $6252 $-1 #
coedge $-1 -1 $-1 $5975 $5983 $5977 $6255 reversed $6252 $-1 #
loop $-1 -1 $-1 $-1 $5975 $6449 #
vertex $-1 -1 $-1 $6242 $6450 #
straight-curve $-1 -1 $-1 80 -0.01000000000000000021 75.25 0 1 0 F 13.75999999999999801 F 14.00999999999999979 #
edge $-1 -1 $-1 $5979 0 $5985 12.00000000000001066 $5977 $6451 forward @7 unknown #
face $6452 -1 $-1 $6449 $5978 $27 $-1 $6453 forward single #
point $-1 -1 $-1 80 14.00000000000000178 75.25 #
coedge $-1 -1 $-1 $6441 $6440 $5982 $6259 reversed $6442 $-1 #
edge $-1 -1 $-1 $6260 0.01000000000000333955 $6263 2.51000000000000334 $5982 $6454 forward @7 unknown #
vertex $-1 -1 $-1 $5984 $6455 #
straight-curve $-1 -1 $-1 92.00000000000001421 -0.01000000000000000021 75.25 0 1 0 F 13.75999999999999801 F 14.00999999999999979 #
point $-1 -1 $-1 92.00000000000001421 14.00000000000000178 75.25 #
vertex $-1 -1 $-1 $6259 $6456 #
straight-curve $-1 -1 $-1 92.00000000000001421 13.75 77.75 0 -1 0 F 0 F 0.4999999999999982236 #
point $-1 -1 $-1 92.00000000000001421 13.25000000000000178 77.75 #
DXID-attrib $-1 -1 $-1 $-1 $5992 @10 ASM ENTITY @3 105 #
plane-surface $-1 -1 $-1 80 13.25000000000000178 77.75 0 0.7085167605861236728 -0.7056939846481231626 0 -0.7056939846481231626 -0.7085167605861236728 forward_v I I I I #
coedge $-1 -1 $-1 $6011 $5994 $5997 $6272 forward $6270 $-1 #
coedge $-1 -1 $-1 $5994 $6011 $6003 $6276 reversed $6270 $-1 #
loop $-1 -1 $-1 $-1 $5994 $6457 #
straight-curve $-1 -1 $-1 60 13.75 75.23999999999999488 0 0 1 F 0.01000000000000333955 F 2.51000000000000334 #
edge $-1 -1 $-1 $5999 0 $6016 12.00000000000000178 $6268 $6458 forward @7 unknown #
face $6459 -1 $-1 $5992 $5998 $27 $-1 $6460 reversed single #
point $-1 -1 $-1 60 13.75 77.75 #
straight-curve $-1 -1 $-1 60 13.25000000000000178 77.75 1 0 0 F 0 F 12.00000000000000178 #
edge $-1 -1 $-1 $6006 0 $6013 12.00000000000000178 $6003 $6461 forward @7 unknown #
face $6462 -1 $-1 $6457 $6005 $27 $-1 $6463 forward single #
point $-1 -1 $-1 60 13.75 75.25 #
straight-curve $-1 -1 $-1 60 14.00000000000000178 75.25 1 0 0 F 0 F 12.00000000000000178 #
DXID-attrib $-1 -1 $-1 $-1 $6009 @10 ASM ENTITY @3 101 #
plane-surface $-1 -1 $-1 60 14.00000000000000178 73 0 1 0 0 0 1 forward_v I I I I #
straight-curve $-1 -1 $-1 72 13.75 75.23999999999999488 0 0 1 F 0.01000000000000333955 F 2.51000000000000334 #
point $-1 -1 $-1 72 13.75 75.25 #
point $-1 -1 $-1 72 13.75 77.75 #
edge $-1 -1 $-1 $6027 0 $6023 8.000000000000001776 $6021 $6464 forward @7 unknown #
DXID-attrib $-1 -1 $-1 $-1 $6022 @10 ASM ENTITY @2 98 #
plane-surface $-1 -1 $-1 59.29999999999999716 0.5999999999999999778 38.5 0 1 0 0 0 1 forward_v I I I I #
point $-1 -1 $-1 59.90000000000000568 0.5999999999999999778 46.5 #
straight-curve $-1 -1 $-1 59.90000000000000568 -0.1000000000000000194 38.5 0 1 0 F 0 F 0.7000000000000000666 #
point $-1 -1 $-1 59.90000000000000568 0.5999999999999999778 38.5 #
straight-curve $-1 -1 $-1 59.90000000000000568 -0.1000000000000000194 38.5 0 0 1 F 0 F 8.000000000000001776 #
point $-1 -1 $-1 59.90000000000000568 -0.1000000000000000194 38.5 #
face $6465 -1 $-1 $6302 $6037 $27 $-1 $6466 forward single #
edge $-1 -1 $-1 $6044 0 $6048 8.000000000000001776 $6040 $6467 forward @7 unknown #
DXID-attrib $-1 -1 $-1 $-1 $6041 @10 ASM ENTITY @2 99 #
plane-surface $-1 -1 $-1 94.70000000000000284 0.5999999999999999778 38.5 0 1 0 0 0 1 forward_v I I I I #
straight-curve $-1 -1 $-1 94.70000000000000284 -0.1000000000000000194 38.5 0 1 0 F 0 F 0.7000000000000000666 #
point $-1 -1 $-1 94.70000000000000284 0.5999999999999999778 38.5 #
point $-1 -1 $-1 94.70000000000000284 0.5999999999999999778 46.5 #
straight-curve $-1 -1 $-1 94.70000000000000284 -0.1000000000000000194 38.5 0 0 1 F 0 F 8.000000000000001776 #
point $-1 -1 $-1 94.70000000000000284 -0.1000000000000000194 38.5 #
face $6468 -1 $-1 $6385 $6057 $27 $-1 $6469 reversed single #
coedge $-1 -1 $-1 $6062 $6108 $6060 $6304 reversed $5031 $-1 #
edge $-1 -1 $-1 $6064 -0.9479697413824879071 $6115 0 $6060 $6470 forward @7 unknown #
DXID-attrib $-1 -1 $-1 $-1 $6061 @10 ASM ENTITY @2 49 #
cone-surface $-1 -1 $-1 114.6500000000000199 -1 74.65000000000000568 0 1 0 0.5999999999999999778 0 0 1 I I 0 1 0.5999999999999999778 forward I I I I #
straight-curve $-1 -1 $-1 115 4 38.75 0 0 -1 F -38.5 F -36.38733971723999616 #
point $-1 -1 $-1 115 4 75.13733971723999616 #
coedge $-1 -1 $-1 $6471 $6070 $6073 $6315 reversed $6311 $-1 #
coedge $-1 -1 $-1 $6070 $6471 $6089 $6333 forward $6311 $-1 #
loop $-1 -1 $-1 $-1 $6070 $6132 #
straight-curve $-1 -1 $-1 2.75 4 2.75 1 0 0 F 21.25000000000000355 F 49.24999999999999289 #
coedge $-1 -1 $-1 $6472 $6072 $6140 $6383 forward $6074 $-1 #
coedge $-1 -1 $-1 $6073 $6316 $6126 $6369 forward $6074 $-1 #
edge $-1 -1 $-1 $6473 0 $6075 2 $6073 $6474 forward @7 unknown #
coedge $-1 -1 $-1 $6314 $6475 $6370 $6476 forward $6074 $-1 #
point $-1 -1 $-1 24.00000000000000355 4 2.75 #
vertex $-1 -1 $-1 $6141 $6477 #
straight-curve $-1 -1 $-1 24.00000000000000355 17.19999999999999929 2.759999999999999787 0 0.5696330594300000882 -0.8218991286069999846 F 0.01216694318292945234 F 1.22886126149342112 #
coedge $-1 -1 $-1 $6080 $6478 $6380 $6479 reversed $5409 $-1 #
edge $-1 -1 $-1 $6323 0 $6480 2.669616135100691956 $6080 $6481 forward @7 unknown #
coedge $-1 -1 $-1 $6140 $6081 $6382 $6482 forward $5454 $-1 #
vertex $-1 -1 $-1 $6321 $6483 #
straight-curve $-1 -1 $-1 16 17.89999999999999858 1.750000000000000222 0 1 0 F 0 F 0.6000000000000005329 #
point $-1 -1 $-1 16 17.89999999999999858 1.750000000000000222 #
coedge $-1 -1 $-1 $6478 $6085 $6484 $6485 forward $5409 $-1 #
coedge $-1 -1 $-1 $6486 $6487 $6085 $6328 forward $6488 $-1 #
edge $-1 -1 $-1 $6489 0.01414213562372112348 $6330 1.004091629284254328 $6085 $6490 forward @7 unknown #
coedge $-1 -1 $-1 $6086 $6370 $6486 $6491 reversed $6112 $-1 #
vertex $-1 -1 $-1 $6087 $6492 #
straight-curve $-1 -1 $-1 16 3.990000000000000213 4.799999999999999822 0 0 -1 F 0 F 0.0499999999999994893 #
coedge $-1 -1 $-1 $6335 $6089 $6121 $6364 reversed $6091 $-1 #
edge $-1 -1 $-1 $6493 0 $6092 2 $6310 $6494 forward @7 unknown #
coedge $-1 -1 $-1 $6090 $6495 $6496 $6497 reversed $6091 $-1 #
coedge $-1 -1 $-1 $6498 $6332 $6365 $6499 reversed $6091 $-1 #
face $6500 -1 $-1 $6096 $6091 $27 $-1 $6501 reversed single #
point $-1 -1 $-1 52 4 2.75 #
coedge $-1 -1 $-1 $6496 $6099 $6094 $6339 reversed $6348 $-1 #
edge $-1 -1 $-1 $6340 0 $6101 7.999999999999998224 $6094 $6502 forward @7 unknown #
vertex $-1 -1 $-1 $6497 $6503 #
straight-curve $-1 -1 $-1 52 17.19999999999999929 2.759999999999999787 0 0.5696330594300000882 -0.8218991286069999846 F 0.01216694318292945234 F 1.22886126149342112 #
DXID-attrib $-1 -1 $-1 $-1 $6096 @10 ASM ENTITY @2 85 #
plane-surface $-1 -1 $-1 52 17.19999999999999929 2.759999999999999787 0 0.8218991286067831581 0.569633059429849764 0 0.569633059429849764 -0.8218991286067832691 forward_v I I I I #
coedge $-1 -1 $-1 $6504 $6098 $6505 $6506 forward $5420 $-1 #
coedge $-1 -1 $-1 $6507 $6508 $6098 $6346 reversed $6509 $-1 #
edge $-1 -1 $-1 $6349 0 $6510 2.669616135100691956 $6098 $6511 forward @7 unknown #
coedge $-1 -1 $-1 $6099 $6496 $6507 $6512 forward $6348 $-1 #
loop $-1 -1 $-1 $-1 $6338 $6513 #
vertex $-1 -1 $-1 $6100 $6514 #
straight-curve $-1 -1 $-1 60 17.89999999999999858 1.750000000000000222 0 1 0 F 0 F 0.6000000000000005329 #
point $-1 -1 $-1 60 17.89999999999999858 1.750000000000000222 #
coedge $-1 -1 $-1 $6103 $6504 $6515 $6516 reversed $5420 $-1 #
coedge $-1 -1 $-1 $6517 $6518 $6103 $6354 reversed $6519 $-1 #
edge $-1 -1 $-1 $6520 0.01414213562372112348 $6357 1.004091629284254328 $6103 $6521 forward @7 unknown #
coedge $-1 -1 $-1 $6365 $6104 $6518 $6522 reversed $6356 $-1 #
loop $-1 -1 $-1 $-1 $6365 $6111 #
vertex $-1 -1 $-1 $6105 $6523 #
straight-curve $-1 -1 $-1 60 3.990000000000000213 4.799999999999999822 0 0 -1 F 0 F 0.0499999999999994893 #
DXID-attrib $-1 -1 $-1 $-1 $6111 @10 ASM ENTITY @2 89 #
plane-surface $-1 -1 $-1 52 3.990000000000000213 4.799999999999999822 0 1 0 0 0 -1 forward_v I I I I #
straight-curve $-1 -1 $-1 115.25 4 3.75 0 0 -1 F -70.90000000000000568 F -1.600000000000000311 #
point $-1 -1 $-1 115.25 4 74.65000000000000568 #
coedge $-1 -1 $-1 $6126 $6121 $6471 $6524 reversed $4657 $-1 #
edge $-1 -1 $-1 $6366 2.369488546339000301 $6493 2.379488546339000088 $6121 $6525 forward @7 unknown #
coedge $-1 -1 $-1 $6122 $6355 $6335 $6499 forward $6356 $-1 #
vertex $-1 -1 $-1 $6123 $6526 #
straight-curve $-1 -1 $-1 28.37500000000000355 3.990000000000000213 4.75 -1 0 0 F -31.62499999999999645 F -23.62499999999999645 #
point $-1 -1 $-1 60 3.990000000000000213 4.75 #
edge $-1 -1 $-1 $6371 2.369488546339000301 $6473 2.379488546339000088 $6126 $6527 forward @7 unknown #
coedge $-1 -1 $-1 $6329 $6127 $6316 $6476 reversed $6112 $-1 #
vertex $-1 -1 $-1 $6369 $6528 #
straight-curve $-1 -1 $-1 10.375 3.990000000000000213 4.75 -1 0 0 F -13.62500000000000178 F -5.625 #
point $-1 -1 $-1 16 3.990000000000000213 4.75 #
DXID-attrib $-1 -1 $-1 $-1 $6132 @10 ASM ENTITY @2 83 #
plane-surface $-1 -1 $-1 2.75 4 2.75 0 1 0 0 0 1 forward_v I I I I #
DXID-attrib $-1 -1 $-1 $-1 $6136 @10 ASM ENTITY @3 119 #
face $6529 -1 $-1 $6530 $6531 $27 $-1 $6532 forward single #
loop $-1 -1 $-1 $-1 $6533 $6136 #
plane-surface $-1 -1 $-1 16 21 2.75 0 1 0 0 0 1 forward_v I I I I #
coedge $-1 -1 $-1 $6534 $6535 $6320 $6479 forward $6137 $-1 #
coedge $-1 -1 $-1 $6536 $6139 $6535 $6537 forward $5820 $-1 #
coedge $-1 -1 $-1 $6139 $6536 $6322 $6482 reversed $5820 $-1 #
edge $-1 -1 $-1 $6318 0 $6538 0.6000000000000005329 $6313 $6539 forward @7 unknown #
straight-curve $-1 -1 $-1 16 17.89999999999999858 1.750000000000000222 1 0 0 F 0 F 8.000000000000001776 #
face $6540 -1 $-1 $-1 $6142 $27 $-1 $6541 forward single #
point $-1 -1 $-1 49.40000000000000568 5.200000000000000178 51.15000000000000568 #
straight-curve $-1 -1 $-1 84.6500000000000199 9.300000000000000711 53.90000000000000568 0 1 0 F 0 F 18.19999999999999574 #
DXID-attrib $-1 -1 $-1 $-1 $6152 @10 ASM ENTITY @3 128 #
plane-surface $-1 -1 $-1 43 7.5 52 0 1 0 0 0 1 forward_v I I I I #
point $-1 -1 $-1 80.25 27.5 55 #
DXID-attrib $-1 -1 $-1 $-1 $6156 @10 ASM ENTITY @3 110 #
plane-surface $-1 -1 $-1 84.6500000000000199 9.300000000000000711 53.90000000000000568 1 0 0 0 0 1 forward_v I I I I #
straight-curve $-1 -1 $-1 84.6500000000000199 9.300000000000000711 53.90000000000000568 1 0 0 F 0 F 3.219999999999991758 #
point $-1 -1 $-1 84.6500000000000199 9.300000000000000711 53.90000000000000568 #
coedge $-1 -1 $-1 $6167 $6166 $6183 $6404 forward $6168 $-1 #
coedge $-1 -1 $-1 $6173 $6183 $6170 $6397 reversed $5899 $-1 #
edge $-1 -1 $-1 $6175 0 $6398 23.53999999999999915 $6396 $6542 forward @7 unknown #
vertex $-1 -1 $-1 $6404 $6543 #
straight-curve $-1 -1 $-1 80.25 9.300000000000000711 53.90000000000000568 0 0 1 F 0 F 1.099999999999994316 #
straight-curve $-1 -1 $-1 56.71000000000000085 9.300000000000000711 53.90000000000000568 0 1 0 F 0 F 18.19999999999999574 #
point $-1 -1 $-1 56.71000000000000085 9.300000000000000711 53.90000000000000568 #
point $-1 -1 $-1 45.70000000000000284 7.5 52 #
straight-curve $-1 -1 $-1 80.25 27.5 28.20000000000000284 0 0 -1 F -26.79999999999999716 F -25.70000000000000284 #
edge $-1 -1 $-1 $6398 0 $6184 18.19999999999999574 $6183 $6544 forward @7 unknown #
point $-1 -1 $-1 80.25 27.5 53.90000000000000568 #
straight-curve $-1 -1 $-1 43 7.5 52 1 0 0 F 0 F 2.700000000000004619 #
straight-curve $-1 -1 $-1 101.0000000000000142 20.50000000000000355 59 1 0 0 F 0 F 7.999999999999989342 #
coedge $-1 -1 $-1 $6205 $6204 $6545 $6546 reversed $5545 $-1 #
coedge $-1 -1 $-1 $6547 $6548 $6204 $6410 reversed $6549 $-1 #
edge $-1 -1 $-1 $6417 0.1250000000000017764 $6550 5.625 $6204 $6551 forward @7 unknown #
coedge $-1 -1 $-1 $6552 $6553 $6205 $6412 forward $6554 $-1 #
edge $-1 -1 $-1 $6416 0.1250000000000017764 $6555 5.625 $6205 $6556 forward @7 unknown #
coedge $-1 -1 $-1 $6212 $6206 $6553 $6557 reversed $6415 $-1 #
coedge $-1 -1 $-1 $6206 $6212 $6547 $6558 forward $6415 $-1 #
loop $-1 -1 $-1 $-1 $6413 $6428 #
vertex $-1 -1 $-1 $6207 $6559 #
vertex $-1 -1 $-1 $6207 $6560 #
straight-curve $-1 -1 $-1 109 21.5 59.25000000000000711 0 -1 0 F -3.000000000000002665 F -1.000000000000000888 #
coedge $-1 -1 $-1 $6211 $6210 $6561 $6562 forward $5550 $-1 #
coedge $-1 -1 $-1 $6553 $6552 $6210 $6421 reversed $6554 $-1 #
edge $-1 -1 $-1 $6424 0.1250000000000017764 $6563 5.625 $6210 $6564 forward @7 unknown #
coedge $-1 -1 $-1 $6548 $6547 $6211 $6423 forward $6549 $-1 #
edge $-1 -1 $-1 $6425 0.1250000000000017764 $6565 5.625 $6211 $6566 forward @7 unknown #
vertex $-1 -1 $-1 $6213 $6567 #
vertex $-1 -1 $-1 $6213 $6568 #
straight-curve $-1 -1 $-1 101.0000000000000142 21.5 59.25000000000000711 0 -1 0 F -3.000000000000002665 F -1.000000000000000888 #
DXID-attrib $-1 -1 $-1 $-1 $6214 @10 ASM ENTITY @3 149 #
face $6569 -1 $-1 $6570 $6415 $25 $-1 $6571 forward single #
plane-surface $-1 -1 $-1 101.0000000000000142 20.50000000000000355 59 0 1 0 0 0 1 forward_v I I I I #
DXID-attrib $-1 -1 $-1 $-1 $6220 @10 ASM ENTITY @3 137 #
plane-surface $-1 -1 $-1 79.5 14.00000000000000178 74.5 0 1 0 0 0 1 forward_v I I I I #
DXID-attrib $-1 -1 $-1 $-1 $6223 @10 ASM ENTITY @3 155 #
plane-surface $-1 -1 $-1 79.5 10.5 78.09999999999999432 0 0 1 1 0 0 forward_v I I I I #
coedge $-1 -1 $-1 $6226 $6230 $6225 $6435 forward $6236 $-1 #
edge $-1 -1 $-1 $6232 0 $6228 12.99999999999999822 $6225 $6572 forward @7 unknown #
straight-curve $-1 -1 $-1 92.5 10.5 78.09999999999999432 0 1 0 F 0 F 3.500000000000000888 #
point $-1 -1 $-1 92.5 14.00000000000000178 78.09999999999999432 #
straight-curve $-1 -1 $-1 79.5 10.5 78.09999999999999432 0 1 0 F 0 F 3.500000000000000888 #
point $-1 -1 $-1 79.5 14.00000000000000178 78.09999999999999432 #
coedge $-1 -1 $-1 $6258 $6241 $6244 $6444 forward $6442 $-1 #
coedge $-1 -1 $-1 $6241 $6258 $6250 $6448 reversed $6442 $-1 #
loop $-1 -1 $-1 $-1 $6241 $6573 #
straight-curve $-1 -1 $-1 80 13.75 75.23999999999999488 0 0 1 F 0.01000000000000333955 F 2.51000000000000334 #
edge $-1 -1 $-1 $6246 0 $6263 12.00000000000001066 $6440 $6574 forward @7 unknown #
face $6575 -1 $-1 $3552 $6245 $27 $-1 $6576 reversed single #
point $-1 -1 $-1 80 13.75 77.75 #
straight-curve $-1 -1 $-1 80 13.25000000000000178 77.75 1 0 0 F 0 F 12.00000000000001066 #
edge $-1 -1 $-1 $6253 0 $6260 12.00000000000001066 $6250 $6577 forward @7 unknown #
face $6578 -1 $-1 $6573 $6252 $27 $-1 $6579 forward single #
point $-1 -1 $-1 80 13.75 75.25 #
straight-curve $-1 -1 $-1 80 14.00000000000000178 75.25 1 0 0 F 0 F 12.00000000000001066 #
DXID-attrib $-1 -1 $-1 $-1 $6256 @10 ASM ENTITY @3 106 #
plane-surface $-1 -1 $-1 80 14.00000000000000178 73 0 1 0 0 0 1 forward_v I I I I #
straight-curve $-1 -1 $-1 92.00000000000001421 13.75 75.23999999999999488 0 0 1 F 0.01000000000000333955 F 2.51000000000000334 #
point $-1 -1 $-1 92.00000000000001421 13.75 75.25 #
point $-1 -1 $-1 92.00000000000001421 13.75 77.75 #
face $6580 -1 $-1 $6273 $6270 $27 $-1 $6581 reversed single #
straight-curve $-1 -1 $-1 60 13.75 77.75 1 0 0 F 0 F 12.00000000000000178 #
DXID-attrib $-1 -1 $-1 $-1 $6273 @10 ASM ENTITY @3 104 #
plane-surface $-1 -1 $-1 60 13.75 77.75 0 0 -1 0 -1 0 forward_v I I I I #
straight-curve $-1 -1 $-1 60 13.75 75.25 1 0 0 F 0 F 12.00000000000000178 #
DXID-attrib $-1 -1 $-1 $-1 $6277 @10 ASM ENTITY @3 102 #
plane-surface $-1 -1 $-1 60 -0.01000000000000000021 75.25 0 0 1 1 0 0 forward_v I I I I #
straight-curve $-1 -1 $-1 59.90000000000000568 0.5999999999999999778 38.5 0 0 1 F 0 F 8.000000000000001776 #
DXID-attrib $-1 -1 $-1 $-1 $6293 @10 ASM ENTITY @3 128 #
plane-surface $-1 -1 $-1 59.90000000000000568 -0.1000000000000000194 38.5 1 0 0 0 0 1 forward_v I I I I #
straight-curve $-1 -1 $-1 94.70000000000000284 0.5999999999999999778 38.5 0 0 1 F 0 F 8.000000000000001776 #
DXID-attrib $-1 -1 $-1 $-1 $6302 @10 ASM ENTITY @3 129 #
plane-surface $-1 -1 $-1 94.70000000000000284 -0.1000000000000000194 38.5 1 0 0 0 0 1 forward_v I I I I #
ellipse-curve $-1 -1 $-1 114.6500000000000199 4 74.65000000000000568 0 1 0 0.5999999999999999778 0 0 1 F -0.9479697413824879071 F 0 #
coedge $-1 -1 $-1 $6310 $6309 $6363 $6524 forward $6311 $-1 #
coedge $-1 -1 $-1 $6582 $6313 $6536 $6583 forward $6074 $-1 #
vertex $-1 -1 $-1 $6524 $6584 #
straight-curve $-1 -1 $-1 24.00000000000000355 4 4.75 0 0 -1 F 0 F 2 #
coedge $-1 -1 $-1 $6316 $6585 $6586 $6587 forward $6074 $-1 #
edge $-1 -1 $-1 $6588 0 $6371 0.0499999999999994893 $6316 $6589 forward @7 unknown #
point $-1 -1 $-1 24.00000000000000355 17.89999999999999858 1.750000000000000222 #
coedge $-1 -1 $-1 $6320 $6326 $6590 $6591 forward $5409 $-1 #
edge $-1 -1 $-1 $6480 16.98524752475199762 $6592 17.00999999999999801 $6320 $6593 forward @7 unknown #
vertex $-1 -1 $-1 $6479 $6594 #
straight-curve $-1 -1 $-1 16 18.5 1.750000000000000222 0 0.9271923001240001128 0.3745856892500000201 F 0 F 2.669616135100691956 #
edge $-1 -1 $-1 $6323 0 $6538 8.000000000000001776 $6322 $6595 forward @7 unknown #
point $-1 -1 $-1 16 18.5 1.750000000000000222 #
coedge $-1 -1 $-1 $6596 $6597 $6326 $6485 reversed $6531 $-1 #
edge $-1 -1 $-1 $6489 0.7000000000000006217 $6598 17.00999999999999801 $6326 $6599 forward @7 unknown #
coedge $-1 -1 $-1 $6586 $6327 $6329 $6491 forward $6488 $-1 #
coedge $-1 -1 $-1 $6327 $6586 $6596 $6600 reversed $6488 $-1 #
loop $-1 -1 $-1 $-1 $6327 $6530 #
vertex $-1 -1 $-1 $6328 $6601 #
straight-curve $-1 -1 $-1 16 4.700000000000000178 4.089999999999999858 0 -0.7071067811870000996 0.7071067811870000996 F 0.01414213562372112348 F 1.004091629284254328 #
edge $-1 -1 $-1 $6330 0 $6588 8.000000000000001776 $6329 $6602 forward @7 unknown #
point $-1 -1 $-1 16 3.990000000000000213 4.799999999999999822 #
vertex $-1 -1 $-1 $6364 $6603 #
straight-curve $-1 -1 $-1 52 4 4.75 0 0 -1 F 0 F 2 #
coedge $-1 -1 $-1 $6334 $6604 $6605 $6606 reversed $6091 $-1 #
coedge $-1 -1 $-1 $6347 $6338 $6334 $6497 forward $6348 $-1 #
edge $-1 -1 $-1 $6340 0 $6607 0.6000000000000005329 $6334 $6608 forward @7 unknown #
coedge $-1 -1 $-1 $6609 $6335 $6610 $6611 reversed $6091 $-1 #
edge $-1 -1 $-1 $6612 0 $6366 0.0499999999999994893 $6335 $6613 forward @7 unknown #
DXID-attrib $-1 -1 $-1 $-1 $6336 @10 ASM ENTITY @2 84 #
plane-surface $-1 -1 $-1 52 4.241022907320999735 4.341022907321000268 1 0 0 0 0 1 forward_v I I I I #
straight-curve $-1 -1 $-1 52 17.89999999999999858 1.750000000000000222 1 0 0 F 0 F 7.999999999999998224 #
point $-1 -1 $-1 52 17.89999999999999858 1.750000000000000222 #
coedge $-1 -1 $-1 $6352 $6344 $6614 $6615 forward $5420 $-1 #
coedge $-1 -1 $-1 $6616 $6617 $6344 $6506 reversed $6618 $-1 #
edge $-1 -1 $-1 $6510 16.98524752475199762 $6619 17.00999999999999801 $6344 $6620 forward @7 unknown #
coedge $-1 -1 $-1 $6605 $6345 $6347 $6512 reversed $6509 $-1 #
coedge $-1 -1 $-1 $6345 $6605 $6616 $6621 forward $6509 $-1 #
loop $-1 -1 $-1 $-1 $6605 $6622 #
vertex $-1 -1 $-1 $6346 $6623 #
straight-curve $-1 -1 $-1 60 18.5 1.750000000000000222 0 0.9271923001240001128 0.3745856892500000201 F 0 F 2.669616135100691956 #
edge $-1 -1 $-1 $6607 0 $6349 7.999999999999998224 $6347 $6624 forward @7 unknown #
face $6625 -1 $-1 $6622 $6348 $27 $-1 $6626 reversed single #
point $-1 -1 $-1 60 18.5 1.750000000000000222 #
coedge $-1 -1 $-1 $6627 $6628 $6352 $6516 forward $6629 $-1 #
edge $-1 -1 $-1 $6520 0.7000000000000006217 $6630 17.00999999999999801 $6352 $6631 forward @7 unknown #
coedge $-1 -1 $-1 $6610 $6353 $6628 $6632 reversed $6519 $-1 #
coedge $-1 -1 $-1 $6353 $6610 $6355 $6522 forward $6519 $-1 #
loop $-1 -1 $-1 $-1 $6610 $6633 #
vertex $-1 -1 $-1 $6516 $6634 #
straight-curve $-1 -1 $-1 60 4.700000000000000178 4.089999999999999858 0 -0.7071067811870000996 0.7071067811870000996 F 0.01414213562372112348 F 1.004091629284254328 #
edge $-1 -1 $-1 $6612 0 $6357 7.999999999999998224 $6355 $6635 forward @7 unknown #
point $-1 -1 $-1 60 3.990000000000000213 4.799999999999999822 #
edge $-1 -1 $-1 $6473 20.25000000000000355 $6493 48.25 $6363 $6636 forward @7 unknown #
straight-curve $-1 -1 $-1 52 1.620511453660999912 4.75 0 1 0 F 2.369488546339000301 F 2.379488546339000088 #
point $-1 -1 $-1 52 3.990000000000000213 4.75 #
straight-curve $-1 -1 $-1 24.00000000000000355 1.620511453660999912 4.75 0 1 0 F 2.369488546339000301 F 2.379488546339000088 #
point $-1 -1 $-1 24.00000000000000355 3.990000000000000213 4.75 #
DXID-attrib $-1 -1 $-1 $-1 $6377 @10 ASM ENTITY @3 120 #
face $6637 -1 $-1 $6513 $6488 $27 $-1 $6638 reversed single #
loop $-1 -1 $-1 $-1 $6484 $6377 #
plane-surface $-1 -1 $-1 16 3.990000000000000213 4.099999999999999645 0 0 1 1 0 0 forward_v I I I I #
coedge $-1 -1 $-1 $6639 $6640 $6641 $6642 reversed $6378 $-1 #
coedge $-1 -1 $-1 $6643 $6380 $6639 $6644 forward $6137 $-1 #
coedge $-1 -1 $-1 $6380 $6643 $6381 $6537 reversed $6137 $-1 #
coedge $-1 -1 $-1 $6382 $6381 $6472 $6583 reversed $5820 $-1 #
edge $-1 -1 $-1 $6480 6.625000000000000888 $6645 14.62500000000000355 $6381 $6646 forward @7 unknown #
vertex $-1 -1 $-1 $6383 $6647 #
straight-curve $-1 -1 $-1 24.00000000000000355 17.89999999999999858 1.750000000000000222 0 1 0 F 0 F 0.6000000000000005329 #
DXID-attrib $-1 -1 $-1 $-1 $6385 @10 ASM ENTITY @3 130 #
plane-surface $-1 -1 $-1 49.40000000000000568 5.200000000000000178 49.90000000000000568 0 1 0 0 0 1 forward_v I I I I #
straight-curve $-1 -1 $-1 56.71000000000000085 9.300000000000000711 53.90000000000000568 1 0 0 F 0 F 23.53999999999999915 #
point $-1 -1 $-1 80.25 9.300000000000000711 53.90000000000000568 #
straight-curve $-1 -1 $-1 80.25 9.300000000000000711 53.90000000000000568 0 1 0 F 0 F 18.19999999999999574 #
coedge $-1 -1 $-1 $6648 $6649 $6408 $6546 forward $6650 $-1 #
edge $-1 -1 $-1 $6555 -3.000000000000002665 $6550 -1.000000000000000888 $6408 $6651 forward @7 unknown #
coedge $-1 -1 $-1 $6422 $6409 $6414 $6558 reversed $6549 $-1 #
coedge $-1 -1 $-1 $6409 $6422 $6648 $6652 forward $6549 $-1 #
loop $-1 -1 $-1 $-1 $6547 $6653 #
vertex $-1 -1 $-1 $6410 $6654 #
straight-curve $-1 -1 $-1 109 22.5 59.12500000000000711 0 0 1 F 0.1250000000000017764 F 5.625 #
coedge $-1 -1 $-1 $6420 $6411 $6649 $6655 reversed $6554 $-1 #
coedge $-1 -1 $-1 $6411 $6420 $6413 $6557 forward $6554 $-1 #
loop $-1 -1 $-1 $-1 $6553 $6570 #
vertex $-1 -1 $-1 $6546 $6656 #
straight-curve $-1 -1 $-1 109 24.5 59.12500000000000711 0 0 1 F 0.1250000000000017764 F 5.625 #
edge $-1 -1 $-1 $6424 1.000000000000014211 $6416 9.000000000000003553 $6413 $6657 forward @7 unknown #
edge $-1 -1 $-1 $6425 1.000000000000014211 $6417 9.000000000000003553 $6414 $6658 forward @7 unknown #
point $-1 -1 $-1 109 24.5 59.25000000000000711 #
point $-1 -1 $-1 109 22.5 59.25000000000000711 #
coedge $-1 -1 $-1 $6649 $6648 $6419 $6562 reversed $6650 $-1 #
edge $-1 -1 $-1 $6563 -3.000000000000002665 $6565 -1.000000000000000888 $6419 $6659 forward @7 unknown #
vertex $-1 -1 $-1 $6421 $6660 #
straight-curve $-1 -1 $-1 101.0000000000000142 24.5 59.12500000000000711 0 0 1 F 0.1250000000000017764 F 5.625 #
vertex $-1 -1 $-1 $6562 $6661 #
straight-curve $-1 -1 $-1 101.0000000000000142 22.5 59.12500000000000711 0 0 1 F 0.1250000000000017764 F 5.625 #
point $-1 -1 $-1 101.0000000000000142 24.5 59.25000000000000711 #
point $-1 -1 $-1 101.0000000000000142 22.5 59.25000000000000711 #
DXID-attrib $-1 -1 $-1 $-1 $6428 @10 ASM ENTITY @3 150 #
face $6662 -1 $-1 $6653 $6554 $25 $-1 $6663 reversed single #
plane-surface $-1 -1 $-1 100 22.5 59.25000000000000711 0 0 1 1 0 0 forward_v I I I I #
straight-curve $-1 -1 $-1 79.5 14.00000000000000178 78.09999999999999432 1 0 0 F 0 F 12.99999999999999822 #
face $6664 -1 $-1 $6445 $6442 $27 $-1 $6665 reversed single #
straight-curve $-1 -1 $-1 80 13.75 77.75 1 0 0 F 0 F 12.00000000000001066 #
DXID-attrib $-1 -1 $-1 $-1 $6445 @10 ASM ENTITY @3 109 #
plane-surface $-1 -1 $-1 80 13.75 77.75 0 0 -1 0 -1 0 forward_v I I I I #
straight-curve $-1 -1 $-1 80 13.75 75.25 1 0 0 F 0 F 12.00000000000001066 #
DXID-attrib $-1 -1 $-1 $-1 $6449 @10 ASM ENTITY @3 107 #
plane-surface $-1 -1 $-1 80 -0.01000000000000000021 75.25 0 0 1 1 0 0 forward_v I I I I #
DXID-attrib $-1 -1 $-1 $-1 $6457 @10 ASM ENTITY @3 103 #
plane-surface $-1 -1 $-1 60 13.75 75.23999999999999488 0 -1 0 0 0 1 forward_v I I I I #
coedge $-1 -1 $-1 $6641 $6472 $6643 $6666 forward $6074 $-1 #
edge $-1 -1 $-1 $6538 0 $6645 2.669616135100691956 $6472 $6667 forward @7 unknown #
point $-1 -1 $-1 24.00000000000000355 4 4.75 #
coedge $-1 -1 $-1 $6475 $6641 $6668 $6669 reversed $6074 $-1 #
coedge $-1 -1 $-1 $6487 $6486 $6475 $6587 reversed $6488 $-1 #
edge $-1 -1 $-1 $6670 0.01414213562372112348 $6588 1.004091629284254328 $6475 $6671 forward @7 unknown #
vertex $-1 -1 $-1 $6476 $6672 #
straight-curve $-1 -1 $-1 24.00000000000000355 3.990000000000000213 4.799999999999999822 0 0 -1 F 0 F 0.0499999999999994893 #
coedge $-1 -1 $-1 $6640 $6639 $6478 $6591 reversed $6378 $-1 #
edge $-1 -1 $-1 $6598 0 $6592 1.349999999999999423 $6478 $6673 forward @7 unknown #
vertex $-1 -1 $-1 $6591 $6674 #
straight-curve $-1 -1 $-1 16 3.990000000000000213 2.75 0 1 0 F 16.98524752475199762 F 17.00999999999999801 #
point $-1 -1 $-1 16 20.97524752475199961 2.75 #
straight-curve $-1 -1 $-1 16 18.5 1.750000000000000222 1 0 0 F 0 F 8.000000000000001776 #
coedge $-1 -1 $-1 $6668 $6484 $6487 $6600 forward $6531 $-1 #
coedge $-1 -1 $-1 $6484 $6668 $6640 $6675 reversed $6531 $-1 #
vertex $-1 -1 $-1 $6485 $6676 #
straight-curve $-1 -1 $-1 16 3.990000000000000213 4.099999999999999645 0 1 0 F 0.7000000000000006217 F 17.00999999999999801 #
edge $-1 -1 $-1 $6489 0 $6670 8.000000000000001776 $6596 $6677 forward @7 unknown #
point $-1 -1 $-1 16 4.690000000000001279 4.099999999999999645 #
straight-curve $-1 -1 $-1 16 3.990000000000000213 4.799999999999999822 1 0 0 F 0 F 8.000000000000001776 #
point $-1 -1 $-1 52 4 4.75 #
coedge $-1 -1 $-1 $6495 $6678 $6679 $6680 reversed $6091 $-1 #
coedge $-1 -1 $-1 $6508 $6507 $6495 $6606 forward $6509 $-1 #
edge $-1 -1 $-1 $6607 0 $6681 2.669616135100691956 $6495 $6682 forward @7 unknown #
vertex $-1 -1 $-1 $6606 $6683 #
straight-curve $-1 -1 $-1 52 17.89999999999999858 1.750000000000000222 0 1 0 F 0 F 0.6000000000000005329 #
coedge $-1 -1 $-1 $6678 $6498 $6684 $6685 forward $6091 $-1 #
coedge $-1 -1 $-1 $6518 $6517 $6498 $6611 forward $6519 $-1 #
edge $-1 -1 $-1 $6686 0.01414213562372112348 $6612 1.004091629284254328 $6498 $6687 forward @7 unknown #
vertex $-1 -1 $-1 $6499 $6688 #
straight-curve $-1 -1 $-1 52 3.990000000000000213 4.799999999999999822 0 0 -1 F 0 F 0.0499999999999994893 #
coedge $-1 -1 $-1 $6689 $6690 $6504 $6615 reversed $6691 $-1 #
edge $-1 -1 $-1 $6619 0 $6630 1.349999999999999423 $6504 $6692 forward @7 unknown #
coedge $-1 -1 $-1 $6679 $6505 $6508 $6621 reversed $6618 $-1 #
coedge $-1 -1 $-1 $6505 $6679 $6689 $6693 forward $6618 $-1 #
loop $-1 -1 $-1 $-1 $6616 $6694 #
vertex $-1 -1 $-1 $6506 $6695 #
straight-curve $-1 -1 $-1 60 3.990000000000000213 2.75 0 1 0 F 16.98524752475199762 F 17.00999999999999801 #
edge $-1 -1 $-1 $6681 24.62499999999999645 $6510 32.62499999999999289 $6508 $6696 forward @7 unknown #
face $6697 -1 $-1 $6694 $6509 $27 $-1 $6698 reversed single #
point $-1 -1 $-1 60 20.97524752475199961 2.75 #
straight-curve $-1 -1 $-1 52 18.5 1.750000000000000222 1 0 0 F 0 F 7.999999999999998224 #
DXID-attrib $-1 -1 $-1 $-1 $6513 @10 ASM ENTITY @3 122 #
plane-surface $-1 -1 $-1 52 17.89999999999999858 1.750000000000000222 0 0 1 0 1 0 forward_v I I I I #
coedge $-1 -1 $-1 $6684 $6515 $6690 $6699 reversed $6629 $-1 #
coedge $-1 -1 $-1 $6515 $6684 $6517 $6632 forward $6629 $-1 #
loop $-1 -1 $-1 $-1 $6684 $6700 #
vertex $-1 -1 $-1 $6615 $6701 #
straight-curve $-1 -1 $-1 60 3.990000000000000213 4.099999999999999645 0 1 0 F 0.7000000000000006217 F 17.00999999999999801 #
edge $-1 -1 $-1 $6686 0 $6520 7.999999999999998224 $6628 $6702 forward @7 unknown #
face $6703 -1 $-1 $6293 $6519 $27 $-1 $6704 reversed single #
point $-1 -1 $-1 60 4.690000000000001279 4.099999999999999645 #
straight-curve $-1 -1 $-1 52 3.990000000000000213 4.799999999999999822 1 0 0 F 0 F 7.999999999999998224 #
straight-curve $-1 -1 $-1 3.75 4 4.75 1 0 0 F 20.25000000000000355 F 48.25 #
DXID-attrib $-1 -1 $-1 $-1 $6530 @10 ASM ENTITY @3 121 #
plane-surface $-1 -1 $-1 16 4.700000000000000178 4.089999999999999858 0 -0.7071067811865475727 -0.7071067811865475727 0 -0.7071067811865476838 0.7071067811865476838 forward_v I I I I #
coedge $-1 -1 $-1 $6590 $6533 $6534 $6644 reversed $6378 $-1 #
coedge $-1 -1 $-1 $6533 $6590 $6597 $6675 forward $6378 $-1 #
coedge $-1 -1 $-1 $6585 $6582 $6533 $6642 forward $6074 $-1 #
edge $-1 -1 $-1 $6705 0 $6706 1.349999999999999423 $6641 $6707 forward @7 unknown #
coedge $-1 -1 $-1 $6535 $6534 $6582 $6666 reversed $6137 $-1 #
edge $-1 -1 $-1 $6592 0 $6705 8.000000000000001776 $6534 $6708 forward @7 unknown #
vertex $-1 -1 $-1 $6583 $6709 #
straight-curve $-1 -1 $-1 9.375 20.97524752475199961 2.75 1 0 0 F 6.625000000000000888 F 14.62500000000000355 #
point $-1 -1 $-1 24.00000000000000355 18.5 1.750000000000000222 #
coedge $-1 -1 $-1 $6561 $6545 $6548 $6652 reversed $6650 $-1 #
coedge $-1 -1 $-1 $6545 $6561 $6552 $6655 forward $6650 $-1 #
loop $-1 -1 $-1 $-1 $6649 $6710 #
straight-curve $-1 -1 $-1 109 21.5 64.75 0 -1 0 F -3.000000000000002665 F -1.000000000000000888 #
edge $-1 -1 $-1 $6565 1.000000000000014211 $6550 9.000000000000003553 $6548 $6711 forward @7 unknown #
face $6712 -1 $-1 $6710 $6549 $25 $-1 $6713 forward single #
point $-1 -1 $-1 109 22.5 64.75 #
edge $-1 -1 $-1 $6563 1.000000000000014211 $6555 9.000000000000003553 $6552 $6714 forward @7 unknown #
point $-1 -1 $-1 109 24.5 64.75 #
straight-curve $-1 -1 $-1 100 24.5 59.25000000000000711 1 0 0 F 1.000000000000014211 F 9.000000000000003553 #
straight-curve $-1 -1 $-1 100 22.5 59.25000000000000711 1 0 0 F 1.000000000000014211 F 9.000000000000003553 #
straight-curve $-1 -1 $-1 101.0000000000000142 21.5 64.75 0 -1 0 F -3.000000000000002665 F -1.000000000000000888 #
point $-1 -1 $-1 101.0000000000000142 24.5 64.75 #
point $-1 -1 $-1 101.0000000000000142 22.5 64.75 #
DXID-attrib $-1 -1 $-1 $-1 $6570 @10 ASM ENTITY @3 151 #
plane-surface $-1 -1 $-1 100 24.5 59.25000000000000711 0 1 0 0 0 1 forward_v I I I I #
DXID-attrib $-1 -1 $-1 $-1 $6573 @10 ASM ENTITY @3 108 #
plane-surface $-1 -1 $-1 80 13.75 75.23999999999999488 0 -1 0 0 0 1 forward_v I I I I #
edge $-1 -1 $-1 $6645 16.98524752475199762 $6705 17.00999999999999801 $6582 $6715 forward @7 unknown #
straight-curve $-1 -1 $-1 24.00000000000000355 18.5 1.750000000000000222 0 0.9271923001240001128 0.3745856892500000201 F 0 F 2.669616135100691956 #
coedge $-1 -1 $-1 $6597 $6596 $6585 $6669 forward $6531 $-1 #
edge $-1 -1 $-1 $6670 0.7000000000000006217 $6706 17.00999999999999801 $6585 $6716 forward @7 unknown #
vertex $-1 -1 $-1 $6669 $6717 #
straight-curve $-1 -1 $-1 24.00000000000000355 4.700000000000000178 4.089999999999999858 0 -0.7071067811870000996 0.7071067811870000996 F 0.01414213562372112348 F 1.004091629284254328 #
point $-1 -1 $-1 24.00000000000000355 3.990000000000000213 4.799999999999999822 #
straight-curve $-1 -1 $-1 16 21 4.099999999999999645 0 0 -1 F 0 F 1.349999999999999423 #
point $-1 -1 $-1 16 21 2.75 #
edge $-1 -1 $-1 $6598 0 $6706 8.000000000000001776 $6640 $6718 forward @7 unknown #
point $-1 -1 $-1 16 21 4.099999999999999645 #
straight-curve $-1 -1 $-1 16 4.690000000000001279 4.099999999999999645 1 0 0 F 0 F 8.000000000000001776 #
coedge $-1 -1 $-1 $6604 $6609 $6719 $6720 forward $6091 $-1 #
coedge $-1 -1 $-1 $6617 $6616 $6604 $6680 forward $6618 $-1 #
edge $-1 -1 $-1 $6681 16.98524752475199762 $6721 17.00999999999999801 $6604 $6722 forward @7 unknown #
vertex $-1 -1 $-1 $6680 $6723 #
straight-curve $-1 -1 $-1 52 18.5 1.750000000000000222 0 0.9271923001240001128 0.3745856892500000201 F 0 F 2.669616135100691956 #
point $-1 -1 $-1 52 18.5 1.750000000000000222 #
coedge $-1 -1 $-1 $6628 $6627 $6609 $6685 reversed $6629 $-1 #
edge $-1 -1 $-1 $6686 0.7000000000000006217 $6724 17.00999999999999801 $6609 $6725 forward @7 unknown #
vertex $-1 -1 $-1 $6611 $6726 #
straight-curve $-1 -1 $-1 52 4.700000000000000178 4.089999999999999858 0 -0.7071067811870000996 0.7071067811870000996 F 0.01414213562372112348 F 1.004091629284254328 #
point $-1 -1 $-1 52 3.990000000000000213 4.799999999999999822 #
coedge $-1 -1 $-1 $6719 $6614 $6617 $6693 reversed $6691 $-1 #
coedge $-1 -1 $-1 $6614 $6719 $6627 $6699 forward $6691 $-1 #
loop $-1 -1 $-1 $-1 $6614 $6727 #
straight-curve $-1 -1 $-1 60 21 2.75 0 0 1 F 0 F 1.349999999999999423 #
edge $-1 -1 $-1 $6721 0 $6619 7.999999999999998224 $6617 $6728 forward @7 unknown #
face $6729 -1 $-1 $6727 $6618 $27 $-1 $6730 reversed single #
point $-1 -1 $-1 60 21 2.75 #
straight-curve $-1 -1 $-1 27.37500000000000355 20.97524752475199961 2.75 1 0 0 F 24.62499999999999645 F 32.62499999999999289 #
DXID-attrib $-1 -1 $-1 $-1 $6622 @10 ASM ENTITY @3 123 #
plane-surface $-1 -1 $-1 52 18.5 1.750000000000000222 0 -0.3745856892499754842 0.9271923001239392725 0 0.9271923001239390505 0.3745856892499754287 forward_v I I I I #
edge $-1 -1 $-1 $6724 0 $6630 7.999999999999998224 $6690 $6731 forward @7 unknown #
face $6732 -1 $-1 $6633 $6629 $27 $-1 $6733 forward single #
point $-1 -1 $-1 60 21 4.099999999999999645 #
straight-curve $-1 -1 $-1 52 4.690000000000001279 4.099999999999999645 1 0 0 F 0 F 7.999999999999998224 #
DXID-attrib $-1 -1 $-1 $-1 $6633 @10 ASM ENTITY @3 127 #
plane-surface $-1 -1 $-1 52 4.700000000000000178 4.089999999999999858 0 -0.7071067811865475727 -0.7071067811865475727 0 -0.7071067811865476838 0.7071067811865476838 forward_v I I I I #
vertex $-1 -1 $-1 $6666 $6734 #
vertex $-1 -1 $-1 $6642 $6735 #
straight-curve $-1 -1 $-1 24.00000000000000355 21 2.75 0 0 1 F 0 F 1.349999999999999423 #
straight-curve $-1 -1 $-1 16 21 2.75 1 0 0 F 0 F 8.000000000000001776 #
point $-1 -1 $-1 24.00000000000000355 20.97524752475199961 2.75 #
face $6736 -1 $-1 $5942 $6650 $25 $-1 $6737 reversed single #
straight-curve $-1 -1 $-1 100 22.5 64.75 1 0 0 F 1.000000000000014211 F 9.000000000000003553 #
DXID-attrib $-1 -1 $-1 $-1 $6653 @10 ASM ENTITY @3 152 #
plane-surface $-1 -1 $-1 100 22.5 59.25000000000000711 0 1 0 0 0 1 forward_v I I I I #
straight-curve $-1 -1 $-1 100 24.5 64.75 1 0 0 F 1.000000000000014211 F 9.000000000000003553 #
straight-curve $-1 -1 $-1 24.00000000000000355 3.990000000000000213 2.75 0 1 0 F 16.98524752475199762 F 17.00999999999999801 #
straight-curve $-1 -1 $-1 24.00000000000000355 3.990000000000000213 4.099999999999999645 0 1 0 F 0.7000000000000006217 F 17.00999999999999801 #
point $-1 -1 $-1 24.00000000000000355 4.690000000000001279 4.099999999999999645 #
straight-curve $-1 -1 $-1 16 21 4.099999999999999645 1 0 0 F 0 F 8.000000000000001776 #
coedge $-1 -1 $-1 $6690 $6689 $6678 $6720 reversed $6691 $-1 #
edge $-1 -1 $-1 $6724 0 $6721 1.349999999999999423 $6678 $6738 forward @7 unknown #
vertex $-1 -1 $-1 $6720 $6739 #
straight-curve $-1 -1 $-1 52 3.990000000000000213 2.75 0 1 0 F 16.98524752475199762 F 17.00999999999999801 #
point $-1 -1 $-1 52 20.97524752475199961 2.75 #
vertex $-1 -1 $-1 $6685 $6740 #
straight-curve $-1 -1 $-1 52 3.990000000000000213 4.099999999999999645 0 1 0 F 0.7000000000000006217 F 17.00999999999999801 #
point $-1 -1 $-1 52 4.690000000000001279 4.099999999999999645 #
face $6741 -1 $-1 $6700 $6691 $27 $-1 $6742 forward single #
straight-curve $-1 -1 $-1 52 21 2.75 1 0 0 F 0 F 7.999999999999998224 #
DXID-attrib $-1 -1 $-1 $-1 $6694 @10 ASM ENTITY @3 124 #
plane-surface $-1 -1 $-1 2.75 0 2.75 0 0 1 1 0 0 forward_v I I I I #
straight-curve $-1 -1 $-1 52 21 4.099999999999999645 1 0 0 F 0 F 7.999999999999998224 #
DXID-attrib $-1 -1 $-1 $-1 $6700 @10 ASM ENTITY @3 126 #
plane-surface $-1 -1 $-1 52 3.990000000000000213 4.099999999999999645 0 0 1 1 0 0 forward_v I I I I #
point $-1 -1 $-1 24.00000000000000355 21 2.75 #
point $-1 -1 $-1 24.00000000000000355 21 4.099999999999999645 #
DXID-attrib $-1 -1 $-1 $-1 $6710 @10 ASM ENTITY @3 153 #
plane-surface $-1 -1 $-1 100 22.5 64.75 0 0 1 1 0 0 forward_v I I I I #
straight-curve $-1 -1 $-1 52 21 4.099999999999999645 0 0 -1 F 0 F 1.349999999999999423 #
point $-1 -1 $-1 52 21 2.75 #
point $-1 -1 $-1 52 21 4.099999999999999645 #
DXID-attrib $-1 -1 $-1 $-1 $6727 @10 ASM ENTITY @3 125 #
plane-surface $-1 -1 $-1 52 21 2.75 0 1 0 0 0 1 forward_v I I I I #
End-of-ACIS-data 