700 0 1 0           
30 Autodesk Translation Framework 21 ASM 232.4.0.65535 OSX 24 Fri Sep  4 15:40:03 2026 
1 9.999999999999999547e-07 1.000000000000000036e-10 
body $1 -1 $-1 $2 $-1 $-1 #
rgb_color-st-attrib $-1 -1 $3 $-1 $0 0.627450980392156854 0.627450980392156854 0.627450980392156854 #
lump $-1 -1 $-1 $-1 $4 $0 #
ATTRIB_CUSTOM-attrib $-1 -1 $-1 $1 $0 @20 Timestamp_attrib_def 1 1788532803417865 #
shell $-1 -1 $-1 $-1 $-1 $5 $-1 $2 #
face $6 -1 $-1 $7 $8 $4 $-1 $9 reversed single #
DXID-attrib $-1 -1 $-1 $-1 $5 @10 ASM ENTITY @1 0 #
face $10 -1 $-1 $11 $12 $4 $-1 $13 reversed single #
loop $-1 -1 $-1 $-1 $14 $5 #
plane-surface $-1 -1 $-1 0 -3.000000000000000444 0 1 0 0 0 0 1 forward_v I I I I #
DXID-attrib $-1 -1 $-1 $-1 $7 @10 ASM ENTITY @1 1 #
face $15 -1 $-1 $16 $17 $4 $-1 $18 forward single #
loop $-1 -1 $-1 $19 $20 $7 #
plane-surface $-1 -1 $-1 0 -3.000000000000000444 0 0 1 0 0 0 1 forward_v I I I I #
coedge $-1 -1 $-1 $21 $22 $23 $24 forward $8 $-1 #
DXID-attrib $-1 -1 $-1 $-1 $11 @10 ASM ENTITY @1 2 #
face $25 -1 $-1 $26 $27 $4 $-1 $28 forward single #
loop $-1 -1 $-1 $-1 $29 $11 #
cone-surface $-1 -1 $-1 5 -3.000000000000000444 5 0 1 0 -5 0 0 1 I I 0 1 5 forward I I I I #
loop $-1 -1 $-1 $30 $31 $7 #
coedge $-1 -1 $-1 $32 $33 $34 $35 forward $12 $-1 #
coedge $-1 -1 $-1 $36 $14 $37 $38 forward $8 $-1 #
coedge $-1 -1 $-1 $14 $36 $39 $40 reversed $8 $-1 #
coedge $-1 -1 $-1 $33 $41 $14 $24 reversed $12 $-1 #
edge $-1 -1 $-1 $42 5 $43 125 $14 $44 forward @7 unknown #
DXID-attrib $-1 -1 $-1 $-1 $16 @10 ASM ENTITY @1 3 #
face $45 -1 $-1 $46 $47 $4 $-1 $48 forward single #
loop $-1 -1 $-1 $-1 $49 $16 #
cone-surface $-1 -1 $-1 5 -3.000000000000000444 125 0 1 0 -5 0 0 1 I I 0 1 5 forward I I I I #
coedge $-1 -1 $-1 $39 $50 $33 $51 reversed $17 $-1 #
loop $-1 -1 $-1 $52 $53 $7 #
coedge $-1 -1 $-1 $31 $31 $54 $55 forward $19 $-1 #
coedge $-1 -1 $-1 $56 $20 $57 $58 reversed $12 $-1 #
coedge $-1 -1 $-1 $20 $23 $29 $51 forward $12 $-1 #
coedge $-1 -1 $-1 $59 $60 $20 $35 reversed $61 $-1 #
edge $-1 -1 $-1 $62 5 $63 95 $20 $64 forward @7 unknown #
coedge $-1 -1 $-1 $22 $21 $65 $66 reversed $8 $-1 #
coedge $-1 -1 $-1 $49 $67 $21 $38 reversed $27 $-1 #
edge $-1 -1 $-1 $43 0 $68 3.000000000000000444 $21 $69 forward @14 tangent_not_g2 #
coedge $-1 -1 $-1 $70 $29 $22 $40 forward $17 $-1 #
edge $-1 -1 $-1 $42 0 $71 3.000000000000000444 $22 $72 forward @14 tangent_not_g2 #
coedge $-1 -1 $-1 $23 $73 $49 $74 reversed $12 $-1 #
vertex $-1 -1 $-1 $24 $75 #
vertex $-1 -1 $-1 $24 $76 #
straight-curve $-1 -1 $-1 0 -3.000000000000000444 0 0 0 1 F 5 F 125 #
DXID-attrib $-1 -1 $-1 $-1 $26 @10 ASM ENTITY @1 4 #
face $77 -1 $-1 $78 $61 $4 $-1 $79 reversed single #
loop $-1 -1 $-1 $80 $81 $26 #
plane-surface $-1 -1 $-1 0 0 0 0 1 0 0 0 1 forward_v I I I I #
coedge $-1 -1 $-1 $82 $37 $41 $74 forward $27 $-1 #
coedge $-1 -1 $-1 $29 $70 $59 $83 reversed $17 $-1 #
edge $-1 -1 $-1 $42 1.570796326794896558 $62 3.141592653589793116 $33 $84 forward @7 unknown #
loop $-1 -1 $-1 $85 $86 $7 #
coedge $-1 -1 $-1 $87 $88 $89 $90 forward $30 $-1 #
coedge $-1 -1 $-1 $54 $54 $31 $55 reversed $91 $-1 #
edge $-1 -1 $-1 $92 0 $92 6.283185307179586232 $31 $93 forward @7 unknown #
coedge $-1 -1 $-1 $94 $32 $95 $96 forward $12 $-1 #
coedge $-1 -1 $-1 $97 $98 $32 $58 forward $99 $-1 #
edge $-1 -1 $-1 $100 1.570796326794896558 $63 3.141592653589793116 $32 $101 forward @7 unknown #
coedge $-1 -1 $-1 $102 $34 $50 $83 forward $61 $-1 #
coedge $-1 -1 $-1 $34 $102 $97 $103 reversed $61 $-1 #
loop $-1 -1 $-1 $-1 $102 $46 #
vertex $-1 -1 $-1 $35 $104 #
vertex $-1 -1 $-1 $35 $105 #
straight-curve $-1 -1 $-1 0 -3.000000000000000444 0 1 0 0 F 5 F 95 #
coedge $-1 -1 $-1 $106 $107 $36 $66 forward $47 $-1 #
edge $-1 -1 $-1 $71 5 $68 125 $36 $108 forward @7 unknown #
coedge $-1 -1 $-1 $37 $82 $106 $109 reversed $27 $-1 #
vertex $-1 -1 $-1 $38 $110 #
straight-curve $-1 -1 $-1 -8.881784197000999888e-16 -3.000000000000000444 125 0 1 0 F 0 F 3.000000000000000444 #
coedge $-1 -1 $-1 $50 $39 $107 $111 forward $17 $-1 #
vertex $-1 -1 $-1 $66 $112 #
straight-curve $-1 -1 $-1 -8.881784197000999888e-16 -3.000000000000000444 5 0 1 0 F 0 F 3.000000000000000444 #
coedge $-1 -1 $-1 $41 $94 $113 $114 reversed $12 $-1 #
edge $-1 -1 $-1 $43 -1.570796326794896558 $115 0 $41 $116 forward @7 unknown #
point $-1 -1 $-1 -8.881784197000999888e-16 -3.000000000000000444 5 #
point $-1 -1 $-1 -8.881784197000999888e-16 -3.000000000000000444 125 #
DXID-attrib $-1 -1 $-1 $-1 $46 @10 ASM ENTITY @1 5 #
face $117 -1 $-1 $118 $99 $4 $-1 $119 forward single #
plane-surface $-1 -1 $-1 0 -3.000000000000000444 0 0 0 1 1 0 0 forward_v I I I I #
loop $-1 -1 $-1 $120 $121 $26 #
coedge $-1 -1 $-1 $107 $122 $102 $123 reversed $47 $-1 #
coedge $-1 -1 $-1 $67 $49 $124 $125 forward $27 $-1 #
edge $-1 -1 $-1 $62 0 $126 3.000000000000000444 $50 $127 forward @14 tangent_not_g2 #
ellipse-curve $-1 -1 $-1 5 -3.000000000000000444 5 0 -1 0 0 0 5 1 F 1.570796326794896558 F 3.141592653589793116 #
loop $-1 -1 $-1 $-1 $128 $7 #
coedge $-1 -1 $-1 $86 $86 $129 $130 forward $52 $-1 #
coedge $-1 -1 $-1 $131 $53 $132 $133 forward $30 $-1 #
coedge $-1 -1 $-1 $53 $131 $134 $135 reversed $30 $-1 #
coedge $-1 -1 $-1 $136 $137 $53 $90 reversed $138 $-1 #
edge $-1 -1 $-1 $139 9.5 $140 41.10000000000000142 $53 $141 forward @7 unknown #
loop $-1 -1 $-1 $142 $54 $143 #
vertex $-1 -1 $-1 $55 $144 #
ellipse-curve $-1 -1 $-1 6.900000000000000355 -3.000000000000000444 96.09999999999999432 0 1 0 0 0 1 1 I I #
coedge $-1 -1 $-1 $73 $56 $145 $146 forward $12 $-1 #
coedge $-1 -1 $-1 $147 $148 $56 $96 reversed $149 $-1 #
edge $-1 -1 $-1 $100 5 $150 125 $56 $151 forward @7 unknown #
coedge $-1 -1 $-1 $152 $57 $60 $103 forward $99 $-1 #
coedge $-1 -1 $-1 $57 $152 $147 $153 reversed $99 $-1 #
loop $-1 -1 $-1 $-1 $57 $78 #
vertex $-1 -1 $-1 $58 $154 #
ellipse-curve $-1 -1 $-1 95 -3.000000000000000444 5 0 1 0 0 0 5 1 F 1.570796326794896558 F 3.141592653589793116 #
coedge $-1 -1 $-1 $60 $59 $81 $123 forward $61 $-1 #
edge $-1 -1 $-1 $63 0 $155 3.000000000000000444 $60 $156 forward @14 tangent_not_g2 #
point $-1 -1 $-1 5 -3.000000000000000444 -8.881784197000999888e-16 #
point $-1 -1 $-1 95 -3.000000000000000444 -8.881784197000999888e-16 #
coedge $-1 -1 $-1 $157 $65 $67 $109 forward $47 $-1 #
coedge $-1 -1 $-1 $65 $81 $70 $111 reversed $47 $-1 #
straight-curve $-1 -1 $-1 0 0 0 0 0 1 F 5 F 125 #
edge $-1 -1 $-1 $68 -1.570796326794896558 $158 0 $67 $159 forward @7 unknown #
point $-1 -1 $-1 -8.881784197000999888e-16 0 125 #
edge $-1 -1 $-1 $71 1.570796326794896558 $126 3.141592653589793116 $70 $160 forward @7 unknown #
point $-1 -1 $-1 -8.881784197000999888e-16 0 5 #
coedge $-1 -1 $-1 $161 $124 $73 $114 forward $162 $-1 #
edge $-1 -1 $-1 $115 5 $163 95 $73 $164 forward @7 unknown #
vertex $-1 -1 $-1 $114 $165 #
ellipse-curve $-1 -1 $-1 5 -3.000000000000000444 125 0 1 0 0 0 5 1 F -1.570796326794896558 F 0 #
DXID-attrib $-1 -1 $-1 $-1 $78 @10 ASM ENTITY @1 6 #
face $166 -1 $-1 $167 $149 $4 $-1 $168 forward single #
cone-surface $-1 -1 $-1 95 -3.000000000000000444 5 0 1 0 5 0 0 1 I I 0 1 5 forward I I I I #
loop $-1 -1 $-1 $169 $170 $26 #
coedge $-1 -1 $-1 $171 $172 $173 $174 reversed $80 $-1 #
coedge $-1 -1 $-1 $81 $175 $152 $176 forward $47 $-1 #
edge $-1 -1 $-1 $126 5 $155 95 $81 $177 forward @7 unknown #
coedge $-1 -1 $-1 $113 $178 $82 $125 reversed $162 $-1 #
edge $-1 -1 $-1 $115 0 $158 3.000000000000000444 $82 $179 forward @14 tangent_not_g2 #
vertex $-1 -1 $-1 $111 $180 #
straight-curve $-1 -1 $-1 5 -3.000000000000000444 -8.881784197000999888e-16 0 1 0 F 0 F 3.000000000000000444 #
coedge $-1 -1 $-1 $181 $182 $183 $184 forward $85 $-1 #
coedge $-1 -1 $-1 $129 $129 $86 $130 reversed $185 $-1 #
edge $-1 -1 $-1 $186 0 $186 6.283185307179586232 $86 $187 forward @7 unknown #
coedge $-1 -1 $-1 $88 $87 $188 $189 reversed $30 $-1 #
coedge $-1 -1 $-1 $190 $191 $87 $133 reversed $192 $-1 #
edge $-1 -1 $-1 $140 -65.44999999999998863 $193 -47.85000000000000142 $87 $194 forward @7 unknown #
coedge $-1 -1 $-1 $195 $196 $88 $135 forward $197 $-1 #
edge $-1 -1 $-1 $139 -65.44999999999998863 $198 -47.85000000000000142 $88 $199 forward @7 unknown #
coedge $-1 -1 $-1 $200 $89 $196 $201 forward $138 $-1 #
coedge $-1 -1 $-1 $89 $200 $190 $202 reversed $138 $-1 #
loop $-1 -1 $-1 $-1 $136 $203 #
vertex $-1 -1 $-1 $90 $204 #
vertex $-1 -1 $-1 $90 $205 #
straight-curve $-1 -1 $-1 9.5 -3.000000000000000444 113.2999999999999972 1 0 0 F 9.5 F 41.10000000000000142 #
loop $-1 -1 $-1 $-1 $206 $143 #
face $207 -1 $-1 $203 $91 $4 $-1 $208 reversed single #
point $-1 -1 $-1 6.900000000000000355 -3.000000000000000444 97.10000000000000853 #
coedge $-1 -1 $-1 $209 $210 $94 $146 reversed $211 $-1 #
edge $-1 -1 $-1 $150 -1.570796326794896558 $163 0 $94 $212 forward @7 unknown #
coedge $-1 -1 $-1 $213 $95 $98 $153 forward $149 $-1 #
coedge $-1 -1 $-1 $95 $213 $209 $214 reversed $149 $-1 #
loop $-1 -1 $-1 $-1 $95 $118 #
vertex $-1 -1 $-1 $96 $215 #
straight-curve $-1 -1 $-1 100 -3.000000000000000444 0 0 0 1 F 5 F 125 #
coedge $-1 -1 $-1 $98 $97 $122 $176 reversed $99 $-1 #
edge $-1 -1 $-1 $100 0 $216 3.000000000000000444 $98 $217 forward @14 tangent_not_g2 #
point $-1 -1 $-1 100 -3.000000000000000444 5 #
vertex $-1 -1 $-1 $123 $218 #
straight-curve $-1 -1 $-1 95 -3.000000000000000444 -8.881784197000999888e-16 0 1 0 F 0 F 3.000000000000000444 #
coedge $-1 -1 $-1 $219 $106 $178 $220 forward $47 $-1 #
vertex $-1 -1 $-1 $125 $221 #
ellipse-curve $-1 -1 $-1 5 0 125 0 1 0 0 0 5 1 F -1.570796326794896558 F 0 #
ellipse-curve $-1 -1 $-1 5 0 5 0 -1 0 0 0 5 1 F 1.570796326794896558 F 3.141592653589793116 #
coedge $-1 -1 $-1 $178 $113 $210 $222 forward $162 $-1 #
loop $-1 -1 $-1 $-1 $178 $223 #
vertex $-1 -1 $-1 $146 $224 #
straight-curve $-1 -1 $-1 0 -3.000000000000000444 130 1 0 0 F 5 F 95 #
point $-1 -1 $-1 5 -3.000000000000000444 130 #
DXID-attrib $-1 -1 $-1 $-1 $118 @10 ASM ENTITY @1 7 #
face $225 -1 $-1 $223 $211 $4 $-1 $226 forward single #
plane-surface $-1 -1 $-1 100 -3.000000000000000444 0 1 0 0 0 0 1 forward_v I I I I #
loop $-1 -1 $-1 $227 $228 $26 #
coedge $-1 -1 $-1 $170 $170 $206 $229 reversed $120 $-1 #
coedge $-1 -1 $-1 $230 $121 $231 $232 forward $80 $-1 #
coedge $-1 -1 $-1 $121 $230 $233 $234 reversed $80 $-1 #
coedge $-1 -1 $-1 $235 $236 $121 $174 forward $237 $-1 #
edge $-1 -1 $-1 $238 43.75 $239 94 $121 $240 forward @7 unknown #
coedge $-1 -1 $-1 $122 $219 $213 $241 reversed $47 $-1 #
edge $-1 -1 $-1 $216 1.570796326794896558 $155 3.141592653589793116 $122 $242 forward @7 unknown #
straight-curve $-1 -1 $-1 0 0 0 1 0 0 F 5 F 95 #
coedge $-1 -1 $-1 $124 $161 $157 $220 reversed $162 $-1 #
straight-curve $-1 -1 $-1 5 -3.000000000000000444 130 0 1 0 F 0 F 3.000000000000000444 #
point $-1 -1 $-1 5 0 -8.881784197000999888e-16 #
coedge $-1 -1 $-1 $243 $128 $244 $245 forward $85 $-1 #
coedge $-1 -1 $-1 $128 $243 $246 $247 reversed $85 $-1 #
coedge $-1 -1 $-1 $248 $249 $128 $184 reversed $250 $-1 #
edge $-1 -1 $-1 $251 28 $252 61.99999999999999289 $128 $253 forward @7 unknown #
loop $-1 -1 $-1 $254 $129 $255 #
vertex $-1 -1 $-1 $130 $256 #
ellipse-curve $-1 -1 $-1 6.900000000000000355 -3.000000000000000444 111.9000000000000057 0 1 0 0 0 1.500000000000000222 1 I I #
coedge $-1 -1 $-1 $257 $258 $131 $189 forward $259 $-1 #
edge $-1 -1 $-1 $198 9.5 $193 41.10000000000000142 $131 $260 forward @7 unknown #
coedge $-1 -1 $-1 $261 $132 $137 $202 forward $192 $-1 #
coedge $-1 -1 $-1 $132 $261 $257 $262 reversed $192 $-1 #
loop $-1 -1 $-1 $-1 $190 $263 #
vertex $-1 -1 $-1 $133 $264 #
straight-curve $-1 -1 $-1 50.60000000000000853 -3.000000000000000444 47.85000000000000142 0 0 -1 F -65.44999999999998863 F -47.85000000000000142 #
coedge $-1 -1 $-1 $265 $134 $258 $266 forward $197 $-1 #
coedge $-1 -1 $-1 $134 $265 $136 $201 reversed $197 $-1 #
loop $-1 -1 $-1 $-1 $196 $267 #
vertex $-1 -1 $-1 $189 $268 #
straight-curve $-1 -1 $-1 19 -3.000000000000000444 47.85000000000000142 0 0 -1 F -65.44999999999998863 F -47.85000000000000142 #
coedge $-1 -1 $-1 $137 $136 $269 $270 forward $138 $-1 #
edge $-1 -1 $-1 $139 0.999999999999999778 $271 1.799999999999999822 $136 $272 forward @7 unknown #
edge $-1 -1 $-1 $140 0.999999999999999778 $273 1.799999999999999822 $137 $274 forward @7 unknown #
face $275 -1 $-1 $267 $138 $4 $-1 $276 reversed single #
point $-1 -1 $-1 19 -3.000000000000000444 113.2999999999999972 #
point $-1 -1 $-1 50.60000000000000853 -3.000000000000000444 113.2999999999999972 #
coedge $-1 -1 $-1 $206 $206 $170 $229 forward $142 $-1 #
DXID-attrib $-1 -1 $-1 $-1 $143 @10 ASM ENTITY @2 10 #
cone-surface $-1 -1 $-1 6.900000000000000355 -4 96.09999999999999432 0 1 0 0 0 1 1 I I 0 1 1 forward I I I I #
coedge $-1 -1 $-1 $277 $145 $148 $214 forward $211 $-1 #
coedge $-1 -1 $-1 $145 $277 $161 $222 reversed $211 $-1 #
loop $-1 -1 $-1 $-1 $145 $167 #
ellipse-curve $-1 -1 $-1 95 -3.000000000000000444 125 0 -1 0 0 0 5 1 F -1.570796326794896558 F 0 #
coedge $-1 -1 $-1 $148 $147 $175 $241 forward $149 $-1 #
edge $-1 -1 $-1 $150 0 $278 3.000000000000000444 $148 $279 forward @14 tangent_not_g2 #
point $-1 -1 $-1 100 -3.000000000000000444 125 #
vertex $-1 -1 $-1 $241 $280 #
straight-curve $-1 -1 $-1 100 -3.000000000000000444 5 0 1 0 F 0 F 3.000000000000000444 #
point $-1 -1 $-1 95 0 -8.881784197000999888e-16 #
coedge $-1 -1 $-1 $175 $157 $277 $281 reversed $47 $-1 #
edge $-1 -1 $-1 $158 5 $282 95 $157 $283 forward @7 unknown #
point $-1 -1 $-1 5 0 130 #
edge $-1 -1 $-1 $163 0 $282 3.000000000000000444 $210 $284 forward @14 tangent_not_g2 #
face $285 -1 $-1 $143 $162 $4 $-1 $286 forward single #
point $-1 -1 $-1 95 -3.000000000000000444 130 #
DXID-attrib $-1 -1 $-1 $-1 $167 @10 ASM ENTITY @1 8 #
cone-surface $-1 -1 $-1 95 -3.000000000000000444 125 0 1 0 5 0 0 1 I I 0 1 5 forward I I I I #
loop $-1 -1 $-1 $287 $288 $26 #
coedge $-1 -1 $-1 $228 $228 $289 $290 reversed $169 $-1 #
edge $-1 -1 $-1 $291 0 $291 6.283185307179586232 $170 $292 forward @7 unknown #
coedge $-1 -1 $-1 $172 $171 $293 $294 reversed $80 $-1 #
coedge $-1 -1 $-1 $295 $296 $171 $232 reversed $297 $-1 #
edge $-1 -1 $-1 $238 1.875 $298 3.875 $171 $299 forward @7 unknown #
coedge $-1 -1 $-1 $300 $301 $172 $234 forward $302 $-1 #
edge $-1 -1 $-1 $239 1.875 $303 3.875 $172 $304 forward @7 unknown #
coedge $-1 -1 $-1 $305 $173 $301 $306 reversed $237 $-1 #
coedge $-1 -1 $-1 $173 $305 $295 $307 forward $237 $-1 #
loop $-1 -1 $-1 $-1 $173 $308 #
vertex $-1 -1 $-1 $174 $309 #
vertex $-1 -1 $-1 $174 $310 #
straight-curve $-1 -1 $-1 2.75 0 2.75 0 0 1 F 43.75 F 94 #
edge $-1 -1 $-1 $216 5 $278 125 $175 $311 forward @7 unknown #
ellipse-curve $-1 -1 $-1 95 0 5 0 1 0 0 0 5 1 F 1.570796326794896558 F 3.141592653589793116 #
coedge $-1 -1 $-1 $182 $181 $312 $313 reversed $85 $-1 #
coedge $-1 -1 $-1 $314 $315 $181 $245 reversed $316 $-1 #
edge $-1 -1 $-1 $252 -72 $317 -46 $181 $318 forward @7 unknown #
coedge $-1 -1 $-1 $319 $320 $182 $247 forward $321 $-1 #
edge $-1 -1 $-1 $251 -72 $322 -46 $182 $323 forward @7 unknown #
coedge $-1 -1 $-1 $324 $183 $320 $325 forward $250 $-1 #
coedge $-1 -1 $-1 $183 $324 $314 $326 reversed $250 $-1 #
loop $-1 -1 $-1 $-1 $248 $327 #
vertex $-1 -1 $-1 $184 $328 #
vertex $-1 -1 $-1 $184 $329 #
straight-curve $-1 -1 $-1 28.00000000000000355 -3.000000000000000444 118 1 0 0 F 28 F 61.99999999999999289 #
loop $-1 -1 $-1 $-1 $330 $255 #
face $331 -1 $-1 $327 $185 $4 $-1 $332 reversed single #
point $-1 -1 $-1 6.900000000000000355 -3.000000000000000444 113.4000000000000199 #
coedge $-1 -1 $-1 $333 $188 $191 $262 forward $259 $-1 #
coedge $-1 -1 $-1 $188 $333 $195 $266 reversed $259 $-1 #
loop $-1 -1 $-1 $-1 $258 $334 #
straight-curve $-1 -1 $-1 9.5 -3.000000000000000444 95.70000000000000284 1 0 0 F 9.5 F 41.10000000000000142 #
coedge $-1 -1 $-1 $191 $190 $335 $336 reversed $192 $-1 #
edge $-1 -1 $-1 $193 0.999999999999999778 $337 1.799999999999999822 $191 $338 forward @7 unknown #
face $339 -1 $-1 $334 $192 $4 $-1 $340 reversed single #
point $-1 -1 $-1 50.60000000000000853 -3.000000000000000444 95.70000000000000284 #
coedge $-1 -1 $-1 $196 $195 $341 $342 forward $197 $-1 #
edge $-1 -1 $-1 $198 0.999999999999999778 $343 1.799999999999999822 $195 $344 forward @7 unknown #
face $345 -1 $-1 $263 $197 $4 $-1 $346 forward single #
point $-1 -1 $-1 19 -3.000000000000000444 95.70000000000000284 #
coedge $-1 -1 $-1 $341 $335 $200 $270 reversed $347 $-1 #
edge $-1 -1 $-1 $271 0 $273 31.60000000000000142 $200 $348 forward @7 unknown #
vertex $-1 -1 $-1 $201 $349 #
straight-curve $-1 -1 $-1 19 -4 113.2999999999999972 0 1 0 F 0.999999999999999778 F 1.799999999999999822 #
vertex $-1 -1 $-1 $270 $350 #
straight-curve $-1 -1 $-1 50.60000000000000853 -4 113.2999999999999972 0 1 0 F 0.999999999999999778 F 1.799999999999999822 #
DXID-attrib $-1 -1 $-1 $-1 $203 @10 ASM ENTITY @2 11 #
plane-surface $-1 -1 $-1 19 -4 113.2999999999999972 0 0 1 1 0 0 forward_v I I I I #
coedge $-1 -1 $-1 $210 $209 $219 $281 forward $211 $-1 #
vertex $-1 -1 $-1 $281 $351 #
straight-curve $-1 -1 $-1 100 -3.000000000000000444 125 0 1 0 F 0 F 3.000000000000000444 #
point $-1 -1 $-1 100 0 5 #
edge $-1 -1 $-1 $278 -1.570796326794896558 $282 0 $219 $352 forward @7 unknown #
vertex $-1 -1 $-1 $220 $353 #
straight-curve $-1 -1 $-1 0 0 130 1 0 0 F 5 F 95 #
straight-curve $-1 -1 $-1 95 -3.000000000000000444 130 0 1 0 F 0 F 3.000000000000000444 #
DXID-attrib $-1 -1 $-1 $-1 $223 @10 ASM ENTITY @1 9 #
plane-surface $-1 -1 $-1 0 -3.000000000000000444 130 0 0 1 1 0 0 forward_v I I I I #
loop $-1 -1 $-1 $354 $355 $26 #
coedge $-1 -1 $-1 $356 $357 $358 $359 reversed $227 $-1 #
coedge $-1 -1 $-1 $289 $289 $228 $290 forward $360 $-1 #
edge $-1 -1 $-1 $361 0 $361 6.283185307179586232 $228 $362 forward @7 unknown #
vertex $-1 -1 $-1 $229 $363 #
ellipse-curve $-1 -1 $-1 6.900000000000000355 0 96.09999999999999432 0 1 0 0 0 1 1 I I #
coedge $-1 -1 $-1 $364 $365 $230 $294 forward $366 $-1 #
edge $-1 -1 $-1 $303 -93 $298 -42.75 $230 $367 forward @7 unknown #
coedge $-1 -1 $-1 $368 $231 $236 $307 reversed $297 $-1 #
coedge $-1 -1 $-1 $231 $368 $364 $369 forward $297 $-1 #
loop $-1 -1 $-1 $-1 $368 $370 #
vertex $-1 -1 $-1 $232 $371 #
straight-curve $-1 -1 $-1 0.875000000000000111 0 46.5 1 0 0 F 1.875 F 3.875 #
coedge $-1 -1 $-1 $372 $233 $365 $373 reversed $302 $-1 #
coedge $-1 -1 $-1 $233 $372 $235 $306 forward $302 $-1 #
loop $-1 -1 $-1 $-1 $301 $374 #
vertex $-1 -1 $-1 $294 $375 #
straight-curve $-1 -1 $-1 0.875000000000000111 0 96.75 1 0 0 F 1.875 F 3.875 #
coedge $-1 -1 $-1 $236 $235 $376 $377 reversed $237 $-1 #
edge $-1 -1 $-1 $378 -4.5 $239 -0.5 $235 $379 forward @7 unknown #
edge $-1 -1 $-1 $380 -4.5 $238 -0.5 $236 $381 forward @7 unknown #
face $382 -1 $-1 $370 $237 $4 $-1 $383 reversed single #
point $-1 -1 $-1 2.75 0 46.5 #
point $-1 -1 $-1 2.75 0 96.75 #
straight-curve $-1 -1 $-1 100 0 0 0 0 1 F 5 F 125 #
coedge $-1 -1 $-1 $384 $385 $243 $313 forward $386 $-1 #
edge $-1 -1 $-1 $322 28 $317 61.99999999999999289 $243 $387 forward @7 unknown #
coedge $-1 -1 $-1 $388 $244 $249 $326 forward $316 $-1 #
coedge $-1 -1 $-1 $244 $388 $384 $389 reversed $316 $-1 #
loop $-1 -1 $-1 $-1 $314 $390 #
vertex $-1 -1 $-1 $245 $391 #
straight-curve $-1 -1 $-1 90 -3.000000000000000444 46.00000000000000711 0 0 -1 F -72 F -46 #
coedge $-1 -1 $-1 $392 $246 $385 $393 forward $321 $-1 #
coedge $-1 -1 $-1 $246 $392 $248 $325 reversed $321 $-1 #
loop $-1 -1 $-1 $-1 $320 $394 #
vertex $-1 -1 $-1 $313 $395 #
straight-curve $-1 -1 $-1 56.00000000000000711 -3.000000000000000444 46.00000000000000711 0 0 -1 F -72 F -46 #
coedge $-1 -1 $-1 $249 $248 $396 $397 forward $250 $-1 #
edge $-1 -1 $-1 $251 0.999999999999999778 $398 1.500000000000000222 $248 $399 forward @7 unknown #
edge $-1 -1 $-1 $252 0.999999999999999778 $400 1.500000000000000222 $249 $401 forward @7 unknown #
face $402 -1 $-1 $390 $250 $4 $-1 $403 reversed single #
point $-1 -1 $-1 56.00000000000000711 -3.000000000000000444 118 #
point $-1 -1 $-1 90 -3.000000000000000444 118 #
coedge $-1 -1 $-1 $330 $330 $404 $405 forward $254 $-1 #
DXID-attrib $-1 -1 $-1 $-1 $255 @10 ASM ENTITY @2 15 #
cone-surface $-1 -1 $-1 6.900000000000000355 -4 111.9000000000000057 0 1 0 0 0 1.500000000000000222 1 I I 0 1 1.500000000000000222 forward I I I I #
coedge $-1 -1 $-1 $258 $257 $406 $407 reversed $259 $-1 #
face $408 -1 $-1 $255 $259 $4 $-1 $409 forward single #
coedge $-1 -1 $-1 $269 $406 $261 $336 forward $347 $-1 #
edge $-1 -1 $-1 $337 0 $273 17.59999999999999787 $261 $410 forward @7 unknown #
vertex $-1 -1 $-1 $336 $411 #
straight-curve $-1 -1 $-1 50.60000000000000853 -4 95.70000000000000284 0 1 0 F 0.999999999999999778 F 1.799999999999999822 #
DXID-attrib $-1 -1 $-1 $-1 $263 @10 ASM ENTITY @2 13 #
plane-surface $-1 -1 $-1 50.60000000000000853 -4 95.70000000000000284 1 0 0 0 0 1 forward_v I I I I #
coedge $-1 -1 $-1 $406 $269 $265 $342 reversed $347 $-1 #
edge $-1 -1 $-1 $343 0 $271 17.59999999999999787 $265 $412 forward @7 unknown #
vertex $-1 -1 $-1 $266 $413 #
straight-curve $-1 -1 $-1 19 -4 95.70000000000000284 0 1 0 F 0.999999999999999778 F 1.799999999999999822 #
DXID-attrib $-1 -1 $-1 $-1 $267 @10 ASM ENTITY @2 12 #
plane-surface $-1 -1 $-1 19 -4 95.70000000000000284 1 0 0 0 0 1 forward_v I I I I #
loop $-1 -1 $-1 $414 $406 $415 #
straight-curve $-1 -1 $-1 19 -2.200000000000000178 113.2999999999999972 1 0 0 F 0 F 31.60000000000000142 #
point $-1 -1 $-1 19 -2.200000000000000178 113.2999999999999972 #
point $-1 -1 $-1 50.60000000000000853 -2.200000000000000178 113.2999999999999972 #
point $-1 -1 $-1 100 0 125 #
ellipse-curve $-1 -1 $-1 95 0 125 0 -1 0 0 0 5 1 F -1.570796326794896558 F 0 #
point $-1 -1 $-1 95 0 130 #
loop $-1 -1 $-1 $416 $417 $26 #
coedge $-1 -1 $-1 $418 $419 $420 $421 reversed $287 $-1 #
coedge $-1 -1 $-1 $422 $288 $423 $424 reversed $227 $-1 #
coedge $-1 -1 $-1 $288 $425 $426 $427 reversed $227 $-1 #
coedge $-1 -1 $-1 $428 $429 $288 $359 forward $430 $-1 #
edge $-1 -1 $-1 $431 -1.570796326794896558 $432 0 $288 $433 forward @7 unknown #
loop $-1 -1 $-1 $-1 $289 $434 #
vertex $-1 -1 $-1 $290 $435 #
ellipse-curve $-1 -1 $-1 11.59999999999999964 0 96.00000000000001421 0 1 0 0 0 1.500000000000000222 1 I I #
point $-1 -1 $-1 6.900000000000000355 0 97.10000000000000853 #
coedge $-1 -1 $-1 $436 $293 $296 $369 reversed $366 $-1 #
coedge $-1 -1 $-1 $293 $436 $300 $373 forward $366 $-1 #
loop $-1 -1 $-1 $-1 $365 $437 #
straight-curve $-1 -1 $-1 4.75 0 3.75 0 0 -1 F -93 F -42.75 #
coedge $-1 -1 $-1 $296 $295 $438 $439 forward $297 $-1 #
edge $-1 -1 $-1 $440 -5 $298 -1 $296 $441 forward @7 unknown #
face $442 -1 $-1 $374 $297 $4 $-1 $443 reversed single #
point $-1 -1 $-1 4.75 0 46.5 #
coedge $-1 -1 $-1 $301 $300 $444 $445 reversed $302 $-1 #
edge $-1 -1 $-1 $446 -5 $303 -1 $300 $447 forward @7 unknown #
face $448 -1 $-1 $437 $302 $4 $-1 $449 forward single #
point $-1 -1 $-1 4.75 0 96.75 #
coedge $-1 -1 $-1 $444 $438 $305 $377 forward $450 $-1 #
edge $-1 -1 $-1 $380 43.75 $378 94 $305 $451 forward @7 unknown #
vertex $-1 -1 $-1 $306 $452 #
straight-curve $-1 -1 $-1 2.75 -0.5 96.75 0 -1 0 F -4.5 F -0.5 #
vertex $-1 -1 $-1 $377 $453 #
straight-curve $-1 -1 $-1 2.75 -0.5 46.5 0 -1 0 F -4.5 F -0.5 #
DXID-attrib $-1 -1 $-1 $-1 $308 @10 ASM ENTITY @2 20 #
plane-surface $-1 -1 $-1 2.75 0 2.75 1 0 0 0 0 1 forward_v I I I I #
coedge $-1 -1 $-1 $454 $312 $315 $389 forward $386 $-1 #
coedge $-1 -1 $-1 $312 $454 $319 $393 reversed $386 $-1 #
loop $-1 -1 $-1 $-1 $385 $455 #
straight-curve $-1 -1 $-1 28.00000000000000355 -3.000000000000000444 92.00000000000001421 1 0 0 F 28 F 61.99999999999999289 #
coedge $-1 -1 $-1 $315 $314 $456 $457 reversed $316 $-1 #
edge $-1 -1 $-1 $317 0.999999999999999778 $458 1.500000000000000222 $315 $459 forward @7 unknown #
face $460 -1 $-1 $455 $316 $4 $-1 $461 reversed single #
point $-1 -1 $-1 90 -3.000000000000000444 92.00000000000001421 #
coedge $-1 -1 $-1 $320 $319 $462 $463 forward $321 $-1 #
edge $-1 -1 $-1 $322 0.999999999999999778 $464 1.500000000000000222 $385 $465 forward @7 unknown #
face $466 -1 $-1 $308 $321 $4 $-1 $467 forward single #
point $-1 -1 $-1 56.00000000000000711 -3.000000000000000444 92.00000000000001421 #
coedge $-1 -1 $-1 $462 $456 $324 $397 reversed $468 $-1 #
edge $-1 -1 $-1 $398 0 $400 33.99999999999999289 $324 $469 forward @7 unknown #
vertex $-1 -1 $-1 $325 $470 #
straight-curve $-1 -1 $-1 56.00000000000000711 -4 118 0 1 0 F 0.999999999999999778 F 1.500000000000000222 #
vertex $-1 -1 $-1 $397 $471 #
straight-curve $-1 -1 $-1 90 -4 118 0 1 0 F 0.999999999999999778 F 1.500000000000000222 #
DXID-attrib $-1 -1 $-1 $-1 $327 @10 ASM ENTITY @2 16 #
plane-surface $-1 -1 $-1 56.00000000000000711 -4 118 0 0 1 1 0 0 forward_v I I I I #
coedge $-1 -1 $-1 $404 $404 $330 $405 reversed $472 $-1 #
edge $-1 -1 $-1 $473 0 $473 6.283185307179586232 $330 $474 forward @7 unknown #
coedge $-1 -1 $-1 $335 $341 $333 $407 forward $347 $-1 #
edge $-1 -1 $-1 $343 0 $337 31.60000000000000142 $333 $475 forward @7 unknown #
DXID-attrib $-1 -1 $-1 $-1 $334 @10 ASM ENTITY @2 14 #
plane-surface $-1 -1 $-1 19 -4 95.70000000000000284 0 0 1 1 0 0 forward_v I I I I #
straight-curve $-1 -1 $-1 50.60000000000000853 -2.200000000000000178 95.70000000000000284 0 0 1 F 0 F 17.59999999999999787 #
point $-1 -1 $-1 50.60000000000000853 -2.200000000000000178 95.70000000000000284 #
straight-curve $-1 -1 $-1 19 -2.200000000000000178 95.70000000000000284 0 0 1 F 0 F 17.59999999999999787 #
point $-1 -1 $-1 19 -2.200000000000000178 95.70000000000000284 #
loop $-1 -1 $-1 $-1 $476 $415 #
face $477 -1 $-1 $478 $347 $4 $-1 $479 reversed single #
loop $-1 -1 $-1 $480 $481 $26 #
coedge $-1 -1 $-1 $482 $483 $484 $485 reversed $354 $-1 #
coedge $-1 -1 $-1 $486 $355 $487 $488 forward $287 $-1 #
coedge $-1 -1 $-1 $355 $486 $489 $490 reversed $287 $-1 #
coedge $-1 -1 $-1 $491 $492 $355 $421 forward $493 $-1 #
edge $-1 -1 $-1 $494 8 $495 20 $355 $496 forward @7 unknown #
coedge $-1 -1 $-1 $497 $356 $498 $499 forward $227 $-1 #
coedge $-1 -1 $-1 $500 $501 $356 $424 forward $502 $-1 #
edge $-1 -1 $-1 $503 108.4999999999999858 $431 122.2499999999999858 $356 $504 forward @7 unknown #
coedge $-1 -1 $-1 $357 $505 $506 $507 forward $227 $-1 #
coedge $-1 -1 $-1 $508 $509 $357 $427 forward $510 $-1 #
edge $-1 -1 $-1 $432 -63.50000000000001421 $511 -61.38733971724001037 $357 $512 forward @7 unknown #
coedge $-1 -1 $-1 $513 $358 $509 $514 forward $430 $-1 #
coedge $-1 -1 $-1 $358 $513 $500 $515 reversed $430 $-1 #
loop $-1 -1 $-1 $-1 $358 $516 #
vertex $-1 -1 $-1 $359 $517 #
vertex $-1 -1 $-1 $359 $518 #
ellipse-curve $-1 -1 $-1 5 0 125 0 1 0 0 0 2.25 1 F -1.570796326794896558 F 0 #
face $519 -1 $-1 $516 $520 $4 $-1 $521 reversed single #
point $-1 -1 $-1 11.59999999999999964 0 97.5 #
coedge $-1 -1 $-1 $365 $364 $522 $523 reversed $366 $-1 #
face $524 -1 $-1 $434 $366 $4 $-1 $525 forward single #
coedge $-1 -1 $-1 $376 $522 $368 $439 reversed $450 $-1 #
edge $-1 -1 $-1 $380 1.875 $440 3.875 $368 $526 forward @7 unknown #
vertex $-1 -1 $-1 $439 $527 #
straight-curve $-1 -1 $-1 4.75 -1 46.5 0 -1 0 F -5 F -1 #
DXID-attrib $-1 -1 $-1 $-1 $370 @10 ASM ENTITY @2 21 #
plane-surface $-1 -1 $-1 -1 -1 46.5 0 0 1 1 0 0 forward_v I I I I #
coedge $-1 -1 $-1 $522 $376 $372 $445 forward $450 $-1 #
edge $-1 -1 $-1 $378 1.875 $446 3.875 $372 $528 forward @7 unknown #
vertex $-1 -1 $-1 $373 $529 #
straight-curve $-1 -1 $-1 4.75 -1 96.75 0 -1 0 F -5 F -1 #
DXID-attrib $-1 -1 $-1 $-1 $374 @10 ASM ENTITY @2 22 #
plane-surface $-1 -1 $-1 -1 -1 96.75 0 0 1 1 0 0 forward_v I I I I #
loop $-1 -1 $-1 $-1 $376 $530 #
straight-curve $-1 -1 $-1 2.75 4 2.75 0 0 1 F 43.75 F 94 #
point $-1 -1 $-1 2.75 4 96.75 #
point $-1 -1 $-1 2.75 4 46.5 #
coedge $-1 -1 $-1 $385 $384 $531 $532 reversed $386 $-1 #
face $533 -1 $-1 $394 $386 $4 $-1 $534 forward single #
coedge $-1 -1 $-1 $396 $531 $388 $457 forward $468 $-1 #
edge $-1 -1 $-1 $458 0 $400 25.99999999999999645 $388 $535 forward @7 unknown #
vertex $-1 -1 $-1 $457 $536 #
straight-curve $-1 -1 $-1 90 -4 92.00000000000001421 0 1 0 F 0.999999999999999778 F 1.500000000000000222 #
DXID-attrib $-1 -1 $-1 $-1 $390 @10 ASM ENTITY @2 17 #
plane-surface $-1 -1 $-1 90 -4 92.00000000000001421 1 0 0 0 0 1 forward_v I I I I #
coedge $-1 -1 $-1 $531 $396 $392 $463 reversed $468 $-1 #
edge $-1 -1 $-1 $464 0 $398 25.99999999999999645 $392 $537 forward @7 unknown #
vertex $-1 -1 $-1 $393 $538 #
straight-curve $-1 -1 $-1 56.00000000000000711 -4 92.00000000000001421 0 1 0 F 0.999999999999999778 F 1.500000000000000222 #
DXID-attrib $-1 -1 $-1 $-1 $394 @10 ASM ENTITY @2 19 #
plane-surface $-1 -1 $-1 56.00000000000000711 -4 92.00000000000001421 1 0 0 0 0 1 forward_v I I I I #
loop $-1 -1 $-1 $-1 $531 $539 #
straight-curve $-1 -1 $-1 56.00000000000000711 -2.5 118 1 0 0 F 0 F 33.99999999999999289 #
point $-1 -1 $-1 56.00000000000000711 -2.5 118 #
point $-1 -1 $-1 90 -2.5 118 #
loop $-1 -1 $-1 $-1 $404 $478 #
vertex $-1 -1 $-1 $405 $540 #
ellipse-curve $-1 -1 $-1 6.900000000000000355 -2.700000000000000178 111.9000000000000057 0 1 0 0 0 1.500000000000000222 1 I I #
straight-curve $-1 -1 $-1 19 -2.200000000000000178 95.70000000000000284 1 0 0 F 0 F 31.60000000000000142 #
coedge $-1 -1 $-1 $541 $542 $543 $544 reversed $414 $-1 #
DXID-attrib $-1 -1 $-1 $-1 $415 @10 ASM ENTITY @2 75 #
face $545 -1 $-1 $539 $472 $4 $-1 $546 reversed single #
plane-surface $-1 -1 $-1 19 -2.200000000000000178 95.70000000000000284 0 1 0 0 0 1 forward_v I I I I #
loop $-1 -1 $-1 $547 $548 $26 #
coedge $-1 -1 $-1 $549 $550 $551 $552 reversed $416 $-1 #
coedge $-1 -1 $-1 $553 $417 $554 $555 forward $354 $-1 #
coedge $-1 -1 $-1 $417 $553 $556 $557 reversed $354 $-1 #
coedge $-1 -1 $-1 $558 $559 $417 $485 forward $560 $-1 #
edge $-1 -1 $-1 $561 4.25 $562 43.25 $417 $563 forward @7 unknown #
coedge $-1 -1 $-1 $419 $418 $564 $565 forward $287 $-1 #
coedge $-1 -1 $-1 $566 $567 $418 $488 reversed $568 $-1 #
edge $-1 -1 $-1 $494 -63.75 $569 -61.5 $418 $570 forward @7 unknown #
coedge $-1 -1 $-1 $571 $572 $419 $490 forward $573 $-1 #
edge $-1 -1 $-1 $495 -63.75 $574 -61.5 $419 $575 forward @7 unknown #
coedge $-1 -1 $-1 $576 $420 $572 $577 forward $493 $-1 #
coedge $-1 -1 $-1 $420 $576 $566 $578 reversed $493 $-1 #
loop $-1 -1 $-1 $-1 $492 $579 #
vertex $-1 -1 $-1 $421 $580 #
vertex $-1 -1 $-1 $421 $581 #
straight-curve $-1 -1 $-1 8 0 125.25 1 0 0 F 8 F 20 #
coedge $-1 -1 $-1 $582 $422 $583 $584 forward $227 $-1 #
coedge $-1 -1 $-1 $585 $586 $422 $499 reversed $587 $-1 #
edge $-1 -1 $-1 $503 1.875 $588 3.325000000000000178 $422 $589 forward @7 unknown #
coedge $-1 -1 $-1 $590 $423 $429 $515 forward $502 $-1 #
coedge $-1 -1 $-1 $423 $590 $585 $591 forward $502 $-1 #
loop $-1 -1 $-1 $-1 $423 $592 #
vertex $-1 -1 $-1 $424 $593 #
straight-curve $-1 -1 $-1 2.75 0 2.75 0 0 1 F 108.4999999999999858 F 122.2499999999999858 #
coedge $-1 -1 $-1 $425 $594 $595 $596 reversed $227 $-1 #
coedge $-1 -1 $-1 $597 $598 $425 $507 reversed $599 $-1 #
edge $-1 -1 $-1 $600 0 $511 0.9479697413824544894 $425 $601 forward @7 unknown #
coedge $-1 -1 $-1 $602 $426 $598 $603 forward $510 $-1 #
coedge $-1 -1 $-1 $426 $602 $428 $514 reversed $510 $-1 #
loop $-1 -1 $-1 $-1 $509 $604 #
vertex $-1 -1 $-1 $507 $605 #
straight-curve $-1 -1 $-1 5 0 63.75 0 0 -1 F -63.50000000000001421 F -61.38733971724001037 #
coedge $-1 -1 $-1 $429 $428 $606 $607 reversed $430 $-1 #
edge $-1 -1 $-1 $432 0 $608 4 $428 $609 forward @7 unknown #
edge $-1 -1 $-1 $431 0 $610 4 $429 $611 forward @14 tangent_not_g2 #
face $612 -1 $-1 $592 $430 $4 $-1 $613 forward single #
point $-1 -1 $-1 2.75 0 125 #
point $-1 -1 $-1 5 0 127.2500000000000142 #
DXID-attrib $-1 -1 $-1 $-1 $434 @10 ASM ENTITY @2 24 #
loop $-1 -1 $-1 $360 $614 $434 #
cone-surface $-1 -1 $-1 11.59999999999999964 -2.5 96.00000000000001421 0 1 0 0 0 1.500000000000000222 1 I I 0 1 1.500000000000000222 forward I I I I #
coedge $-1 -1 $-1 $438 $444 $436 $523 forward $450 $-1 #
edge $-1 -1 $-1 $446 -93 $440 -42.75 $436 $615 forward @7 unknown #
DXID-attrib $-1 -1 $-1 $-1 $437 @10 ASM ENTITY @2 23 #
plane-surface $-1 -1 $-1 4.75 -1 4.75 1 0 0 0 0 1 forward_v I I I I #
straight-curve $-1 -1 $-1 0.875000000000000111 4 46.5 1 0 0 F 1.875 F 3.875 #
point $-1 -1 $-1 4.75 4 46.5 #
straight-curve $-1 -1 $-1 0.875000000000000111 4 96.75 1 0 0 F 1.875 F 3.875 #
point $-1 -1 $-1 4.75 4 96.75 #
face $616 -1 $-1 $617 $450 $4 $-1 $618 forward single #
coedge $-1 -1 $-1 $456 $462 $454 $532 forward $468 $-1 #
edge $-1 -1 $-1 $464 0 $458 33.99999999999999289 $454 $619 forward @7 unknown #
DXID-attrib $-1 -1 $-1 $-1 $455 @10 ASM ENTITY @2 18 #
plane-surface $-1 -1 $-1 56.00000000000000711 -4 92.00000000000001421 0 0 1 1 0 0 forward_v I I I I #
straight-curve $-1 -1 $-1 90 -2.5 92.00000000000001421 0 0 1 F 0 F 25.99999999999999645 #
point $-1 -1 $-1 90 -2.5 92.00000000000001421 #
straight-curve $-1 -1 $-1 56.00000000000000711 -2.5 92.00000000000001421 0 0 1 F 0 F 25.99999999999999645 #
point $-1 -1 $-1 56.00000000000000711 -2.5 92.00000000000001421 #
face $620 -1 $-1 $530 $468 $4 $-1 $621 reversed single #
point $-1 -1 $-1 6.900000000000000355 -2.700000000000000178 113.4000000000000199 #
coedge $-1 -1 $-1 $622 $476 $623 $624 forward $414 $-1 #
coedge $-1 -1 $-1 $476 $622 $625 $626 reversed $414 $-1 #
coedge $-1 -1 $-1 $627 $628 $476 $544 forward $629 $-1 #
edge $-1 -1 $-1 $630 0.4000000000000092371 $631 16.40000000000000568 $476 $632 forward @7 unknown #
DXID-attrib $-1 -1 $-1 $-1 $478 @10 ASM ENTITY @2 76 #
plane-surface $-1 -1 $-1 6.900000000000000355 -2.700000000000000178 111.9000000000000057 0 1 0 0 0 1 forward_v I I I I #
loop $-1 -1 $-1 $633 $634 $26 #
coedge $-1 -1 $-1 $635 $636 $637 $638 reversed $480 $-1 #
coedge $-1 -1 $-1 $639 $481 $640 $641 forward $416 $-1 #
coedge $-1 -1 $-1 $481 $642 $643 $644 reversed $416 $-1 #
coedge $-1 -1 $-1 $645 $646 $481 $552 forward $647 $-1 #
edge $-1 -1 $-1 $648 8.400000000000000355 $649 44.39999999999999858 $481 $650 forward @7 unknown #
coedge $-1 -1 $-1 $483 $482 $651 $652 forward $354 $-1 #
coedge $-1 -1 $-1 $653 $654 $482 $555 reversed $655 $-1 #
edge $-1 -1 $-1 $561 -47.54999999999999716 $656 -45.64999999999999858 $482 $657 forward @7 unknown #
coedge $-1 -1 $-1 $658 $659 $483 $557 forward $660 $-1 #
edge $-1 -1 $-1 $562 -47.54999999999999716 $661 -45.64999999999999858 $483 $662 forward @7 unknown #
coedge $-1 -1 $-1 $663 $484 $659 $664 forward $560 $-1 #
coedge $-1 -1 $-1 $484 $663 $653 $665 reversed $560 $-1 #
loop $-1 -1 $-1 $-1 $559 $666 #
vertex $-1 -1 $-1 $485 $667 #
vertex $-1 -1 $-1 $485 $668 #
straight-curve $-1 -1 $-1 4.25 0 93.20000000000000284 1 0 0 F 4.25 F 43.25 #
coedge $-1 -1 $-1 $669 $670 $486 $565 reversed $671 $-1 #
edge $-1 -1 $-1 $569 8 $574 20 $486 $672 forward @7 unknown #
coedge $-1 -1 $-1 $673 $487 $492 $578 forward $568 $-1 #
coedge $-1 -1 $-1 $487 $674 $669 $675 reversed $568 $-1 #
loop $-1 -1 $-1 $-1 $566 $676 #
vertex $-1 -1 $-1 $488 $677 #
straight-curve $-1 -1 $-1 16 0 61.5 0 0 -1 F -63.75 F -61.5 #
coedge $-1 -1 $-1 $678 $489 $670 $679 forward $573 $-1 #
coedge $-1 -1 $-1 $489 $680 $491 $577 reversed $573 $-1 #
loop $-1 -1 $-1 $-1 $572 $681 #
vertex $-1 -1 $-1 $565 $682 #
straight-curve $-1 -1 $-1 28.00000000000000355 0 61.5 0 0 -1 F -63.75 F -61.5 #
coedge $-1 -1 $-1 $492 $491 $683 $684 forward $493 $-1 #
edge $-1 -1 $-1 $495 0.01000000000000000021 $685 10.76996015936299855 $491 $686 forward @7 unknown #
edge $-1 -1 $-1 $494 0.01000000000000000021 $687 10.76996015936299855 $492 $688 forward @7 unknown #
face $689 -1 $-1 $676 $493 $4 $-1 $690 forward single #
point $-1 -1 $-1 16 0 125.25 #
point $-1 -1 $-1 28.00000000000000355 0 125.25 #
coedge $-1 -1 $-1 $691 $497 $692 $693 forward $227 $-1 #
coedge $-1 -1 $-1 $694 $695 $497 $584 reversed $696 $-1 #
edge $-1 -1 $-1 $588 0 $697 3.149999999999995026 $497 $698 forward @7 unknown #
coedge $-1 -1 $-1 $699 $498 $501 $591 reversed $587 $-1 #
coedge $-1 -1 $-1 $498 $700 $694 $701 reversed $587 $-1 #
loop $-1 -1 $-1 $-1 $699 $702 #
vertex $-1 -1 $-1 $499 $703 #
straight-curve $-1 -1 $-1 0.875000000000000111 0 111.25 1 0 0 F 1.875 F 3.325000000000000178 #
coedge $-1 -1 $-1 $501 $500 $704 $705 reversed $502 $-1 #
edge $-1 -1 $-1 $706 -4.5 $503 -0.5 $501 $707 forward @7 unknown #
face $708 -1 $-1 $604 $502 $4 $-1 $709 reversed single #
point $-1 -1 $-1 2.75 0 111.25 #
coedge $-1 -1 $-1 $505 $691 $710 $711 forward $227 $-1 #
coedge $-1 -1 $-1 $712 $713 $505 $596 forward $714 $-1 #
edge $-1 -1 $-1 $600 -120.9000000000000057 $715 -111.9500000000000028 $505 $716 forward @7 unknown #
coedge $-1 -1 $-1 $717 $506 $713 $718 forward $599 $-1 #
coedge $-1 -1 $-1 $506 $717 $508 $603 reversed $599 $-1 #
loop $-1 -1 $-1 $-1 $597 $719 #
vertex $-1 -1 $-1 $596 $720 #
ellipse-curve $-1 -1 $-1 5.350000000000000533 0 124.6500000000000199 0 1 0 -0.5999999999999999778 0 0 1 F 0 F 0.9479697413824544894 #
coedge $-1 -1 $-1 $509 $508 $721 $722 reversed $510 $-1 #
edge $-1 -1 $-1 $511 1 $723 5 $508 $724 forward @7 unknown #
face $725 -1 $-1 $702 $510 $4 $-1 $726 forward single #
point $-1 -1 $-1 5 0 125.1373397172400104 #
coedge $-1 -1 $-1 $721 $704 $513 $607 forward $727 $-1 #
edge $-1 -1 $-1 $610 -1.570796326794896558 $608 0 $513 $728 forward @7 unknown #
vertex $-1 -1 $-1 $514 $729 #
straight-curve $-1 -1 $-1 5 0 127.2500000000000142 0 1 0 F 0 F 4 #
vertex $-1 -1 $-1 $607 $730 #
straight-curve $-1 -1 $-1 2.75 0 125 0 1 0 F 0 F 4 #
DXID-attrib $-1 -1 $-1 $-1 $516 @10 ASM ENTITY @2 25 #
cone-surface $-1 -1 $-1 5 0 125 0 1 0 -2.25 0 0 1 I I 0 1 2.25 forward I I I I #
coedge $-1 -1 $-1 $614 $614 $731 $732 reversed $520 $-1 #
straight-curve $-1 -1 $-1 4.75 4 3.75 0 0 -1 F -93 F -42.75 #
DXID-attrib $-1 -1 $-1 $-1 $530 @10 ASM ENTITY @2 78 #
face $733 -1 $-1 $734 $735 $4 $-1 $736 forward single #
plane-surface $-1 -1 $-1 2.75 4 2.75 0 1 0 0 0 1 forward_v I I I I #
straight-curve $-1 -1 $-1 56.00000000000000711 -2.5 92.00000000000001421 1 0 0 F 0 F 33.99999999999999289 #
DXID-attrib $-1 -1 $-1 $-1 $539 @10 ASM ENTITY @2 77 #
plane-surface $-1 -1 $-1 56.00000000000000711 -2.5 92.00000000000001421 0 1 0 0 0 1 forward_v I I I I #
coedge $-1 -1 $-1 $542 $541 $737 $738 forward $414 $-1 #
coedge $-1 -1 $-1 $739 $740 $541 $624 reversed $741 $-1 #
edge $-1 -1 $-1 $630 -30.40000000000000213 $742 -0.4000000000000025757 $541 $743 forward @7 unknown #
coedge $-1 -1 $-1 $744 $745 $542 $626 forward $746 $-1 #
edge $-1 -1 $-1 $631 -30.40000000000000213 $747 -0.4000000000000025757 $542 $748 forward @7 unknown #
coedge $-1 -1 $-1 $749 $543 $745 $750 forward $629 $-1 #
coedge $-1 -1 $-1 $543 $749 $739 $751 reversed $629 $-1 #
loop $-1 -1 $-1 $-1 $627 $752 #
vertex $-1 -1 $-1 $544 $753 #
vertex $-1 -1 $-1 $544 $754 #
straight-curve $-1 -1 $-1 49.80000000000000426 -2.200000000000000178 96.09999999999999432 0 0 1 F 0.4000000000000092371 F 16.40000000000000568 #
loop $-1 -1 $-1 $755 $756 $26 #
coedge $-1 -1 $-1 $757 $758 $759 $760 reversed $547 $-1 #
coedge $-1 -1 $-1 $761 $548 $762 $763 forward $480 $-1 #
coedge $-1 -1 $-1 $548 $761 $764 $765 reversed $480 $-1 #
coedge $-1 -1 $-1 $766 $767 $548 $638 forward $768 $-1 #
edge $-1 -1 $-1 $769 8.25 $770 29.24999999999999645 $548 $771 forward @7 unknown #
coedge $-1 -1 $-1 $772 $549 $773 $774 forward $416 $-1 #
coedge $-1 -1 $-1 $775 $776 $549 $641 reversed $777 $-1 #
edge $-1 -1 $-1 $648 -66.875 $778 -61.12500000000001421 $549 $779 forward @7 unknown #
coedge $-1 -1 $-1 $550 $780 $781 $782 reversed $416 $-1 #
coedge $-1 -1 $-1 $783 $784 $550 $644 forward $785 $-1 #
edge $-1 -1 $-1 $649 -66.875 $786 -61.12500000000001421 $550 $787 forward @7 unknown #
coedge $-1 -1 $-1 $788 $551 $784 $789 reversed $647 $-1 #
coedge $-1 -1 $-1 $551 $788 $775 $790 forward $647 $-1 #
loop $-1 -1 $-1 $-1 $646 $791 #
vertex $-1 -1 $-1 $552 $792 #
vertex $-1 -1 $-1 $552 $793 #
straight-curve $-1 -1 $-1 8.400000000000000355 0 114.25 1 0 0 F 8.400000000000000355 F 44.39999999999999858 #
coedge $-1 -1 $-1 $794 $795 $553 $652 reversed $796 $-1 #
edge $-1 -1 $-1 $656 4.25 $661 43.25 $553 $797 forward @7 unknown #
coedge $-1 -1 $-1 $798 $554 $559 $665 forward $655 $-1 #
coedge $-1 -1 $-1 $554 $798 $794 $799 reversed $655 $-1 #
loop $-1 -1 $-1 $-1 $653 $800 #
vertex $-1 -1 $-1 $555 $801 #
straight-curve $-1 -1 $-1 8.5 0 45.65000000000000568 0 0 -1 F -47.54999999999999716 F -45.64999999999999858 #
coedge $-1 -1 $-1 $802 $556 $795 $803 forward $660 $-1 #
coedge $-1 -1 $-1 $556 $802 $558 $664 reversed $660 $-1 #
loop $-1 -1 $-1 $-1 $659 $804 #
vertex $-1 -1 $-1 $652 $805 #
straight-curve $-1 -1 $-1 47.5 0 45.65000000000000568 0 0 -1 F -47.54999999999999716 F -45.64999999999999858 #
coedge $-1 -1 $-1 $559 $558 $806 $807 reversed $560 $-1 #
edge $-1 -1 $-1 $562 0.01000000000000000021 $808 7.210000000000000853 $558 $809 forward @7 unknown #
edge $-1 -1 $-1 $561 0.01000000000000000021 $810 7.210000000000000853 $559 $811 forward @7 unknown #
face $812 -1 $-1 $800 $560 $4 $-1 $813 forward single #
point $-1 -1 $-1 8.5 0 93.20000000000000284 #
point $-1 -1 $-1 47.5 0 93.20000000000000284 #
coedge $-1 -1 $-1 $814 $564 $567 $675 forward $671 $-1 #
coedge $-1 -1 $-1 $564 $814 $571 $679 reversed $671 $-1 #
loop $-1 -1 $-1 $-1 $669 $815 #
straight-curve $-1 -1 $-1 8 0 123 1 0 0 F 8 F 20 #
coedge $-1 -1 $-1 $816 $566 $817 $818 reversed $568 $-1 #
coedge $-1 -1 $-1 $567 $819 $820 $821 reversed $568 $-1 #
edge $-1 -1 $-1 $569 0.01000000000000000021 $822 14.00999999999999979 $567 $823 forward @7 unknown #
face $824 -1 $-1 $681 $568 $4 $-1 $825 reversed single #
point $-1 -1 $-1 16 0 123 #
coedge $-1 -1 $-1 $826 $571 $827 $828 forward $573 $-1 #
edge $-1 -1 $-1 $574 0.01000000000000000021 $829 14.00999999999999979 $571 $830 forward @7 unknown #
coedge $-1 -1 $-1 $572 $831 $832 $833 forward $573 $-1 #
face $834 -1 $-1 $815 $573 $4 $-1 $835 forward single #
point $-1 -1 $-1 28.00000000000000355 0 123 #
coedge $-1 -1 $-1 $832 $817 $576 $684 reversed $836 $-1 #
edge $-1 -1 $-1 $685 -12.00000000000000178 $687 0 $576 $837 forward @7 unknown #
vertex $-1 -1 $-1 $577 $838 #
straight-curve $-1 -1 $-1 28.00000000000000355 -0.01000000000000000021 125.25 0 1 0 F 0.01000000000000000021 F 10.76996015936299855 #
vertex $-1 -1 $-1 $578 $839 #
straight-curve $-1 -1 $-1 16 -0.01000000000000000021 125.25 0 1 0 F 0.01000000000000000021 F 10.76996015936299855 #
DXID-attrib $-1 -1 $-1 $-1 $579 @10 ASM ENTITY @2 35 #
plane-surface $-1 -1 $-1 16 -0.01000000000000000021 125.25 0 0 1 1 0 0 forward_v I I I I #
coedge $-1 -1 $-1 $594 $582 $840 $841 forward $227 $-1 #
coedge $-1 -1 $-1 $842 $843 $582 $693 reversed $844 $-1 #
edge $-1 -1 $-1 $697 0 $845 10.80000000000000071 $582 $846 forward @7 unknown #
coedge $-1 -1 $-1 $847 $583 $586 $701 forward $696 $-1 #
coedge $-1 -1 $-1 $583 $848 $842 $849 forward $696 $-1 #
loop $-1 -1 $-1 $-1 $583 $850 #
vertex $-1 -1 $-1 $584 $851 #
straight-curve $-1 -1 $-1 4.200000000000000178 0 111.25 0 0 -1 F 0 F 3.149999999999995026 #
coedge $-1 -1 $-1 $852 $585 $853 $854 forward $587 $-1 #
coedge $-1 -1 $-1 $586 $852 $855 $856 forward $587 $-1 #
edge $-1 -1 $-1 $588 1.800000000000000044 $857 2.800000000000000266 $586 $858 forward @7 unknown #
face $859 -1 $-1 $719 $587 $4 $-1 $860 reversed single #
point $-1 -1 $-1 4.200000000000000178 0 111.25 #
coedge $-1 -1 $-1 $606 $853 $590 $705 forward $727 $-1 #
edge $-1 -1 $-1 $706 108.4999999999999858 $610 122.2499999999999858 $590 $861 forward @7 unknown #
vertex $-1 -1 $-1 $705 $862 #
straight-curve $-1 -1 $-1 2.75 -0.5 111.25 0 -1 0 F -4.5 F -0.5 #
DXID-attrib $-1 -1 $-1 $-1 $592 @10 ASM ENTITY @2 26 #
plane-surface $-1 -1 $-1 2.75 0 2.75 1 0 0 0 0 1 forward_v I I I I #
coedge $-1 -1 $-1 $863 $864 $594 $711 reversed $865 $-1 #
edge $-1 -1 $-1 $866 0 $715 10.24999999999999822 $594 $867 forward @7 unknown #
coedge $-1 -1 $-1 $868 $595 $864 $869 reversed $714 $-1 #
coedge $-1 -1 $-1 $595 $870 $597 $718 reversed $714 $-1 #
loop $-1 -1 $-1 $-1 $713 $871 #
vertex $-1 -1 $-1 $711 $872 #
straight-curve $-1 -1 $-1 4.75 0 3.75 0 0 -1 F -120.9000000000000057 F -111.9500000000000028 #
coedge $-1 -1 $-1 $598 $597 $873 $874 forward $599 $-1 #
edge $-1 -1 $-1 $600 1 $875 5 $597 $876 forward @14 tangent_not_g2 #
face $877 -1 $-1 $850 $599 $4 $-1 $878 reversed single #
point $-1 -1 $-1 4.75 0 124.6500000000000199 #
coedge $-1 -1 $-1 $873 $606 $602 $722 forward $727 $-1 #
edge $-1 -1 $-1 $608 -63.50000000000001421 $723 -61.38733971724001037 $602 $879 forward @7 unknown #
vertex $-1 -1 $-1 $603 $880 #
straight-curve $-1 -1 $-1 5 -1 125.1373397172400104 0 1 0 F 1 F 5 #
DXID-attrib $-1 -1 $-1 $-1 $604 @10 ASM ENTITY @2 27 #
plane-surface $-1 -1 $-1 5 -1 124.7500000000000142 1 0 0 0 0 1 forward_v I I I I #
loop $-1 -1 $-1 $-1 $606 $734 #
ellipse-curve $-1 -1 $-1 5 4 125 0 1 0 0 0 2.25 1 F -1.570796326794896558 F 0 #
point $-1 -1 $-1 5 4 127.2500000000000142 #
point $-1 -1 $-1 2.75 4 125 #
coedge $-1 -1 $-1 $731 $731 $614 $732 forward $735 $-1 #
edge $-1 -1 $-1 $881 0 $881 6.283185307179586232 $614 $882 forward @7 unknown #
DXID-attrib $-1 -1 $-1 $-1 $617 @10 ASM ENTITY @2 79 #
face $883 -1 $-1 $884 $727 $4 $-1 $885 forward single #
loop $-1 -1 $-1 $-1 $731 $617 #
plane-surface $-1 -1 $-1 11.59999999999999964 -2.5 96.00000000000001421 0 1 0 0 0 1 forward_v I I I I #
coedge $-1 -1 $-1 $886 $887 $622 $738 reversed $888 $-1 #
edge $-1 -1 $-1 $742 0.4000000000000092371 $747 16.40000000000000568 $622 $889 forward @7 unknown #
coedge $-1 -1 $-1 $890 $623 $628 $751 forward $741 $-1 #
coedge $-1 -1 $-1 $623 $890 $886 $891 reversed $741 $-1 #
loop $-1 -1 $-1 $-1 $740 $892 #
vertex $-1 -1 $-1 $624 $893 #
straight-curve $-1 -1 $-1 19.39999999999999858 -2.200000000000000178 96.5 -1 0 0 F -30.40000000000000213 F -0.4000000000000025757 #
coedge $-1 -1 $-1 $894 $625 $887 $895 forward $746 $-1 #
coedge $-1 -1 $-1 $625 $894 $627 $750 reversed $746 $-1 #
loop $-1 -1 $-1 $-1 $744 $896 #
vertex $-1 -1 $-1 $738 $897 #
straight-curve $-1 -1 $-1 19.39999999999999858 -2.200000000000000178 112.5 -1 0 0 F -30.40000000000000213 F -0.4000000000000025757 #
coedge $-1 -1 $-1 $628 $627 $898 $899 reversed $629 $-1 #
edge $-1 -1 $-1 $631 1.799999999999999822 $900 2.700000000000000178 $627 $901 forward @7 unknown #
edge $-1 -1 $-1 $630 1.799999999999999822 $902 2.700000000000000178 $628 $903 forward @7 unknown #
face $904 -1 $-1 $892 $629 $4 $-1 $905 reversed single #
point $-1 -1 $-1 49.80000000000000426 -2.200000000000000178 96.5 #
point $-1 -1 $-1 49.80000000000000426 -2.200000000000000178 112.5 #
loop $-1 -1 $-1 $-1 $906 $26 #
coedge $-1 -1 $-1 $907 $908 $909 $910 reversed $633 $-1 #
coedge $-1 -1 $-1 $911 $634 $912 $913 forward $547 $-1 #
coedge $-1 -1 $-1 $634 $914 $915 $916 reversed $547 $-1 #
coedge $-1 -1 $-1 $917 $918 $634 $760 forward $919 $-1 #
edge $-1 -1 $-1 $920 2.249999999999999556 $921 30.75 $634 $922 forward @7 unknown #
coedge $-1 -1 $-1 $636 $635 $923 $924 forward $480 $-1 #
coedge $-1 -1 $-1 $925 $926 $635 $763 reversed $927 $-1 #
edge $-1 -1 $-1 $769 -59.30000000000001137 $928 -57.39999999999999858 $635 $929 forward @7 unknown #
coedge $-1 -1 $-1 $930 $931 $636 $765 forward $932 $-1 #
edge $-1 -1 $-1 $770 -59.30000000000001137 $933 -57.39999999999999858 $636 $934 forward @7 unknown #
coedge $-1 -1 $-1 $935 $637 $931 $936 forward $768 $-1 #
coedge $-1 -1 $-1 $637 $935 $925 $937 reversed $768 $-1 #
loop $-1 -1 $-1 $-1 $767 $938 #
vertex $-1 -1 $-1 $638 $939 #
vertex $-1 -1 $-1 $638 $940 #
straight-curve $-1 -1 $-1 8.25 0 116.7000000000000171 1 0 0 F 8.25 F 29.24999999999999645 #
coedge $-1 -1 $-1 $941 $639 $942 $943 forward $416 $-1 #
coedge $-1 -1 $-1 $944 $945 $639 $774 reversed $946 $-1 #
edge $-1 -1 $-1 $778 -61.12500000000001421 $947 -53.12500000000000711 $639 $948 forward @7 unknown #
coedge $-1 -1 $-1 $949 $640 $646 $790 reversed $777 $-1 #
coedge $-1 -1 $-1 $640 $950 $951 $952 forward $777 $-1 #
loop $-1 -1 $-1 $-1 $775 $953 #
vertex $-1 -1 $-1 $641 $954 #
straight-curve $-1 -1 $-1 16.80000000000000071 0 47.375 0 0 -1 F -66.875 F -61.12500000000001421 #
coedge $-1 -1 $-1 $642 $941 $955 $956 reversed $416 $-1 #
coedge $-1 -1 $-1 $957 $958 $642 $782 forward $959 $-1 #
edge $-1 -1 $-1 $786 -61.12500000000001421 $960 -53.12500000000000711 $642 $961 forward @7 unknown #
coedge $-1 -1 $-1 $962 $643 $963 $964 reversed $785 $-1 #
coedge $-1 -1 $-1 $643 $965 $645 $789 forward $785 $-1 #
loop $-1 -1 $-1 $-1 $784 $966 #
vertex $-1 -1 $-1 $782 $967 #
straight-curve $-1 -1 $-1 52.80000000000000426 0 47.375 0 0 -1 F -66.875 F -61.12500000000001421 #
coedge $-1 -1 $-1 $646 $645 $968 $969 reversed $647 $-1 #
edge $-1 -1 $-1 $970 0 $649 1.300000000000000044 $645 $971 forward @7 unknown #
edge $-1 -1 $-1 $972 0 $648 1.300000000000000044 $646 $973 forward @7 unknown #
face $974 -1 $-1 $953 $647 $4 $-1 $975 reversed single #
point $-1 -1 $-1 16.80000000000000071 0 114.25 #
point $-1 -1 $-1 52.80000000000000426 0 114.25 #
coedge $-1 -1 $-1 $976 $651 $654 $799 forward $796 $-1 #
coedge $-1 -1 $-1 $651 $976 $658 $803 reversed $796 $-1 #
loop $-1 -1 $-1 $-1 $794 $977 #
straight-curve $-1 -1 $-1 4.25 0 91.30000000000001137 1 0 0 F 4.25 F 43.25 #
coedge $-1 -1 $-1 $654 $653 $978 $979 reversed $655 $-1 #
edge $-1 -1 $-1 $656 0.01000000000000000021 $980 7.210000000000000853 $654 $981 forward @7 unknown #
face $982 -1 $-1 $804 $655 $4 $-1 $983 reversed single #
point $-1 -1 $-1 8.5 0 91.30000000000001137 #
coedge $-1 -1 $-1 $659 $658 $984 $985 forward $660 $-1 #
edge $-1 -1 $-1 $661 0.01000000000000000021 $986 7.210000000000000853 $658 $987 forward @7 unknown #
face $988 -1 $-1 $977 $660 $4 $-1 $989 forward single #
point $-1 -1 $-1 47.5 0 91.30000000000001137 #
coedge $-1 -1 $-1 $984 $978 $663 $807 forward $990 $-1 #
edge $-1 -1 $-1 $810 0 $808 39 $663 $991 forward @7 unknown #
vertex $-1 -1 $-1 $664 $992 #
straight-curve $-1 -1 $-1 47.5 -0.01000000000000000021 93.20000000000000284 0 1 0 F 0.01000000000000000021 F 7.210000000000000853 #
vertex $-1 -1 $-1 $665 $993 #
straight-curve $-1 -1 $-1 8.5 -0.01000000000000000021 93.20000000000000284 0 1 0 F 0.01000000000000000021 F 7.210000000000000853 #
DXID-attrib $-1 -1 $-1 $-1 $666 @10 ASM ENTITY @2 39 #
plane-surface $-1 -1 $-1 8.5 -0.01000000000000000021 93.20000000000000284 0 0 1 1 0 0 forward_v I I I I #
coedge $-1 -1 $-1 $670 $669 $994 $995 forward $671 $-1 #
face $996 -1 $-1 $666 $671 $4 $-1 $997 reversed single #
coedge $-1 -1 $-1 $998 $673 $999 $1000 reversed $568 $-1 #
coedge $-1 -1 $-1 $683 $1001 $673 $818 forward $836 $-1 #
edge $-1 -1 $-1 $1002 0 $687 3.528498038537627668 $673 $1003 forward @7 unknown #
coedge $-1 -1 $-1 $674 $998 $1004 $1005 forward $568 $-1 #
coedge $-1 -1 $-1 $1006 $994 $674 $821 forward $1007 $-1 #
edge $-1 -1 $-1 $822 0 $1008 2.249999999999996447 $674 $1009 forward @7 unknown #
vertex $-1 -1 $-1 $821 $1010 #
straight-curve $-1 -1 $-1 16 -0.01000000000000000021 123 0 1 0 F 0.01000000000000000021 F 14.00999999999999979 #
DXID-attrib $-1 -1 $-1 $-1 $676 @10 ASM ENTITY @2 36 #
plane-surface $-1 -1 $-1 16 -0.01000000000000000021 123 1 0 0 0 0 1 forward_v I I I I #
coedge $-1 -1 $-1 $1011 $678 $1012 $1013 reversed $573 $-1 #
coedge $-1 -1 $-1 $994 $1006 $678 $828 reversed $1007 $-1 #
edge $-1 -1 $-1 $829 0 $1014 2.249999999999996447 $678 $1015 forward @7 unknown #
vertex $-1 -1 $-1 $679 $1016 #
straight-curve $-1 -1 $-1 28.00000000000000355 -0.01000000000000000021 123 0 1 0 F 0.01000000000000000021 F 14.00999999999999979 #
coedge $-1 -1 $-1 $680 $1011 $1017 $1018 forward $573 $-1 #
coedge $-1 -1 $-1 $1001 $683 $680 $833 reversed $836 $-1 #
edge $-1 -1 $-1 $1019 0 $685 3.528498038537627668 $680 $1020 forward @7 unknown #
DXID-attrib $-1 -1 $-1 $-1 $681 @10 ASM ENTITY @2 37 #
plane-surface $-1 -1 $-1 28.00000000000000355 -0.01000000000000000021 123 1 0 0 0 0 1 forward_v I I I I #
loop $-1 -1 $-1 $-1 $817 $1021 #
straight-curve $-1 -1 $-1 16 10.75996015936300054 125.25 -1 0 0 F -12.00000000000000178 F 0 #
point $-1 -1 $-1 28.00000000000000355 10.75996015936300054 125.25 #
point $-1 -1 $-1 16 10.75996015936300054 125.25 #
coedge $-1 -1 $-1 $1022 $1023 $691 $841 reversed $1024 $-1 #
edge $-1 -1 $-1 $845 0 $866 7.599999999999997868 $691 $1025 forward @7 unknown #
coedge $-1 -1 $-1 $1026 $692 $695 $849 reversed $844 $-1 #
coedge $-1 -1 $-1 $692 $1026 $1022 $1027 forward $844 $-1 #
loop $-1 -1 $-1 $-1 $692 $1028 #
vertex $-1 -1 $-1 $693 $1029 #
straight-curve $-1 -1 $-1 4.200000000000000178 0 108.1000000000000085 1 0 0 F 0 F 10.80000000000000071 #
coedge $-1 -1 $-1 $1030 $694 $1031 $1032 forward $696 $-1 #
coedge $-1 -1 $-1 $695 $1030 $1033 $1034 forward $696 $-1 #
edge $-1 -1 $-1 $1035 0 $697 2.600000000000000089 $695 $1036 forward @7 unknown #
face $1037 -1 $-1 $871 $696 $4 $-1 $1038 forward single #
point $-1 -1 $-1 4.200000000000000178 0 108.1000000000000085 #
coedge $-1 -1 $-1 $700 $699 $1039 $1040 forward $587 $-1 #
coedge $-1 -1 $-1 $704 $1041 $699 $854 reversed $727 $-1 #
edge $-1 -1 $-1 $706 1.875 $1042 3.875 $699 $1043 forward @7 unknown #
coedge $-1 -1 $-1 $1044 $1031 $700 $856 reversed $1045 $-1 #
edge $-1 -1 $-1 $1046 -3.149999999999999911 $857 -2.600000000000000089 $700 $1047 forward @7 unknown #
vertex $-1 -1 $-1 $856 $1048 #
straight-curve $-1 -1 $-1 4.200000000000000178 -1.800000000000000266 111.25 0 1 0 F 1.800000000000000044 F 2.800000000000000266 #
DXID-attrib $-1 -1 $-1 $-1 $702 @10 ASM ENTITY @2 28 #
plane-surface $-1 -1 $-1 -1 -1 111.25 0 0 1 1 0 0 forward_v I I I I #
straight-curve $-1 -1 $-1 2.75 4 2.75 0 0 1 F 108.4999999999999858 F 122.2499999999999858 #
point $-1 -1 $-1 2.75 4 111.25 #
coedge $-1 -1 $-1 $1049 $710 $1023 $1050 reversed $865 $-1 #
coedge $-1 -1 $-1 $710 $1051 $712 $869 forward $865 $-1 #
loop $-1 -1 $-1 $-1 $1051 $1052 #
vertex $-1 -1 $-1 $841 $1053 #
straight-curve $-1 -1 $-1 15 0 115.7000000000000028 -1 0 0 F 0 F 10.24999999999999822 #
coedge $-1 -1 $-1 $1039 $712 $1044 $1054 forward $714 $-1 #
edge $-1 -1 $-1 $1055 -2.800000000000000266 $715 -1.800000000000000044 $712 $1056 forward @7 unknown #
coedge $-1 -1 $-1 $713 $1039 $1041 $1057 reversed $714 $-1 #
face $1058 -1 $-1 $1028 $714 $4 $-1 $1059 forward single #
point $-1 -1 $-1 4.75 0 115.7000000000000028 #
coedge $-1 -1 $-1 $1041 $721 $717 $874 reversed $727 $-1 #
edge $-1 -1 $-1 $875 0 $723 0.9479697413824544894 $717 $1060 forward @7 unknown #
vertex $-1 -1 $-1 $718 $1061 #
straight-curve $-1 -1 $-1 4.75 -1 124.6500000000000199 0 1 0 F 1 F 5 #
DXID-attrib $-1 -1 $-1 $-1 $719 @10 ASM ENTITY @2 29 #
cone-surface $-1 -1 $-1 5.350000000000000533 -1 124.6500000000000199 0 1 0 -0.5999999999999999778 0 0 1 I I 0 1 0.5999999999999999778 forward I I I I #
straight-curve $-1 -1 $-1 5 4 63.75 0 0 -1 F -63.50000000000001421 F -61.38733971724001037 #
point $-1 -1 $-1 5 4 125.1373397172400104 #
vertex $-1 -1 $-1 $732 $1062 #
ellipse-curve $-1 -1 $-1 11.59999999999999964 -2.5 96.00000000000001421 0 1 0 0 0 1.500000000000000222 1 I I #
DXID-attrib $-1 -1 $-1 $-1 $734 @10 ASM ENTITY @2 80 #
face $1063 -1 $-1 $1064 $1045 $4 $-1 $1065 reversed single #
plane-surface $-1 -1 $-1 2.75 4 2.75 0 1 0 0 0 1 forward_v I I I I #
coedge $-1 -1 $-1 $1066 $737 $740 $891 forward $888 $-1 #
coedge $-1 -1 $-1 $737 $1066 $744 $895 reversed $888 $-1 #
loop $-1 -1 $-1 $-1 $887 $1067 #
straight-curve $-1 -1 $-1 19.80000000000000071 -2.200000000000000178 96.09999999999999432 0 0 1 F 0.4000000000000092371 F 16.40000000000000568 #
coedge $-1 -1 $-1 $740 $739 $1068 $1069 forward $741 $-1 #
edge $-1 -1 $-1 $742 1.799999999999999822 $1070 2.700000000000000178 $740 $1071 forward @7 unknown #
face $1072 -1 $-1 $1067 $741 $4 $-1 $1073 forward single #
point $-1 -1 $-1 19.80000000000000071 -2.200000000000000178 96.5 #
coedge $-1 -1 $-1 $745 $744 $1074 $1075 reversed $746 $-1 #
edge $-1 -1 $-1 $747 1.799999999999999822 $1076 2.700000000000000178 $887 $1077 forward @7 unknown #
face $1078 -1 $-1 $1079 $746 $4 $-1 $1080 reversed single #
point $-1 -1 $-1 19.80000000000000071 -2.200000000000000178 112.5 #
coedge $-1 -1 $-1 $1074 $1068 $749 $899 forward $1081 $-1 #
edge $-1 -1 $-1 $902 0.8750000000000035527 $900 16.875 $898 $1082 forward @7 unknown #
vertex $-1 -1 $-1 $899 $1083 #
straight-curve $-1 -1 $-1 49.80000000000000426 -4 112.5 0 1 0 F 1.799999999999999822 F 2.700000000000000178 #
vertex $-1 -1 $-1 $899 $1084 #
straight-curve $-1 -1 $-1 49.80000000000000426 -4 96.5 0 1 0 F 1.799999999999999822 F 2.700000000000000178 #
DXID-attrib $-1 -1 $-1 $-1 $752 @10 ASM ENTITY @3 119 #
plane-surface $-1 -1 $-1 49.80000000000000426 -4 96.5 1 0 0 0 0 1 forward_v I I I I #
coedge $-1 -1 $-1 $1085 $1086 $1087 $1088 forward $755 $-1 #
coedge $-1 -1 $-1 $1089 $756 $1090 $1091 forward $633 $-1 #
coedge $-1 -1 $-1 $756 $1089 $1092 $1093 reversed $633 $-1 #
coedge $-1 -1 $-1 $1094 $1095 $756 $910 forward $1096 $-1 #
edge $-1 -1 $-1 $1097 32 $1098 44 $756 $1099 forward @7 unknown #
coedge $-1 -1 $-1 $1100 $757 $1101 $1102 forward $547 $-1 #
coedge $-1 -1 $-1 $1103 $1104 $757 $913 reversed $1105 $-1 #
edge $-1 -1 $-1 $920 1.570796326794896558 $1106 3.141592653589793116 $757 $1107 forward @7 unknown #
coedge $-1 -1 $-1 $758 $1108 $1109 $1110 reversed $547 $-1 #
coedge $-1 -1 $-1 $1111 $1112 $758 $916 forward $1113 $-1 #
edge $-1 -1 $-1 $921 1.875 $1114 3.875 $758 $1115 forward @7 unknown #
coedge $-1 -1 $-1 $1116 $759 $1112 $1117 reversed $919 $-1 #
coedge $-1 -1 $-1 $759 $1116 $1103 $1118 reversed $919 $-1 #
loop $-1 -1 $-1 $-1 $759 $1119 #
vertex $-1 -1 $-1 $760 $1120 #
vertex $-1 -1 $-1 $760 $1121 #
straight-curve $-1 -1 $-1 2.75 0 2.75 0 0 1 F 2.249999999999999556 F 30.75 #
coedge $-1 -1 $-1 $1122 $1123 $761 $924 reversed $1124 $-1 #
edge $-1 -1 $-1 $928 8.25 $933 29.24999999999999645 $761 $1125 forward @7 unknown #
coedge $-1 -1 $-1 $1126 $762 $767 $937 forward $927 $-1 #
coedge $-1 -1 $-1 $762 $1126 $1122 $1127 reversed $927 $-1 #
loop $-1 -1 $-1 $-1 $925 $1128 #
vertex $-1 -1 $-1 $763 $1129 #
straight-curve $-1 -1 $-1 16.5 0 57.40000000000000568 0 0 -1 F -59.30000000000001137 F -57.39999999999999858 #
coedge $-1 -1 $-1 $1130 $764 $1123 $1131 forward $932 $-1 #
coedge $-1 -1 $-1 $764 $1130 $766 $936 reversed $932 $-1 #
loop $-1 -1 $-1 $-1 $931 $1132 #
vertex $-1 -1 $-1 $924 $1133 #
straight-curve $-1 -1 $-1 37.5 0 57.40000000000000568 0 0 -1 F -59.30000000000001137 F -57.39999999999999858 #
coedge $-1 -1 $-1 $767 $766 $1134 $1135 reversed $768 $-1 #
edge $-1 -1 $-1 $770 0.01000000000000000021 $1136 7.210000000000000853 $766 $1137 forward @7 unknown #
edge $-1 -1 $-1 $769 0.01000000000000000021 $1138 7.210000000000000853 $767 $1139 forward @7 unknown #
face $1140 -1 $-1 $1128 $768 $4 $-1 $1141 forward single #
point $-1 -1 $-1 16.5 0 116.7000000000000171 #
point $-1 -1 $-1 37.5 0 116.7000000000000171 #
coedge $-1 -1 $-1 $780 $772 $1142 $1143 forward $416 $-1 #
coedge $-1 -1 $-1 $1144 $1145 $772 $943 reversed $777 $-1 #
edge $-1 -1 $-1 $947 -53.12500000000000711 $1146 -47.37499999999999289 $772 $1147 forward @7 unknown #
coedge $-1 -1 $-1 $1148 $773 $1149 $1150 forward $946 $-1 #
coedge $-1 -1 $-1 $773 $1148 $1151 $1152 reversed $946 $-1 #
loop $-1 -1 $-1 $-1 $944 $1153 #
vertex $-1 -1 $-1 $774 $1154 #
straight-curve $-1 -1 $-1 16.80000000000000071 0 47.375 0 0 -1 F -61.12500000000001421 F -53.12500000000000711 #
coedge $-1 -1 $-1 $1145 $775 $1155 $1156 reversed $777 $-1 #
coedge $-1 -1 $-1 $776 $1144 $1157 $1158 forward $777 $-1 #
coedge $-1 -1 $-1 $1159 $1149 $776 $952 reversed $1160 $-1 #
edge $-1 -1 $-1 $1161 0 $778 0.1000000000000000194 $776 $1162 forward @7 unknown #
face $1163 -1 $-1 $966 $777 $4 $-1 $1164 forward single #
point $-1 -1 $-1 16.80000000000000071 0 108.5000000000000142 #
coedge $-1 -1 $-1 $1165 $1166 $780 $956 forward $785 $-1 #
edge $-1 -1 $-1 $960 -53.12500000000000711 $1167 -47.37499999999999289 $780 $1168 forward @7 unknown #
coedge $-1 -1 $-1 $1169 $781 $1170 $1171 forward $959 $-1 #
coedge $-1 -1 $-1 $781 $1169 $1172 $1173 reversed $959 $-1 #
loop $-1 -1 $-1 $-1 $958 $1174 #
vertex $-1 -1 $-1 $956 $1175 #
straight-curve $-1 -1 $-1 52.80000000000000426 0 47.375 0 0 -1 F -61.12500000000001421 F -53.12500000000000711 #
coedge $-1 -1 $-1 $1166 $783 $1176 $1177 reversed $785 $-1 #
coedge $-1 -1 $-1 $1172 $1178 $783 $964 forward $1179 $-1 #
edge $-1 -1 $-1 $1180 0 $786 0.1000000000000000194 $783 $1181 forward @7 unknown #
coedge $-1 -1 $-1 $784 $1165 $1182 $1183 forward $785 $-1 #
face $1184 -1 $-1 $1153 $785 $4 $-1 $1185 reversed single #
point $-1 -1 $-1 52.80000000000000426 0 108.5000000000000142 #
coedge $-1 -1 $-1 $1182 $1155 $788 $969 forward $1186 $-1 #
edge $-1 -1 $-1 $972 0 $970 36 $788 $1187 forward @7 unknown #
vertex $-1 -1 $-1 $789 $1188 #
straight-curve $-1 -1 $-1 52.80000000000000426 -1.300000000000000044 114.25 0 1 0 F 0 F 1.300000000000000044 #
vertex $-1 -1 $-1 $790 $1189 #
straight-curve $-1 -1 $-1 16.80000000000000071 -1.300000000000000044 114.25 0 1 0 F 0 F 1.300000000000000044 #
DXID-attrib $-1 -1 $-1 $-1 $791 @10 ASM ENTITY @2 43 #
plane-surface $-1 -1 $-1 16.80000000000000071 -1.300000000000000044 114.25 0 0 1 1 0 0 forward_v I I I I #
coedge $-1 -1 $-1 $795 $794 $1190 $1191 forward $796 $-1 #
face $1192 -1 $-1 $791 $796 $4 $-1 $1193 reversed single #
coedge $-1 -1 $-1 $806 $1190 $798 $979 forward $990 $-1 #
edge $-1 -1 $-1 $980 0 $810 1.899999999999995026 $798 $1194 forward @7 unknown #
vertex $-1 -1 $-1 $979 $1195 #
straight-curve $-1 -1 $-1 8.5 -0.01000000000000000021 91.30000000000001137 0 1 0 F 0.01000000000000000021 F 7.210000000000000853 #
DXID-attrib $-1 -1 $-1 $-1 $800 @10 ASM ENTITY @2 40 #
plane-surface $-1 -1 $-1 8.5 -0.01000000000000000021 91.30000000000001137 1 0 0 0 0 1 forward_v I I I I #
coedge $-1 -1 $-1 $1190 $806 $802 $985 reversed $990 $-1 #
edge $-1 -1 $-1 $986 0 $808 1.899999999999995026 $802 $1196 forward @7 unknown #
vertex $-1 -1 $-1 $803 $1197 #
straight-curve $-1 -1 $-1 47.5 -0.01000000000000000021 91.30000000000001137 0 1 0 F 0.01000000000000000021 F 7.210000000000000853 #
DXID-attrib $-1 -1 $-1 $-1 $804 @10 ASM ENTITY @2 41 #
plane-surface $-1 -1 $-1 47.5 -0.01000000000000000021 91.30000000000001137 1 0 0 0 0 1 forward_v I I I I #
loop $-1 -1 $-1 $-1 $1190 $1198 #
straight-curve $-1 -1 $-1 8.5 7.200000000000001066 93.20000000000000284 1 0 0 F 0 F 39 #
point $-1 -1 $-1 47.5 7.200000000000001066 93.20000000000000284 #
point $-1 -1 $-1 8.5 7.200000000000001066 93.20000000000000284 #
coedge $-1 -1 $-1 $820 $827 $814 $995 reversed $1007 $-1 #
edge $-1 -1 $-1 $822 0 $829 12.00000000000000178 $814 $1199 forward @7 unknown #
DXID-attrib $-1 -1 $-1 $-1 $815 @10 ASM ENTITY @2 38 #
plane-surface $-1 -1 $-1 16 -0.01000000000000000021 123 0 0 1 1 0 0 forward_v I I I I #
coedge $-1 -1 $-1 $819 $816 $1200 $1201 reversed $568 $-1 #
coedge $-1 -1 $-1 $1202 $1203 $816 $1000 forward $1204 $-1 #
edge $-1 -1 $-1 $1205 0 $1002 0.4999999999999982236 $816 $1206 forward @7 unknown #
coedge $-1 -1 $-1 $817 $832 $1202 $1207 reversed $836 $-1 #
vertex $-1 -1 $-1 $818 $1208 #
straight-curve $-1 -1 $-1 16 13.25000000000000178 127.75 0 -0.7056939846480001499 -0.708516760585999994 F 0 F 3.528498038537627668 #
coedge $-1 -1 $-1 $1209 $1210 $819 $1005 reversed $1211 $-1 #
edge $-1 -1 $-1 $1212 13.75999999999999801 $1008 14.00999999999999979 $819 $1213 forward @7 unknown #
coedge $-1 -1 $-1 $827 $820 $1210 $1214 forward $1007 $-1 #
loop $-1 -1 $-1 $-1 $994 $1215 #
vertex $-1 -1 $-1 $1005 $1216 #
straight-curve $-1 -1 $-1 16 14.00000000000000178 123 0 0 1 F 0 F 2.249999999999996447 #
point $-1 -1 $-1 16 14.00000000000000178 123 #
coedge $-1 -1 $-1 $831 $826 $1217 $1218 forward $573 $-1 #
coedge $-1 -1 $-1 $1210 $1209 $826 $1013 forward $1211 $-1 #
edge $-1 -1 $-1 $1219 13.75999999999999801 $1014 14.00999999999999979 $826 $1220 forward @7 unknown #
vertex $-1 -1 $-1 $828 $1221 #
straight-curve $-1 -1 $-1 28.00000000000000355 14.00000000000000178 123 0 0 1 F 0 F 2.249999999999996447 #
point $-1 -1 $-1 28.00000000000000355 14.00000000000000178 123 #
coedge $-1 -1 $-1 $1203 $1202 $831 $1018 reversed $1204 $-1 #
edge $-1 -1 $-1 $1222 0 $1019 0.4999999999999982236 $831 $1223 forward @7 unknown #
vertex $-1 -1 $-1 $1018 $1224 #
straight-curve $-1 -1 $-1 28.00000000000000355 13.25000000000000178 127.75 0 -0.7056939846480001499 -0.708516760585999994 F 0 F 3.528498038537627668 #
face $1225 -1 $-1 $1215 $836 $4 $-1 $1226 reversed single #
coedge $-1 -1 $-1 $1227 $840 $843 $1027 reversed $1024 $-1 #
coedge $-1 -1 $-1 $840 $1228 $863 $1050 forward $1024 $-1 #
loop $-1 -1 $-1 $-1 $1023 $1229 #
straight-curve $-1 -1 $-1 15 0 108.1000000000000085 0 0 1 F 0 F 7.599999999999997868 #
coedge $-1 -1 $-1 $843 $842 $1230 $1231 forward $844 $-1 #
edge $-1 -1 $-1 $1232 0 $845 2.600000000000000089 $843 $1233 forward @7 unknown #
face $1234 -1 $-1 $1052 $844 $4 $-1 $1235 forward single #
point $-1 -1 $-1 15 0 108.1000000000000085 #
coedge $-1 -1 $-1 $848 $847 $1236 $1237 reversed $696 $-1 #
coedge $-1 -1 $-1 $855 $1238 $847 $1032 reversed $1045 $-1 #
edge $-1 -1 $-1 $857 0 $1239 4.450000000000002842 $847 $1240 forward @7 unknown #
coedge $-1 -1 $-1 $1241 $1230 $848 $1034 reversed $1242 $-1 #
edge $-1 -1 $-1 $1243 0 $1035 7.599999999999997868 $848 $1244 forward @7 unknown #
vertex $-1 -1 $-1 $1034 $1245 #
straight-curve $-1 -1 $-1 4.200000000000000178 -2.600000000000000089 108.1000000000000085 0 1 0 F 0 F 2.600000000000000089 #
DXID-attrib $-1 -1 $-1 $-1 $850 @10 ASM ENTITY @2 30 #
plane-surface $-1 -1 $-1 4.200000000000000178 -2.600000000000000089 108.1000000000000085 1 0 0 0 0 1 forward_v I I I I #
coedge $-1 -1 $-1 $870 $868 $852 $1040 reversed $714 $-1 #
edge $-1 -1 $-1 $1042 -5 $1046 -2 $852 $1246 forward @7 unknown #
coedge $-1 -1 $-1 $853 $873 $870 $1057 forward $727 $-1 #
vertex $-1 -1 $-1 $854 $1247 #
straight-curve $-1 -1 $-1 0.875000000000000111 4 111.25 1 0 0 F 1.875 F 3.875 #
coedge $-1 -1 $-1 $1238 $855 $868 $1054 reversed $1045 $-1 #
loop $-1 -1 $-1 $-1 $855 $884 #
vertex $-1 -1 $-1 $1040 $1248 #
straight-curve $-1 -1 $-1 1.600000000000000311 1 111.25 -1 0 0 F -3.149999999999999911 F -2.600000000000000089 #
point $-1 -1 $-1 4.200000000000000178 1 111.25 #
coedge $-1 -1 $-1 $1236 $863 $1241 $1249 forward $865 $-1 #
edge $-1 -1 $-1 $1250 0 $866 2.600000000000000089 $863 $1251 forward @7 unknown #
coedge $-1 -1 $-1 $864 $1236 $1238 $1252 forward $865 $-1 #
face $1253 -1 $-1 $1229 $865 $4 $-1 $1254 reversed single #
point $-1 -1 $-1 15 0 115.7000000000000028 #
edge $-1 -1 $-1 $1055 0 $1046 4.450000000000002842 $868 $1255 forward @7 unknown #
vertex $-1 -1 $-1 $869 $1256 #
straight-curve $-1 -1 $-1 4.75 -1.800000000000000266 115.7000000000000028 0 -1 0 F -2.800000000000000266 F -1.800000000000000044 #
edge $-1 -1 $-1 $875 -120.9000000000000057 $1042 -107.5 $870 $1257 forward @7 unknown #
DXID-attrib $-1 -1 $-1 $-1 $871 @10 ASM ENTITY @2 31 #
plane-surface $-1 -1 $-1 4.75 -1 4.75 1 0 0 0 0 1 forward_v I I I I #
ellipse-curve $-1 -1 $-1 5.350000000000000533 4 124.6500000000000199 0 1 0 -0.5999999999999999778 0 0 1 F 0 F 0.9479697413824544894 #
point $-1 -1 $-1 4.75 4 124.6500000000000199 #
point $-1 -1 $-1 11.59999999999999964 -2.5 97.5 #
DXID-attrib $-1 -1 $-1 $-1 $884 @10 ASM ENTITY @2 81 #
face $1258 -1 $-1 $1259 $1242 $4 $-1 $1260 forward single #
plane-surface $-1 -1 $-1 4.200000000000000178 1 108.1000000000000085 0 1 0 0 0 1 forward_v I I I I #
coedge $-1 -1 $-1 $887 $886 $1261 $1262 forward $888 $-1 #
face $1263 -1 $-1 $896 $888 $4 $-1 $1264 forward single #
coedge $-1 -1 $-1 $898 $1261 $890 $1069 reversed $1081 $-1 #
edge $-1 -1 $-1 $902 -31.50000000000000355 $1070 -1.500000000000001332 $1068 $1265 forward @7 unknown #
vertex $-1 -1 $-1 $1262 $1266 #
straight-curve $-1 -1 $-1 19.80000000000000071 -4 96.5 0 1 0 F 1.799999999999999822 F 2.700000000000000178 #
DXID-attrib $-1 -1 $-1 $-1 $892 @10 ASM ENTITY @3 120 #
plane-surface $-1 -1 $-1 19.80000000000000071 -4 96.5 0 0 1 1 0 0 forward_v I I I I #
coedge $-1 -1 $-1 $1261 $898 $894 $1075 forward $1081 $-1 #
edge $-1 -1 $-1 $900 -31.50000000000000355 $1076 -1.500000000000001332 $1074 $1267 forward @7 unknown #
vertex $-1 -1 $-1 $1075 $1268 #
straight-curve $-1 -1 $-1 19.80000000000000071 -4 112.5 0 1 0 F 1.799999999999999822 F 2.700000000000000178 #
DXID-attrib $-1 -1 $-1 $-1 $896 @10 ASM ENTITY @3 122 #
face $1269 -1 $-1 $1270 $1271 $4 $-1 $1272 reversed single #
plane-surface $-1 -1 $-1 19.80000000000000071 -4 112.5 0 0 1 1 0 0 forward_v I I I I #
loop $-1 -1 $-1 $-1 $898 $1273 #
straight-curve $-1 -1 $-1 49.80000000000000426 -1.300000000000000044 95.625 0 0 1 F 0.8750000000000035527 F 16.875 #
point $-1 -1 $-1 49.80000000000000426 -1.300000000000000044 112.5 #
point $-1 -1 $-1 49.80000000000000426 -1.300000000000000044 96.5 #
coedge $-1 -1 $-1 $1274 $906 $1275 $1276 forward $755 $-1 #
coedge $-1 -1 $-1 $906 $1277 $1278 $1279 forward $755 $-1 #
coedge $-1 -1 $-1 $1280 $1281 $906 $1088 reversed $1282 $-1 #
edge $-1 -1 $-1 $1283 46.875 $1284 48.87500000000000711 $906 $1285 forward @7 unknown #
coedge $-1 -1 $-1 $908 $907 $1286 $1287 forward $633 $-1 #
coedge $-1 -1 $-1 $1288 $1289 $907 $1091 reversed $1290 $-1 #
edge $-1 -1 $-1 $1097 -63.75 $1291 -61.5 $907 $1292 forward @7 unknown #
coedge $-1 -1 $-1 $1293 $1294 $908 $1093 forward $1295 $-1 #
edge $-1 -1 $-1 $1098 -63.75 $1296 -61.5 $908 $1297 forward @7 unknown #
coedge $-1 -1 $-1 $1298 $909 $1294 $1299 forward $1096 $-1 #
coedge $-1 -1 $-1 $909 $1298 $1288 $1300 reversed $1096 $-1 #
loop $-1 -1 $-1 $-1 $1095 $1301 #
vertex $-1 -1 $-1 $910 $1302 #
vertex $-1 -1 $-1 $910 $1303 #
straight-curve $-1 -1 $-1 32 0 125.25 1 0 0 F 32 F 44 #
coedge $-1 -1 $-1 $1304 $911 $1305 $1306 reversed $547 $-1 #
coedge $-1 -1 $-1 $1307 $1308 $911 $1102 reversed $1309 $-1 #
edge $-1 -1 $-1 $1106 2.249999999999999556 $1310 92.24999999999998579 $911 $1311 forward @7 unknown #
coedge $-1 -1 $-1 $1312 $912 $918 $1118 forward $1105 $-1 #
coedge $-1 -1 $-1 $912 $1312 $1307 $1313 reversed $1105 $-1 #
loop $-1 -1 $-1 $-1 $912 $1314 #
vertex $-1 -1 $-1 $913 $1315 #
ellipse-curve $-1 -1 $-1 5 0 5 0 -1 0 0 0 2.25 1 F 1.570796326794896558 F 3.141592653589793116 #
coedge $-1 -1 $-1 $914 $1316 $1317 $1318 forward $547 $-1 #
coedge $-1 -1 $-1 $1319 $1320 $914 $1110 forward $1321 $-1 #
edge $-1 -1 $-1 $1114 -29.75 $1322 -1.600000000000000311 $914 $1323 forward @7 unknown #
coedge $-1 -1 $-1 $1324 $915 $1320 $1325 reversed $1113 $-1 #
coedge $-1 -1 $-1 $915 $1324 $917 $1117 forward $1113 $-1 #
loop $-1 -1 $-1 $-1 $1324 $1326 #
vertex $-1 -1 $-1 $1110 $1327 #
straight-curve $-1 -1 $-1 0.875000000000000111 0 33.5 1 0 0 F 1.875 F 3.875 #
coedge $-1 -1 $-1 $918 $917 $1328 $1329 reversed $919 $-1 #
edge $-1 -1 $-1 $1330 -4.5 $921 -0.5 $917 $1331 forward @7 unknown #
edge $-1 -1 $-1 $920 0 $1332 4 $918 $1333 forward @14 tangent_not_g2 #
face $1334 -1 $-1 $1314 $919 $4 $-1 $1335 reversed single #
point $-1 -1 $-1 2.75 0 5 #
point $-1 -1 $-1 2.75 0 33.5 #
coedge $-1 -1 $-1 $1336 $923 $926 $1127 forward $1124 $-1 #
coedge $-1 -1 $-1 $923 $1336 $930 $1131 reversed $1124 $-1 #
loop $-1 -1 $-1 $-1 $1122 $1337 #
straight-curve $-1 -1 $-1 8.25 0 114.8000000000000114 1 0 0 F 8.25 F 29.24999999999999645 #
coedge $-1 -1 $-1 $926 $925 $1338 $1339 reversed $927 $-1 #
edge $-1 -1 $-1 $928 0.01000000000000000021 $1340 7.210000000000000853 $926 $1341 forward @7 unknown #
face $1342 -1 $-1 $1132 $927 $4 $-1 $1343 reversed single #
point $-1 -1 $-1 16.5 0 114.8000000000000114 #
coedge $-1 -1 $-1 $931 $930 $1344 $1345 forward $932 $-1 #
edge $-1 -1 $-1 $933 0.01000000000000000021 $1346 7.210000000000000853 $930 $1347 forward @7 unknown #
face $1348 -1 $-1 $1337 $932 $4 $-1 $1349 forward single #
point $-1 -1 $-1 37.5 0 114.8000000000000114 #
coedge $-1 -1 $-1 $1344 $1338 $935 $1135 forward $1350 $-1 #
edge $-1 -1 $-1 $1138 0 $1136 20.99999999999999645 $935 $1351 forward @7 unknown #
vertex $-1 -1 $-1 $936 $1352 #
straight-curve $-1 -1 $-1 37.5 -0.01000000000000000021 116.7000000000000171 0 1 0 F 0.01000000000000000021 F 7.210000000000000853 #
vertex $-1 -1 $-1 $937 $1353 #
straight-curve $-1 -1 $-1 16.5 -0.01000000000000000021 116.7000000000000171 0 1 0 F 0.01000000000000000021 F 7.210000000000000853 #
DXID-attrib $-1 -1 $-1 $-1 $938 @10 ASM ENTITY @2 49 #
plane-surface $-1 -1 $-1 16.5 -0.01000000000000000021 116.7000000000000171 0 0 1 1 0 0 forward_v I I I I #
coedge $-1 -1 $-1 $1354 $1355 $941 $1143 reversed $1356 $-1 #
edge $-1 -1 $-1 $1146 8.400000000000000355 $1167 44.39999999999999858 $941 $1357 forward @7 unknown #
coedge $-1 -1 $-1 $950 $942 $1358 $1359 reversed $777 $-1 #
coedge $-1 -1 $-1 $942 $949 $1354 $1360 forward $777 $-1 #
vertex $-1 -1 $-1 $943 $1361 #
straight-curve $-1 -1 $-1 16.80000000000000071 0 47.375 0 0 -1 F -53.12500000000000711 F -47.37499999999999289 #
coedge $-1 -1 $-1 $945 $944 $1362 $1363 reversed $946 $-1 #
coedge $-1 -1 $-1 $951 $1364 $944 $1150 reversed $1160 $-1 #
edge $-1 -1 $-1 $778 0.1000000000000000194 $1365 0.7000000000000000666 $944 $1366 forward @7 unknown #
coedge $-1 -1 $-1 $1367 $1358 $945 $1152 forward $1368 $-1 #
edge $-1 -1 $-1 $947 0.1000000000000000194 $1369 0.7000000000000000666 $945 $1370 forward @7 unknown #
face $1371 -1 $-1 $1174 $946 $4 $-1 $1372 reversed single #
point $-1 -1 $-1 16.80000000000000071 0 100.5 #
coedge $-1 -1 $-1 $968 $1373 $949 $1156 forward $1186 $-1 #
edge $-1 -1 $-1 $1374 0 $972 19.50000000000001066 $949 $1375 forward @7 unknown #
coedge $-1 -1 $-1 $1376 $1377 $950 $1158 reversed $1378 $-1 #
edge $-1 -1 $-1 $1379 0 $1161 8.000000000000007105 $950 $1380 forward @7 unknown #
coedge $-1 -1 $-1 $1381 $951 $1377 $1382 forward $1160 $-1 #
loop $-1 -1 $-1 $-1 $951 $1383 #
vertex $-1 -1 $-1 $1158 $1384 #
straight-curve $-1 -1 $-1 16.80000000000000071 -0.1000000000000000194 108.5000000000000142 0 1 0 F 0 F 0.1000000000000000194 #
DXID-attrib $-1 -1 $-1 $-1 $953 @10 ASM ENTITY @2 44 #
plane-surface $-1 -1 $-1 16.80000000000000071 -1.300000000000000044 94.75 1 0 0 0 0 1 forward_v I I I I #
coedge $-1 -1 $-1 $965 $955 $1355 $1385 reversed $785 $-1 #
coedge $-1 -1 $-1 $955 $962 $1386 $1387 forward $785 $-1 #
vertex $-1 -1 $-1 $1143 $1388 #
straight-curve $-1 -1 $-1 52.80000000000000426 0 47.375 0 0 -1 F -53.12500000000000711 F -47.37499999999999289 #
coedge $-1 -1 $-1 $958 $957 $1389 $1390 forward $959 $-1 #
coedge $-1 -1 $-1 $1386 $1391 $957 $1171 reversed $1392 $-1 #
edge $-1 -1 $-1 $960 0.1000000000000000194 $1393 0.7000000000000000666 $957 $1394 forward @7 unknown #
coedge $-1 -1 $-1 $1395 $963 $958 $1173 forward $1179 $-1 #
edge $-1 -1 $-1 $786 0.1000000000000000194 $1396 0.7000000000000000666 $958 $1397 forward @7 unknown #
face $1398 -1 $-1 $1399 $959 $4 $-1 $1400 forward single #
point $-1 -1 $-1 52.80000000000000426 0 100.5 #
coedge $-1 -1 $-1 $1401 $1402 $962 $1177 forward $1403 $-1 #
edge $-1 -1 $-1 $1404 0 $1180 8.000000000000007105 $962 $1405 forward @7 unknown #
coedge $-1 -1 $-1 $963 $1406 $1401 $1407 forward $1179 $-1 #
loop $-1 -1 $-1 $-1 $1406 $1408 #
vertex $-1 -1 $-1 $964 $1409 #
straight-curve $-1 -1 $-1 52.80000000000000426 -0.1000000000000000194 108.5000000000000142 0 1 0 F 0 F 0.1000000000000000194 #
coedge $-1 -1 $-1 $1373 $968 $965 $1183 reversed $1186 $-1 #
edge $-1 -1 $-1 $1410 0 $970 19.50000000000001066 $965 $1411 forward @7 unknown #
DXID-attrib $-1 -1 $-1 $-1 $966 @10 ASM ENTITY @2 45 #
plane-surface $-1 -1 $-1 52.80000000000000426 -1.300000000000000044 94.75 1 0 0 0 0 1 forward_v I I I I #
loop $-1 -1 $-1 $1081 $1373 $1273 #
straight-curve $-1 -1 $-1 16.80000000000000071 -1.300000000000000044 114.25 1 0 0 F 0 F 36 #
point $-1 -1 $-1 52.80000000000000426 -1.300000000000000044 114.25 #
point $-1 -1 $-1 16.80000000000000071 -1.300000000000000044 114.25 #
coedge $-1 -1 $-1 $978 $984 $976 $1191 reversed $990 $-1 #
edge $-1 -1 $-1 $980 0 $986 39 $976 $1412 forward @7 unknown #
DXID-attrib $-1 -1 $-1 $-1 $977 @10 ASM ENTITY @2 42 #
plane-surface $-1 -1 $-1 8.5 -0.01000000000000000021 91.30000000000001137 0 0 1 1 0 0 forward_v I I I I #
straight-curve $-1 -1 $-1 8.5 7.200000000000001066 91.30000000000001137 0 0 1 F 0 F 1.899999999999995026 #
point $-1 -1 $-1 8.5 7.200000000000001066 91.30000000000001137 #
straight-curve $-1 -1 $-1 47.5 7.200000000000001066 91.30000000000001137 0 0 1 F 0 F 1.899999999999995026 #
point $-1 -1 $-1 47.5 7.200000000000001066 91.30000000000001137 #
face $1413 -1 $-1 $1273 $990 $4 $-1 $1414 forward single #
straight-curve $-1 -1 $-1 16 14.00000000000000178 123 1 0 0 F 0 F 12.00000000000000178 #
coedge $-1 -1 $-1 $1415 $1416 $998 $1201 forward $1417 $-1 #
edge $-1 -1 $-1 $1212 0.009999999999994457767 $1205 2.509999999999994458 $998 $1418 forward @7 unknown #
coedge $-1 -1 $-1 $1017 $999 $1001 $1207 forward $1204 $-1 #
coedge $-1 -1 $-1 $999 $1017 $1415 $1419 reversed $1204 $-1 #
loop $-1 -1 $-1 $-1 $1203 $1420 #
vertex $-1 -1 $-1 $1000 $1421 #
straight-curve $-1 -1 $-1 16 13.75 127.75 0 -1 0 F 0 F 0.4999999999999982236 #
edge $-1 -1 $-1 $1002 0 $1019 12.00000000000000178 $1001 $1422 forward @7 unknown #
point $-1 -1 $-1 16 13.25000000000000178 127.75 #
coedge $-1 -1 $-1 $1012 $1004 $1416 $1423 forward $1211 $-1 #
coedge $-1 -1 $-1 $1004 $1012 $1006 $1214 reversed $1211 $-1 #
loop $-1 -1 $-1 $-1 $1004 $1424 #
vertex $-1 -1 $-1 $1201 $1425 #
straight-curve $-1 -1 $-1 16 -0.01000000000000000021 125.25 0 1 0 F 13.75999999999999801 F 14.00999999999999979 #
edge $-1 -1 $-1 $1008 0 $1014 12.00000000000000178 $1006 $1426 forward @7 unknown #
face $1427 -1 $-1 $1424 $1007 $4 $-1 $1428 forward single #
point $-1 -1 $-1 16 14.00000000000000178 125.25 #
coedge $-1 -1 $-1 $1416 $1415 $1011 $1218 reversed $1417 $-1 #
edge $-1 -1 $-1 $1219 0.009999999999994457767 $1222 2.509999999999994458 $1011 $1429 forward @7 unknown #
vertex $-1 -1 $-1 $1013 $1430 #
straight-curve $-1 -1 $-1 28.00000000000000355 -0.01000000000000000021 125.25 0 1 0 F 13.75999999999999801 F 14.00999999999999979 #
point $-1 -1 $-1 28.00000000000000355 14.00000000000000178 125.25 #
vertex $-1 -1 $-1 $1218 $1431 #
straight-curve $-1 -1 $-1 28.00000000000000355 13.75 127.75 0 -1 0 F 0 F 0.4999999999999982236 #
point $-1 -1 $-1 28.00000000000000355 13.25000000000000178 127.75 #
DXID-attrib $-1 -1 $-1 $-1 $1021 @10 ASM ENTITY @2 86 #
plane-surface $-1 -1 $-1 16 13.25000000000000178 127.75 0 0.7085167605861236728 -0.7056939846481231626 0 -0.7056939846481231626 -0.7085167605861236728 forward_v I I I I #
coedge $-1 -1 $-1 $1432 $1022 $1433 $1434 forward $1024 $-1 #
coedge $-1 -1 $-1 $1023 $1435 $1436 $1437 forward $1024 $-1 #
face $1438 -1 $-1 $579 $1024 $4 $-1 $1439 reversed single #
coedge $-1 -1 $-1 $1033 $1433 $1026 $1231 reversed $1242 $-1 #
edge $-1 -1 $-1 $1035 0 $1232 10.80000000000000071 $1026 $1440 forward @7 unknown #
vertex $-1 -1 $-1 $1231 $1441 #
straight-curve $-1 -1 $-1 15 -2.600000000000000089 108.1000000000000085 0 1 0 F 0 F 2.600000000000000089 #
DXID-attrib $-1 -1 $-1 $-1 $1028 @10 ASM ENTITY @2 32 #
plane-surface $-1 -1 $-1 4.200000000000000178 -2.600000000000000089 108.1000000000000085 0 0 1 1 0 0 forward_v I I I I #
coedge $-1 -1 $-1 $1051 $1049 $1030 $1237 forward $865 $-1 #
edge $-1 -1 $-1 $1243 0 $1239 3.599999999999999645 $1030 $1442 forward @7 unknown #
coedge $-1 -1 $-1 $1031 $1044 $1051 $1252 reversed $1045 $-1 #
vertex $-1 -1 $-1 $1032 $1443 #
straight-curve $-1 -1 $-1 4.200000000000000178 1 111.25 0 0 1 F 0 F 4.450000000000002842 #
coedge $-1 -1 $-1 $1436 $1033 $1049 $1249 reversed $1242 $-1 #
loop $-1 -1 $-1 $-1 $1241 $1064 #
vertex $-1 -1 $-1 $1237 $1444 #
straight-curve $-1 -1 $-1 4.200000000000000178 -2.600000000000000089 115.7000000000000028 0 0 -1 F 0 F 7.599999999999997868 #
point $-1 -1 $-1 4.200000000000000178 -2.600000000000000089 108.1000000000000085 #
straight-curve $-1 -1 $-1 4.75 -1 111.25 0 -1 0 F -5 F -2 #
point $-1 -1 $-1 4.75 4 111.25 #
point $-1 -1 $-1 4.75 1 111.25 #
edge $-1 -1 $-1 $1250 0 $1243 10.80000000000000071 $1049 $1445 forward @7 unknown #
vertex $-1 -1 $-1 $1050 $1446 #
straight-curve $-1 -1 $-1 15 -2.600000000000000089 115.7000000000000028 0 1 0 F 0 F 2.600000000000000089 #
edge $-1 -1 $-1 $1239 0 $1055 0.5499999999999999334 $1051 $1447 forward @7 unknown #
DXID-attrib $-1 -1 $-1 $-1 $1052 @10 ASM ENTITY @2 33 #
plane-surface $-1 -1 $-1 4.200000000000000178 -2.600000000000000089 115.7000000000000028 0 0 1 1 0 0 forward_v I I I I #
straight-curve $-1 -1 $-1 4.75 1 115.7000000000000028 0 0 -1 F 0 F 4.450000000000002842 #
point $-1 -1 $-1 4.75 1 115.7000000000000028 #
straight-curve $-1 -1 $-1 4.75 4 3.75 0 0 -1 F -120.9000000000000057 F -107.5 #
DXID-attrib $-1 -1 $-1 $-1 $1064 @10 ASM ENTITY @2 82 #
face $1448 -1 $-1 $1449 $1450 $4 $-1 $1451 forward single #
plane-surface $-1 -1 $-1 4.200000000000000178 -2.600000000000000089 108.1000000000000085 0 1 0 0 0 1 forward_v I I I I #
coedge $-1 -1 $-1 $1068 $1074 $1066 $1262 reversed $1081 $-1 #
edge $-1 -1 $-1 $1070 0.8750000000000035527 $1076 16.875 $1261 $1452 forward @7 unknown #
DXID-attrib $-1 -1 $-1 $-1 $1067 @10 ASM ENTITY @3 121 #
plane-surface $-1 -1 $-1 19.80000000000000071 -4 96.5 1 0 0 0 0 1 forward_v I I I I #
straight-curve $-1 -1 $-1 18.30000000000000071 -1.300000000000000044 96.5 -1 0 0 F -31.50000000000000355 F -1.500000000000001332 #
point $-1 -1 $-1 19.80000000000000071 -1.300000000000000044 96.5 #
straight-curve $-1 -1 $-1 18.30000000000000071 -1.300000000000000044 112.5 -1 0 0 F -31.50000000000000355 F -1.500000000000001332 #
point $-1 -1 $-1 19.80000000000000071 -1.300000000000000044 112.5 #
DXID-attrib $-1 -1 $-1 $-1 $1079 @10 ASM ENTITY @3 123 #
face $1453 -1 $-1 $1454 $1455 $4 $-1 $1456 forward single #
loop $-1 -1 $-1 $-1 $1457 $1079 #
plane-surface $-1 -1 $-1 5 -2.600000000000000089 108.1000000000000085 1 0 0 0 0 1 forward_v I I I I #
face $1458 -1 $-1 $1383 $1186 $4 $-1 $1459 forward single #
coedge $-1 -1 $-1 $1460 $1085 $1461 $1462 forward $755 $-1 #
coedge $-1 -1 $-1 $1463 $1464 $1085 $1276 reversed $1465 $-1 #
edge $-1 -1 $-1 $1284 43.75 $1466 122.2499999999999858 $1085 $1467 forward @7 unknown #
coedge $-1 -1 $-1 $1086 $1460 $1468 $1469 forward $755 $-1 #
coedge $-1 -1 $-1 $1470 $1471 $1086 $1279 reversed $1472 $-1 #
edge $-1 -1 $-1 $1473 -120.9000000000000057 $1283 -42.75 $1086 $1474 forward @7 unknown #
coedge $-1 -1 $-1 $1475 $1087 $1471 $1476 reversed $1282 $-1 #
coedge $-1 -1 $-1 $1087 $1475 $1463 $1477 forward $1282 $-1 #
loop $-1 -1 $-1 $-1 $1280 $1478 #
vertex $-1 -1 $-1 $1088 $1479 #
vertex $-1 -1 $-1 $1088 $1480 #
straight-curve $-1 -1 $-1 48.375 0 46.5 1 0 0 F 46.875 F 48.87500000000000711 #
coedge $-1 -1 $-1 $1481 $1482 $1089 $1287 reversed $1483 $-1 #
edge $-1 -1 $-1 $1291 32 $1296 44 $1089 $1484 forward @7 unknown #
coedge $-1 -1 $-1 $1485 $1090 $1095 $1300 forward $1290 $-1 #
coedge $-1 -1 $-1 $1090 $1486 $1481 $1487 reversed $1290 $-1 #
loop $-1 -1 $-1 $-1 $1288 $1488 #
vertex $-1 -1 $-1 $1091 $1489 #
straight-curve $-1 -1 $-1 64 0 61.5 0 0 -1 F -63.75 F -61.5 #
coedge $-1 -1 $-1 $1490 $1092 $1482 $1491 forward $1295 $-1 #
coedge $-1 -1 $-1 $1092 $1492 $1094 $1299 reversed $1295 $-1 #
loop $-1 -1 $-1 $-1 $1294 $1493 #
vertex $-1 -1 $-1 $1287 $1494 #
straight-curve $-1 -1 $-1 76 0 61.5 0 0 -1 F -63.75 F -61.5 #
coedge $-1 -1 $-1 $1095 $1094 $1495 $1496 forward $1096 $-1 #
edge $-1 -1 $-1 $1098 0.01000000000000000021 $1497 10.76996015936299855 $1094 $1498 forward @7 unknown #
edge $-1 -1 $-1 $1097 0.01000000000000000021 $1499 10.76996015936299855 $1095 $1500 forward @7 unknown #
face $1501 -1 $-1 $1488 $1096 $4 $-1 $1502 forward single #
point $-1 -1 $-1 64 0 125.25 #
point $-1 -1 $-1 76 0 125.25 #
coedge $-1 -1 $-1 $1503 $1100 $1504 $1505 forward $547 $-1 #
coedge $-1 -1 $-1 $1506 $1507 $1100 $1306 forward $1508 $-1 #
edge $-1 -1 $-1 $1509 1.570796326794896558 $1310 3.141592653589793116 $1100 $1510 forward @7 unknown #
coedge $-1 -1 $-1 $1511 $1101 $1104 $1313 forward $1309 $-1 #
coedge $-1 -1 $-1 $1101 $1512 $1506 $1513 reversed $1309 $-1 #
loop $-1 -1 $-1 $-1 $1511 $1514 #
vertex $-1 -1 $-1 $1102 $1515 #
straight-curve $-1 -1 $-1 2.75 0 2.75 1 0 0 F 2.249999999999999556 F 92.24999999999998579 #
coedge $-1 -1 $-1 $1104 $1103 $1516 $1517 forward $1105 $-1 #
edge $-1 -1 $-1 $1106 0 $1518 4 $1104 $1519 forward @14 tangent_not_g2 #
face $1520 -1 $-1 $1326 $1105 $4 $-1 $1521 forward single #
point $-1 -1 $-1 5 0 2.75 #
coedge $-1 -1 $-1 $1108 $1522 $1523 $1524 reversed $547 $-1 #
coedge $-1 -1 $-1 $1525 $1526 $1108 $1318 reversed $1527 $-1 #
edge $-1 -1 $-1 $1528 -1.570796326794896558 $1322 0 $1108 $1529 forward @7 unknown #
coedge $-1 -1 $-1 $1530 $1109 $1526 $1531 forward $1321 $-1 #
coedge $-1 -1 $-1 $1109 $1530 $1111 $1325 forward $1321 $-1 #
loop $-1 -1 $-1 $-1 $1320 $1532 #
vertex $-1 -1 $-1 $1318 $1533 #
straight-curve $-1 -1 $-1 4.75 0 3.75 0 0 -1 F -29.75 F -1.600000000000000311 #
coedge $-1 -1 $-1 $1112 $1111 $1534 $1535 reversed $1113 $-1 #
edge $-1 -1 $-1 $1536 -5 $1114 -1 $1111 $1537 forward @7 unknown #
face $1538 -1 $-1 $1514 $1113 $4 $-1 $1539 forward single #
point $-1 -1 $-1 4.75 0 33.5 #
coedge $-1 -1 $-1 $1534 $1516 $1116 $1329 forward $1540 $-1 #
edge $-1 -1 $-1 $1332 2.249999999999999556 $1330 30.75 $1116 $1541 forward @7 unknown #
vertex $-1 -1 $-1 $1117 $1542 #
straight-curve $-1 -1 $-1 2.75 -0.5 33.5 0 -1 0 F -4.5 F -0.5 #
vertex $-1 -1 $-1 $1329 $1543 #
straight-curve $-1 -1 $-1 2.75 0 5 0 1 0 F 0 F 4 #
DXID-attrib $-1 -1 $-1 $-1 $1119 @10 ASM ENTITY @2 53 #
plane-surface $-1 -1 $-1 2.75 0 2.75 1 0 0 0 0 1 forward_v I I I I #
coedge $-1 -1 $-1 $1123 $1122 $1544 $1545 forward $1124 $-1 #
face $1546 -1 $-1 $1119 $1124 $4 $-1 $1547 reversed single #
coedge $-1 -1 $-1 $1134 $1544 $1126 $1339 forward $1350 $-1 #
edge $-1 -1 $-1 $1340 0 $1138 1.90000000000001279 $1126 $1548 forward @7 unknown #
vertex $-1 -1 $-1 $1339 $1549 #
straight-curve $-1 -1 $-1 16.5 -0.01000000000000000021 114.8000000000000114 0 1 0 F 0.01000000000000000021 F 7.210000000000000853 #
DXID-attrib $-1 -1 $-1 $-1 $1128 @10 ASM ENTITY @2 50 #
plane-surface $-1 -1 $-1 16.5 -0.01000000000000000021 114.8000000000000114 1 0 0 0 0 1 forward_v I I I I #
coedge $-1 -1 $-1 $1544 $1134 $1130 $1345 reversed $1350 $-1 #
edge $-1 -1 $-1 $1346 0 $1136 1.90000000000001279 $1130 $1550 forward @7 unknown #
vertex $-1 -1 $-1 $1131 $1551 #
straight-curve $-1 -1 $-1 37.5 -0.01000000000000000021 114.8000000000000114 0 1 0 F 0.01000000000000000021 F 7.210000000000000853 #
DXID-attrib $-1 -1 $-1 $-1 $1132 @10 ASM ENTITY @2 51 #
plane-surface $-1 -1 $-1 37.5 -0.01000000000000000021 114.8000000000000114 1 0 0 0 0 1 forward_v I I I I #
loop $-1 -1 $-1 $-1 $1544 $1552 #
straight-curve $-1 -1 $-1 16.5 7.200000000000001066 116.7000000000000171 1 0 0 F 0 F 20.99999999999999645 #
point $-1 -1 $-1 37.5 7.200000000000001066 116.7000000000000171 #
point $-1 -1 $-1 16.5 7.200000000000001066 116.7000000000000171 #
coedge $-1 -1 $-1 $1553 $1142 $1145 $1360 reversed $1356 $-1 #
coedge $-1 -1 $-1 $1142 $1553 $1165 $1385 forward $1356 $-1 #
loop $-1 -1 $-1 $-1 $1354 $1399 #
straight-curve $-1 -1 $-1 8.400000000000000355 0 94.75 1 0 0 F 8.400000000000000355 F 44.39999999999999858 #
coedge $-1 -1 $-1 $1151 $1554 $1144 $1359 forward $1368 $-1 #
edge $-1 -1 $-1 $1379 0 $947 0.1000000000000000194 $1144 $1555 forward @7 unknown #
edge $-1 -1 $-1 $1374 0 $1146 1.300000000000000044 $1145 $1556 forward @7 unknown #
point $-1 -1 $-1 16.80000000000000071 0 94.75 #
coedge $-1 -1 $-1 $1557 $1558 $1148 $1363 forward $1559 $-1 #
edge $-1 -1 $-1 $1369 0 $1365 8.000000000000007105 $1148 $1560 forward @7 unknown #
coedge $-1 -1 $-1 $1149 $1381 $1557 $1561 reversed $1160 $-1 #
vertex $-1 -1 $-1 $1150 $1562 #
straight-curve $-1 -1 $-1 16.80000000000000071 -0.1000000000000000194 108.5000000000000142 0 1 0 F 0.1000000000000000194 F 0.7000000000000000666 #
coedge $-1 -1 $-1 $1563 $1151 $1558 $1564 forward $1368 $-1 #
loop $-1 -1 $-1 $-1 $1358 $1565 #
vertex $-1 -1 $-1 $1363 $1566 #
straight-curve $-1 -1 $-1 16.80000000000000071 -0.1000000000000000194 100.5 0 1 0 F 0.1000000000000000194 F 0.7000000000000000666 #
DXID-attrib $-1 -1 $-1 $-1 $1153 @10 ASM ENTITY @2 46 #
plane-surface $-1 -1 $-1 16.80000000000000071 -0.1000000000000000194 100.5 1 0 0 0 0 1 forward_v I I I I #
coedge $-1 -1 $-1 $1155 $1182 $1553 $1567 reversed $1186 $-1 #
vertex $-1 -1 $-1 $1156 $1568 #
straight-curve $-1 -1 $-1 16.80000000000000071 -1.300000000000000044 94.75 0 0 1 F 0 F 19.50000000000001066 #
coedge $-1 -1 $-1 $1569 $1157 $1554 $1570 forward $1378 $-1 #
coedge $-1 -1 $-1 $1157 $1569 $1159 $1382 reversed $1378 $-1 #
loop $-1 -1 $-1 $-1 $1376 $1571 #
vertex $-1 -1 $-1 $1359 $1572 #
straight-curve $-1 -1 $-1 16.80000000000000071 -0.1000000000000000194 100.5 0 0 1 F 0 F 8.000000000000007105 #
coedge $-1 -1 $-1 $1364 $1159 $1573 $1574 forward $1160 $-1 #
edge $-1 -1 $-1 $1161 0 $1575 0.5999999999999983125 $1159 $1576 forward @7 unknown #
face $1577 -1 $-1 $1571 $1160 $4 $-1 $1578 forward single #
point $-1 -1 $-1 16.80000000000000071 -0.1000000000000000194 108.5000000000000142 #
edge $-1 -1 $-1 $1410 0 $1167 1.300000000000000044 $1165 $1579 forward @7 unknown #
coedge $-1 -1 $-1 $1580 $1170 $1166 $1387 reversed $1392 $-1 #
edge $-1 -1 $-1 $1404 0 $960 0.1000000000000000194 $1166 $1581 forward @7 unknown #
point $-1 -1 $-1 52.80000000000000426 0 94.75 #
coedge $-1 -1 $-1 $1582 $1583 $1169 $1390 reversed $1584 $-1 #
edge $-1 -1 $-1 $1393 0 $1396 8.000000000000007105 $1169 $1585 forward @7 unknown #
coedge $-1 -1 $-1 $1170 $1586 $1582 $1587 forward $1392 $-1 #
loop $-1 -1 $-1 $-1 $1586 $1588 #
vertex $-1 -1 $-1 $1171 $1589 #
straight-curve $-1 -1 $-1 52.80000000000000426 -0.1000000000000000194 100.5 0 1 0 F 0.1000000000000000194 F 0.7000000000000000666 #
coedge $-1 -1 $-1 $1406 $1172 $1583 $1590 reversed $1179 $-1 #
vertex $-1 -1 $-1 $1173 $1591 #
straight-curve $-1 -1 $-1 52.80000000000000426 -0.1000000000000000194 108.5000000000000142 0 1 0 F 0.1000000000000000194 F 0.7000000000000000666 #
DXID-attrib $-1 -1 $-1 $-1 $1174 @10 ASM ENTITY @2 47 #
face $1592 -1 $-1 $938 $1356 $4 $-1 $1593 forward single #
plane-surface $-1 -1 $-1 52.80000000000000426 -0.1000000000000000194 100.5 1 0 0 0 0 1 forward_v I I I I #
coedge $-1 -1 $-1 $1594 $1176 $1178 $1407 reversed $1403 $-1 #
coedge $-1 -1 $-1 $1176 $1594 $1580 $1595 forward $1403 $-1 #
loop $-1 -1 $-1 $-1 $1402 $1596 #
vertex $-1 -1 $-1 $1177 $1597 #
straight-curve $-1 -1 $-1 52.80000000000000426 -0.1000000000000000194 100.5 0 0 1 F 0 F 8.000000000000007105 #
coedge $-1 -1 $-1 $1178 $1395 $1598 $1599 reversed $1179 $-1 #
edge $-1 -1 $-1 $1600 0 $1180 0.599999999999996092 $1178 $1601 forward @7 unknown #
face $1602 -1 $-1 $1596 $1179 $4 $-1 $1603 forward single #
point $-1 -1 $-1 52.80000000000000426 -0.1000000000000000194 108.5000000000000142 #
vertex $-1 -1 $-1 $1385 $1604 #
straight-curve $-1 -1 $-1 52.80000000000000426 -1.300000000000000044 94.75 0 0 1 F 0 F 19.50000000000001066 #
straight-curve $-1 -1 $-1 8.5 7.200000000000001066 91.30000000000001137 1 0 0 F 0 F 39 #
DXID-attrib $-1 -1 $-1 $-1 $1198 @10 ASM ENTITY @2 91 #
plane-surface $-1 -1 $-1 8.5 7.200000000000001066 91.30000000000001137 0 1 0 0 0 1 forward_v I I I I #
coedge $-1 -1 $-1 $1217 $1200 $1203 $1419 forward $1417 $-1 #
coedge $-1 -1 $-1 $1200 $1217 $1209 $1423 reversed $1417 $-1 #
loop $-1 -1 $-1 $-1 $1200 $1605 #
straight-curve $-1 -1 $-1 16 13.75 125.2400000000000091 0 0 1 F 0.009999999999994457767 F 2.509999999999994458 #
edge $-1 -1 $-1 $1205 0 $1222 12.00000000000000178 $1415 $1606 forward @7 unknown #
face $1607 -1 $-1 $1198 $1204 $4 $-1 $1608 reversed single #
point $-1 -1 $-1 16 13.75 127.75 #
straight-curve $-1 -1 $-1 16 13.25000000000000178 127.75 1 0 0 F 0 F 12.00000000000000178 #
edge $-1 -1 $-1 $1212 0 $1219 12.00000000000000178 $1209 $1609 forward @7 unknown #
face $1610 -1 $-1 $1605 $1211 $4 $-1 $1611 forward single #
point $-1 -1 $-1 16 13.75 125.25 #
straight-curve $-1 -1 $-1 16 14.00000000000000178 125.25 1 0 0 F 0 F 12.00000000000000178 #
DXID-attrib $-1 -1 $-1 $-1 $1215 @10 ASM ENTITY @2 87 #
plane-surface $-1 -1 $-1 16 14.00000000000000178 123 0 1 0 0 0 1 forward_v I I I I #
straight-curve $-1 -1 $-1 28.00000000000000355 13.75 125.2400000000000091 0 0 1 F 0.009999999999994457767 F 2.509999999999994458 #
point $-1 -1 $-1 28.00000000000000355 13.75 125.25 #
point $-1 -1 $-1 28.00000000000000355 13.75 127.75 #
coedge $-1 -1 $-1 $1612 $1227 $1613 $1614 forward $1024 $-1 #
coedge $-1 -1 $-1 $1230 $1615 $1227 $1434 reversed $1242 $-1 #
edge $-1 -1 $-1 $1232 0 $1616 0.8000000000000007105 $1227 $1617 forward @7 unknown #
coedge $-1 -1 $-1 $1228 $1612 $1618 $1619 reversed $1024 $-1 #
coedge $-1 -1 $-1 $1620 $1241 $1228 $1437 reversed $1242 $-1 #
edge $-1 -1 $-1 $1621 0 $1250 0.799999999999982947 $1228 $1622 forward @7 unknown #
DXID-attrib $-1 -1 $-1 $-1 $1229 @10 ASM ENTITY @2 34 #
plane-surface $-1 -1 $-1 15 -2.600000000000000089 114.9000000000000199 1 0 0 0 0 1 forward_v I I I I #
straight-curve $-1 -1 $-1 4.200000000000000178 -2.600000000000000089 108.1000000000000085 1 0 0 F 0 F 10.80000000000000071 #
point $-1 -1 $-1 15 -2.600000000000000089 108.1000000000000085 #
straight-curve $-1 -1 $-1 4.200000000000000178 -2.600000000000000089 115.7000000000000028 0 1 0 F 0 F 3.599999999999999645 #
point $-1 -1 $-1 4.200000000000000178 1 115.7000000000000028 #
point $-1 -1 $-1 4.200000000000000178 -2.600000000000000089 115.7000000000000028 #
straight-curve $-1 -1 $-1 15 -2.600000000000000089 115.7000000000000028 -1 0 0 F 0 F 10.80000000000000071 #
point $-1 -1 $-1 15 -2.600000000000000089 115.7000000000000028 #
straight-curve $-1 -1 $-1 4.200000000000000178 1 115.7000000000000028 1 0 0 F 0 F 0.5499999999999999334 #
DXID-attrib $-1 -1 $-1 $-1 $1259 @10 ASM ENTITY @2 83 #
face $1623 -1 $-1 $1624 $1625 $4 $-1 $1626 forward single #
loop $-1 -1 $-1 $-1 $1627 $1259 #
plane-surface $-1 -1 $-1 4.200000000000000178 -2.600000000000000089 114.9000000000000199 0 0 1 1 0 0 forward_v I I I I #
straight-curve $-1 -1 $-1 19.80000000000000071 -1.300000000000000044 95.625 0 0 1 F 0.8750000000000035527 F 16.875 #
DXID-attrib $-1 -1 $-1 $-1 $1270 @10 ASM ENTITY @3 124 #
face $1628 -1 $-1 $1629 $1630 $4 $-1 $1631 forward single #
loop $-1 -1 $-1 $1632 $1633 $1270 #
cone-surface $-1 -1 $-1 6.900000000000000355 -2.009999999999999787 111.9000000000000057 0 1 0 0 0 1.25 1 I I 0 1 1.25 forward I I I I #
coedge $-1 -1 $-1 $1634 $1635 $1636 $1637 reversed $1271 $-1 #
DXID-attrib $-1 -1 $-1 $-1 $1273 @10 ASM ENTITY @2 92 #
plane-surface $-1 -1 $-1 16.80000000000000071 -1.300000000000000044 94.75 0 1 0 0 0 1 forward_v I I I I #
coedge $-1 -1 $-1 $1277 $1274 $1638 $1639 forward $755 $-1 #
coedge $-1 -1 $-1 $1640 $1641 $1274 $1462 reversed $1642 $-1 #
edge $-1 -1 $-1 $1466 -1.570796326794896558 $1643 0 $1274 $1644 forward @7 unknown #
coedge $-1 -1 $-1 $1645 $1275 $1281 $1477 reversed $1465 $-1 #
coedge $-1 -1 $-1 $1275 $1645 $1640 $1646 reversed $1465 $-1 #
loop $-1 -1 $-1 $-1 $1275 $1647 #
vertex $-1 -1 $-1 $1276 $1648 #
straight-curve $-1 -1 $-1 97.25000000000001421 0 2.75 0 0 1 F 43.75 F 122.2499999999999858 #
coedge $-1 -1 $-1 $1649 $1650 $1277 $1469 reversed $1651 $-1 #
edge $-1 -1 $-1 $1652 -0.9479697413824792473 $1473 0 $1277 $1653 forward @7 unknown #
coedge $-1 -1 $-1 $1654 $1278 $1650 $1655 forward $1472 $-1 #
coedge $-1 -1 $-1 $1278 $1654 $1280 $1476 forward $1472 $-1 #
loop $-1 -1 $-1 $-1 $1470 $1656 #
vertex $-1 -1 $-1 $1469 $1657 #
straight-curve $-1 -1 $-1 95.25 0 3.75 0 0 -1 F -120.9000000000000057 F -42.75 #
coedge $-1 -1 $-1 $1281 $1280 $1658 $1659 forward $1282 $-1 #
edge $-1 -1 $-1 $1660 -5 $1283 -1 $1280 $1661 forward @7 unknown #
edge $-1 -1 $-1 $1662 -4.5 $1284 -0.5 $1281 $1663 forward @7 unknown #
face $1664 -1 $-1 $1656 $1282 $4 $-1 $1665 reversed single #
point $-1 -1 $-1 95.25 0 46.5 #
point $-1 -1 $-1 97.25000000000001421 0 46.5 #
coedge $-1 -1 $-1 $1666 $1286 $1289 $1487 forward $1483 $-1 #
coedge $-1 -1 $-1 $1286 $1666 $1293 $1491 reversed $1483 $-1 #
loop $-1 -1 $-1 $-1 $1481 $1667 #
straight-curve $-1 -1 $-1 32 0 123 1 0 0 F 32 F 44 #
coedge $-1 -1 $-1 $1668 $1288 $1669 $1670 reversed $1290 $-1 #
coedge $-1 -1 $-1 $1289 $1671 $1672 $1673 reversed $1290 $-1 #
edge $-1 -1 $-1 $1291 0.01000000000000000021 $1674 14.00999999999999979 $1289 $1675 forward @7 unknown #
face $1676 -1 $-1 $1493 $1290 $4 $-1 $1677 reversed single #
point $-1 -1 $-1 64 0 123 #
coedge $-1 -1 $-1 $1678 $1293 $1679 $1680 forward $1295 $-1 #
edge $-1 -1 $-1 $1296 0.01000000000000000021 $1681 14.00999999999999979 $1293 $1682 forward @7 unknown #
coedge $-1 -1 $-1 $1294 $1683 $1684 $1685 forward $1295 $-1 #
face $1686 -1 $-1 $1667 $1295 $4 $-1 $1687 forward single #
point $-1 -1 $-1 76 0 123 #
coedge $-1 -1 $-1 $1684 $1669 $1298 $1496 reversed $1688 $-1 #
edge $-1 -1 $-1 $1497 -12.00000000000000178 $1499 0 $1298 $1689 forward @7 unknown #
vertex $-1 -1 $-1 $1299 $1690 #
straight-curve $-1 -1 $-1 76 -0.01000000000000000021 125.25 0 1 0 F 0.01000000000000000021 F 10.76996015936299855 #
vertex $-1 -1 $-1 $1300 $1691 #
straight-curve $-1 -1 $-1 64 -0.01000000000000000021 125.25 0 1 0 F 0.01000000000000000021 F 10.76996015936299855 #
DXID-attrib $-1 -1 $-1 $-1 $1301 @10 ASM ENTITY @2 65 #
plane-surface $-1 -1 $-1 64 -0.01000000000000000021 125.25 0 0 1 1 0 0 forward_v I I I I #
coedge $-1 -1 $-1 $1692 $1304 $1693 $1694 reversed $547 $-1 #
coedge $-1 -1 $-1 $1695 $1696 $1304 $1505 reversed $1697 $-1 #
edge $-1 -1 $-1 $1509 2.249999999999999556 $1698 30.75 $1304 $1699 forward @7 unknown #
coedge $-1 -1 $-1 $1700 $1305 $1308 $1513 forward $1508 $-1 #
coedge $-1 -1 $-1 $1305 $1700 $1695 $1701 reversed $1508 $-1 #
loop $-1 -1 $-1 $-1 $1305 $1702 #
vertex $-1 -1 $-1 $1306 $1703 #
ellipse-curve $-1 -1 $-1 95 0 5 0 1 0 0 0 2.25 1 F 1.570796326794896558 F 3.141592653589793116 #
coedge $-1 -1 $-1 $1704 $1307 $1705 $1706 forward $1309 $-1 #
coedge $-1 -1 $-1 $1308 $1707 $1708 $1709 forward $1309 $-1 #
edge $-1 -1 $-1 $1310 0 $1710 4 $1308 $1711 forward @14 tangent_not_g2 #
face $1712 -1 $-1 $1532 $1309 $4 $-1 $1713 reversed single #
point $-1 -1 $-1 95 0 2.75 #
coedge $-1 -1 $-1 $1328 $1705 $1312 $1517 reversed $1540 $-1 #
edge $-1 -1 $-1 $1332 1.570796326794896558 $1518 3.141592653589793116 $1312 $1714 forward @7 unknown #
vertex $-1 -1 $-1 $1517 $1715 #
straight-curve $-1 -1 $-1 5 0 2.75 0 1 0 F 0 F 4 #
DXID-attrib $-1 -1 $-1 $-1 $1314 @10 ASM ENTITY @2 54 #
cone-surface $-1 -1 $-1 5 0 5 0 1 0 -2.25 0 0 1 I I 0 1 2.25 forward I I I I #
coedge $-1 -1 $-1 $1316 $1692 $1716 $1717 forward $547 $-1 #
coedge $-1 -1 $-1 $1718 $1719 $1316 $1524 forward $1720 $-1 #
edge $-1 -1 $-1 $1528 1.600000000000000311 $1721 90.90000000000000568 $1316 $1722 forward @7 unknown #
coedge $-1 -1 $-1 $1723 $1317 $1719 $1724 forward $1527 $-1 #
coedge $-1 -1 $-1 $1317 $1723 $1319 $1531 reversed $1527 $-1 #
loop $-1 -1 $-1 $-1 $1526 $1725 #
vertex $-1 -1 $-1 $1524 $1726 #
ellipse-curve $-1 -1 $-1 5.350000000000000533 0 5.350000000000000533 0 1 0 -0.5999999999999999778 0 0 1 F -1.570796326794896558 F 0 #
coedge $-1 -1 $-1 $1320 $1319 $1727 $1728 reversed $1321 $-1 #
edge $-1 -1 $-1 $1322 1 $1729 5 $1319 $1730 forward @14 tangent_not_g2 #
face $1731 -1 $-1 $1702 $1321 $4 $-1 $1732 forward single #
point $-1 -1 $-1 4.75 0 5.350000000000000533 #
coedge $-1 -1 $-1 $1727 $1328 $1324 $1535 forward $1540 $-1 #
edge $-1 -1 $-1 $1330 1.875 $1536 3.875 $1324 $1733 forward @7 unknown #
vertex $-1 -1 $-1 $1535 $1734 #
straight-curve $-1 -1 $-1 4.75 -1 33.5 0 -1 0 F -5 F -1 #
DXID-attrib $-1 -1 $-1 $-1 $1326 @10 ASM ENTITY @2 55 #
plane-surface $-1 -1 $-1 -1 -1 33.5 0 0 1 1 0 0 forward_v I I I I #
loop $-1 -1 $-1 $-1 $1705 $1735 #
straight-curve $-1 -1 $-1 2.75 4 2.75 0 0 1 F 2.249999999999999556 F 30.75 #
point $-1 -1 $-1 2.75 4 33.5 #
point $-1 -1 $-1 2.75 4 5 #
coedge $-1 -1 $-1 $1338 $1344 $1336 $1545 reversed $1350 $-1 #
edge $-1 -1 $-1 $1340 0 $1346 20.99999999999999645 $1336 $1736 forward @7 unknown #
DXID-attrib $-1 -1 $-1 $-1 $1337 @10 ASM ENTITY @2 52 #
plane-surface $-1 -1 $-1 16.5 -0.01000000000000000021 114.8000000000000114 0 0 1 1 0 0 forward_v I I I I #
straight-curve $-1 -1 $-1 16.5 7.200000000000001066 114.8000000000000114 0 0 1 F 0 F 1.90000000000001279 #
point $-1 -1 $-1 16.5 7.200000000000001066 114.8000000000000114 #
straight-curve $-1 -1 $-1 37.5 7.200000000000001066 114.8000000000000114 0 0 1 F 0 F 1.90000000000001279 #
point $-1 -1 $-1 37.5 7.200000000000001066 114.8000000000000114 #
face $1737 -1 $-1 $1735 $1350 $4 $-1 $1738 forward single #
coedge $-1 -1 $-1 $1355 $1354 $1373 $1567 forward $1356 $-1 #
coedge $-1 -1 $-1 $1358 $1563 $1376 $1570 reversed $1368 $-1 #
straight-curve $-1 -1 $-1 16.80000000000000071 -0.1000000000000000194 100.5 0 1 0 F 0 F 0.1000000000000000194 #
straight-curve $-1 -1 $-1 16.80000000000000071 -1.300000000000000044 94.75 0 1 0 F 0 F 1.300000000000000044 #
coedge $-1 -1 $-1 $1739 $1362 $1364 $1561 forward $1559 $-1 #
coedge $-1 -1 $-1 $1362 $1739 $1367 $1564 reversed $1559 $-1 #
loop $-1 -1 $-1 $-1 $1558 $1740 #
straight-curve $-1 -1 $-1 16.80000000000000071 0.5999999999999999778 100.5 0 0 1 F 0 F 8.000000000000007105 #
edge $-1 -1 $-1 $1365 0 $1741 0.5999999999999983125 $1364 $1742 forward @7 unknown #
point $-1 -1 $-1 16.80000000000000071 0.5999999999999999778 108.5000000000000142 #
coedge $-1 -1 $-1 $1554 $1367 $1743 $1744 reversed $1368 $-1 #
edge $-1 -1 $-1 $1369 0 $1745 0.5999999999999983125 $1367 $1746 forward @7 unknown #
face $1747 -1 $-1 $1408 $1368 $4 $-1 $1748 reversed single #
point $-1 -1 $-1 16.80000000000000071 0.5999999999999999778 100.5 #
edge $-1 -1 $-1 $1374 0 $1410 36 $1553 $1749 forward @7 unknown #
point $-1 -1 $-1 16.80000000000000071 -1.300000000000000044 94.75 #
coedge $-1 -1 $-1 $1377 $1376 $1750 $1751 forward $1378 $-1 #
edge $-1 -1 $-1 $1379 0 $1752 0.5999999999999983125 $1376 $1753 forward @7 unknown #
face $1754 -1 $-1 $1565 $1378 $4 $-1 $1755 reversed single #
point $-1 -1 $-1 16.80000000000000071 -0.1000000000000000194 100.5 #
coedge $-1 -1 $-1 $1750 $1756 $1381 $1574 reversed $1630 $-1 #
edge $-1 -1 $-1 $1575 0 $1741 0.7000000000000000666 $1381 $1757 forward @7 unknown #
vertex $-1 -1 $-1 $1382 $1758 #
straight-curve $-1 -1 $-1 16.80000000000000071 -0.1000000000000000194 108.5000000000000142 1 0 0 F 0 F 0.5999999999999983125 #
DXID-attrib $-1 -1 $-1 $-1 $1383 @10 ASM ENTITY @2 93 #
plane-surface $-1 -1 $-1 16.80000000000000071 -0.1000000000000000194 108.5000000000000142 0 0 1 1 0 0 forward_v I I I I #
straight-curve $-1 -1 $-1 52.80000000000000426 -1.300000000000000044 94.75 0 1 0 F 0 F 1.300000000000000044 #
coedge $-1 -1 $-1 $1586 $1386 $1402 $1595 reversed $1392 $-1 #
straight-curve $-1 -1 $-1 52.80000000000000426 -0.1000000000000000194 100.5 0 1 0 F 0 F 0.1000000000000000194 #
coedge $-1 -1 $-1 $1759 $1389 $1391 $1587 reversed $1584 $-1 #
coedge $-1 -1 $-1 $1389 $1759 $1395 $1590 forward $1584 $-1 #
loop $-1 -1 $-1 $-1 $1582 $1760 #
straight-curve $-1 -1 $-1 52.80000000000000426 0.5999999999999999778 100.5 0 0 1 F 0 F 8.000000000000007105 #
coedge $-1 -1 $-1 $1391 $1580 $1761 $1762 forward $1392 $-1 #
edge $-1 -1 $-1 $1763 0 $1393 0.599999999999996092 $1391 $1764 forward @7 unknown #
face $1765 -1 $-1 $1740 $1392 $4 $-1 $1766 reversed single #
point $-1 -1 $-1 52.80000000000000426 0.5999999999999999778 100.5 #
edge $-1 -1 $-1 $1767 0 $1396 0.599999999999996092 $1395 $1768 forward @7 unknown #
point $-1 -1 $-1 52.80000000000000426 0.5999999999999999778 108.5000000000000142 #
DXID-attrib $-1 -1 $-1 $-1 $1399 @10 ASM ENTITY @2 48 #
plane-surface $-1 -1 $-1 16.80000000000000071 -1.300000000000000044 94.75 0 0 1 1 0 0 forward_v I I I I #
coedge $-1 -1 $-1 $1402 $1401 $1769 $1770 reversed $1403 $-1 #
edge $-1 -1 $-1 $1771 0 $1404 0.599999999999996092 $1402 $1772 forward @7 unknown #
face $1773 -1 $-1 $1588 $1403 $4 $-1 $1774 reversed single #
point $-1 -1 $-1 52.80000000000000426 -0.1000000000000000194 100.5 #
coedge $-1 -1 $-1 $1775 $1769 $1406 $1599 forward $1776 $-1 #
edge $-1 -1 $-1 $1600 0 $1767 0.7000000000000000666 $1406 $1777 forward @7 unknown #
vertex $-1 -1 $-1 $1599 $1778 #
straight-curve $-1 -1 $-1 52.20000000000000284 -0.1000000000000000194 108.5000000000000142 1 0 0 F 0 F 0.599999999999996092 #
DXID-attrib $-1 -1 $-1 $-1 $1408 @10 ASM ENTITY @2 96 #
plane-surface $-1 -1 $-1 52.20000000000000284 -0.1000000000000000194 108.5000000000000142 0 0 1 1 0 0 forward_v I I I I #
point $-1 -1 $-1 52.80000000000000426 -1.300000000000000044 94.75 #
face $1779 -1 $-1 $1420 $1417 $4 $-1 $1780 reversed single #
straight-curve $-1 -1 $-1 16 13.75 127.75 1 0 0 F 0 F 12.00000000000000178 #
DXID-attrib $-1 -1 $-1 $-1 $1420 @10 ASM ENTITY @2 90 #
plane-surface $-1 -1 $-1 16 13.75 127.75 0 0 -1 0 -1 0 forward_v I I I I #
straight-curve $-1 -1 $-1 16 13.75 125.25 1 0 0 F 0 F 12.00000000000000178 #
DXID-attrib $-1 -1 $-1 $-1 $1424 @10 ASM ENTITY @2 88 #
plane-surface $-1 -1 $-1 16 -0.01000000000000000021 125.25 0 0 1 1 0 0 forward_v I I I I #
coedge $-1 -1 $-1 $1435 $1432 $1781 $1782 forward $1024 $-1 #
coedge $-1 -1 $-1 $1783 $1784 $1432 $1614 reversed $1785 $-1 #
edge $-1 -1 $-1 $1616 0 $1786 0.5999999999999999778 $1432 $1787 forward @7 unknown #
coedge $-1 -1 $-1 $1433 $1788 $1783 $1789 forward $1242 $-1 #
vertex $-1 -1 $-1 $1434 $1790 #
straight-curve $-1 -1 $-1 15 -2.600000000000000089 108.1000000000000085 0 0 1 F 0 F 0.8000000000000007105 #
coedge $-1 -1 $-1 $1627 $1791 $1435 $1619 forward $1450 $-1 #
edge $-1 -1 $-1 $1621 0 $1792 0.5999999999999999778 $1435 $1793 forward @7 unknown #
coedge $-1 -1 $-1 $1788 $1436 $1791 $1794 reversed $1242 $-1 #
vertex $-1 -1 $-1 $1619 $1795 #
straight-curve $-1 -1 $-1 15 -2.600000000000000089 114.9000000000000199 0 0 1 F 0 F 0.799999999999982947 #
DXID-attrib $-1 -1 $-1 $-1 $1449 @10 ASM ENTITY @2 84 #
face $1796 -1 $-1 $1021 $1785 $4 $-1 $1797 reversed single #
loop $-1 -1 $-1 $1798 $1799 $1449 #
plane-surface $-1 -1 $-1 5 -2 108.9000000000000057 0 1 0 0 0 1 forward_v I I I I #
coedge $-1 -1 $-1 $1800 $1618 $1801 $1802 reversed $1450 $-1 #
DXID-attrib $-1 -1 $-1 $-1 $1454 @10 ASM ENTITY @3 125 #
face $1803 -1 $-1 $1804 $1776 $4 $-1 $1805 reversed single #
loop $-1 -1 $-1 $-1 $1750 $1454 #
plane-surface $-1 -1 $-1 17.39999999999999858 -0.1000000000000000194 100.5 1 0 0 0 0 1 forward_v I I I I #
loop $-1 -1 $-1 $-1 $1806 $1270 #
coedge $-1 -1 $-1 $1633 $1633 $1807 $1808 reversed $1455 $-1 #
coedge $-1 -1 $-1 $1809 $1457 $1810 $1811 forward $1271 $-1 #
coedge $-1 -1 $-1 $1457 $1809 $1800 $1812 reversed $1271 $-1 #
coedge $-1 -1 $-1 $1801 $1799 $1457 $1637 forward $1625 $-1 #
edge $-1 -1 $-1 $1813 0 $1814 6.000000000000014211 $1636 $1815 forward @7 unknown #
coedge $-1 -1 $-1 $1816 $1817 $1460 $1639 reversed $1818 $-1 #
edge $-1 -1 $-1 $1643 -63.50000000000001421 $1652 -61.38733971724001037 $1460 $1819 forward @7 unknown #
coedge $-1 -1 $-1 $1820 $1461 $1464 $1646 forward $1642 $-1 #
coedge $-1 -1 $-1 $1461 $1820 $1816 $1821 reversed $1642 $-1 #
loop $-1 -1 $-1 $-1 $1461 $1822 #
vertex $-1 -1 $-1 $1462 $1823 #
ellipse-curve $-1 -1 $-1 95 0 125 0 -1 0 0 0 2.25 1 F -1.570796326794896558 F 0 #
coedge $-1 -1 $-1 $1464 $1463 $1824 $1825 forward $1465 $-1 #
edge $-1 -1 $-1 $1466 0 $1826 4 $1464 $1827 forward @14 tangent_not_g2 #
face $1828 -1 $-1 $1829 $1465 $4 $-1 $1830 forward single #
point $-1 -1 $-1 97.25000000000001421 0 125 #
coedge $-1 -1 $-1 $1831 $1468 $1817 $1832 forward $1651 $-1 #
coedge $-1 -1 $-1 $1468 $1831 $1470 $1655 reversed $1651 $-1 #
loop $-1 -1 $-1 $-1 $1650 $1829 #
vertex $-1 -1 $-1 $1639 $1833 #
ellipse-curve $-1 -1 $-1 94.6500000000000199 0 124.6500000000000199 0 1 0 0.5999999999999999778 0 0 1 F -0.9479697413824792473 F 0 #
coedge $-1 -1 $-1 $1471 $1470 $1834 $1835 forward $1472 $-1 #
edge $-1 -1 $-1 $1473 1 $1836 5 $1470 $1837 forward @14 tangent_not_g2 #
face $1838 -1 $-1 $1647 $1472 $4 $-1 $1839 reversed single #
point $-1 -1 $-1 95.25 0 124.6500000000000199 #
coedge $-1 -1 $-1 $1834 $1824 $1475 $1659 reversed $1840 $-1 #
edge $-1 -1 $-1 $1660 46.875 $1662 48.87500000000000711 $1475 $1841 forward @7 unknown #
vertex $-1 -1 $-1 $1476 $1842 #
straight-curve $-1 -1 $-1 95.25 -1 46.5 0 -1 0 F -5 F -1 #
vertex $-1 -1 $-1 $1659 $1843 #
straight-curve $-1 -1 $-1 97.25000000000001421 -0.5 46.5 0 -1 0 F -4.5 F -0.5 #
DXID-attrib $-1 -1 $-1 $-1 $1478 @10 ASM ENTITY @2 69 #
plane-surface $-1 -1 $-1 94 -1 46.5 0 0 1 1 0 0 forward_v I I I I #
coedge $-1 -1 $-1 $1482 $1481 $1844 $1845 forward $1483 $-1 #
face $1846 -1 $-1 $1478 $1483 $4 $-1 $1847 reversed single #
coedge $-1 -1 $-1 $1848 $1485 $1849 $1850 reversed $1290 $-1 #
coedge $-1 -1 $-1 $1495 $1851 $1485 $1670 forward $1688 $-1 #
edge $-1 -1 $-1 $1852 0 $1499 3.528498038537627668 $1485 $1853 forward @7 unknown #
coedge $-1 -1 $-1 $1486 $1848 $1854 $1855 forward $1290 $-1 #
coedge $-1 -1 $-1 $1856 $1844 $1486 $1673 forward $1857 $-1 #
edge $-1 -1 $-1 $1674 0 $1858 2.249999999999996447 $1486 $1859 forward @7 unknown #
vertex $-1 -1 $-1 $1673 $1860 #
straight-curve $-1 -1 $-1 64 -0.01000000000000000021 123 0 1 0 F 0.01000000000000000021 F 14.00999999999999979 #
DXID-attrib $-1 -1 $-1 $-1 $1488 @10 ASM ENTITY @2 66 #
plane-surface $-1 -1 $-1 64 -0.01000000000000000021 123 1 0 0 0 0 1 forward_v I I I I #
coedge $-1 -1 $-1 $1861 $1490 $1862 $1863 reversed $1295 $-1 #
coedge $-1 -1 $-1 $1844 $1856 $1490 $1680 reversed $1857 $-1 #
edge $-1 -1 $-1 $1681 0 $1864 2.249999999999996447 $1490 $1865 forward @7 unknown #
vertex $-1 -1 $-1 $1491 $1866 #
straight-curve $-1 -1 $-1 76 -0.01000000000000000021 123 0 1 0 F 0.01000000000000000021 F 14.00999999999999979 #
coedge $-1 -1 $-1 $1492 $1861 $1867 $1868 forward $1295 $-1 #
coedge $-1 -1 $-1 $1851 $1495 $1492 $1685 reversed $1688 $-1 #
edge $-1 -1 $-1 $1869 0 $1497 3.528498038537627668 $1492 $1870 forward @7 unknown #
DXID-attrib $-1 -1 $-1 $-1 $1493 @10 ASM ENTITY @2 67 #
plane-surface $-1 -1 $-1 76 -0.01000000000000000021 123 1 0 0 0 0 1 forward_v I I I I #
loop $-1 -1 $-1 $-1 $1669 $1871 #
straight-curve $-1 -1 $-1 64 10.75996015936300054 125.25 -1 0 0 F -12.00000000000000178 F 0 #
point $-1 -1 $-1 76 10.75996015936300054 125.25 #
point $-1 -1 $-1 64 10.75996015936300054 125.25 #
coedge $-1 -1 $-1 $1522 $1503 $1872 $1873 forward $547 $-1 #
coedge $-1 -1 $-1 $1874 $1875 $1503 $1694 forward $1876 $-1 #
edge $-1 -1 $-1 $1877 46.875 $1698 48.87500000000000711 $1503 $1878 forward @7 unknown #
coedge $-1 -1 $-1 $1879 $1504 $1507 $1701 forward $1697 $-1 #
coedge $-1 -1 $-1 $1504 $1879 $1874 $1880 forward $1697 $-1 #
loop $-1 -1 $-1 $-1 $1504 $1881 #
vertex $-1 -1 $-1 $1505 $1882 #
straight-curve $-1 -1 $-1 97.25000000000001421 0 2.75 0 0 1 F 2.249999999999999556 F 30.75 #
coedge $-1 -1 $-1 $1507 $1506 $1883 $1884 reversed $1508 $-1 #
edge $-1 -1 $-1 $1509 0 $1885 4 $1507 $1886 forward @14 tangent_not_g2 #
face $1887 -1 $-1 $1725 $1508 $4 $-1 $1888 forward single #
point $-1 -1 $-1 97.25000000000001421 0 5 #
coedge $-1 -1 $-1 $1889 $1511 $1890 $1891 forward $1309 $-1 #
coedge $-1 -1 $-1 $1516 $1892 $1511 $1706 reversed $1540 $-1 #
edge $-1 -1 $-1 $1518 2.249999999999999556 $1893 8.25 $1511 $1894 forward @7 unknown #
coedge $-1 -1 $-1 $1512 $1895 $1896 $1897 reversed $1309 $-1 #
coedge $-1 -1 $-1 $1898 $1883 $1512 $1709 reversed $1899 $-1 #
edge $-1 -1 $-1 $1900 86.25 $1710 92.24999999999998579 $1512 $1901 forward @7 unknown #
vertex $-1 -1 $-1 $1709 $1902 #
straight-curve $-1 -1 $-1 95 0 2.75 0 1 0 F 0 F 4 #
DXID-attrib $-1 -1 $-1 $-1 $1514 @10 ASM ENTITY @2 56 #
plane-surface $-1 -1 $-1 2.75 0 2.75 0 0 1 1 0 0 forward_v I I I I #
ellipse-curve $-1 -1 $-1 5 4 5 0 -1 0 0 0 2.25 1 F 1.570796326794896558 F 3.141592653589793116 #
point $-1 -1 $-1 5 4 2.75 #
coedge $-1 -1 $-1 $1903 $1904 $1522 $1717 reversed $1905 $-1 #
edge $-1 -1 $-1 $1906 0 $1721 1.570796326794896558 $1522 $1907 forward @7 unknown #
coedge $-1 -1 $-1 $1908 $1523 $1904 $1909 forward $1720 $-1 #
coedge $-1 -1 $-1 $1523 $1910 $1525 $1724 reversed $1720 $-1 #
loop $-1 -1 $-1 $-1 $1910 $1911 #
vertex $-1 -1 $-1 $1717 $1912 #
straight-curve $-1 -1 $-1 3.75 0 4.75 1 0 0 F 1.600000000000000311 F 90.90000000000000568 #
coedge $-1 -1 $-1 $1526 $1525 $1913 $1914 forward $1527 $-1 #
edge $-1 -1 $-1 $1528 1 $1915 5 $1525 $1916 forward @14 tangent_not_g2 #
face $1917 -1 $-1 $1881 $1527 $4 $-1 $1918 reversed single #
point $-1 -1 $-1 5.350000000000000533 0 4.75 #
coedge $-1 -1 $-1 $1913 $1534 $1530 $1728 forward $1540 $-1 #
edge $-1 -1 $-1 $1536 -29.75 $1729 -1.600000000000000311 $1530 $1919 forward @7 unknown #
vertex $-1 -1 $-1 $1531 $1920 #
straight-curve $-1 -1 $-1 4.75 -1 5.350000000000000533 0 1 0 F 1 F 5 #
DXID-attrib $-1 -1 $-1 $-1 $1532 @10 ASM ENTITY @2 57 #
plane-surface $-1 -1 $-1 4.75 -1 4.75 1 0 0 0 0 1 forward_v I I I I #
straight-curve $-1 -1 $-1 0.875000000000000111 4 33.5 1 0 0 F 1.875 F 3.875 #
point $-1 -1 $-1 4.75 4 33.5 #
face $1921 -1 $-1 $1922 $1540 $4 $-1 $1923 forward single #
straight-curve $-1 -1 $-1 16.5 7.200000000000001066 114.8000000000000114 1 0 0 F 0 F 20.99999999999999645 #
DXID-attrib $-1 -1 $-1 $-1 $1552 @10 ASM ENTITY @3 101 #
plane-surface $-1 -1 $-1 16.5 7.200000000000001066 114.8000000000000114 0 1 0 0 0 1 forward_v I I I I #
coedge $-1 -1 $-1 $1558 $1557 $1756 $1924 reversed $1559 $-1 #
face $1925 -1 $-1 $1760 $1559 $4 $-1 $1926 forward single #
vertex $-1 -1 $-1 $1574 $1927 #
straight-curve $-1 -1 $-1 16.80000000000000071 0.5999999999999999778 108.5000000000000142 1 0 0 F 0 F 0.5999999999999983125 #
coedge $-1 -1 $-1 $1756 $1750 $1563 $1744 forward $1630 $-1 #
edge $-1 -1 $-1 $1752 0 $1745 0.7000000000000000666 $1563 $1928 forward @7 unknown #
vertex $-1 -1 $-1 $1564 $1929 #
straight-curve $-1 -1 $-1 16.80000000000000071 0.5999999999999999778 100.5 1 0 0 F 0 F 0.5999999999999983125 #
DXID-attrib $-1 -1 $-1 $-1 $1565 @10 ASM ENTITY @2 95 #
plane-surface $-1 -1 $-1 16.80000000000000071 -0.1000000000000000194 100.5 0 0 1 1 0 0 forward_v I I I I #
straight-curve $-1 -1 $-1 16.80000000000000071 -1.300000000000000044 94.75 1 0 0 F 0 F 36 #
coedge $-1 -1 $-1 $1743 $1573 $1569 $1751 reversed $1630 $-1 #
edge $-1 -1 $-1 $1752 0 $1575 8.000000000000007105 $1569 $1930 forward @7 unknown #
vertex $-1 -1 $-1 $1570 $1931 #
straight-curve $-1 -1 $-1 16.80000000000000071 -0.1000000000000000194 100.5 1 0 0 F 0 F 0.5999999999999983125 #
DXID-attrib $-1 -1 $-1 $-1 $1571 @10 ASM ENTITY @2 94 #
plane-surface $-1 -1 $-1 16.80000000000000071 -0.1000000000000000194 100.5 0 1 0 0 0 1 forward_v I I I I #
coedge $-1 -1 $-1 $1573 $1743 $1739 $1924 forward $1630 $-1 #
straight-curve $-1 -1 $-1 17.39999999999999858 -0.1000000000000000194 108.5000000000000142 0 1 0 F 0 F 0.7000000000000000666 #
point $-1 -1 $-1 17.39999999999999858 -0.1000000000000000194 108.5000000000000142 #
coedge $-1 -1 $-1 $1583 $1582 $1775 $1932 forward $1584 $-1 #
face $1933 -1 $-1 $1552 $1584 $4 $-1 $1934 forward single #
coedge $-1 -1 $-1 $1769 $1775 $1586 $1762 reversed $1776 $-1 #
edge $-1 -1 $-1 $1771 0 $1763 0.7000000000000000666 $1586 $1935 forward @7 unknown #
vertex $-1 -1 $-1 $1762 $1936 #
straight-curve $-1 -1 $-1 52.20000000000000284 0.5999999999999999778 100.5 1 0 0 F 0 F 0.599999999999996092 #
DXID-attrib $-1 -1 $-1 $-1 $1588 @10 ASM ENTITY @2 98 #
plane-surface $-1 -1 $-1 52.20000000000000284 -0.1000000000000000194 100.5 0 0 1 1 0 0 forward_v I I I I #
vertex $-1 -1 $-1 $1599 $1937 #
straight-curve $-1 -1 $-1 52.20000000000000284 0.5999999999999999778 108.5000000000000142 1 0 0 F 0 F 0.599999999999996092 #
coedge $-1 -1 $-1 $1598 $1761 $1594 $1770 forward $1776 $-1 #
edge $-1 -1 $-1 $1771 0 $1600 8.000000000000007105 $1594 $1938 forward @7 unknown #
vertex $-1 -1 $-1 $1595 $1939 #
straight-curve $-1 -1 $-1 52.20000000000000284 -0.1000000000000000194 100.5 1 0 0 F 0 F 0.599999999999996092 #
DXID-attrib $-1 -1 $-1 $-1 $1596 @10 ASM ENTITY @2 97 #
plane-surface $-1 -1 $-1 52.20000000000000284 -0.1000000000000000194 100.5 0 1 0 0 0 1 forward_v I I I I #
coedge $-1 -1 $-1 $1761 $1598 $1759 $1932 reversed $1776 $-1 #
loop $-1 -1 $-1 $-1 $1769 $1629 #
straight-curve $-1 -1 $-1 52.20000000000000284 -0.1000000000000000194 108.5000000000000142 0 1 0 F 0 F 0.7000000000000000666 #
point $-1 -1 $-1 52.20000000000000284 -0.1000000000000000194 108.5000000000000142 #
DXID-attrib $-1 -1 $-1 $-1 $1605 @10 ASM ENTITY @2 89 #
plane-surface $-1 -1 $-1 16 13.75 125.2400000000000091 0 -1 0 0 0 1 forward_v I I I I #
coedge $-1 -1 $-1 $1799 $1801 $1612 $1782 reversed $1625 $-1 #
edge $-1 -1 $-1 $1786 0 $1792 6.000000000000014211 $1612 $1940 forward @7 unknown #
coedge $-1 -1 $-1 $1810 $1613 $1615 $1789 reversed $1785 $-1 #
coedge $-1 -1 $-1 $1613 $1810 $1799 $1941 forward $1785 $-1 #
loop $-1 -1 $-1 $-1 $1784 $1624 #
vertex $-1 -1 $-1 $1614 $1942 #
straight-curve $-1 -1 $-1 15 -2.600000000000000089 108.9000000000000057 0 1 0 F 0 F 0.5999999999999999778 #
coedge $-1 -1 $-1 $1615 $1620 $1809 $1943 reversed $1242 $-1 #
edge $-1 -1 $-1 $1944 0.7999999999999996003 $1616 10.80000000000000071 $1615 $1945 forward @7 unknown #
point $-1 -1 $-1 15 -2.600000000000000089 108.9000000000000057 #
coedge $-1 -1 $-1 $1618 $1800 $1620 $1794 forward $1450 $-1 #
vertex $-1 -1 $-1 $1782 $1946 #
straight-curve $-1 -1 $-1 15 -2.600000000000000089 114.9000000000000199 0 1 0 F 0 F 0.5999999999999999778 #
edge $-1 -1 $-1 $1947 0.7999999999999996003 $1621 10.80000000000000071 $1620 $1948 forward @7 unknown #
point $-1 -1 $-1 15 -2.600000000000000089 114.9000000000000199 #
DXID-attrib $-1 -1 $-1 $-1 $1624 @10 ASM ENTITY @2 85 #
plane-surface $-1 -1 $-1 4.200000000000000178 -2.600000000000000089 108.9000000000000057 0 0 1 1 0 0 forward_v I I I I #
loop $-1 -1 $-1 $-1 $1949 $1449 #
coedge $-1 -1 $-1 $1636 $1781 $1784 $1941 reversed $1625 $-1 #
coedge $-1 -1 $-1 $1791 $1627 $1635 $1812 forward $1450 $-1 #
coedge $-1 -1 $-1 $1781 $1636 $1627 $1802 forward $1625 $-1 #
edge $-1 -1 $-1 $1814 0 $1792 10 $1627 $1950 forward @7 unknown #
DXID-attrib $-1 -1 $-1 $-1 $1629 @10 ASM ENTITY @3 126 #
face $1951 -1 $-1 $1952 $1953 $4 $-1 $1954 reversed single #
plane-surface $-1 -1 $-1 52.20000000000000284 -0.1000000000000000194 100.5 1 0 0 0 0 1 forward_v I I I I #
coedge $-1 -1 $-1 $1806 $1806 $1949 $1955 forward $1632 $-1 #
coedge $-1 -1 $-1 $1807 $1807 $1633 $1808 forward $1956 $-1 #
edge $-1 -1 $-1 $1957 0 $1957 6.283185307179586232 $1633 $1958 forward @7 unknown #
coedge $-1 -1 $-1 $1635 $1634 $1788 $1943 forward $1271 $-1 #
coedge $-1 -1 $-1 $1784 $1783 $1634 $1811 reversed $1785 $-1 #
edge $-1 -1 $-1 $1813 -0.5999999999999999778 $1944 0 $1810 $1959 forward @7 unknown #
edge $-1 -1 $-1 $1814 -0.5999999999999999778 $1947 0 $1800 $1960 forward @7 unknown #
vertex $-1 -1 $-1 $1941 $1961 #
vertex $-1 -1 $-1 $1802 $1962 #
straight-curve $-1 -1 $-1 5 -2 108.9000000000000057 0 0 1 F 0 F 6.000000000000014211 #
coedge $-1 -1 $-1 $1963 $1638 $1641 $1821 forward $1818 $-1 #
coedge $-1 -1 $-1 $1638 $1963 $1649 $1832 reversed $1818 $-1 #
loop $-1 -1 $-1 $-1 $1816 $1964 #
straight-curve $-1 -1 $-1 95 0 63.75 0 0 -1 F -63.50000000000001421 F -61.38733971724001037 #
coedge $-1 -1 $-1 $1641 $1640 $1965 $1966 forward $1642 $-1 #
edge $-1 -1 $-1 $1643 0 $1967 4 $1641 $1968 forward @7 unknown #
face $1969 -1 $-1 $1964 $1642 $4 $-1 $1970 forward single #
point $-1 -1 $-1 95 0 127.2500000000000142 #
coedge $-1 -1 $-1 $1658 $1965 $1645 $1825 reversed $1840 $-1 #
edge $-1 -1 $-1 $1662 43.75 $1826 122.2499999999999858 $1645 $1971 forward @7 unknown #
vertex $-1 -1 $-1 $1825 $1972 #
straight-curve $-1 -1 $-1 97.25000000000001421 0 125 0 1 0 F 0 F 4 #
DXID-attrib $-1 -1 $-1 $-1 $1647 @10 ASM ENTITY @2 71 #
face $1973 -1 $-1 $1822 $1651 $4 $-1 $1974 reversed single #
plane-surface $-1 -1 $-1 97.25000000000001421 0 2.75 1 0 0 0 0 1 forward_v I I I I #
coedge $-1 -1 $-1 $1650 $1649 $1975 $1976 forward $1651 $-1 #
edge $-1 -1 $-1 $1652 1 $1977 5 $1649 $1978 forward @7 unknown #
point $-1 -1 $-1 95 0 125.1373397172400104 #
coedge $-1 -1 $-1 $1975 $1658 $1654 $1835 reversed $1840 $-1 #
edge $-1 -1 $-1 $1836 -120.9000000000000057 $1660 -42.75 $1654 $1979 forward @7 unknown #
vertex $-1 -1 $-1 $1655 $1980 #
straight-curve $-1 -1 $-1 95.25 -1 124.6500000000000199 0 1 0 F 1 F 5 #
DXID-attrib $-1 -1 $-1 $-1 $1656 @10 ASM ENTITY @2 70 #
plane-surface $-1 -1 $-1 95.25 -1 4.75 1 0 0 0 0 1 forward_v I I I I #
loop $-1 -1 $-1 $-1 $1824 $1981 #
straight-curve $-1 -1 $-1 48.375 4 46.5 1 0 0 F 46.875 F 48.87500000000000711 #
point $-1 -1 $-1 95.25 4 46.5 #
point $-1 -1 $-1 97.25000000000001421 4 46.5 #
coedge $-1 -1 $-1 $1672 $1679 $1666 $1845 reversed $1857 $-1 #
edge $-1 -1 $-1 $1674 0 $1681 12.00000000000000178 $1666 $1982 forward @7 unknown #
DXID-attrib $-1 -1 $-1 $-1 $1667 @10 ASM ENTITY @2 68 #
plane-surface $-1 -1 $-1 64 -0.01000000000000000021 123 0 0 1 1 0 0 forward_v I I I I #
coedge $-1 -1 $-1 $1671 $1668 $1983 $1984 reversed $1290 $-1 #
coedge $-1 -1 $-1 $1985 $1986 $1668 $1850 forward $1987 $-1 #
edge $-1 -1 $-1 $1988 0 $1852 0.4999999999999982236 $1668 $1989 forward @7 unknown #
coedge $-1 -1 $-1 $1669 $1684 $1985 $1990 reversed $1688 $-1 #
vertex $-1 -1 $-1 $1670 $1991 #
straight-curve $-1 -1 $-1 64 13.25000000000000178 127.75 0 -0.7056939846480001499 -0.708516760585999994 F 0 F 3.528498038537627668 #
coedge $-1 -1 $-1 $1992 $1993 $1671 $1855 reversed $1994 $-1 #
edge $-1 -1 $-1 $1995 13.75999999999999801 $1858 14.00999999999999979 $1671 $1996 forward @7 unknown #
coedge $-1 -1 $-1 $1679 $1672 $1993 $1997 forward $1857 $-1 #
loop $-1 -1 $-1 $-1 $1844 $1998 #
vertex $-1 -1 $-1 $1855 $1999 #
straight-curve $-1 -1 $-1 64 14.00000000000000178 123 0 0 1 F 0 F 2.249999999999996447 #
point $-1 -1 $-1 64 14.00000000000000178 123 #
coedge $-1 -1 $-1 $1683 $1678 $2000 $2001 forward $1295 $-1 #
coedge $-1 -1 $-1 $1993 $1992 $1678 $1863 forward $1994 $-1 #
edge $-1 -1 $-1 $2002 13.75999999999999801 $1864 14.00999999999999979 $1678 $2003 forward @7 unknown #
vertex $-1 -1 $-1 $1680 $2004 #
straight-curve $-1 -1 $-1 76 14.00000000000000178 123 0 0 1 F 0 F 2.249999999999996447 #
point $-1 -1 $-1 76 14.00000000000000178 123 #
coedge $-1 -1 $-1 $1986 $1985 $1683 $1868 reversed $1987 $-1 #
edge $-1 -1 $-1 $2005 0 $1869 0.4999999999999982236 $1683 $2006 forward @7 unknown #
vertex $-1 -1 $-1 $1868 $2007 #
straight-curve $-1 -1 $-1 76 13.25000000000000178 127.75 0 -0.7056939846480001499 -0.708516760585999994 F 0 F 3.528498038537627668 #
face $2008 -1 $-1 $1998 $1688 $4 $-1 $2009 reversed single #
coedge $-1 -1 $-1 $2010 $2011 $1692 $1873 reversed $2012 $-1 #
edge $-1 -1 $-1 $1877 -29.75 $1906 -1.600000000000000311 $1692 $2013 forward @7 unknown #
coedge $-1 -1 $-1 $2014 $1693 $1696 $1880 reversed $1876 $-1 #
coedge $-1 -1 $-1 $1693 $2014 $2010 $2015 forward $1876 $-1 #
loop $-1 -1 $-1 $-1 $1875 $2016 #
vertex $-1 -1 $-1 $1694 $2017 #
straight-curve $-1 -1 $-1 48.375 0 33.5 1 0 0 F 46.875 F 48.87500000000000711 #
coedge $-1 -1 $-1 $1696 $1695 $2018 $2019 forward $1697 $-1 #
edge $-1 -1 $-1 $2020 -4.5 $1698 -0.5 $1696 $2021 forward @7 unknown #
face $2022 -1 $-1 $1911 $1697 $4 $-1 $2023 forward single #
point $-1 -1 $-1 97.25000000000001421 0 33.5 #
coedge $-1 -1 $-1 $1708 $2018 $1700 $1884 forward $1899 $-1 #
edge $-1 -1 $-1 $1885 1.570796326794896558 $1710 3.141592653589793116 $1700 $2024 forward @7 unknown #
vertex $-1 -1 $-1 $1884 $2025 #
straight-curve $-1 -1 $-1 97.25000000000001421 0 5 0 1 0 F 0 F 4 #
DXID-attrib $-1 -1 $-1 $-1 $1702 @10 ASM ENTITY @2 58 #
cone-surface $-1 -1 $-1 95 0 5 0 1 0 2.25 0 0 1 I I 0 1 2.25 forward I I I I #
coedge $-1 -1 $-1 $2026 $1704 $2027 $2028 reversed $1309 $-1 #
coedge $-1 -1 $-1 $2029 $2030 $1704 $1891 reversed $2031 $-1 #
edge $-1 -1 $-1 $1893 0.01000000000000000888 $2032 13.21693069306900092 $1704 $2033 forward @7 unknown #
coedge $-1 -1 $-1 $1705 $2034 $2029 $2035 forward $1540 $-1 #
vertex $-1 -1 $-1 $1706 $2036 #
straight-curve $-1 -1 $-1 2.75 4 2.75 1 0 0 F 2.249999999999999556 F 8.25 #
coedge $-1 -1 $-1 $1707 $2037 $2038 $2039 reversed $1309 $-1 #
coedge $-1 -1 $-1 $2040 $2041 $1707 $1897 forward $2042 $-1 #
edge $-1 -1 $-1 $1900 0.01000000000000000888 $2043 13.21693069306900092 $1707 $2044 forward @7 unknown #
coedge $-1 -1 $-1 $2045 $1708 $2041 $2046 reversed $1899 $-1 #
loop $-1 -1 $-1 $-1 $1898 $2047 #
vertex $-1 -1 $-1 $1897 $2048 #
straight-curve $-1 -1 $-1 2.75 4 2.75 1 0 0 F 86.25 F 92.24999999999998579 #
point $-1 -1 $-1 95 4 2.75 #
coedge $-1 -1 $-1 $2049 $1716 $2011 $2050 forward $1905 $-1 #
coedge $-1 -1 $-1 $1716 $2049 $1718 $1909 reversed $1905 $-1 #
loop $-1 -1 $-1 $-1 $1903 $2051 #
vertex $-1 -1 $-1 $1873 $2052 #
ellipse-curve $-1 -1 $-1 94.6500000000000199 0 5.350000000000000533 0 1 0 0.5999999999999999778 0 0 1 F 0 F 1.570796326794896558 #
coedge $-1 -1 $-1 $2053 $1718 $2045 $2054 reversed $1720 $-1 #
edge $-1 -1 $-1 $1721 1 $2055 5 $1718 $2056 forward @14 tangent_not_g2 #
coedge $-1 -1 $-1 $1719 $2057 $2034 $2058 reversed $1720 $-1 #
face $2059 -1 $-1 $2016 $1720 $4 $-1 $2060 forward single #
point $-1 -1 $-1 94.6500000000000199 0 4.75 #
coedge $-1 -1 $-1 $2034 $1727 $1723 $1914 reversed $1540 $-1 #
edge $-1 -1 $-1 $1915 -1.570796326794896558 $1729 0 $1723 $2061 forward @7 unknown #
vertex $-1 -1 $-1 $1724 $2062 #
straight-curve $-1 -1 $-1 5.350000000000000533 -1 4.75 0 1 0 F 1 F 5 #
DXID-attrib $-1 -1 $-1 $-1 $1725 @10 ASM ENTITY @2 59 #
cone-surface $-1 -1 $-1 5.350000000000000533 -1 5.350000000000000533 0 1 0 -0.5999999999999999778 0 0 1 I I 0 1 0.5999999999999999778 forward I I I I #
straight-curve $-1 -1 $-1 4.75 4 3.75 0 0 -1 F -29.75 F -1.600000000000000311 #
point $-1 -1 $-1 4.75 4 5.350000000000000533 #
DXID-attrib $-1 -1 $-1 $-1 $1735 @10 ASM ENTITY @3 102 #
face $2063 -1 $-1 $2064 $2031 $4 $-1 $2065 reversed single #
plane-surface $-1 -1 $-1 2.75 4 2.75 0 1 0 0 0 1 forward_v I I I I #
edge $-1 -1 $-1 $1745 0 $1741 8.000000000000007105 $1739 $2066 forward @7 unknown #
DXID-attrib $-1 -1 $-1 $-1 $1740 @10 ASM ENTITY @2 99 #
plane-surface $-1 -1 $-1 16.80000000000000071 0.5999999999999999778 100.5 0 1 0 0 0 1 forward_v I I I I #
point $-1 -1 $-1 17.39999999999999858 0.5999999999999999778 108.5000000000000142 #
straight-curve $-1 -1 $-1 17.39999999999999858 -0.1000000000000000194 100.5 0 1 0 F 0 F 0.7000000000000000666 #
point $-1 -1 $-1 17.39999999999999858 0.5999999999999999778 100.5 #
straight-curve $-1 -1 $-1 17.39999999999999858 -0.1000000000000000194 100.5 0 0 1 F 0 F 8.000000000000007105 #
point $-1 -1 $-1 17.39999999999999858 -0.1000000000000000194 100.5 #
edge $-1 -1 $-1 $1763 0 $1767 8.000000000000007105 $1759 $2067 forward @7 unknown #
DXID-attrib $-1 -1 $-1 $-1 $1760 @10 ASM ENTITY @3 100 #
plane-surface $-1 -1 $-1 52.20000000000000284 0.5999999999999999778 100.5 0 1 0 0 0 1 forward_v I I I I #
straight-curve $-1 -1 $-1 52.20000000000000284 -0.1000000000000000194 100.5 0 1 0 F 0 F 0.7000000000000000666 #
point $-1 -1 $-1 52.20000000000000284 0.5999999999999999778 100.5 #
point $-1 -1 $-1 52.20000000000000284 0.5999999999999999778 108.5000000000000142 #
straight-curve $-1 -1 $-1 52.20000000000000284 -0.1000000000000000194 100.5 0 0 1 F 0 F 8.000000000000007105 #
point $-1 -1 $-1 52.20000000000000284 -0.1000000000000000194 100.5 #
straight-curve $-1 -1 $-1 15 -2 108.9000000000000057 0 0 1 F 0 F 6.000000000000014211 #
edge $-1 -1 $-1 $1813 0 $1786 10 $1799 $2068 forward @7 unknown #
point $-1 -1 $-1 15 -2 108.9000000000000057 #
edge $-1 -1 $-1 $1944 0.8000000000000007105 $1947 6.800000000000014921 $1788 $2069 forward @7 unknown #
vertex $-1 -1 $-1 $1943 $2070 #
straight-curve $-1 -1 $-1 4.200000000000000178 -2.600000000000000089 108.9000000000000057 1 0 0 F 0.7999999999999996003 F 10.80000000000000071 #
point $-1 -1 $-1 15 -2 114.9000000000000199 #
vertex $-1 -1 $-1 $1794 $2071 #
straight-curve $-1 -1 $-1 4.200000000000000178 -2.600000000000000089 114.9000000000000199 1 0 0 F 0.7999999999999996003 F 10.80000000000000071 #
coedge $-1 -1 $-1 $1949 $1949 $1806 $1955 reversed $1798 $-1 #
straight-curve $-1 -1 $-1 5 -2 114.9000000000000199 1 0 0 F 0 F 10 #
DXID-attrib $-1 -1 $-1 $-1 $1804 @10 ASM ENTITY @3 127 #
face $2072 -1 $-1 $2073 $2074 $4 $-1 $2075 reversed single #
loop $-1 -1 $-1 $-1 $2076 $1804 #
plane-surface $-1 -1 $-1 11 17.89999999999999858 1.750000000000000222 0 0 1 0 1 0 forward_v I I I I #
edge $-1 -1 $-1 $2077 0 $2077 6.283185307179586232 $1949 $2078 forward @7 unknown #
loop $-1 -1 $-1 $-1 $1807 $2079 #
vertex $-1 -1 $-1 $1808 $2080 #
ellipse-curve $-1 -1 $-1 6.900000000000000355 5.200000000000000178 111.9000000000000057 0 1 0 0 0 1.25 1 I I #
straight-curve $-1 -1 $-1 5 -2.600000000000000089 108.9000000000000057 0 -1 0 F -0.5999999999999999778 F 0 #
straight-curve $-1 -1 $-1 5 -2.600000000000000089 114.9000000000000199 0 -1 0 F -0.5999999999999999778 F 0 #
point $-1 -1 $-1 5 -2 108.9000000000000057 #
point $-1 -1 $-1 5 -2 114.9000000000000199 #
coedge $-1 -1 $-1 $1817 $1816 $2081 $2082 forward $1818 $-1 #
face $2083 -1 $-1 $415 $1818 $4 $-1 $2084 reversed single #
coedge $-1 -1 $-1 $1824 $2081 $1820 $1966 reversed $1840 $-1 #
edge $-1 -1 $-1 $1826 -1.570796326794896558 $1967 0 $1820 $2085 forward @7 unknown #
vertex $-1 -1 $-1 $1966 $2086 #
straight-curve $-1 -1 $-1 95 0 127.2500000000000142 0 1 0 F 0 F 4 #
DXID-attrib $-1 -1 $-1 $-1 $1822 @10 ASM ENTITY @2 73 #
cone-surface $-1 -1 $-1 95 0 125 0 1 0 2.25 0 0 1 I I 0 1 2.25 forward I I I I #
straight-curve $-1 -1 $-1 97.25000000000001421 4 2.75 0 0 1 F 43.75 F 122.2499999999999858 #
point $-1 -1 $-1 97.25000000000001421 4 125 #
DXID-attrib $-1 -1 $-1 $-1 $1829 @10 ASM ENTITY @2 72 #
cone-surface $-1 -1 $-1 94.6500000000000199 -1 124.6500000000000199 0 1 0 0.5999999999999999778 0 0 1 I I 0 1 0.5999999999999999778 forward I I I I #
coedge $-1 -1 $-1 $2081 $1834 $1831 $1976 reversed $1840 $-1 #
edge $-1 -1 $-1 $1977 -0.9479697413824792473 $1836 0 $1831 $2087 forward @7 unknown #
vertex $-1 -1 $-1 $1832 $2088 #
straight-curve $-1 -1 $-1 95 -1 125.1373397172400104 0 1 0 F 1 F 5 #
straight-curve $-1 -1 $-1 95.25 4 3.75 0 0 -1 F -120.9000000000000057 F -42.75 #
point $-1 -1 $-1 95.25 4 124.6500000000000199 #
face $2089 -1 $-1 $752 $1840 $4 $-1 $2090 forward single #
straight-curve $-1 -1 $-1 64 14.00000000000000178 123 1 0 0 F 0 F 12.00000000000000178 #
coedge $-1 -1 $-1 $2091 $2092 $1848 $1984 forward $2093 $-1 #
edge $-1 -1 $-1 $1995 0.009999999999994457767 $1988 2.509999999999994458 $1848 $2094 forward @7 unknown #
coedge $-1 -1 $-1 $1867 $1849 $1851 $1990 forward $1987 $-1 #
coedge $-1 -1 $-1 $1849 $1867 $2091 $2095 reversed $1987 $-1 #
loop $-1 -1 $-1 $-1 $1986 $2096 #
vertex $-1 -1 $-1 $1850 $2097 #
straight-curve $-1 -1 $-1 64 13.75 127.75 0 -1 0 F 0 F 0.4999999999999982236 #
edge $-1 -1 $-1 $1852 0 $1869 12.00000000000000178 $1851 $2098 forward @7 unknown #
point $-1 -1 $-1 64 13.25000000000000178 127.75 #
coedge $-1 -1 $-1 $1862 $1854 $2092 $2099 forward $1994 $-1 #
coedge $-1 -1 $-1 $1854 $1862 $1856 $1997 reversed $1994 $-1 #
loop $-1 -1 $-1 $-1 $1854 $2100 #
vertex $-1 -1 $-1 $1984 $2101 #
straight-curve $-1 -1 $-1 64 -0.01000000000000000021 125.25 0 1 0 F 13.75999999999999801 F 14.00999999999999979 #
edge $-1 -1 $-1 $1858 0 $1864 12.00000000000000178 $1856 $2102 forward @7 unknown #
face $2103 -1 $-1 $2100 $1857 $4 $-1 $2104 forward single #
point $-1 -1 $-1 64 14.00000000000000178 125.25 #
coedge $-1 -1 $-1 $2092 $2091 $1861 $2001 reversed $2093 $-1 #
edge $-1 -1 $-1 $2002 0.009999999999994457767 $2005 2.509999999999994458 $1861 $2105 forward @7 unknown #
vertex $-1 -1 $-1 $1863 $2106 #
straight-curve $-1 -1 $-1 76 -0.01000000000000000021 125.25 0 1 0 F 13.75999999999999801 F 14.00999999999999979 #
point $-1 -1 $-1 76 14.00000000000000178 125.25 #
vertex $-1 -1 $-1 $2001 $2107 #
straight-curve $-1 -1 $-1 76 13.75 127.75 0 -1 0 F 0 F 0.4999999999999982236 #
point $-1 -1 $-1 76 13.25000000000000178 127.75 #
DXID-attrib $-1 -1 $-1 $-1 $1871 @10 ASM ENTITY @3 113 #
plane-surface $-1 -1 $-1 64 13.25000000000000178 127.75 0 0.7085167605861236728 -0.7056939846481231626 0 -0.7056939846481231626 -0.7085167605861236728 forward_v I I I I #
coedge $-1 -1 $-1 $2108 $1872 $1875 $2015 reversed $2012 $-1 #
coedge $-1 -1 $-1 $1872 $2108 $1903 $2050 reversed $2012 $-1 #
loop $-1 -1 $-1 $-1 $2010 $2109 #
straight-curve $-1 -1 $-1 95.25 0 3.75 0 0 -1 F -29.75 F -1.600000000000000311 #
coedge $-1 -1 $-1 $1875 $1874 $2110 $2111 reversed $1876 $-1 #
edge $-1 -1 $-1 $2112 -5 $1877 -1 $1875 $2113 forward @7 unknown #
face $2114 -1 $-1 $2051 $1876 $4 $-1 $2115 forward single #
point $-1 -1 $-1 95.25 0 33.5 #
coedge $-1 -1 $-1 $1883 $2110 $1879 $2019 reversed $1899 $-1 #
edge $-1 -1 $-1 $1885 2.249999999999999556 $2020 30.75 $1879 $2116 forward @7 unknown #
vertex $-1 -1 $-1 $2019 $2117 #
straight-curve $-1 -1 $-1 97.25000000000001421 -0.5 33.5 0 -1 0 F -4.5 F -0.5 #
DXID-attrib $-1 -1 $-1 $-1 $1881 @10 ASM ENTITY @2 60 #
plane-surface $-1 -1 $-1 97.25000000000001421 0 2.75 1 0 0 0 0 1 forward_v I I I I #
ellipse-curve $-1 -1 $-1 95 4 5 0 1 0 0 0 2.25 1 F 1.570796326794896558 F 3.141592653589793116 #
point $-1 -1 $-1 97.25000000000001421 4 5 #
coedge $-1 -1 $-1 $2118 $1889 $2119 $2120 reversed $1309 $-1 #
coedge $-1 -1 $-1 $2121 $2122 $1889 $2028 forward $2123 $-1 #
edge $-1 -1 $-1 $2124 -12.125 $2032 -4.125000000000000888 $1889 $2125 forward @7 unknown #
coedge $-1 -1 $-1 $2126 $1890 $1892 $2035 reversed $2031 $-1 #
coedge $-1 -1 $-1 $1890 $2127 $2121 $2128 reversed $2031 $-1 #
loop $-1 -1 $-1 $-1 $2129 $1922 #
vertex $-1 -1 $-1 $1891 $2130 #
straight-curve $-1 -1 $-1 11 3.990000000000000213 2.75 0 1 0 F 0.01000000000000000888 F 13.21693069306900092 #
coedge $-1 -1 $-1 $1892 $1913 $1910 $2058 forward $1540 $-1 #
edge $-1 -1 $-1 $2131 0 $1893 2 $1892 $2132 forward @7 unknown #
point $-1 -1 $-1 11 4 2.75 #
coedge $-1 -1 $-1 $1895 $2118 $2133 $2134 forward $1309 $-1 #
coedge $-1 -1 $-1 $2135 $2136 $1895 $2039 forward $2137 $-1 #
edge $-1 -1 $-1 $2043 -47.125 $2138 -39.12499999999999289 $1895 $2139 forward @7 unknown #
coedge $-1 -1 $-1 $2140 $1896 $2136 $2141 forward $2042 $-1 #
coedge $-1 -1 $-1 $1896 $2142 $1898 $2046 forward $2042 $-1 #
loop $-1 -1 $-1 $-1 $2143 $2144 #
vertex $-1 -1 $-1 $2039 $2145 #
straight-curve $-1 -1 $-1 89 3.990000000000000213 2.75 0 1 0 F 0.01000000000000000888 F 13.21693069306900092 #
coedge $-1 -1 $-1 $2146 $1898 $1908 $2054 forward $1899 $-1 #
edge $-1 -1 $-1 $2147 0 $1900 2 $2041 $2148 forward @7 unknown #
face $2149 -1 $-1 $2150 $1899 $4 $-1 $2151 forward single #
point $-1 -1 $-1 89 4 2.75 #
coedge $-1 -1 $-1 $1904 $1903 $2146 $2152 forward $1905 $-1 #
edge $-1 -1 $-1 $1906 1 $2153 5 $1903 $2154 forward @14 tangent_not_g2 #
face $2155 -1 $-1 $2109 $1905 $4 $-1 $2156 reversed single #
point $-1 -1 $-1 95.25 0 5.350000000000000533 #
coedge $-1 -1 $-1 $2157 $1908 $2142 $2158 reversed $1720 $-1 #
edge $-1 -1 $-1 $2147 85.25 $2055 90.90000000000000568 $1908 $2159 forward @7 unknown #
vertex $-1 -1 $-1 $1909 $2160 #
straight-curve $-1 -1 $-1 94.6500000000000199 -1 4.75 0 1 0 F 1 F 5 #
coedge $-1 -1 $-1 $1910 $2161 $2126 $2162 forward $1720 $-1 #
edge $-1 -1 $-1 $1915 1.600000000000000311 $2131 7.250000000000000888 $1910 $2163 forward @7 unknown #
DXID-attrib $-1 -1 $-1 $-1 $1911 @10 ASM ENTITY @2 61 #
plane-surface $-1 -1 $-1 4.75 -1 4.75 0 0 1 1 0 0 forward_v I I I I #
ellipse-curve $-1 -1 $-1 5.350000000000000533 4 5.350000000000000533 0 1 0 -0.5999999999999999778 0 0 1 F -1.570796326794896558 F 0 #
point $-1 -1 $-1 5.350000000000000533 4 4.75 #
DXID-attrib $-1 -1 $-1 $-1 $1922 @10 ASM ENTITY @3 103 #
face $2164 -1 $-1 $2165 $2123 $4 $-1 $2166 reversed single #
plane-surface $-1 -1 $-1 11 4.241022907320999735 4.341022907321000268 1 0 0 0 0 1 forward_v I I I I #
straight-curve $-1 -1 $-1 17.39999999999999858 0.5999999999999999778 100.5 0 0 1 F 0 F 8.000000000000007105 #
straight-curve $-1 -1 $-1 52.20000000000000284 0.5999999999999999778 100.5 0 0 1 F 0 F 8.000000000000007105 #
straight-curve $-1 -1 $-1 5 -2 108.9000000000000057 1 0 0 F 0 F 10 #
straight-curve $-1 -1 $-1 5 -2.600000000000000089 108.1000000000000085 0 0 1 F 0.8000000000000007105 F 6.800000000000014921 #
point $-1 -1 $-1 5 -2.600000000000000089 108.9000000000000057 #
point $-1 -1 $-1 5 -2.600000000000000089 114.9000000000000199 #
DXID-attrib $-1 -1 $-1 $-1 $1952 @10 ASM ENTITY @3 128 #
face $2167 -1 $-1 $2168 $2169 $4 $-1 $2170 reversed single #
loop $-1 -1 $-1 $-1 $2171 $1952 #
plane-surface $-1 -1 $-1 11 18.5 1.750000000000000222 0 -0.3745856892499754842 0.9271923001239392725 0 0.9271923001239390505 0.3745856892499754287 forward_v I I I I #
coedge $-1 -1 $-1 $2172 $2173 $2174 $2175 reversed $1953 $-1 #
vertex $-1 -1 $-1 $1955 $2176 #
ellipse-curve $-1 -1 $-1 6.900000000000000355 -2 111.9000000000000057 0 1 0 0 0 1.25 1 I I #
face $2177 -1 $-1 $-1 $1956 $4 $-1 $2178 forward single #
point $-1 -1 $-1 6.900000000000000355 5.200000000000000178 113.1500000000000057 #
coedge $-1 -1 $-1 $1965 $1975 $1963 $2082 reversed $1840 $-1 #
edge $-1 -1 $-1 $1967 -63.50000000000001421 $1977 -61.38733971724001037 $1963 $2179 forward @7 unknown #
DXID-attrib $-1 -1 $-1 $-1 $1964 @10 ASM ENTITY @2 74 #
plane-surface $-1 -1 $-1 95 -1 124.7500000000000142 1 0 0 0 0 1 forward_v I I I I #
ellipse-curve $-1 -1 $-1 95 4 125 0 -1 0 0 0 2.25 1 F -1.570796326794896558 F 0 #
point $-1 -1 $-1 95 4 127.2500000000000142 #
ellipse-curve $-1 -1 $-1 94.6500000000000199 4 124.6500000000000199 0 1 0 0.5999999999999999778 0 0 1 F -0.9479697413824792473 F 0 #
point $-1 -1 $-1 95 4 125.1373397172400104 #
DXID-attrib $-1 -1 $-1 $-1 $1981 @10 ASM ENTITY @3 118 #
plane-surface $-1 -1 $-1 2.75 4 2.75 0 1 0 0 0 1 forward_v I I I I #
coedge $-1 -1 $-1 $2000 $1983 $1986 $2095 forward $2093 $-1 #
coedge $-1 -1 $-1 $1983 $2000 $1992 $2099 reversed $2093 $-1 #
loop $-1 -1 $-1 $-1 $1983 $2180 #
straight-curve $-1 -1 $-1 64 13.75 125.2400000000000091 0 0 1 F 0.009999999999994457767 F 2.509999999999994458 #
edge $-1 -1 $-1 $1988 0 $2005 12.00000000000000178 $2091 $2181 forward @7 unknown #
face $2182 -1 $-1 $1981 $1987 $4 $-1 $2183 reversed single #
point $-1 -1 $-1 64 13.75 127.75 #
straight-curve $-1 -1 $-1 64 13.25000000000000178 127.75 1 0 0 F 0 F 12.00000000000000178 #
edge $-1 -1 $-1 $1995 0 $2002 12.00000000000000178 $1992 $2184 forward @7 unknown #
face $2185 -1 $-1 $2180 $1994 $4 $-1 $2186 forward single #
point $-1 -1 $-1 64 13.75 125.25 #
straight-curve $-1 -1 $-1 64 14.00000000000000178 125.25 1 0 0 F 0 F 12.00000000000000178 #
DXID-attrib $-1 -1 $-1 $-1 $1998 @10 ASM ENTITY @3 114 #
plane-surface $-1 -1 $-1 64 14.00000000000000178 123 0 1 0 0 0 1 forward_v I I I I #
straight-curve $-1 -1 $-1 76 13.75 125.2400000000000091 0 0 1 F 0.009999999999994457767 F 2.509999999999994458 #
point $-1 -1 $-1 76 13.75 125.25 #
point $-1 -1 $-1 76 13.75 127.75 #
coedge $-1 -1 $-1 $2011 $2010 $2187 $2188 forward $2012 $-1 #
face $2189 -1 $-1 $1301 $2012 $4 $-1 $2190 reversed single #
coedge $-1 -1 $-1 $2018 $2187 $2014 $2111 forward $1899 $-1 #
edge $-1 -1 $-1 $2112 46.875 $2020 48.87500000000000711 $2014 $2191 forward @7 unknown #
vertex $-1 -1 $-1 $2015 $2192 #
straight-curve $-1 -1 $-1 95.25 -1 33.5 0 -1 0 F -5 F -1 #
DXID-attrib $-1 -1 $-1 $-1 $2016 @10 ASM ENTITY @2 62 #
plane-surface $-1 -1 $-1 94 -1 33.5 0 0 1 1 0 0 forward_v I I I I #
straight-curve $-1 -1 $-1 97.25000000000001421 4 2.75 0 0 1 F 2.249999999999999556 F 30.75 #
point $-1 -1 $-1 97.25000000000001421 4 33.5 #
coedge $-1 -1 $-1 $2037 $2026 $2193 $2194 forward $1309 $-1 #
coedge $-1 -1 $-1 $2195 $2196 $2026 $2120 forward $2197 $-1 #
edge $-1 -1 $-1 $2198 0.01000000000000000888 $2124 13.21693069306900092 $2026 $2199 forward @7 unknown #
coedge $-1 -1 $-1 $2174 $2027 $2030 $2128 forward $2123 $-1 #
coedge $-1 -1 $-1 $2027 $2174 $2195 $2200 reversed $2123 $-1 #
loop $-1 -1 $-1 $-1 $2121 $2064 #
vertex $-1 -1 $-1 $2028 $2201 #
straight-curve $-1 -1 $-1 6.875 17.20693069306900114 2.75 -1 0 0 F -12.125 F -4.125000000000000888 #
coedge $-1 -1 $-1 $2129 $2029 $2057 $2162 reversed $2031 $-1 #
coedge $-1 -1 $-1 $2030 $2202 $2172 $2203 reversed $2031 $-1 #
edge $-1 -1 $-1 $2032 0.01216694318292945234 $2204 1.22886126149342112 $2030 $2205 forward @7 unknown #
coedge $-1 -1 $-1 $2206 $2126 $2207 $2208 reversed $2031 $-1 #
point $-1 -1 $-1 11 17.20693069306900114 2.75 #
vertex $-1 -1 $-1 $2058 $2209 #
straight-curve $-1 -1 $-1 11 4 4.75 -8.881784197000999888e-16 0 -1 F 0 F 2 #
coedge $-1 -1 $-1 $2210 $2211 $2037 $2134 reversed $2212 $-1 #
edge $-1 -1 $-1 $2213 0.01000000000000000888 $2138 13.21693069306900092 $2037 $2214 forward @7 unknown #
coedge $-1 -1 $-1 $2215 $2038 $2211 $2216 forward $2137 $-1 #
coedge $-1 -1 $-1 $2038 $2215 $2040 $2141 reversed $2137 $-1 #
loop $-1 -1 $-1 $-1 $2135 $2217 #
vertex $-1 -1 $-1 $2134 $2218 #
straight-curve $-1 -1 $-1 41.875 17.20693069306900114 2.75 -1 0 0 F -47.125 F -39.12499999999999289 #
coedge $-1 -1 $-1 $2219 $2040 $2220 $2221 forward $2042 $-1 #
edge $-1 -1 $-1 $2043 0.01216694318292945234 $2222 1.22886126149342112 $2136 $2223 forward @7 unknown #
coedge $-1 -1 $-1 $2041 $2143 $2053 $2158 forward $2042 $-1 #
coedge $-1 -1 $-1 $2142 $2224 $2225 $2226 forward $2042 $-1 #
face $2227 -1 $-1 $2047 $2042 $4 $-1 $2228 forward single #
point $-1 -1 $-1 89 17.20693069306900114 2.75 #
coedge $-1 -1 $-1 $2187 $2045 $2049 $2152 reversed $1899 $-1 #
vertex $-1 -1 $-1 $2054 $2229 #
straight-curve $-1 -1 $-1 89 4 4.75 0 0 -1 F 0 F 2 #
DXID-attrib $-1 -1 $-1 $-1 $2047 @10 ASM ENTITY @3 110 #
face $2230 -1 $-1 $2231 $2232 $4 $-1 $2233 reversed single #
plane-surface $-1 -1 $-1 2.75 4 2.75 0 1 0 0 0 1 forward_v I I I I #
edge $-1 -1 $-1 $2153 0 $2055 1.570796326794896558 $2049 $2234 forward @7 unknown #
vertex $-1 -1 $-1 $2050 $2235 #
straight-curve $-1 -1 $-1 95.25 -1 5.350000000000000533 0 1 0 F 1 F 5 #
DXID-attrib $-1 -1 $-1 $-1 $2051 @10 ASM ENTITY @2 63 #
cone-surface $-1 -1 $-1 94.6500000000000199 -1 5.350000000000000533 0 1 0 0.5999999999999999778 0 0 1 I I 0 1 0.5999999999999999778 forward I I I I #
coedge $-1 -1 $-1 $2236 $2053 $2237 $2238 forward $1720 $-1 #
edge $-1 -1 $-1 $2239 2.369488546339000301 $2147 2.379488546339000088 $2053 $2240 forward @7 unknown #
straight-curve $-1 -1 $-1 3.75 4 4.75 1 0 0 F 85.25 F 90.90000000000000568 #
point $-1 -1 $-1 94.6500000000000199 4 4.75 #
coedge $-1 -1 $-1 $2057 $2241 $2242 $2243 forward $1720 $-1 #
edge $-1 -1 $-1 $2244 2.369488546339000301 $2131 2.379488546339000088 $2057 $2245 forward @7 unknown #
straight-curve $-1 -1 $-1 3.75 4 4.75 1 0 0 F 1.600000000000000311 F 7.250000000000000888 #
DXID-attrib $-1 -1 $-1 $-1 $2064 @10 ASM ENTITY @3 104 #
face $2246 -1 $-1 $2247 $2197 $4 $-1 $2248 forward single #
plane-surface $-1 -1 $-1 11 17.19999999999999929 2.759999999999999787 0 0.8218991286067831581 0.569633059429849764 0 0.569633059429849764 -0.8218991286067832691 forward_v I I I I #
DXID-attrib $-1 -1 $-1 $-1 $2073 @10 ASM ENTITY @3 129 #
face $2249 -1 $-1 $2250 $2251 $4 $-1 $2252 forward single #
loop $-1 -1 $-1 $-1 $2253 $2073 #
plane-surface $-1 -1 $-1 2.75 0 2.75 0 0 1 1 0 0 forward_v I I I I #
coedge $-1 -1 $-1 $2254 $2255 $2202 $2256 forward $2074 $-1 #
coedge $-1 -1 $-1 $2257 $2076 $2127 $2203 forward $1953 $-1 #
coedge $-1 -1 $-1 $2076 $2257 $2258 $2259 reversed $1953 $-1 #
coedge $-1 -1 $-1 $2122 $2121 $2076 $2175 forward $2123 $-1 #
edge $-1 -1 $-1 $2204 0 $2260 8 $2174 $2261 forward @7 unknown #
point $-1 -1 $-1 6.900000000000000355 -2 113.1500000000000057 #
DXID-attrib $-1 -1 $-1 $-1 $2079 @10 ASM ENTITY @3 139 #
plane-surface $-1 -1 $-1 6.900000000000000355 5.200000000000000178 111.9000000000000057 0 1 0 0 0 1 forward_v I I I I #
straight-curve $-1 -1 $-1 95 4 63.75 0 0 -1 F -63.50000000000001421 F -61.38733971724001037 #
face $2262 -1 $-1 $2096 $2093 $4 $-1 $2263 reversed single #
straight-curve $-1 -1 $-1 64 13.75 127.75 1 0 0 F 0 F 12.00000000000000178 #
DXID-attrib $-1 -1 $-1 $-1 $2096 @10 ASM ENTITY @3 117 #
plane-surface $-1 -1 $-1 64 13.75 127.75 0 0 -1 0 -1 0 forward_v I I I I #
straight-curve $-1 -1 $-1 64 13.75 125.25 1 0 0 F 0 F 12.00000000000000178 #
DXID-attrib $-1 -1 $-1 $-1 $2100 @10 ASM ENTITY @3 115 #
plane-surface $-1 -1 $-1 64 -0.01000000000000000021 125.25 0 0 1 1 0 0 forward_v I I I I #
coedge $-1 -1 $-1 $2110 $2146 $2108 $2188 reversed $1899 $-1 #
edge $-1 -1 $-1 $2112 -29.75 $2153 -1.600000000000000311 $2108 $2264 forward @7 unknown #
DXID-attrib $-1 -1 $-1 $-1 $2109 @10 ASM ENTITY @2 64 #
plane-surface $-1 -1 $-1 95.25 -1 4.75 1 0 0 0 0 1 forward_v I I I I #
straight-curve $-1 -1 $-1 48.375 4 33.5 1 0 0 F 46.875 F 48.87500000000000711 #
point $-1 -1 $-1 95.25 4 33.5 #
coedge $-1 -1 $-1 $2265 $2266 $2118 $2194 reversed $2267 $-1 #
edge $-1 -1 $-1 $2198 16.25 $2213 78.24999999999998579 $2118 $2268 forward @7 unknown #
coedge $-1 -1 $-1 $2258 $2119 $2122 $2200 forward $2197 $-1 #
coedge $-1 -1 $-1 $2119 $2269 $2265 $2270 forward $2197 $-1 #
loop $-1 -1 $-1 $-1 $2271 $2165 #
vertex $-1 -1 $-1 $2120 $2272 #
straight-curve $-1 -1 $-1 19 3.990000000000000213 2.75 0 1 0 F 0.01000000000000000888 F 13.21693069306900092 #
edge $-1 -1 $-1 $2124 0.01216694318292945234 $2260 1.22886126149342112 $2122 $2273 forward @7 unknown #
point $-1 -1 $-1 19 17.20693069306900114 2.75 #
coedge $-1 -1 $-1 $2127 $2274 $2171 $2256 reversed $2031 $-1 #
edge $-1 -1 $-1 $2204 0 $2275 0.6000000000000005329 $2127 $2276 forward @7 unknown #
vertex $-1 -1 $-1 $2203 $2277 #
straight-curve $-1 -1 $-1 11 17.19999999999999929 2.759999999999999787 0 0.5696330594300000882 -0.8218991286069999846 F 0.01216694318292945234 F 1.22886126149342112 #
coedge $-1 -1 $-1 $2278 $2129 $2279 $2280 reversed $2031 $-1 #
coedge $-1 -1 $-1 $2242 $2281 $2129 $2208 forward $2232 $-1 #
edge $-1 -1 $-1 $2282 0 $2244 0.0499999999999994893 $2129 $2283 forward @7 unknown #
point $-1 -1 $-1 11 4 4.75 #
coedge $-1 -1 $-1 $2284 $2133 $2266 $2285 reversed $2212 $-1 #
coedge $-1 -1 $-1 $2133 $2286 $2135 $2216 reversed $2212 $-1 #
loop $-1 -1 $-1 $-1 $2287 $2288 #
vertex $-1 -1 $-1 $2194 $2289 #
straight-curve $-1 -1 $-1 81 3.990000000000000213 2.75 0 1 0 F 0.01000000000000000888 F 13.21693069306900092 #
coedge $-1 -1 $-1 $2136 $2135 $2290 $2291 forward $2137 $-1 #
edge $-1 -1 $-1 $2138 0.01216694318292945234 $2292 1.22886126149342112 $2211 $2293 forward @7 unknown #
face $2294 -1 $-1 $2144 $2137 $4 $-1 $2295 reversed single #
point $-1 -1 $-1 81 17.20693069306900114 2.75 #
coedge $-1 -1 $-1 $2296 $2140 $2297 $2298 forward $2042 $-1 #
coedge $-1 -1 $-1 $2290 $2299 $2140 $2221 reversed $2300 $-1 #
edge $-1 -1 $-1 $2222 0 $2301 0.6000000000000005329 $2140 $2302 forward @7 unknown #
vertex $-1 -1 $-1 $2291 $2303 #
straight-curve $-1 -1 $-1 89 17.19999999999999929 2.759999999999999787 0 0.5696330594300000882 -0.8218991286069999846 F 0.01216694318292945234 F 1.22886126149342112 #
coedge $-1 -1 $-1 $2143 $2304 $2305 $2306 forward $2042 $-1 #
coedge $-1 -1 $-1 $2307 $2237 $2143 $2226 reversed $2308 $-1 #
edge $-1 -1 $-1 $2309 0 $2239 0.0499999999999994893 $2143 $2310 forward @7 unknown #
DXID-attrib $-1 -1 $-1 $-1 $2144 @10 ASM ENTITY @3 109 #
plane-surface $-1 -1 $-1 89 4.241022907320999735 4.341022907321000268 1 0 0 0 0 1 forward_v I I I I #
point $-1 -1 $-1 89 4 4.75 #
DXID-attrib $-1 -1 $-1 $-1 $2150 @10 ASM ENTITY @3 111 #
face $2311 -1 $-1 $1871 $2308 $4 $-1 $2312 reversed single #
loop $-1 -1 $-1 $-1 $2207 $2150 #
plane-surface $-1 -1 $-1 11 3.990000000000000213 4.799999999999999822 0 1 0 0 0 -1 forward_v I I I I #
ellipse-curve $-1 -1 $-1 94.6500000000000199 4 5.350000000000000533 0 1 0 0.5999999999999999778 0 0 1 F 0 F 1.570796326794896558 #
point $-1 -1 $-1 95.25 4 5.350000000000000533 #
coedge $-1 -1 $-1 $2313 $2157 $2284 $2314 forward $1720 $-1 #
coedge $-1 -1 $-1 $2225 $2315 $2157 $2238 reversed $2308 $-1 #
edge $-1 -1 $-1 $2239 -46.12499999999999289 $2316 -38.12499999999998579 $2157 $2317 forward @7 unknown #
vertex $-1 -1 $-1 $2158 $2318 #
straight-curve $-1 -1 $-1 89 1.620511453660999912 4.75 0 1 0 F 2.369488546339000301 F 2.379488546339000088 #
coedge $-1 -1 $-1 $2161 $2313 $2269 $2319 reversed $1720 $-1 #
coedge $-1 -1 $-1 $2320 $2207 $2161 $2243 reversed $2232 $-1 #
edge $-1 -1 $-1 $2321 -11.125 $2244 -3.125 $2161 $2322 forward @7 unknown #
vertex $-1 -1 $-1 $2243 $2323 #
straight-curve $-1 -1 $-1 11 1.620511453660999912 4.75 0 1 0 F 2.369488546339000301 F 2.379488546339000088 #
DXID-attrib $-1 -1 $-1 $-1 $2165 @10 ASM ENTITY @3 105 #
face $2324 -1 $-1 $2288 $2267 $4 $-1 $2325 forward single #
plane-surface $-1 -1 $-1 19 4.241022907320999735 4.341022907321000268 1 0 0 0 0 1 forward_v I I I I #
DXID-attrib $-1 -1 $-1 $-1 $2168 @10 ASM ENTITY @3 130 #
face $2326 -1 $-1 $2327 $2328 $4 $-1 $2329 forward single #
loop $-1 -1 $-1 $-1 $2330 $2168 #
plane-surface $-1 -1 $-1 11 21 2.75 0 1 0 0 0 1 forward_v I I I I #
coedge $-1 -1 $-1 $2331 $2332 $2274 $2333 forward $2169 $-1 #
coedge $-1 -1 $-1 $2334 $2171 $2332 $2335 forward $2074 $-1 #
coedge $-1 -1 $-1 $2171 $2334 $2257 $2336 reversed $2074 $-1 #
edge $-1 -1 $-1 $2275 0 $2337 2.669616135100691956 $2202 $2338 forward @7 unknown #
coedge $-1 -1 $-1 $2173 $2172 $2255 $2336 forward $1953 $-1 #
coedge $-1 -1 $-1 $2339 $2195 $2173 $2259 forward $2197 $-1 #
edge $-1 -1 $-1 $2260 0 $2340 0.6000000000000005329 $2258 $2341 forward @7 unknown #
vertex $-1 -1 $-1 $2175 $2342 #
straight-curve $-1 -1 $-1 11 17.89999999999999858 1.750000000000000222 1 0 0 F 0 F 8 #
DXID-attrib $-1 -1 $-1 $-1 $2180 @10 ASM ENTITY @3 116 #
plane-surface $-1 -1 $-1 64 13.75 125.2400000000000091 0 -1 0 0 0 1 forward_v I I I I #
straight-curve $-1 -1 $-1 95.25 4 3.75 0 0 -1 F -29.75 F -1.600000000000000311 #
coedge $-1 -1 $-1 $2343 $2193 $2196 $2270 reversed $2267 $-1 #
coedge $-1 -1 $-1 $2193 $2343 $2210 $2285 forward $2267 $-1 #
loop $-1 -1 $-1 $-1 $2193 $2247 #
straight-curve $-1 -1 $-1 2.75 4 2.75 1 0 0 F 16.25 F 78.24999999999998579 #
coedge $-1 -1 $-1 $2196 $2271 $2241 $2319 forward $2197 $-1 #
edge $-1 -1 $-1 $2344 0 $2198 2 $2196 $2345 forward @7 unknown #
coedge $-1 -1 $-1 $2269 $2346 $2320 $2347 forward $2197 $-1 #
point $-1 -1 $-1 19 4 2.75 #
straight-curve $-1 -1 $-1 19 17.19999999999999929 2.759999999999999787 0 0.5696330594300000882 -0.8218991286069999846 F 0.01216694318292945234 F 1.22886126149342112 #
coedge $-1 -1 $-1 $2202 $2348 $2253 $2333 reversed $2031 $-1 #
vertex $-1 -1 $-1 $2256 $2349 #
straight-curve $-1 -1 $-1 11 17.89999999999999858 1.750000000000000222 0 1 0 F 0 F 0.6000000000000005329 #
point $-1 -1 $-1 11 17.89999999999999858 1.750000000000000222 #
coedge $-1 -1 $-1 $2348 $2206 $2350 $2351 forward $2031 $-1 #
coedge $-1 -1 $-1 $2352 $2353 $2206 $2280 forward $2354 $-1 #
edge $-1 -1 $-1 $2355 0.01414213562372112348 $2282 1.004091629284254328 $2206 $2356 forward @7 unknown #
coedge $-1 -1 $-1 $2207 $2320 $2352 $2357 reversed $2232 $-1 #
vertex $-1 -1 $-1 $2208 $2358 #
straight-curve $-1 -1 $-1 11 3.990000000000000213 4.799999999999999822 0 0 -1 F 0 F 0.0499999999999994893 #
coedge $-1 -1 $-1 $2287 $2210 $2236 $2314 reversed $2212 $-1 #
edge $-1 -1 $-1 $2359 0 $2213 2 $2266 $2360 forward @7 unknown #
coedge $-1 -1 $-1 $2211 $2361 $2362 $2363 reversed $2212 $-1 #
coedge $-1 -1 $-1 $2364 $2284 $2315 $2365 reversed $2212 $-1 #
face $2366 -1 $-1 $2217 $2212 $4 $-1 $2367 reversed single #
point $-1 -1 $-1 81 4 2.75 #
coedge $-1 -1 $-1 $2362 $2220 $2215 $2291 reversed $2300 $-1 #
edge $-1 -1 $-1 $2292 0 $2222 8.000000000000007105 $2215 $2368 forward @7 unknown #
vertex $-1 -1 $-1 $2363 $2369 #
straight-curve $-1 -1 $-1 81 17.19999999999999929 2.759999999999999787 0 0.5696330594300000882 -0.8218991286069999846 F 0.01216694318292945234 F 1.22886126149342112 #
DXID-attrib $-1 -1 $-1 $-1 $2217 @10 ASM ENTITY @3 108 #
plane-surface $-1 -1 $-1 81 17.19999999999999929 2.759999999999999787 0 0.8218991286067831581 0.569633059429849764 0 0.569633059429849764 -0.8218991286067832691 forward_v I I I I #
coedge $-1 -1 $-1 $2370 $2219 $2371 $2372 forward $2042 $-1 #
coedge $-1 -1 $-1 $2373 $2374 $2219 $2298 reversed $2375 $-1 #
edge $-1 -1 $-1 $2301 0 $2376 2.669616135100691956 $2219 $2377 forward @7 unknown #
coedge $-1 -1 $-1 $2220 $2362 $2373 $2378 forward $2300 $-1 #
loop $-1 -1 $-1 $-1 $2290 $2379 #
vertex $-1 -1 $-1 $2221 $2380 #
straight-curve $-1 -1 $-1 89 17.89999999999999858 1.750000000000000222 0 1 0 F 0 F 0.6000000000000005329 #
point $-1 -1 $-1 89 17.89999999999999858 1.750000000000000222 #
coedge $-1 -1 $-1 $2224 $2370 $2381 $2382 reversed $2042 $-1 #
coedge $-1 -1 $-1 $2383 $2384 $2224 $2306 reversed $2385 $-1 #
edge $-1 -1 $-1 $2386 0.01414213562372112348 $2309 1.004091629284254328 $2224 $2387 forward @7 unknown #
coedge $-1 -1 $-1 $2315 $2225 $2384 $2388 reversed $2308 $-1 #
loop $-1 -1 $-1 $-1 $2315 $2231 #
vertex $-1 -1 $-1 $2226 $2389 #
straight-curve $-1 -1 $-1 89 3.990000000000000213 4.799999999999999822 0 0 -1 F 0 F 0.0499999999999994893 #
DXID-attrib $-1 -1 $-1 $-1 $2231 @10 ASM ENTITY @3 112 #
plane-surface $-1 -1 $-1 81 3.990000000000000213 4.799999999999999822 0 1 0 0 0 -1 forward_v I I I I #
coedge $-1 -1 $-1 $2241 $2236 $2343 $2390 reversed $1720 $-1 #
edge $-1 -1 $-1 $2316 2.369488546339000301 $2359 2.379488546339000088 $2236 $2391 forward @7 unknown #
coedge $-1 -1 $-1 $2237 $2307 $2287 $2365 forward $2308 $-1 #
vertex $-1 -1 $-1 $2238 $2392 #
straight-curve $-1 -1 $-1 42.87500000000000711 3.990000000000000213 4.75 -1 0 0 F -46.12499999999999289 F -38.12499999999998579 #
point $-1 -1 $-1 89 3.990000000000000213 4.75 #
edge $-1 -1 $-1 $2321 2.369488546339000301 $2344 2.379488546339000088 $2241 $2393 forward @7 unknown #
coedge $-1 -1 $-1 $2281 $2242 $2271 $2347 reversed $2232 $-1 #
vertex $-1 -1 $-1 $2319 $2394 #
straight-curve $-1 -1 $-1 7.875000000000000888 3.990000000000000213 4.75 -1 0 0 F -11.125 F -3.125 #
point $-1 -1 $-1 11 3.990000000000000213 4.75 #
DXID-attrib $-1 -1 $-1 $-1 $2247 @10 ASM ENTITY @3 106 #
plane-surface $-1 -1 $-1 2.75 4 2.75 0 1 0 0 0 1 forward_v I I I I #
DXID-attrib $-1 -1 $-1 $-1 $2250 @10 ASM ENTITY @3 131 #
face $2395 -1 $-1 $2379 $2354 $4 $-1 $2396 reversed single #
loop $-1 -1 $-1 $-1 $2350 $2250 #
plane-surface $-1 -1 $-1 11 3.990000000000000213 4.099999999999999645 0 0 1 1 0 0 forward_v I I I I #
coedge $-1 -1 $-1 $2397 $2398 $2399 $2400 reversed $2251 $-1 #
coedge $-1 -1 $-1 $2401 $2253 $2397 $2402 forward $2169 $-1 #
coedge $-1 -1 $-1 $2253 $2401 $2254 $2335 reversed $2169 $-1 #
edge $-1 -1 $-1 $2337 16.98524752475199762 $2403 17.00999999999999801 $2274 $2404 forward @7 unknown #
coedge $-1 -1 $-1 $2255 $2254 $2339 $2405 reversed $2074 $-1 #
edge $-1 -1 $-1 $2337 4.125000000000000888 $2406 12.125 $2254 $2407 forward @7 unknown #
edge $-1 -1 $-1 $2275 0 $2340 8 $2257 $2408 forward @7 unknown #
vertex $-1 -1 $-1 $2333 $2409 #
straight-curve $-1 -1 $-1 11 18.5 1.750000000000000222 0 0.9271923001240001128 0.3745856892500000201 F 0 F 2.669616135100691956 #
coedge $-1 -1 $-1 $2410 $2258 $2334 $2405 forward $2197 $-1 #
vertex $-1 -1 $-1 $2259 $2411 #
straight-curve $-1 -1 $-1 19 17.89999999999999858 1.750000000000000222 0 1 0 F 0 F 0.6000000000000005329 #
point $-1 -1 $-1 19 17.89999999999999858 1.750000000000000222 #
coedge $-1 -1 $-1 $2266 $2265 $2313 $2390 forward $2267 $-1 #
vertex $-1 -1 $-1 $2390 $2412 #
straight-curve $-1 -1 $-1 19 4 4.75 0 0 -1 F 0 F 2 #
coedge $-1 -1 $-1 $2271 $2413 $2414 $2415 forward $2197 $-1 #
edge $-1 -1 $-1 $2416 0 $2321 0.0499999999999994893 $2271 $2417 forward @7 unknown #
coedge $-1 -1 $-1 $2274 $2278 $2418 $2419 forward $2031 $-1 #
point $-1 -1 $-1 11 18.5 1.750000000000000222 #
coedge $-1 -1 $-1 $2420 $2421 $2278 $2351 reversed $2328 $-1 #
edge $-1 -1 $-1 $2355 0.7000000000000006217 $2422 17.00999999999999801 $2278 $2423 forward @7 unknown #
coedge $-1 -1 $-1 $2414 $2279 $2281 $2357 forward $2354 $-1 #
coedge $-1 -1 $-1 $2279 $2414 $2420 $2424 reversed $2354 $-1 #
loop $-1 -1 $-1 $-1 $2279 $2327 #
vertex $-1 -1 $-1 $2280 $2425 #
straight-curve $-1 -1 $-1 11 4.700000000000000178 4.089999999999999858 0 -0.7071067811870000996 0.7071067811870000996 F 0.01414213562372112348 F 1.004091629284254328 #
edge $-1 -1 $-1 $2282 0 $2416 8 $2281 $2426 forward @7 unknown #
point $-1 -1 $-1 11 3.990000000000000213 4.799999999999999822 #
vertex $-1 -1 $-1 $2314 $2427 #
straight-curve $-1 -1 $-1 81 4 4.75 0 0 -1 F 0 F 2 #
coedge $-1 -1 $-1 $2286 $2428 $2429 $2430 reversed $2212 $-1 #
coedge $-1 -1 $-1 $2299 $2290 $2286 $2363 forward $2300 $-1 #
edge $-1 -1 $-1 $2292 0 $2431 0.6000000000000005329 $2286 $2432 forward @7 unknown #
coedge $-1 -1 $-1 $2433 $2287 $2434 $2435 reversed $2212 $-1 #
edge $-1 -1 $-1 $2436 0 $2316 0.0499999999999994893 $2287 $2437 forward @7 unknown #
DXID-attrib $-1 -1 $-1 $-1 $2288 @10 ASM ENTITY @3 107 #
plane-surface $-1 -1 $-1 81 4.241022907320999735 4.341022907321000268 1 0 0 0 0 1 forward_v I I I I #
straight-curve $-1 -1 $-1 81 17.89999999999999858 1.750000000000000222 1 0 0 F 0 F 8.000000000000007105 #
point $-1 -1 $-1 81 17.89999999999999858 1.750000000000000222 #
coedge $-1 -1 $-1 $2304 $2296 $2438 $2439 forward $2042 $-1 #
coedge $-1 -1 $-1 $2440 $2441 $2296 $2372 reversed $2442 $-1 #
edge $-1 -1 $-1 $2376 16.98524752475199762 $2443 17.00999999999999801 $2296 $2444 forward @7 unknown #
coedge $-1 -1 $-1 $2429 $2297 $2299 $2378 reversed $2375 $-1 #
coedge $-1 -1 $-1 $2297 $2429 $2440 $2445 forward $2375 $-1 #
loop $-1 -1 $-1 $-1 $2429 $2446 #
vertex $-1 -1 $-1 $2298 $2447 #
straight-curve $-1 -1 $-1 89 18.5 1.750000000000000222 0 0.9271923001240001128 0.3745856892500000201 F 0 F 2.669616135100691956 #
edge $-1 -1 $-1 $2431 0 $2301 8.000000000000007105 $2299 $2448 forward @7 unknown #
face $2449 -1 $-1 $2446 $2300 $4 $-1 $2450 reversed single #
point $-1 -1 $-1 89 18.5 1.750000000000000222 #
coedge $-1 -1 $-1 $2451 $2452 $2304 $2382 forward $2453 $-1 #
edge $-1 -1 $-1 $2386 0.7000000000000006217 $2454 17.00999999999999801 $2304 $2455 forward @7 unknown #
coedge $-1 -1 $-1 $2434 $2305 $2452 $2456 reversed $2385 $-1 #
coedge $-1 -1 $-1 $2305 $2434 $2307 $2388 forward $2385 $-1 #
loop $-1 -1 $-1 $-1 $2434 $2457 #
vertex $-1 -1 $-1 $2382 $2458 #
straight-curve $-1 -1 $-1 89 4.700000000000000178 4.089999999999999858 0 -0.7071067811870000996 0.7071067811870000996 F 0.01414213562372112348 F 1.004091629284254328 #
edge $-1 -1 $-1 $2436 0 $2309 8.000000000000007105 $2307 $2459 forward @7 unknown #
point $-1 -1 $-1 89 3.990000000000000213 4.799999999999999822 #
edge $-1 -1 $-1 $2344 15.25 $2359 77.24999999999998579 $2313 $2460 forward @7 unknown #
straight-curve $-1 -1 $-1 81 1.620511453660999912 4.75 0 1 0 F 2.369488546339000301 F 2.379488546339000088 #
point $-1 -1 $-1 81 3.990000000000000213 4.75 #
straight-curve $-1 -1 $-1 19 1.620511453660999912 4.75 0 1 0 F 2.369488546339000301 F 2.379488546339000088 #
point $-1 -1 $-1 19 3.990000000000000213 4.75 #
DXID-attrib $-1 -1 $-1 $-1 $2327 @10 ASM ENTITY @3 132 #
plane-surface $-1 -1 $-1 11 4.700000000000000178 4.089999999999999858 0 -0.7071067811865475727 -0.7071067811865475727 0 -0.7071067811865476838 0.7071067811865476838 forward_v I I I I #
coedge $-1 -1 $-1 $2418 $2330 $2331 $2402 reversed $2251 $-1 #
coedge $-1 -1 $-1 $2330 $2418 $2421 $2461 forward $2251 $-1 #
coedge $-1 -1 $-1 $2413 $2410 $2330 $2400 forward $2197 $-1 #
edge $-1 -1 $-1 $2462 0 $2463 1.349999999999999423 $2399 $2464 forward @7 unknown #
coedge $-1 -1 $-1 $2332 $2331 $2410 $2465 reversed $2169 $-1 #
edge $-1 -1 $-1 $2403 0 $2462 8 $2331 $2466 forward @7 unknown #
vertex $-1 -1 $-1 $2419 $2467 #
straight-curve $-1 -1 $-1 11 3.990000000000000213 2.75 0 1 0 F 16.98524752475199762 F 17.00999999999999801 #
edge $-1 -1 $-1 $2340 0 $2406 2.669616135100691956 $2339 $2468 forward @7 unknown #
vertex $-1 -1 $-1 $2405 $2469 #
straight-curve $-1 -1 $-1 6.875 20.97524752475199961 2.75 1 0 0 F 4.125000000000000888 F 12.125 #
straight-curve $-1 -1 $-1 11 18.5 1.750000000000000222 1 0 0 F 0 F 8 #
point $-1 -1 $-1 11 20.97524752475199961 2.75 #
coedge $-1 -1 $-1 $2399 $2339 $2401 $2465 forward $2197 $-1 #
point $-1 -1 $-1 19 18.5 1.750000000000000222 #
point $-1 -1 $-1 19 4 4.75 #
coedge $-1 -1 $-1 $2346 $2399 $2470 $2471 reversed $2197 $-1 #
coedge $-1 -1 $-1 $2353 $2352 $2346 $2415 reversed $2354 $-1 #
edge $-1 -1 $-1 $2472 0.01414213562372112348 $2416 1.004091629284254328 $2346 $2473 forward @7 unknown #
vertex $-1 -1 $-1 $2347 $2474 #
straight-curve $-1 -1 $-1 19 3.990000000000000213 4.799999999999999822 0 0 -1 F 0 F 0.0499999999999994893 #
coedge $-1 -1 $-1 $2398 $2397 $2348 $2419 reversed $2251 $-1 #
edge $-1 -1 $-1 $2422 0 $2403 1.349999999999999423 $2348 $2475 forward @7 unknown #
coedge $-1 -1 $-1 $2470 $2350 $2353 $2424 forward $2328 $-1 #
coedge $-1 -1 $-1 $2350 $2470 $2398 $2461 reversed $2328 $-1 #
vertex $-1 -1 $-1 $2351 $2476 #
straight-curve $-1 -1 $-1 11 3.990000000000000213 4.099999999999999645 0 1 0 F 0.7000000000000006217 F 17.00999999999999801 #
edge $-1 -1 $-1 $2355 0 $2472 8 $2420 $2477 forward @7 unknown #
point $-1 -1 $-1 11 4.690000000000001279 4.099999999999999645 #
straight-curve $-1 -1 $-1 11 3.990000000000000213 4.799999999999999822 1 0 0 F 0 F 8 #
point $-1 -1 $-1 81 4 4.75 #
coedge $-1 -1 $-1 $2361 $2478 $2479 $2480 reversed $2212 $-1 #
coedge $-1 -1 $-1 $2374 $2373 $2361 $2430 forward $2375 $-1 #
edge $-1 -1 $-1 $2431 0 $2481 2.669616135100691956 $2361 $2482 forward @7 unknown #
vertex $-1 -1 $-1 $2430 $2483 #
straight-curve $-1 -1 $-1 81 17.89999999999999858 1.750000000000000222 0 1 0 F 0 F 0.6000000000000005329 #
coedge $-1 -1 $-1 $2478 $2364 $2484 $2485 forward $2212 $-1 #
coedge $-1 -1 $-1 $2384 $2383 $2364 $2435 forward $2385 $-1 #
edge $-1 -1 $-1 $2486 0.01414213562372112348 $2436 1.004091629284254328 $2364 $2487 forward @7 unknown #
vertex $-1 -1 $-1 $2365 $2488 #
straight-curve $-1 -1 $-1 81 3.990000000000000213 4.799999999999999822 0 0 -1 F 0 F 0.0499999999999994893 #
coedge $-1 -1 $-1 $2489 $2490 $2370 $2439 reversed $2491 $-1 #
edge $-1 -1 $-1 $2443 0 $2454 1.349999999999999423 $2370 $2492 forward @7 unknown #
coedge $-1 -1 $-1 $2479 $2371 $2374 $2445 reversed $2442 $-1 #
coedge $-1 -1 $-1 $2371 $2479 $2489 $2493 forward $2442 $-1 #
loop $-1 -1 $-1 $-1 $2440 $2494 #
vertex $-1 -1 $-1 $2372 $2495 #
straight-curve $-1 -1 $-1 89 3.990000000000000213 2.75 0 1 0 F 16.98524752475199762 F 17.00999999999999801 #
edge $-1 -1 $-1 $2481 39.12499999999999289 $2376 47.125 $2374 $2496 forward @7 unknown #
face $2497 -1 $-1 $2494 $2375 $4 $-1 $2498 reversed single #
point $-1 -1 $-1 89 20.97524752475199961 2.75 #
straight-curve $-1 -1 $-1 81 18.5 1.750000000000000222 1 0 0 F 0 F 8.000000000000007105 #
DXID-attrib $-1 -1 $-1 $-1 $2379 @10 ASM ENTITY @3 133 #
plane-surface $-1 -1 $-1 81 17.89999999999999858 1.750000000000000222 0 0 1 0 1 0 forward_v I I I I #
coedge $-1 -1 $-1 $2484 $2381 $2490 $2499 reversed $2453 $-1 #
coedge $-1 -1 $-1 $2381 $2484 $2383 $2456 forward $2453 $-1 #
loop $-1 -1 $-1 $-1 $2484 $2500 #
vertex $-1 -1 $-1 $2439 $2501 #
straight-curve $-1 -1 $-1 89 3.990000000000000213 4.099999999999999645 0 1 0 F 0.7000000000000006217 F 17.00999999999999801 #
edge $-1 -1 $-1 $2486 0 $2386 8.000000000000007105 $2452 $2502 forward @7 unknown #
face $2503 -1 $-1 $2079 $2385 $4 $-1 $2504 reversed single #
point $-1 -1 $-1 89 4.690000000000001279 4.099999999999999645 #
straight-curve $-1 -1 $-1 81 3.990000000000000213 4.799999999999999822 1 0 0 F 0 F 8.000000000000007105 #
straight-curve $-1 -1 $-1 3.75 4 4.75 1 0 0 F 15.25 F 77.24999999999998579 #
edge $-1 -1 $-1 $2422 0 $2463 8 $2398 $2505 forward @7 unknown #
vertex $-1 -1 $-1 $2465 $2506 #
vertex $-1 -1 $-1 $2400 $2507 #
straight-curve $-1 -1 $-1 19 21 2.75 0 0 1 F 0 F 1.349999999999999423 #
edge $-1 -1 $-1 $2406 16.98524752475199762 $2462 17.00999999999999801 $2410 $2508 forward @7 unknown #
straight-curve $-1 -1 $-1 11 21 2.75 1 0 0 F 0 F 8 #
point $-1 -1 $-1 11 21 2.75 #
straight-curve $-1 -1 $-1 19 18.5 1.750000000000000222 0 0.9271923001240001128 0.3745856892500000201 F 0 F 2.669616135100691956 #
point $-1 -1 $-1 19 20.97524752475199961 2.75 #
coedge $-1 -1 $-1 $2421 $2420 $2413 $2471 forward $2328 $-1 #
edge $-1 -1 $-1 $2472 0.7000000000000006217 $2463 17.00999999999999801 $2413 $2509 forward @7 unknown #
vertex $-1 -1 $-1 $2471 $2510 #
straight-curve $-1 -1 $-1 19 4.700000000000000178 4.089999999999999858 0 -0.7071067811870000996 0.7071067811870000996 F 0.01414213562372112348 F 1.004091629284254328 #
point $-1 -1 $-1 19 3.990000000000000213 4.799999999999999822 #
straight-curve $-1 -1 $-1 11 21 4.099999999999999645 0 0 -1 F 0 F 1.349999999999999423 #
point $-1 -1 $-1 11 21 4.099999999999999645 #
straight-curve $-1 -1 $-1 11 4.690000000000001279 4.099999999999999645 1 0 0 F 0 F 8 #
coedge $-1 -1 $-1 $2428 $2433 $2511 $2512 forward $2212 $-1 #
coedge $-1 -1 $-1 $2441 $2440 $2428 $2480 forward $2442 $-1 #
edge $-1 -1 $-1 $2481 16.98524752475199762 $2513 17.00999999999999801 $2428 $2514 forward @7 unknown #
vertex $-1 -1 $-1 $2480 $2515 #
straight-curve $-1 -1 $-1 81 18.5 1.750000000000000222 0 0.9271923001240001128 0.3745856892500000201 F 0 F 2.669616135100691956 #
point $-1 -1 $-1 81 18.5 1.750000000000000222 #
coedge $-1 -1 $-1 $2452 $2451 $2433 $2485 reversed $2453 $-1 #
edge $-1 -1 $-1 $2486 0.7000000000000006217 $2516 17.00999999999999801 $2433 $2517 forward @7 unknown #
vertex $-1 -1 $-1 $2435 $2518 #
straight-curve $-1 -1 $-1 81 4.700000000000000178 4.089999999999999858 0 -0.7071067811870000996 0.7071067811870000996 F 0.01414213562372112348 F 1.004091629284254328 #
point $-1 -1 $-1 81 3.990000000000000213 4.799999999999999822 #
coedge $-1 -1 $-1 $2511 $2438 $2441 $2493 reversed $2491 $-1 #
coedge $-1 -1 $-1 $2438 $2511 $2451 $2499 forward $2491 $-1 #
loop $-1 -1 $-1 $-1 $2438 $2519 #
straight-curve $-1 -1 $-1 89 21 2.75 0 0 1 F 0 F 1.349999999999999423 #
edge $-1 -1 $-1 $2513 0 $2443 8.000000000000007105 $2441 $2520 forward @7 unknown #
face $2521 -1 $-1 $2519 $2442 $4 $-1 $2522 reversed single #
point $-1 -1 $-1 89 21 2.75 #
straight-curve $-1 -1 $-1 41.875 20.97524752475199961 2.75 1 0 0 F 39.12499999999999289 F 47.125 #
DXID-attrib $-1 -1 $-1 $-1 $2446 @10 ASM ENTITY @3 134 #
plane-surface $-1 -1 $-1 81 18.5 1.750000000000000222 0 -0.3745856892499754842 0.9271923001239392725 0 0.9271923001239390505 0.3745856892499754287 forward_v I I I I #
edge $-1 -1 $-1 $2516 0 $2454 8.000000000000007105 $2490 $2523 forward @7 unknown #
face $2524 -1 $-1 $2457 $2453 $4 $-1 $2525 forward single #
point $-1 -1 $-1 89 21 4.099999999999999645 #
straight-curve $-1 -1 $-1 81 4.690000000000001279 4.099999999999999645 1 0 0 F 0 F 8.000000000000007105 #
DXID-attrib $-1 -1 $-1 $-1 $2457 @10 ASM ENTITY @3 138 #
plane-surface $-1 -1 $-1 81 4.700000000000000178 4.089999999999999858 0 -0.7071067811865475727 -0.7071067811865475727 0 -0.7071067811865476838 0.7071067811865476838 forward_v I I I I #
straight-curve $-1 -1 $-1 11 21 4.099999999999999645 1 0 0 F 0 F 8 #
point $-1 -1 $-1 19 21 2.75 #
point $-1 -1 $-1 19 21 4.099999999999999645 #
straight-curve $-1 -1 $-1 19 3.990000000000000213 2.75 0 1 0 F 16.98524752475199762 F 17.00999999999999801 #
straight-curve $-1 -1 $-1 19 3.990000000000000213 4.099999999999999645 0 1 0 F 0.7000000000000006217 F 17.00999999999999801 #
point $-1 -1 $-1 19 4.690000000000001279 4.099999999999999645 #
coedge $-1 -1 $-1 $2490 $2489 $2478 $2512 reversed $2491 $-1 #
edge $-1 -1 $-1 $2516 0 $2513 1.349999999999999423 $2478 $2526 forward @7 unknown #
vertex $-1 -1 $-1 $2512 $2527 #
straight-curve $-1 -1 $-1 81 3.990000000000000213 2.75 0 1 0 F 16.98524752475199762 F 17.00999999999999801 #
point $-1 -1 $-1 81 20.97524752475199961 2.75 #
vertex $-1 -1 $-1 $2485 $2528 #
straight-curve $-1 -1 $-1 81 3.990000000000000213 4.099999999999999645 0 1 0 F 0.7000000000000006217 F 17.00999999999999801 #
point $-1 -1 $-1 81 4.690000000000001279 4.099999999999999645 #
face $2529 -1 $-1 $2500 $2491 $4 $-1 $2530 forward single #
straight-curve $-1 -1 $-1 81 21 2.75 1 0 0 F 0 F 8.000000000000007105 #
DXID-attrib $-1 -1 $-1 $-1 $2494 @10 ASM ENTITY @3 135 #
plane-surface $-1 -1 $-1 2.75 0 2.75 0 0 1 1 0 0 forward_v I I I I #
straight-curve $-1 -1 $-1 81 21 4.099999999999999645 1 0 0 F 0 F 8.000000000000007105 #
DXID-attrib $-1 -1 $-1 $-1 $2500 @10 ASM ENTITY @3 137 #
plane-surface $-1 -1 $-1 81 3.990000000000000213 4.099999999999999645 0 0 1 1 0 0 forward_v I I I I #
straight-curve $-1 -1 $-1 81 21 4.099999999999999645 0 0 -1 F 0 F 1.349999999999999423 #
point $-1 -1 $-1 81 21 2.75 #
point $-1 -1 $-1 81 21 4.099999999999999645 #
DXID-attrib $-1 -1 $-1 $-1 $2519 @10 ASM ENTITY @3 136 #
plane-surface $-1 -1 $-1 81 21 2.75 0 1 0 0 0 1 forward_v I I I I #
End-of-ACIS-data 